scenario,distribution_family,distribution_parameters,n,evidence_tier,decision_scope,total_replications,conditional_denominator,classification_count,classification_rate,classification_ci95_lower,classification_ci95_upper,type_i_rejections,type_i_error,type_i_ci95_lower,type_i_ci95_upper,coverage_successes,ci_coverage,coverage_ci95_lower,coverage_ci95_upper,mean_bias,rmse,mean_standard_error,empirical_sd_sample_mean,mean_se_to_empirical_sd_ratio,probability_extreme_count_positive,outlier_warn_rate,mean_extreme_count,mean_extreme_fraction,mean_delta_mean_remove_extremes,median_influence_ratio,p90_influence_ratio,mean_delta_standard_error_remove_extremes,mean_delta_t_statistic_remove_extremes,exact_normality_rejection_rate,shape_pass_rate
bimodal_asymmetric,bimodal,"{""centered_and_standardized"":true,""means"":[-1.0,4.0],""sds"":[1.0,1.0],""weights"":[0.8,0.2]}",5,exploratory,all,200,200,200,1.0,0.9811546736227335,1.0,36,0.18,0.13294625859420173,0.23911475028724882,164,0.82,0.7608852497127511,0.8670537414057983,-0.0671977132775229,0.44195183292180895,0.3996735530716531,0.4379094809670401,0.9126853161275472,0.425,0.425,0.5,0.1,0.19188209780069493,0.0,0.9855963440704353,0.1266539122023946,3.453531187657681,0.17,0.45
bimodal_asymmetric,bimodal,"{""centered_and_standardized"":true,""means"":[-1.0,4.0],""sds"":[1.0,1.0],""weights"":[0.8,0.2]}",5,exploratory,acceptable,200,75,75,0.375,0.31085436858409826,0.44385696301021843,19,0.25333333333333335,0.16860049363552168,0.36210326865599607,56,0.7466666666666667,0.6378967313440042,0.8313995063644785,-0.1309162712040284,0.5097668194331557,0.34557853055962845,0.4959870790284813,0.6967490589402715,0.0,0.0,0.0,0.0,0.0,0.0,0.0,0.0,0.0,0.0,1.0
bimodal_asymmetric,bimodal,"{""centered_and_standardized"":true,""means"":[-1.0,4.0],""sds"":[1.0,1.0],""weights"":[0.8,0.2]}",5,exploratory,caution,200,0,0,0.0,1.734723475976807e-18,0.018845326377266575,0,nan,nan,nan,0,nan,nan,nan,nan,nan,nan,nan,nan,nan,nan,nan,nan,nan,nan,nan,nan,nan,nan,nan
bimodal_asymmetric,bimodal,"{""centered_and_standardized"":true,""means"":[-1.0,4.0],""sds"":[1.0,1.0],""weights"":[0.8,0.2]}",5,exploratory,insufficient,200,125,125,0.625,0.5561430369897816,0.6891456314159018,17,0.136,0.08667630156716497,0.2070293050524967,108,0.864,0.7929706949475033,0.913323698432835,-0.028966578521619577,0.39572332516509184,0.4321305665788678,0.39624992038320644,1.090550544870676,0.68,0.68,0.8,0.16,0.30701135648111183,0.9237059112286677,0.9931533719906985,0.20264625952383142,5.525649900252289,0.272,0.12
bimodal_asymmetric,bimodal,"{""centered_and_standardized"":true,""means"":[-1.0,4.0],""sds"":[1.0,1.0],""weights"":[0.8,0.2]}",8,exploratory,all,200,200,200,1.0,0.9811546736227335,1.0,28,0.14,0.09866982633455634,0.1948988086570756,172,0.86,0.8051011913429243,0.9013301736654437,-0.007086374877483954,0.38225416317933175,0.33309443829843416,0.3831475417548583,0.8693633704990631,0.43,0.43,0.59,0.07375,0.16159366968087077,0.0,1.4346244696311858,0.08295123529442248,1.5094934369613469,0.375,0.485
bimodal_asymmetric,bimodal,"{""centered_and_standardized"":true,""means"":[-1.0,4.0],""sds"":[1.0,1.0],""weights"":[0.8,0.2]}",8,exploratory,acceptable,200,85,85,0.425,0.3585361254351385,0.49429067352145145,22,0.25882352941176473,0.1775809987247225,0.36092275229146714,63,0.7411764705882353,0.639077247708533,0.8224190012752776,0.10964366935564072,0.48483502015006497,0.32533087353743156,0.4750774036607877,0.6847955112799315,0.0,0.0,0.0,0.0,0.0,0.0,0.0,0.0,0.0,0.03529411764705882,1.0
bimodal_asymmetric,bimodal,"{""centered_and_standardized"":true,""means"":[-1.0,4.0],""sds"":[1.0,1.0],""weights"":[0.8,0.2]}",8,exploratory,caution,200,0,0,0.0,1.734723475976807e-18,0.018845326377266575,0,nan,nan,nan,0,nan,nan,nan,nan,nan,nan,nan,nan,nan,nan,nan,nan,nan,nan,nan,nan,nan,nan,nan
bimodal_asymmetric,bimodal,"{""centered_and_standardized"":true,""means"":[-1.0,4.0],""sds"":[1.0,1.0],""weights"":[0.8,0.2]}",8,exploratory,insufficient,200,115,115,0.575,0.5057093264785485,0.6414638745648614,6,0.05217391304347826,0.024128549061825502,0.10917054519277662,109,0.9478260869565217,0.8908294548072233,0.9758714509381745,-0.09336510322370652,0.2835048397509377,0.33883272529569697,0.2688615446388427,1.2602498648545868,0.7478260869565218,0.7478260869565218,1.0260869565217392,0.1282608695652174,0.2810324690102101,0.9024070550923659,1.4617848981326513,0.14426301790334345,2.625205977324081,0.6260869565217392,0.10434782608695652
bimodal_asymmetric,bimodal,"{""centered_and_standardized"":true,""means"":[-1.0,4.0],""sds"":[1.0,1.0],""weights"":[0.8,0.2]}",10,exploratory,all,200,200,200,1.0,0.9811546736227335,1.0,20,0.1,0.06567044866909588,0.1494058124327174,180,0.9,0.8505941875672826,0.9343295513309041,-0.018483901362615587,0.2945244598034645,0.3049204608531408,0.2946815039270759,1.0347458418313171,0.535,0.535,0.785,0.0785,0.1734237180218699,0.6848764984699152,1.4061833575119442,0.07590939819213344,1.4794775617499816,0.53,0.46
bimodal_asymmetric,bimodal,"{""centered_and_standardized"":true,""means"":[-1.0,4.0],""sds"":[1.0,1.0],""weights"":[0.8,0.2]}",10,exploratory,acceptable,200,74,74,0.37,0.30612608409859116,0.4387737007594981,14,0.1891891891891892,0.11617969566734553,0.2928755726060837,60,0.8108108108108109,0.7071244273939165,0.8838203043326546,0.08615338833221428,0.3775324983550794,0.3111453139359407,0.37007996532200754,0.8407515755823538,0.0,0.0,0.0,0.0,0.0,0.0,0.0,0.0,0.0,0.14864864864864866,1.0
bimodal_asymmetric,bimodal,"{""centered_and_standardized"":true,""means"":[-1.0,4.0],""sds"":[1.0,1.0],""weights"":[0.8,0.2]}",10,exploratory,caution,200,0,0,0.0,1.734723475976807e-18,0.018845326377266575,0,nan,nan,nan,0,nan,nan,nan,nan,nan,nan,nan,nan,nan,nan,nan,nan,nan,nan,nan,nan,nan,nan,nan
bimodal_asymmetric,bimodal,"{""centered_and_standardized"":true,""means"":[-1.0,4.0],""sds"":[1.0,1.0],""weights"":[0.8,0.2]}",10,exploratory,insufficient,200,126,126,0.63,0.5612262992405018,0.6938739159014088,6,0.047619047619047616,0.02200448838795111,0.10000167947689512,120,0.9523809523809523,0.8999983205231048,0.9779955116120489,-0.0799375476913252,0.23233892224014346,0.3012645947568932,0.21902532767436508,1.375478342873647,0.8492063492063492,0.8492063492063492,1.246031746031746,0.12460317460317462,0.2752757428918569,0.8717641845726799,1.4233958939134845,0.1204911082414816,2.348377082142827,0.753968253968254,0.14285714285714285
bimodal_asymmetric,bimodal,"{""centered_and_standardized"":true,""means"":[-1.0,4.0],""sds"":[1.0,1.0],""weights"":[0.8,0.2]}",15,exploratory,all,200,200,200,1.0,0.9811546736227335,1.0,14,0.07,0.042152171828342806,0.11405480885610647,186,0.93,0.8859451911438936,0.9578478281716571,-0.017484855467845964,0.2626156493954006,0.2517627581171904,0.26269048439101184,0.9584007532699371,0.595,0.595,1.105,0.07366666666666666,0.1699758685071614,0.6621175474085544,1.5530112499449913,0.06237189505677372,1.7780308803300588,0.765,0.42
bimodal_asymmetric,bimodal,"{""centered_and_standardized"":true,""means"":[-1.0,4.0],""sds"":[1.0,1.0],""weights"":[0.8,0.2]}",15,exploratory,acceptable,200,66,66,0.33,0.26857425870603957,0.39783315226223115,8,0.12121212121212122,0.06271845599597657,0.22137439022640315,58,0.8787878787878788,0.7786256097735968,0.9372815440040234,0.1484446055128332,0.34178501707206654,0.26314679636467914,0.31022470767245924,0.8482457710702856,0.0,0.0,0.0,0.0,0.0,0.0,0.0,0.0,0.0,0.4696969696969697,1.0
bimodal_asymmetric,bimodal,"{""centered_and_standardized"":true,""means"":[-1.0,4.0],""sds"":[1.0,1.0],""weights"":[0.8,0.2]}",15,exploratory,caution,200,0,0,0.0,1.734723475976807e-18,0.018845326377266575,0,nan,nan,nan,0,nan,nan,nan,nan,nan,nan,nan,nan,nan,nan,nan,nan,nan,nan,nan,nan,nan,nan,nan
bimodal_asymmetric,bimodal,"{""centered_and_standardized"":true,""means"":[-1.0,4.0],""sds"":[1.0,1.0],""weights"":[0.8,0.2]}",15,exploratory,insufficient,200,134,134,0.67,0.602166847737769,0.7314257412939605,6,0.04477611940298507,0.020680488853388614,0.09424472273553466,128,0.9552238805970149,0.9057552772644654,0.9793195111466114,-0.09921130639862821,0.21307055100254388,0.24615569450275557,0.18927101220020304,1.3005461937424536,0.8880597014925373,0.8880597014925373,1.6492537313432836,0.10995024875621891,0.25369532613009166,1.0176347502639973,1.753273568764482,0.09309238068175182,2.653777433328446,0.9104477611940298,0.13432835820895522
bimodal_asymmetric,bimodal,"{""centered_and_standardized"":true,""means"":[-1.0,4.0],""sds"":[1.0,1.0],""weights"":[0.8,0.2]}",20,exploratory,all,200,200,200,1.0,0.9811546736227335,1.0,9,0.045,0.023852543001492997,0.0832967040018196,191,0.955,0.9167032959981803,0.976147456998507,0.019137774407443107,0.21038108515107015,0.2252018955834145,0.21003456662166686,1.072213489454183,0.66,0.66,1.68,0.08400000000000002,0.19848384197504645,0.7064699891894355,2.0184496458957204,0.054160760385007445,1.8546550210219295,0.89,0.41
bimodal_asymmetric,bimodal,"{""centered_and_standardized"":true,""means"":[-1.0,4.0],""sds"":[1.0,1.0],""weights"":[0.8,0.2]}",20,exploratory,acceptable,200,55,55,0.275,0.21779700329307355,0.34068339357669647,6,0.10909090909090909,0.05096725000782336,0.21825549086553508,49,0.8909090909090909,0.7817445091344648,0.9490327499921767,0.14799501405630047,0.28173958406066174,0.23403512919448377,0.24194837210474135,0.9672936716150672,0.0,0.0,0.0,0.0,0.0,0.0,0.0,0.0,0.0,0.6363636363636364,1.0
bimodal_asymmetric,bimodal,"{""centered_and_standardized"":true,""means"":[-1.0,4.0],""sds"":[1.0,1.0],""weights"":[0.8,0.2]}",20,exploratory,caution,200,0,0,0.0,1.734723475976807e-18,0.018845326377266575,0,nan,nan,nan,0,nan,nan,nan,nan,nan,nan,nan,nan,nan,nan,nan,nan,nan,nan,nan,nan,nan,nan,nan
bimodal_asymmetric,bimodal,"{""centered_and_standardized"":true,""means"":[-1.0,4.0],""sds"":[1.0,1.0],""weights"":[0.8,0.2]}",20,exploratory,insufficient,200,145,145,0.725,0.6593166064233035,0.7822029967069265,3,0.020689655172413793,0.007060912231321711,0.05905950138643182,142,0.9793103448275862,0.9409404986135681,0.9929390877686783,-0.029739109597295903,0.1758975910991718,0.2218513586964572,0.17396628120872587,1.2752549353531246,0.9103448275862069,0.9103448275862069,2.317241379310345,0.11586206896551722,0.27377081651730545,1.276321249587815,2.0342469727110806,0.07470449708276887,2.5581448565819715,0.9862068965517241,0.18620689655172415
bimodal_asymmetric,bimodal,"{""centered_and_standardized"":true,""means"":[-1.0,4.0],""sds"":[1.0,1.0],""weights"":[0.8,0.2]}",30,exploratory,all,200,200,200,1.0,0.9811546736227335,1.0,11,0.055,0.03098534170345884,0.0957869987723084,189,0.945,0.9042130012276914,0.9690146582965411,0.014080201394465022,0.19254701070901134,0.1815532386527407,0.19251339250330896,0.943068096676028,0.77,0.77,2.585,0.08616666666666667,0.2036976284159946,1.1657428149032896,2.2461432359492908,0.04481717285114843,2.2194595826020573,0.985,0.4
bimodal_asymmetric,bimodal,"{""centered_and_standardized"":true,""means"":[-1.0,4.0],""sds"":[1.0,1.0],""weights"":[0.8,0.2]}",30,exploratory,acceptable,200,42,42,0.21,0.15928412069979,0.2716461685990246,4,0.09523809523809523,0.03766224880557388,0.22065105808571023,38,0.9047619047619048,0.7793489419142897,0.9623377511944261,0.23083467053999454,0.28901434181369906,0.20157889325614725,0.17601795053479907,1.1452178180900632,0.0,0.0,0.0,0.0,0.0,0.0,0.0,0.0,0.0,0.9285714285714286,1.0
bimodal_asymmetric,bimodal,"{""centered_and_standardized"":true,""means"":[-1.0,4.0],""sds"":[1.0,1.0],""weights"":[0.8,0.2]}",30,exploratory,caution,200,0,0,0.0,1.734723475976807e-18,0.018845326377266575,0,nan,nan,nan,0,nan,nan,nan,nan,nan,nan,nan,nan,nan,nan,nan,nan,nan,nan,nan,nan,nan,nan,nan
bimodal_asymmetric,bimodal,"{""centered_and_standardized"":true,""means"":[-1.0,4.0],""sds"":[1.0,1.0],""weights"":[0.8,0.2]}",30,exploratory,insufficient,200,158,158,0.79,0.7283538314009754,0.8407158793002101,7,0.04430379746835443,0.021623955563445332,0.08861639292761016,151,0.9556962025316456,0.9113836070723899,0.9783760444365547,-0.0435380752138403,0.1572436651455271,0.17622996337841745,0.1515764503065213,1.1626473836934514,0.9746835443037974,0.9746835443037974,3.2721518987341773,0.1090717299578059,0.25784509926075266,1.5194453612843568,2.2868993953910333,0.05673059854575751,2.8094425096228575,1.0,0.24050632911392406
bimodal_asymmetric,bimodal,"{""centered_and_standardized"":true,""means"":[-1.0,4.0],""sds"":[1.0,1.0],""weights"":[0.8,0.2]}",40,exploratory,all,200,200,200,1.0,0.9811546736227335,1.0,16,0.08,0.049840585889759974,0.12598948826714396,184,0.92,0.874010511732856,0.9501594141102401,-0.012719742007188404,0.16259548235242255,0.1539518432150224,0.1625039591158602,0.9473728766525594,0.84,0.84,3.39,0.08475000000000002,0.19896575994500942,1.356423198227757,2.4036056310252247,0.03613092261167213,2.329857901688361,1.0,0.335
bimodal_asymmetric,bimodal,"{""centered_and_standardized"":true,""means"":[-1.0,4.0],""sds"":[1.0,1.0],""weights"":[0.8,0.2]}",40,exploratory,acceptable,200,28,28,0.14,0.09866982633455634,0.1948988086570756,2,0.07142857142857142,0.019812064115305755,0.22645362568399052,26,0.9285714285714286,0.7735463743160095,0.9801879358846942,0.13417680674027915,0.19063713239587188,0.16476042362277168,0.13790694955642605,1.1947216884480376,0.0,0.0,0.0,0.0,0.0,0.0,0.0,0.0,0.0,1.0,1.0
bimodal_asymmetric,bimodal,"{""centered_and_standardized"":true,""means"":[-1.0,4.0],""sds"":[1.0,1.0],""weights"":[0.8,0.2]}",40,exploratory,caution,200,13,13,0.065,0.03837635464915299,0.10801907929906895,0,0.0,0.0,0.22809537235419838,13,1.0,0.7719046276458016,0.9999999999999999,0.12988189759120192,0.18192748312241902,0.165076660576061,0.1325920822528523,1.2449963660821073,1.0,1.0,1.0,0.025000000000000005,0.05920867928530171,0.354073326349345,0.4045213231070276,0.007079620955690819,0.35265138200723745,1.0,1.0
bimodal_asymmetric,bimodal,"{""centered_and_standardized"":true,""means"":[-1.0,4.0],""sds"":[1.0,1.0],""weights"":[0.8,0.2]}",40,exploratory,insufficient,200,159,159,0.795,0.7337430194757748,0.8451382379616379,14,0.0880503144654088,0.053173773270627,0.14236278757383816,145,0.9119496855345912,0.8576372124261619,0.9468262267293731,-0.0502475701814536,0.15539761949152558,0.15113886914514515,0.1475142707467711,1.0245711711824559,0.9748427672955975,0.9748427672955975,4.182389937106918,0.10455974842767296,0.24543043495781738,1.594403965227957,2.562907217092609,0.04486886446484557,2.9018057381860256,1.0,0.16352201257861634
bimodal_asymmetric,bimodal,"{""centered_and_standardized"":true,""means"":[-1.0,4.0],""sds"":[1.0,1.0],""weights"":[0.8,0.2]}",50,exploratory,all,200,200,200,1.0,0.9811546736227335,1.0,13,0.065,0.03837635464915299,0.10801907929906895,187,0.935,0.8919809207009312,0.961623645350847,-0.016531776377527518,0.14535272720393894,0.13964566037761916,0.14477192485616439,0.9645907555374543,0.85,0.85,4.15,0.083,0.19665751322870814,1.520828479117617,2.6837956542845864,0.0323617603176128,2.580410222760843,1.0,0.385
bimodal_asymmetric,bimodal,"{""centered_and_standardized"":true,""means"":[-1.0,4.0],""sds"":[1.0,1.0],""weights"":[0.8,0.2]}",50,exploratory,acceptable,200,28,28,0.14,0.09866982633455634,0.1948988086570756,3,0.10714285714285714,0.03711836682929999,0.27195851548672156,25,0.8928571428571429,0.7280414845132785,0.9628816331707,0.1374526837651052,0.18098963451446615,0.15188379926351356,0.11990616868087285,1.266688786193714,0.0,0.0,0.0,0.0,0.0,0.0,0.0,0.0,0.0,1.0,1.0
bimodal_asymmetric,bimodal,"{""centered_and_standardized"":true,""means"":[-1.0,4.0],""sds"":[1.0,1.0],""weights"":[0.8,0.2]}",50,exploratory,caution,200,14,14,0.07,0.042152171828342806,0.11405480885610647,2,0.14285714285714285,0.040093921271464966,0.39941379496970353,12,0.8571428571428571,0.6005862050302965,0.9599060787285351,0.048946145345212196,0.16327777562842977,0.14812188823302616,0.16164888259629145,0.9163186645895465,1.0,1.0,1.0,0.019999999999999997,0.05139903816421737,0.35083006207248424,0.39170514659574257,0.006475259029926958,0.3765020579886133,1.0,1.0
bimodal_asymmetric,bimodal,"{""centered_and_standardized"":true,""means"":[-1.0,4.0],""sds"":[1.0,1.0],""weights"":[0.8,0.2]}",50,exploratory,insufficient,200,158,158,0.79,0.7283538314009754,0.8407158793002101,8,0.05063291139240506,0.025876825383582304,0.09672129604509741,150,0.9493670886075949,0.9032787039549025,0.9741231746164177,-0.049622002884565954,0.13629466575924745,0.13672581810685497,0.12734413611810314,1.0736718805807512,0.9873417721518988,0.9873417721518988,5.1645569620253164,0.10329113924050633,0.24437921589520625,1.7913608937412953,2.8163932472233753,0.040390496437364455,3.2329811122805574,1.0,0.22151898734177214
bimodal_asymmetric,bimodal,"{""centered_and_standardized"":true,""means"":[-1.0,4.0],""sds"":[1.0,1.0],""weights"":[0.8,0.2]}",80,exploratory,all,200,200,200,1.0,0.9811546736227335,1.0,15,0.075,0.04597491718438201,0.12004361023629456,185,0.925,0.8799563897637055,0.954025082815618,0.004371331335762423,0.11965089698997991,0.11151343821820557,0.11987107233512859,0.9302781400540305,0.9,0.9,6.65,0.083125,0.1976090957330074,1.7809003366592164,3.215070300985894,0.02428914307480591,2.949173890039136,1.0,0.345
bimodal_asymmetric,bimodal,"{""centered_and_standardized"":true,""means"":[-1.0,4.0],""sds"":[1.0,1.0],""weights"":[0.8,0.2]}",80,exploratory,acceptable,200,20,20,0.1,0.06567044866909588,0.1494058124327174,5,0.25,0.11186170140766569,0.468700877618744,15,0.75,0.531299122381256,0.8881382985923343,0.1405121571136811,0.1822540051675543,0.1208390248412742,0.11908800860078282,1.014703547914394,0.0,0.0,0.0,0.0,0.0,0.0,0.0,0.0,0.0,1.0,1.0
bimodal_asymmetric,bimodal,"{""centered_and_standardized"":true,""means"":[-1.0,4.0],""sds"":[1.0,1.0],""weights"":[0.8,0.2]}",80,exploratory,caution,200,108,108,0.54,0.4708228918895333,0.6076694820002854,8,0.07407407407407407,0.03801024869807134,0.13939676145640315,100,0.9259259259259259,0.8606032385435969,0.9619897513019287,0.006299976326296953,0.11693855623257374,0.11102859078652655,0.11731310899736135,0.9464295314944202,1.0,1.0,4.842592592592593,0.060532407407407424,0.14599450364326275,1.4091904052597424,2.142580610405055,0.016265551173396262,1.7524270842896454,1.0,0.3888888888888889
bimodal_asymmetric,bimodal,"{""centered_and_standardized"":true,""means"":[-1.0,4.0],""sds"":[1.0,1.0],""weights"":[0.8,0.2]}",80,exploratory,insufficient,200,72,72,0.36,0.2966919730456654,0.42858471833996925,2,0.027777777777777776,0.007651021904494577,0.09574175221438225,70,0.9722222222222222,0.9042582477856177,0.9923489780955054,-0.03633853219946123,0.10014415867909196,0.10965026863709391,0.09397348883336197,1.1668213024582998,1.0,1.0,11.208333333333334,0.14010416666666667,0.32992239934901535,3.0221552769184274,3.519221822801522,0.043071515114366465,5.563509068118687,1.0,0.09722222222222222
bimodal_asymmetric,bimodal,"{""centered_and_standardized"":true,""means"":[-1.0,4.0],""sds"":[1.0,1.0],""weights"":[0.8,0.2]}",100,exploratory,all,200,200,200,1.0,0.9811546736227335,1.0,5,0.025,0.010724719651761264,0.05717834040664198,195,0.975,0.942821659593358,0.9892752803482386,-0.0035181802593441396,0.08758314855039083,0.09952173223707099,0.08773206307914573,1.1343826731543911,0.95,0.95,8.255,0.08255000000000001,0.19656091695879482,2.1107571049604767,3.4327620933571317,0.020850355861092202,3.0622028096486575,1.0,0.33
bimodal_asymmetric,bimodal,"{""centered_and_standardized"":true,""means"":[-1.0,4.0],""sds"":[1.0,1.0],""weights"":[0.8,0.2]}",100,exploratory,acceptable,200,10,10,0.05,0.02738264560076393,0.08957814813877599,0,0.0,0.0,0.2775327998628892,10,1.0,0.7224672001371107,0.9999999999999999,0.11359437888448302,0.1228921409129456,0.10829104226844026,0.04942778552838246,2.1908940712356473,0.0,0.0,0.0,0.0,0.0,0.0,0.0,0.0,0.0,1.0,1.0
bimodal_asymmetric,bimodal,"{""centered_and_standardized"":true,""means"":[-1.0,4.0],""sds"":[1.0,1.0],""weights"":[0.8,0.2]}",100,exploratory,caution,200,119,119,0.595,0.525797100813387,0.6606222871749323,3,0.025210084033613446,0.008610231289265309,0.07150489364635793,116,0.9747899159663865,0.9284951063536421,0.9913897687107348,-0.000829615231917829,0.08481399709058206,0.09924591645277599,0.08516854551291766,1.1652883802943796,1.0,1.0,6.07563025210084,0.0607563025210084,0.14619708529396172,1.5070909393818455,2.3617406326615105,0.014408939400224268,1.9385836359679722,1.0,0.37815126050420167
bimodal_asymmetric,bimodal,"{""centered_and_standardized"":true,""means"":[-1.0,4.0],""sds"":[1.0,1.0],""weights"":[0.8,0.2]}",100,exploratory,insufficient,200,71,71,0.355,0.2919862754043116,0.42347886924509565,2,0.028169014084507043,0.007759263582683522,0.0970150011664947,69,0.971830985915493,0.9029849988335054,0.9922407364173166,-0.02451909335373855,0.086163987185182,0.09874890094154162,0.08318965587841858,1.187033410570454,1.0,1.0,13.070422535211268,0.13070422535211268,0.30865817241940147,3.0376668148416206,3.804908478861848,0.03458320258579934,5.376748017599196,1.0,0.15492957746478872
bimodal_asymmetric,bimodal,"{""centered_and_standardized"":true,""means"":[-1.0,4.0],""sds"":[1.0,1.0],""weights"":[0.8,0.2]}",200,exploratory,all,200,200,200,1.0,0.9811546736227335,1.0,14,0.07,0.042152171828342806,0.11405480885610647,186,0.93,0.8859451911438936,0.9578478281716571,0.005358952844177218,0.07322813503075759,0.07081025822765141,0.07321505038248145,0.9671544014206477,1.0,1.0,16.705,0.08352499999999999,0.1997120839728737,2.8777086524842437,4.469037209676138,0.014172164399187483,3.935447210207714,1.0,0.34
bimodal_asymmetric,bimodal,"{""centered_and_standardized"":true,""means"":[-1.0,4.0],""sds"":[1.0,1.0],""weights"":[0.8,0.2]}",200,exploratory,acceptable,200,0,0,0.0,1.734723475976807e-18,0.018845326377266575,0,nan,nan,nan,0,nan,nan,nan,nan,nan,nan,nan,nan,nan,nan,nan,nan,nan,nan,nan,nan,nan,nan,nan
bimodal_asymmetric,bimodal,"{""centered_and_standardized"":true,""means"":[-1.0,4.0],""sds"":[1.0,1.0],""weights"":[0.8,0.2]}",200,exploratory,caution,200,137,137,0.685,0.6176504391426966,0.745376790097715,9,0.06569343065693431,0.03494333900466338,0.12013499519876591,128,0.9343065693430657,0.879865004801234,0.9650566609953366,0.013897236900819702,0.0738510629543947,0.07105611552595574,0.0727978639758273,0.9760741819231137,1.0,1.0,12.91970802919708,0.06459854014598541,0.15578125246262736,2.260892710730848,3.2951889715329297,0.010465253981055085,2.7355545048891696,1.0,0.44525547445255476
bimodal_asymmetric,bimodal,"{""centered_and_standardized"":true,""means"":[-1.0,4.0],""sds"":[1.0,1.0],""weights"":[0.8,0.2]}",200,exploratory,insufficient,200,63,63,0.315,0.2546232099022851,0.3823495608573036,5,0.07936507936507936,0.03437584717681855,0.17270309850904084,58,0.9206349206349206,0.8272969014909591,0.9656241528231814,-0.013208426771061193,0.07185487585336969,0.0702756161662595,0.07119777324202464,0.9870479506061177,1.0,1.0,24.936507936507937,0.1246825396825397,0.29524420963801257,4.147615131214819,4.913043902192907,0.022233223562427778,6.54473769637661,1.0,0.1111111111111111
bimodal_asymmetric,bimodal,"{""centered_and_standardized"":true,""means"":[-1.0,4.0],""sds"":[1.0,1.0],""weights"":[0.8,0.2]}",500,exploratory,all,200,200,200,1.0,0.9811546736227335,1.0,14,0.07,0.042152171828342806,0.11405480885610647,186,0.93,0.8859451911438936,0.9578478281716571,-0.0058709486347954766,0.047400705009187645,0.04457187820814698,0.04715375041698759,0.9452456658058217,1.0,1.0,43.245,0.08649000000000001,0.20749628201202008,4.696382243319256,6.404202920655862,0.00917622345494506,6.241299825818292,1.0,0.19
bimodal_asymmetric,bimodal,"{""centered_and_standardized"":true,""means"":[-1.0,4.0],""sds"":[1.0,1.0],""weights"":[0.8,0.2]}",500,exploratory,acceptable,200,0,0,0.0,1.734723475976807e-18,0.018845326377266575,0,nan,nan,nan,0,nan,nan,nan,nan,nan,nan,nan,nan,nan,nan,nan,nan,nan,nan,nan,nan,nan,nan,nan
bimodal_asymmetric,bimodal,"{""centered_and_standardized"":true,""means"":[-1.0,4.0],""sds"":[1.0,1.0],""weights"":[0.8,0.2]}",500,exploratory,caution,200,144,144,0.72,0.6540769541334929,0.7776311022605097,11,0.0763888888888889,0.04318732966175298,0.13160436291776428,133,0.9236111111111112,0.8683956370822358,0.956812670338247,0.003010657936152691,0.0470590361306288,0.04475919818858381,0.047126551105283646,0.9497660477761035,1.0,1.0,37.49305555555556,0.07498611111111111,0.18074433801283996,4.245353151084537,5.146444324868193,0.0076833407652469226,5.0319876111388915,1.0,0.25
bimodal_asymmetric,bimodal,"{""centered_and_standardized"":true,""means"":[-1.0,4.0],""sds"":[1.0,1.0],""weights"":[0.8,0.2]}",500,exploratory,insufficient,200,56,56,0.28,0.22236889773949026,0.3459230458665071,3,0.05357142857142857,0.018385781382109126,0.14607309068821533,53,0.9464285714285714,0.8539269093117847,0.9816142186178909,-0.02870936553151934,0.04826817794722048,0.04409019825845227,0.039153080142352296,1.1260978216311375,1.0,1.0,58.035714285714285,0.11607142857142858,0.276286995152769,6.2229550155056295,6.9880387390165755,0.013015064657025986,9.35095980642246,1.0,0.03571428571428571
bimodal_asymmetric,bimodal,"{""centered_and_standardized"":true,""means"":[-1.0,4.0],""sds"":[1.0,1.0],""weights"":[0.8,0.2]}",750,exploratory,all,200,200,200,1.0,0.9811546736227335,1.0,11,0.055,0.03098534170345884,0.0957869987723084,189,0.945,0.9042130012276914,0.9690146582965411,-0.00244367804513929,0.03642189800479554,0.036381823790988706,0.036431019582528104,0.99864961804245,1.0,1.0,64.68,0.08624000000000001,0.20677583254224835,5.748618986026809,7.233151583788627,0.00734805331404746,7.375922885907849,1.0,0.12
bimodal_asymmetric,bimodal,"{""centered_and_standardized"":true,""means"":[-1.0,4.0],""sds"":[1.0,1.0],""weights"":[0.8,0.2]}",750,exploratory,acceptable,200,0,0,0.0,1.734723475976807e-18,0.018845326377266575,0,nan,nan,nan,0,nan,nan,nan,nan,nan,nan,nan,nan,nan,nan,nan,nan,nan,nan,nan,nan,nan,nan,nan
bimodal_asymmetric,bimodal,"{""centered_and_standardized"":true,""means"":[-1.0,4.0],""sds"":[1.0,1.0],""weights"":[0.8,0.2]}",750,exploratory,caution,200,153,153,0.765,0.7015863111723746,0.8184256658476741,9,0.058823529411764705,0.031252630211971916,0.1080055671098468,144,0.9411764705882353,0.8919944328901532,0.968747369788028,0.002247532041285662,0.03587140368493618,0.03647394200201502,0.03591849773718439,1.0154640171450047,1.0,1.0,59.04575163398693,0.0787276688453159,0.1892809080703018,5.310864530995001,6.417174507237578,0.006566284809672843,6.455377530858533,1.0,0.1568627450980392
bimodal_asymmetric,bimodal,"{""centered_and_standardized"":true,""means"":[-1.0,4.0],""sds"":[1.0,1.0],""weights"":[0.8,0.2]}",750,exploratory,insufficient,200,47,47,0.235,0.18157433415232588,0.29841368882762537,2,0.0425531914893617,0.011748275966789345,0.1424852767789945,45,0.9574468085106383,0.8575147232210055,0.9882517240332106,-0.017715064071160944,0.03815896696107598,0.03608194961466898,0.03416307230580108,1.0561681716354903,1.0,1.0,83.02127659574468,0.11069503546099296,0.2637273951849679,7.173935901257591,8.205194977432047,0.00989295929637334,10.372591807664138,1.0,0.0
bimodal_asymmetric,bimodal,"{""centered_and_standardized"":true,""means"":[-1.0,4.0],""sds"":[1.0,1.0],""weights"":[0.8,0.2]}",2000,exploratory,all,200,200,200,1.0,0.9811546736227335,1.0,11,0.055,0.03098534170345884,0.0957869987723084,189,0.945,0.9042130012276914,0.9690146582965411,0.0010205684117653507,0.021167935612295855,0.022389011731483794,0.021196376342513763,1.0562660036648788,1.0,1.0,173.7,0.08685000000000001,0.20861234127797762,9.341393114983271,10.809481984613736,0.004441307821634595,11.74510728327725,1.0,0.025
bimodal_asymmetric,bimodal,"{""centered_and_standardized"":true,""means"":[-1.0,4.0],""sds"":[1.0,1.0],""weights"":[0.8,0.2]}",2000,exploratory,acceptable,200,0,0,0.0,1.734723475976807e-18,0.018845326377266575,0,nan,nan,nan,0,nan,nan,nan,nan,nan,nan,nan,nan,nan,nan,nan,nan,nan,nan,nan,nan,nan,nan,nan
bimodal_asymmetric,bimodal,"{""centered_and_standardized"":true,""means"":[-1.0,4.0],""sds"":[1.0,1.0],""weights"":[0.8,0.2]}",2000,exploratory,caution,200,173,173,0.865,0.8107086162924745,0.9055342954521209,9,0.05202312138728324,0.02760783038362031,0.09590087038343206,164,0.9479768786127167,0.9040991296165678,0.9723921696163796,0.0029430186787956984,0.020944010369986905,0.022404747229026044,0.020796397633342976,1.0773378939968137,1.0,1.0,167.96531791907515,0.08398265895953758,0.20194029662263768,9.120377782986036,10.363797645076149,0.00426347724264956,11.192225079990616,1.0,0.028901734104046242
bimodal_asymmetric,bimodal,"{""centered_and_standardized"":true,""means"":[-1.0,4.0],""sds"":[1.0,1.0],""weights"":[0.8,0.2]}",2000,exploratory,insufficient,200,27,27,0.135,0.09446570454787906,0.18929138370752552,2,0.07407407407407407,0.020554654060988622,0.23369592683023144,25,0.9259259259259259,0.7663040731697686,0.9794453459390113,-0.011297353669577247,0.02255000857505465,0.022288187987972365,0.01988772576972584,1.1207006897641678,1.0,1.0,210.44444444444446,0.10522222222222222,0.25136284962515554,11.017182017468269,11.976704852450645,0.005580740790686844,15.287648808039764,1.0,0.0
bimodal_symmetric,bimodal,"{""centered_and_standardized"":true,""means"":[-2.0,2.0],""sds"":[1.0,1.0],""weights"":[0.5,0.5]}",5,exploratory,all,200,200,200,1.0,0.9811546736227335,1.0,17,0.085,0.05374575017747561,0.13189587071565567,183,0.915,0.8681041292843443,0.9462542498225244,0.035923215701546635,0.4396520976411721,0.41765559652171286,0.43928160807151073,0.9507695948283877,0.25,0.25,0.32,0.064,0.10995959567959776,0.0,0.9552994211622745,0.06193588244073983,2.4845087185301273,0.08,0.62
bimodal_symmetric,bimodal,"{""centered_and_standardized"":true,""means"":[-2.0,2.0],""sds"":[1.0,1.0],""weights"":[0.5,0.5]}",5,exploratory,acceptable,200,110,110,0.55,0.48075615138475697,0.6173593159775166,12,0.10909090909090909,0.06351460897644062,0.18104883134757863,98,0.8909090909090909,0.8189511686524213,0.9364853910235593,0.01779745054620775,0.4211716138144462,0.4116262754407978,0.422721259517983,0.9737534277555936,0.0,0.0,0.0,0.0,0.0,0.0,0.0,0.0,0.0,0.0,1.0
bimodal_symmetric,bimodal,"{""centered_and_standardized"":true,""means"":[-2.0,2.0],""sds"":[1.0,1.0],""weights"":[0.5,0.5]}",5,exploratory,caution,200,0,0,0.0,1.734723475976807e-18,0.018845326377266575,0,nan,nan,nan,0,nan,nan,nan,nan,nan,nan,nan,nan,nan,nan,nan,nan,nan,nan,nan,nan,nan,nan,nan
bimodal_symmetric,bimodal,"{""centered_and_standardized"":true,""means"":[-2.0,2.0],""sds"":[1.0,1.0],""weights"":[0.5,0.5]}",5,exploratory,insufficient,200,90,90,0.45,0.3826406840224836,0.5192438486152432,5,0.05555555555555555,0.023960971616961965,0.12353736221799518,85,0.9444444444444444,0.8764626377820048,0.976039028383038,0.05807692866918305,0.46123487967893084,0.42502476673172007,0.46012726149966754,0.9237113344392162,0.5555555555555556,0.5555555555555556,0.7111111111111111,0.14222222222222222,0.24435465706577275,0.7275769406233044,1.6103113437941434,0.13763529431275517,5.521130485622506,0.17777777777777778,0.15555555555555556
bimodal_symmetric,bimodal,"{""centered_and_standardized"":true,""means"":[-2.0,2.0],""sds"":[1.0,1.0],""weights"":[0.5,0.5]}",8,exploratory,all,200,200,200,1.0,0.9811546736227335,1.0,13,0.065,0.03837635464915299,0.10801907929906895,187,0.935,0.8919809207009312,0.961623645350847,-0.008165348296425106,0.38326044988830293,0.3417813918479126,0.3841349997408619,0.8897429082965075,0.13,0.13,0.165,0.020625,0.04009791985609004,0.0,0.730750592122252,0.016661029933618555,0.5079528385064717,0.125,0.845
bimodal_symmetric,bimodal,"{""centered_and_standardized"":true,""means"":[-2.0,2.0],""sds"":[1.0,1.0],""weights"":[0.5,0.5]}",8,exploratory,acceptable,200,161,161,0.805,0.7445595562538726,0.8539447946559949,3,0.018633540372670808,0.006356993493274208,0.05334557703177281,158,0.9813664596273292,0.9466544229682271,0.9936430065067258,-0.028099257224211402,0.3383568791943269,0.34877111896364055,0.33824016356810993,1.0311345503279064,0.0,0.0,0.0,0.0,0.0,0.0,0.0,0.0,0.0,0.024844720496894408,1.0
bimodal_symmetric,bimodal,"{""centered_and_standardized"":true,""means"":[-2.0,2.0],""sds"":[1.0,1.0],""weights"":[0.5,0.5]}",8,exploratory,caution,200,0,0,0.0,1.734723475976807e-18,0.018845326377266575,0,nan,nan,nan,0,nan,nan,nan,nan,nan,nan,nan,nan,nan,nan,nan,nan,nan,nan,nan,nan,nan,nan,nan
bimodal_symmetric,bimodal,"{""centered_and_standardized"":true,""means"":[-2.0,2.0],""sds"":[1.0,1.0],""weights"":[0.5,0.5]}",8,exploratory,insufficient,200,39,39,0.195,0.1460552053440051,0.25544044374612745,10,0.2564102564102564,0.14568780540992585,0.4108165592168397,29,0.7435897435897436,0.5891834407831603,0.8543121945900741,0.07412591676443622,0.529769390572599,0.31292636452401024,0.5314151234503939,0.5888548344131216,0.6666666666666666,0.6666666666666666,0.8461538461538461,0.10576923076923077,0.2056303582363592,0.747605525088516,1.450390298829295,0.08544117914676182,2.604886351315239,0.5384615384615384,0.20512820512820512
bimodal_symmetric,bimodal,"{""centered_and_standardized"":true,""means"":[-2.0,2.0],""sds"":[1.0,1.0],""weights"":[0.5,0.5]}",10,exploratory,all,200,200,200,1.0,0.9811546736227335,1.0,12,0.06,0.03465219425433187,0.1019316929576627,188,0.94,0.8980683070423372,0.9653478057456681,-0.008804827268189755,0.31563052203307684,0.31669308579617556,0.3162994279099009,1.001244573500736,0.11,0.11,0.185,0.018500000000000003,0.035854427383784124,0.0,0.6586283986210898,0.013204577573801786,0.4862909413015483,0.2,0.91
bimodal_symmetric,bimodal,"{""centered_and_standardized"":true,""means"":[-2.0,2.0],""sds"":[1.0,1.0],""weights"":[0.5,0.5]}",10,exploratory,acceptable,200,171,171,0.855,0.7995133246921847,0.8971064935799559,5,0.029239766081871343,0.012552802350976933,0.06661296825088595,166,0.9707602339181286,0.933387031749114,0.9874471976490231,-0.005115193294759599,0.2746920213997984,0.32128341513190767,0.27545098402996837,1.166390515043333,0.0,0.0,0.0,0.0,0.0,0.0,0.0,0.0,0.0,0.15204678362573099,1.0
bimodal_symmetric,bimodal,"{""centered_and_standardized"":true,""means"":[-2.0,2.0],""sds"":[1.0,1.0],""weights"":[0.5,0.5]}",10,exploratory,caution,200,0,0,0.0,1.734723475976807e-18,0.018845326377266575,0,nan,nan,nan,0,nan,nan,nan,nan,nan,nan,nan,nan,nan,nan,nan,nan,nan,nan,nan,nan,nan,nan,nan
bimodal_symmetric,bimodal,"{""centered_and_standardized"":true,""means"":[-2.0,2.0],""sds"":[1.0,1.0],""weights"":[0.5,0.5]}",10,exploratory,insufficient,200,29,29,0.145,0.10289350642004402,0.20048667530781522,7,0.2413793103448276,0.12218422442520088,0.42107601617811335,22,0.7586206896551724,0.5789239838218867,0.8778157755747991,-0.030560944835657255,0.4920610929140591,0.2896259714372037,0.49980404326186306,0.5794790485227418,0.7586206896551724,0.7586206896551724,1.2758620689655173,0.12758620689655176,0.24727191299161466,0.7104930942555839,1.538047147276797,0.09106605223311576,3.3537306296658507,0.4827586206896552,0.3793103448275862
bimodal_symmetric,bimodal,"{""centered_and_standardized"":true,""means"":[-2.0,2.0],""sds"":[1.0,1.0],""weights"":[0.5,0.5]}",15,exploratory,all,200,200,200,1.0,0.9811546736227335,1.0,10,0.05,0.02738264560076393,0.08957814813877599,190,0.95,0.9104218518612239,0.972617354399236,0.009155317251716028,0.26098423726263215,0.25483523089682736,0.2614781181993316,0.9745948634315924,0.065,0.065,0.14,0.009333333333333334,0.01760408997700634,0.0,0.0,0.0040809157711112435,0.21906978255290777,0.285,0.95
bimodal_symmetric,bimodal,"{""centered_and_standardized"":true,""means"":[-2.0,2.0],""sds"":[1.0,1.0],""weights"":[0.5,0.5]}",15,exploratory,acceptable,200,183,183,0.915,0.8681041292843443,0.9462542498225244,6,0.03278688524590164,0.01511147471989768,0.0696740911854546,177,0.9672131147540983,0.9303259088145454,0.9848885252801024,0.005947761756497211,0.23923732470436715,0.25689503107834144,0.23981952078603264,1.071201502848234,0.0,0.0,0.0,0.0,0.0,0.0,0.0,0.0,0.0,0.23497267759562843,1.0
bimodal_symmetric,bimodal,"{""centered_and_standardized"":true,""means"":[-2.0,2.0],""sds"":[1.0,1.0],""weights"":[0.5,0.5]}",15,exploratory,caution,200,0,0,0.0,1.734723475976807e-18,0.018845326377266575,0,nan,nan,nan,0,nan,nan,nan,nan,nan,nan,nan,nan,nan,nan,nan,nan,nan,nan,nan,nan,nan,nan,nan
bimodal_symmetric,bimodal,"{""centered_and_standardized"":true,""means"":[-2.0,2.0],""sds"":[1.0,1.0],""weights"":[0.5,0.5]}",15,exploratory,insufficient,200,17,17,0.085,0.05374575017747561,0.13189587071565567,4,0.23529411764705882,0.09555044322080117,0.4726179811956498,13,0.7647058823529411,0.5273820188043501,0.9044495567791988,0.04368370875907146,0.4303651918196891,0.23266208776641079,0.4413191052560393,0.5271969533959506,0.7647058823529411,0.7647058823529411,1.6470588235294117,0.10980392156862744,0.20710694090595694,0.8881703063171246,1.7440723103738531,0.04801077377777933,2.5772915594459733,0.8235294117647058,0.4117647058823529
bimodal_symmetric,bimodal,"{""centered_and_standardized"":true,""means"":[-2.0,2.0],""sds"":[1.0,1.0],""weights"":[0.5,0.5]}",20,exploratory,all,200,200,200,1.0,0.9811546736227335,1.0,14,0.07,0.042152171828342806,0.11405480885610647,186,0.93,0.8859451911438936,0.9578478281716571,0.012630824432198248,0.2386070966544884,0.22390308408660686,0.2388704761369576,0.9373409711723054,0.055,0.055,0.13,0.006500000000000001,0.012707258446303951,0.0,0.0,0.0023091063825828157,0.13456400449490055,0.51,0.98
bimodal_symmetric,bimodal,"{""centered_and_standardized"":true,""means"":[-2.0,2.0],""sds"":[1.0,1.0],""weights"":[0.5,0.5]}",20,exploratory,acceptable,200,189,189,0.945,0.9042130012276914,0.9690146582965411,9,0.047619047619047616,0.025251906693033913,0.08800931293403046,180,0.9523809523809523,0.9119906870659695,0.9747480933069661,-0.0013004896980369522,0.22035532668994345,0.22447270624932744,0.22093675300137286,1.0160043686707598,0.0,0.0,0.0,0.0,0.0,0.0,0.0,0.0,0.0,0.48677248677248675,1.0
bimodal_symmetric,bimodal,"{""centered_and_standardized"":true,""means"":[-2.0,2.0],""sds"":[1.0,1.0],""weights"":[0.5,0.5]}",20,exploratory,caution,200,0,0,0.0,1.734723475976807e-18,0.018845326377266575,0,nan,nan,nan,0,nan,nan,nan,nan,nan,nan,nan,nan,nan,nan,nan,nan,nan,nan,nan,nan,nan,nan,nan
bimodal_symmetric,bimodal,"{""centered_and_standardized"":true,""means"":[-2.0,2.0],""sds"":[1.0,1.0],""weights"":[0.5,0.5]}",20,exploratory,insufficient,200,11,11,0.055,0.03098534170345884,0.0957869987723084,5,0.45454545454545453,0.21271271622459764,0.719908462590678,6,0.5454545454545454,0.280091537409322,0.7872872837754024,0.251996130851694,0.44817777364238404,0.21411593965440678,0.38871248179741025,0.5508337130424333,1.0,1.0,2.3636363636363638,0.11818181818181821,0.23104106266007182,1.059626906233873,1.772597786477676,0.041983752410596646,2.4466182635436464,0.9090909090909091,0.6363636363636364
bimodal_symmetric,bimodal,"{""centered_and_standardized"":true,""means"":[-2.0,2.0],""sds"":[1.0,1.0],""weights"":[0.5,0.5]}",30,exploratory,all,200,200,200,1.0,0.9811546736227335,1.0,12,0.06,0.03465219425433187,0.1019316929576627,188,0.94,0.8980683070423372,0.9653478057456681,0.008941802852753271,0.18895774078891214,0.18320510688684574,0.1892196935520504,0.9682137384735264,0.015,0.015,0.025,0.0008333333333333334,0.0017634113527661617,0.0,0.0,0.00027147261086531914,0.015637122447247857,0.75,1.0
bimodal_symmetric,bimodal,"{""centered_and_standardized"":true,""means"":[-2.0,2.0],""sds"":[1.0,1.0],""weights"":[0.5,0.5]}",30,exploratory,acceptable,200,197,197,0.985,0.9568342712073097,0.9948857622067417,11,0.05583756345177665,0.03146151783835432,0.09720444073628784,186,0.9441624365482234,0.9027955592637125,0.9685384821616458,0.006601585875415667,0.1853832995371604,0.1833504295790431,0.18573773480819514,0.9871469024233696,0.0,0.0,0.0,0.0,0.0,0.0,0.0,0.0,0.0,0.7461928934010152,1.0
bimodal_symmetric,bimodal,"{""centered_and_standardized"":true,""means"":[-2.0,2.0],""sds"":[1.0,1.0],""weights"":[0.5,0.5]}",30,exploratory,caution,200,0,0,0.0,1.734723475976807e-18,0.018845326377266575,0,nan,nan,nan,0,nan,nan,nan,nan,nan,nan,nan,nan,nan,nan,nan,nan,nan,nan,nan,nan,nan,nan,nan
bimodal_symmetric,bimodal,"{""centered_and_standardized"":true,""means"":[-2.0,2.0],""sds"":[1.0,1.0],""weights"":[0.5,0.5]}",30,exploratory,insufficient,200,3,3,0.015,0.00511423779325831,0.04316572879269026,1,0.3333333333333333,0.06149194472039621,0.7923403991979522,2,0.6666666666666666,0.2076596008020477,0.9385080552796037,0.16261605103125606,0.3515266299039522,0.1736622500992199,0.3816942326233725,0.45497740142848037,1.0,1.0,1.6666666666666667,0.05555555555555556,0.11756075685107743,0.8050370490312918,0.8298340376838685,0.018098174057687943,1.0424748298165238,1.0,1.0
bimodal_symmetric,bimodal,"{""centered_and_standardized"":true,""means"":[-2.0,2.0],""sds"":[1.0,1.0],""weights"":[0.5,0.5]}",40,exploratory,all,200,200,200,1.0,0.9811546736227335,1.0,11,0.055,0.03098534170345884,0.0957869987723084,189,0.945,0.9042130012276914,0.9690146582965411,-0.0059206529203021585,0.1616587196830768,0.15624212696911322,0.16195565966354555,0.9647216237684938,0.005,0.005,0.01,0.00025,0.0006265454367577917,0.0,0.0,9.693737531274227e-05,0.005629559630806059,0.895,1.0
bimodal_symmetric,bimodal,"{""centered_and_standardized"":true,""means"":[-2.0,2.0],""sds"":[1.0,1.0],""weights"":[0.5,0.5]}",40,exploratory,acceptable,200,199,199,0.995,0.9722262956021069,0.9991168312843989,11,0.05527638190954774,0.03114245720959706,0.0962548656598722,188,0.9447236180904522,0.9037451343401277,0.9688575427904029,-0.007212406407705728,0.161083609001041,0.15623306650153349,0.16132791980398212,0.968419271080672,0.0,0.0,0.0,0.0,0.0,0.0,0.0,0.0,0.0,0.8944723618090452,1.0
bimodal_symmetric,bimodal,"{""centered_and_standardized"":true,""means"":[-2.0,2.0],""sds"":[1.0,1.0],""weights"":[0.5,0.5]}",40,exploratory,caution,200,0,0,0.0,1.734723475976807e-18,0.018845326377266575,0,nan,nan,nan,0,nan,nan,nan,nan,nan,nan,nan,nan,nan,nan,nan,nan,nan,nan,nan,nan,nan,nan,nan
bimodal_symmetric,bimodal,"{""centered_and_standardized"":true,""means"":[-2.0,2.0],""sds"":[1.0,1.0],""weights"":[0.5,0.5]}",40,exploratory,insufficient,200,1,1,0.005,0.0008831687156009814,0.02777370439789293,0,0.0,0.0,0.7934506856227626,1,1.0,0.20654931437723745,1.0,0.2511382910730079,0.2511382910730079,0.15804516001747462,nan,nan,1.0,1.0,2.0,0.05,0.12530908735155832,0.7928688694908673,0.7928688694908673,0.019387475062548454,1.1259119261612118,1.0,1.0
bimodal_symmetric,bimodal,"{""centered_and_standardized"":true,""means"":[-2.0,2.0],""sds"":[1.0,1.0],""weights"":[0.5,0.5]}",50,exploratory,all,200,200,200,1.0,0.9811546736227335,1.0,6,0.03,0.013820314340111346,0.06389429245451925,194,0.97,0.9361057075454807,0.9861796856598887,0.010443367305254693,0.1309186466390682,0.14176328483390674,0.1308289309095946,1.083577491983543,0.005,0.005,0.005,0.0001,0.00025707013999445844,0.0,0.0,3.241863104047949e-05,0.0020379513516533255,0.985,1.0
bimodal_symmetric,bimodal,"{""centered_and_standardized"":true,""means"":[-2.0,2.0],""sds"":[1.0,1.0],""weights"":[0.5,0.5]}",50,exploratory,acceptable,200,199,199,0.995,0.9722262956021069,0.9991168312843989,6,0.03015075376884422,0.013890126214792575,0.06420761037611564,193,0.9698492462311558,0.9357923896238843,0.9861098737852073,0.011141160695982111,0.13093109447863255,0.14173916480280174,0.13078524269422057,1.0837550314005362,0.0,0.0,0.0,0.0,0.0,0.0,0.0,0.0,0.0,0.9849246231155779,1.0
bimodal_symmetric,bimodal,"{""centered_and_standardized"":true,""means"":[-2.0,2.0],""sds"":[1.0,1.0],""weights"":[0.5,0.5]}",50,exploratory,caution,200,1,1,0.005,0.0008831687156009814,0.02777370439789293,0,0.0,0.0,0.7934506856227626,1,1.0,0.20654931437723745,1.0,-0.1284175174495012,0.1284175174495012,0.1465631710238013,nan,nan,1.0,1.0,1.0,0.02,0.05141402799889169,0.35079773206150305,0.35079773206150305,0.006483726208095897,0.4075902703306651,1.0,1.0
bimodal_symmetric,bimodal,"{""centered_and_standardized"":true,""means"":[-2.0,2.0],""sds"":[1.0,1.0],""weights"":[0.5,0.5]}",50,exploratory,insufficient,200,0,0,0.0,1.734723475976807e-18,0.018845326377266575,0,nan,nan,nan,0,nan,nan,nan,nan,nan,nan,nan,nan,nan,nan,nan,nan,nan,nan,nan,nan,nan,nan,nan
bimodal_symmetric,bimodal,"{""centered_and_standardized"":true,""means"":[-2.0,2.0],""sds"":[1.0,1.0],""weights"":[0.5,0.5]}",80,exploratory,all,200,200,200,1.0,0.9811546736227335,1.0,11,0.055,0.03098534170345884,0.0957869987723084,189,0.945,0.9042130012276914,0.9690146582965411,-0.00612116537316567,0.11890902592208165,0.11209764767531016,0.11904936597018126,0.9416064231991599,0.0,0.0,0.0,0.0,0.0,0.0,0.0,0.0,0.0,1.0,1.0
bimodal_symmetric,bimodal,"{""centered_and_standardized"":true,""means"":[-2.0,2.0],""sds"":[1.0,1.0],""weights"":[0.5,0.5]}",80,exploratory,acceptable,200,200,200,1.0,0.9811546736227335,1.0,11,0.055,0.03098534170345884,0.0957869987723084,189,0.945,0.9042130012276914,0.9690146582965411,-0.00612116537316567,0.11890902592208165,0.11209764767531016,0.11904936597018126,0.9416064231991599,0.0,0.0,0.0,0.0,0.0,0.0,0.0,0.0,0.0,1.0,1.0
bimodal_symmetric,bimodal,"{""centered_and_standardized"":true,""means"":[-2.0,2.0],""sds"":[1.0,1.0],""weights"":[0.5,0.5]}",80,exploratory,caution,200,0,0,0.0,1.734723475976807e-18,0.018845326377266575,0,nan,nan,nan,0,nan,nan,nan,nan,nan,nan,nan,nan,nan,nan,nan,nan,nan,nan,nan,nan,nan,nan,nan
bimodal_symmetric,bimodal,"{""centered_and_standardized"":true,""means"":[-2.0,2.0],""sds"":[1.0,1.0],""weights"":[0.5,0.5]}",80,exploratory,insufficient,200,0,0,0.0,1.734723475976807e-18,0.018845326377266575,0,nan,nan,nan,0,nan,nan,nan,nan,nan,nan,nan,nan,nan,nan,nan,nan,nan,nan,nan,nan,nan,nan,nan
bimodal_symmetric,bimodal,"{""centered_and_standardized"":true,""means"":[-2.0,2.0],""sds"":[1.0,1.0],""weights"":[0.5,0.5]}",100,exploratory,all,200,200,200,1.0,0.9811546736227335,1.0,13,0.065,0.03837635464915299,0.10801907929906895,187,0.935,0.8919809207009312,0.961623645350847,0.0032953266594193797,0.10125388238395809,0.09946734474623012,0.1014541979983558,0.9804162539222095,0.0,0.0,0.0,0.0,0.0,0.0,0.0,0.0,0.0,1.0,1.0
bimodal_symmetric,bimodal,"{""centered_and_standardized"":true,""means"":[-2.0,2.0],""sds"":[1.0,1.0],""weights"":[0.5,0.5]}",100,exploratory,acceptable,200,200,200,1.0,0.9811546736227335,1.0,13,0.065,0.03837635464915299,0.10801907929906895,187,0.935,0.8919809207009312,0.961623645350847,0.0032953266594193797,0.10125388238395809,0.09946734474623012,0.1014541979983558,0.9804162539222095,0.0,0.0,0.0,0.0,0.0,0.0,0.0,0.0,0.0,1.0,1.0
bimodal_symmetric,bimodal,"{""centered_and_standardized"":true,""means"":[-2.0,2.0],""sds"":[1.0,1.0],""weights"":[0.5,0.5]}",100,exploratory,caution,200,0,0,0.0,1.734723475976807e-18,0.018845326377266575,0,nan,nan,nan,0,nan,nan,nan,nan,nan,nan,nan,nan,nan,nan,nan,nan,nan,nan,nan,nan,nan,nan,nan
bimodal_symmetric,bimodal,"{""centered_and_standardized"":true,""means"":[-2.0,2.0],""sds"":[1.0,1.0],""weights"":[0.5,0.5]}",100,exploratory,insufficient,200,0,0,0.0,1.734723475976807e-18,0.018845326377266575,0,nan,nan,nan,0,nan,nan,nan,nan,nan,nan,nan,nan,nan,nan,nan,nan,nan,nan,nan,nan,nan,nan,nan
bimodal_symmetric,bimodal,"{""centered_and_standardized"":true,""means"":[-2.0,2.0],""sds"":[1.0,1.0],""weights"":[0.5,0.5]}",200,exploratory,all,200,200,200,1.0,0.9811546736227335,1.0,10,0.05,0.02738264560076393,0.08957814813877599,190,0.95,0.9104218518612239,0.972617354399236,0.011398772369345363,0.07453007483435513,0.07069947960027179,0.07383806839978603,0.9574936226321524,0.0,0.0,0.0,0.0,0.0,0.0,0.0,0.0,0.0,1.0,1.0
bimodal_symmetric,bimodal,"{""centered_and_standardized"":true,""means"":[-2.0,2.0],""sds"":[1.0,1.0],""weights"":[0.5,0.5]}",200,exploratory,acceptable,200,200,200,1.0,0.9811546736227335,1.0,10,0.05,0.02738264560076393,0.08957814813877599,190,0.95,0.9104218518612239,0.972617354399236,0.011398772369345363,0.07453007483435513,0.07069947960027179,0.07383806839978603,0.9574936226321524,0.0,0.0,0.0,0.0,0.0,0.0,0.0,0.0,0.0,1.0,1.0
bimodal_symmetric,bimodal,"{""centered_and_standardized"":true,""means"":[-2.0,2.0],""sds"":[1.0,1.0],""weights"":[0.5,0.5]}",200,exploratory,caution,200,0,0,0.0,1.734723475976807e-18,0.018845326377266575,0,nan,nan,nan,0,nan,nan,nan,nan,nan,nan,nan,nan,nan,nan,nan,nan,nan,nan,nan,nan,nan,nan,nan
bimodal_symmetric,bimodal,"{""centered_and_standardized"":true,""means"":[-2.0,2.0],""sds"":[1.0,1.0],""weights"":[0.5,0.5]}",200,exploratory,insufficient,200,0,0,0.0,1.734723475976807e-18,0.018845326377266575,0,nan,nan,nan,0,nan,nan,nan,nan,nan,nan,nan,nan,nan,nan,nan,nan,nan,nan,nan,nan,nan,nan,nan
bimodal_symmetric,bimodal,"{""centered_and_standardized"":true,""means"":[-2.0,2.0],""sds"":[1.0,1.0],""weights"":[0.5,0.5]}",300,confirmatory_10000,all,10000,10000,10000,1.0,0.9996160016293234,1.0,494,0.0494,0.04532304560552551,0.05382301372612823,9506,0.9506,0.9461769862738717,0.9546769543944745,0.00032406050361116117,0.05772294575388925,0.05771741873879944,0.057724922416260004,0.9998700097436866,0.0,0.0,0.0,0.0,0.0,0.0,0.0,0.0,0.0,1.0,1.0
bimodal_symmetric,bimodal,"{""centered_and_standardized"":true,""means"":[-2.0,2.0],""sds"":[1.0,1.0],""weights"":[0.5,0.5]}",300,confirmatory_10000,acceptable,10000,10000,10000,1.0,0.9996160016293234,1.0,494,0.0494,0.04532304560552551,0.05382301372612823,9506,0.9506,0.9461769862738717,0.9546769543944745,0.00032406050361116117,0.05772294575388925,0.05771741873879944,0.057724922416260004,0.9998700097436866,0.0,0.0,0.0,0.0,0.0,0.0,0.0,0.0,0.0,1.0,1.0
bimodal_symmetric,bimodal,"{""centered_and_standardized"":true,""means"":[-2.0,2.0],""sds"":[1.0,1.0],""weights"":[0.5,0.5]}",300,confirmatory_10000,caution,10000,0,0,0.0,0.0,0.00038399837067659573,0,nan,nan,nan,0,nan,nan,nan,nan,nan,nan,nan,nan,nan,nan,nan,nan,nan,nan,nan,nan,nan,nan,nan
bimodal_symmetric,bimodal,"{""centered_and_standardized"":true,""means"":[-2.0,2.0],""sds"":[1.0,1.0],""weights"":[0.5,0.5]}",300,confirmatory_10000,insufficient,10000,0,0,0.0,0.0,0.00038399837067659573,0,nan,nan,nan,0,nan,nan,nan,nan,nan,nan,nan,nan,nan,nan,nan,nan,nan,nan,nan,nan,nan,nan,nan
bimodal_symmetric,bimodal,"{""centered_and_standardized"":true,""means"":[-2.0,2.0],""sds"":[1.0,1.0],""weights"":[0.5,0.5]}",500,exploratory,all,200,200,200,1.0,0.9811546736227335,1.0,11,0.055,0.03098534170345884,0.0957869987723084,189,0.945,0.9042130012276914,0.9690146582965411,-0.0006089096559734543,0.04520697730818872,0.044701431197329465,0.04531630904765375,0.986431422522128,0.0,0.0,0.0,0.0,0.0,0.0,0.0,0.0,0.0,1.0,1.0
bimodal_symmetric,bimodal,"{""centered_and_standardized"":true,""means"":[-2.0,2.0],""sds"":[1.0,1.0],""weights"":[0.5,0.5]}",500,exploratory,acceptable,200,200,200,1.0,0.9811546736227335,1.0,11,0.055,0.03098534170345884,0.0957869987723084,189,0.945,0.9042130012276914,0.9690146582965411,-0.0006089096559734543,0.04520697730818872,0.044701431197329465,0.04531630904765375,0.986431422522128,0.0,0.0,0.0,0.0,0.0,0.0,0.0,0.0,0.0,1.0,1.0
bimodal_symmetric,bimodal,"{""centered_and_standardized"":true,""means"":[-2.0,2.0],""sds"":[1.0,1.0],""weights"":[0.5,0.5]}",500,exploratory,caution,200,0,0,0.0,1.734723475976807e-18,0.018845326377266575,0,nan,nan,nan,0,nan,nan,nan,nan,nan,nan,nan,nan,nan,nan,nan,nan,nan,nan,nan,nan,nan,nan,nan
bimodal_symmetric,bimodal,"{""centered_and_standardized"":true,""means"":[-2.0,2.0],""sds"":[1.0,1.0],""weights"":[0.5,0.5]}",500,exploratory,insufficient,200,0,0,0.0,1.734723475976807e-18,0.018845326377266575,0,nan,nan,nan,0,nan,nan,nan,nan,nan,nan,nan,nan,nan,nan,nan,nan,nan,nan,nan,nan,nan,nan,nan
bimodal_symmetric,bimodal,"{""centered_and_standardized"":true,""means"":[-2.0,2.0],""sds"":[1.0,1.0],""weights"":[0.5,0.5]}",750,exploratory,all,200,200,200,1.0,0.9811546736227335,1.0,12,0.06,0.03465219425433187,0.1019316929576627,188,0.94,0.8980683070423372,0.9653478057456681,-0.0014724293418695023,0.03862653869664625,0.036491775553829785,0.038695323799348084,0.9430538879337295,0.0,0.0,0.0,0.0,0.0,0.0,0.0,0.0,0.0,1.0,1.0
bimodal_symmetric,bimodal,"{""centered_and_standardized"":true,""means"":[-2.0,2.0],""sds"":[1.0,1.0],""weights"":[0.5,0.5]}",750,exploratory,acceptable,200,200,200,1.0,0.9811546736227335,1.0,12,0.06,0.03465219425433187,0.1019316929576627,188,0.94,0.8980683070423372,0.9653478057456681,-0.0014724293418695023,0.03862653869664625,0.036491775553829785,0.038695323799348084,0.9430538879337295,0.0,0.0,0.0,0.0,0.0,0.0,0.0,0.0,0.0,1.0,1.0
bimodal_symmetric,bimodal,"{""centered_and_standardized"":true,""means"":[-2.0,2.0],""sds"":[1.0,1.0],""weights"":[0.5,0.5]}",750,exploratory,caution,200,0,0,0.0,1.734723475976807e-18,0.018845326377266575,0,nan,nan,nan,0,nan,nan,nan,nan,nan,nan,nan,nan,nan,nan,nan,nan,nan,nan,nan,nan,nan,nan,nan
bimodal_symmetric,bimodal,"{""centered_and_standardized"":true,""means"":[-2.0,2.0],""sds"":[1.0,1.0],""weights"":[0.5,0.5]}",750,exploratory,insufficient,200,0,0,0.0,1.734723475976807e-18,0.018845326377266575,0,nan,nan,nan,0,nan,nan,nan,nan,nan,nan,nan,nan,nan,nan,nan,nan,nan,nan,nan,nan,nan,nan,nan
bimodal_symmetric,bimodal,"{""centered_and_standardized"":true,""means"":[-2.0,2.0],""sds"":[1.0,1.0],""weights"":[0.5,0.5]}",2000,exploratory,all,200,200,200,1.0,0.9811546736227335,1.0,6,0.03,0.013820314340111346,0.06389429245451925,194,0.97,0.9361057075454807,0.9861796856598887,-0.0014648741873096122,0.020620169447475065,0.022386564546078357,0.020619684493244382,1.0856889955524227,0.0,0.0,0.0,0.0,0.0,0.0,0.0,0.0,0.0,1.0,1.0
bimodal_symmetric,bimodal,"{""centered_and_standardized"":true,""means"":[-2.0,2.0],""sds"":[1.0,1.0],""weights"":[0.5,0.5]}",2000,exploratory,acceptable,200,200,200,1.0,0.9811546736227335,1.0,6,0.03,0.013820314340111346,0.06389429245451925,194,0.97,0.9361057075454807,0.9861796856598887,-0.0014648741873096122,0.020620169447475065,0.022386564546078357,0.020619684493244382,1.0856889955524227,0.0,0.0,0.0,0.0,0.0,0.0,0.0,0.0,0.0,1.0,1.0
bimodal_symmetric,bimodal,"{""centered_and_standardized"":true,""means"":[-2.0,2.0],""sds"":[1.0,1.0],""weights"":[0.5,0.5]}",2000,exploratory,caution,200,0,0,0.0,1.734723475976807e-18,0.018845326377266575,0,nan,nan,nan,0,nan,nan,nan,nan,nan,nan,nan,nan,nan,nan,nan,nan,nan,nan,nan,nan,nan,nan,nan
bimodal_symmetric,bimodal,"{""centered_and_standardized"":true,""means"":[-2.0,2.0],""sds"":[1.0,1.0],""weights"":[0.5,0.5]}",2000,exploratory,insufficient,200,0,0,0.0,1.734723475976807e-18,0.018845326377266575,0,nan,nan,nan,0,nan,nan,nan,nan,nan,nan,nan,nan,nan,nan,nan,nan,nan,nan,nan,nan,nan,nan,nan
contamination_asymmetric_eps_0p001,normal_contamination_asymmetric,"{""base"":""N(0,1)"",""centered_and_standardized"":true,""contaminant"":""N(10,1)"",""epsilon"":0.001}",5,exploratory,all,200,200,200,1.0,0.9811546736227335,1.0,14,0.07,0.042152171828342806,0.11405480885610647,186,0.93,0.8859451911438936,0.9578478281716571,-0.031070040090959452,0.44113518877523095,0.42283495838177126,0.4411439074951679,0.9584966519942312,0.22,0.22,0.285,0.057,0.09798574623330257,0.0,0.9419923909442429,0.06530315622715906,1.1505384342386242,0.06,0.64
contamination_asymmetric_eps_0p001,normal_contamination_asymmetric,"{""base"":""N(0,1)"",""centered_and_standardized"":true,""contaminant"":""N(10,1)"",""epsilon"":0.001}",5,exploratory,acceptable,200,120,120,0.6,0.53083672039262,0.6653942143319266,7,0.058333333333333334,0.028541010000220295,0.11552592033630113,113,0.9416666666666667,0.8844740796636988,0.9714589899997798,-0.055048209223928495,0.42454391650460854,0.419677664327694,0.42272493196305605,0.9927913699785553,0.0,0.0,0.0,0.0,0.0,0.0,0.0,0.0,0.0,0.0,1.0
contamination_asymmetric_eps_0p001,normal_contamination_asymmetric,"{""base"":""N(0,1)"",""centered_and_standardized"":true,""contaminant"":""N(10,1)"",""epsilon"":0.001}",5,exploratory,caution,200,0,0,0.0,1.734723475976807e-18,0.018845326377266575,0,nan,nan,nan,0,nan,nan,nan,nan,nan,nan,nan,nan,nan,nan,nan,nan,nan,nan,nan,nan,nan,nan,nan
contamination_asymmetric_eps_0p001,normal_contamination_asymmetric,"{""base"":""N(0,1)"",""centered_and_standardized"":true,""contaminant"":""N(10,1)"",""epsilon"":0.001}",5,exploratory,insufficient,200,80,80,0.4,0.33460578566807336,0.46916327960737997,7,0.0875,0.04303200178205986,0.16976795508474996,73,0.9125,0.8302320449152499,0.9569679982179401,0.00489721360849413,0.46491325145427775,0.42757089946288723,0.4678205310723564,0.9139635203328776,0.55,0.55,0.7125,0.1425,0.24496436558325643,0.4575882349202107,1.0350606728752887,0.1632578905678976,2.8763460855965604,0.15,0.1
contamination_asymmetric_eps_0p001,normal_contamination_asymmetric,"{""base"":""N(0,1)"",""centered_and_standardized"":true,""contaminant"":""N(10,1)"",""epsilon"":0.001}",8,exploratory,all,200,200,200,1.0,0.9811546736227335,1.0,14,0.07,0.042152171828342806,0.11405480885610647,186,0.93,0.8859451911438936,0.9578478281716571,0.01635385695270449,0.35876002768156395,0.3177840748549231,0.3592864352261781,0.8844867039159761,0.115,0.115,0.145,0.018125,0.03016187552905473,0.0,0.6221326391892934,0.013246305910055087,0.19354942605510567,0.065,0.855
contamination_asymmetric_eps_0p001,normal_contamination_asymmetric,"{""base"":""N(0,1)"",""centered_and_standardized"":true,""contaminant"":""N(10,1)"",""epsilon"":0.001}",8,exploratory,acceptable,200,161,161,0.805,0.7445595562538726,0.8539447946559949,13,0.08074534161490683,0.04779318846585438,0.13323808263660591,148,0.9192546583850931,0.866761917363394,0.9522068115341455,0.010367074325461297,0.36154126262134323,0.31916683994075795,0.36252018861015034,0.880411215619183,0.0,0.0,0.0,0.0,0.0,0.0,0.0,0.0,0.0,0.012422360248447204,1.0
contamination_asymmetric_eps_0p001,normal_contamination_asymmetric,"{""base"":""N(0,1)"",""centered_and_standardized"":true,""contaminant"":""N(10,1)"",""epsilon"":0.001}",8,exploratory,caution,200,0,0,0.0,1.734723475976807e-18,0.018845326377266575,0,nan,nan,nan,0,nan,nan,nan,nan,nan,nan,nan,nan,nan,nan,nan,nan,nan,nan,nan,nan,nan,nan,nan
contamination_asymmetric_eps_0p001,normal_contamination_asymmetric,"{""base"":""N(0,1)"",""centered_and_standardized"":true,""contaminant"":""N(10,1)"",""epsilon"":0.001}",8,exploratory,insufficient,200,39,39,0.195,0.1460552053440051,0.25544044374612745,1,0.02564102564102564,0.004540703100990098,0.13180990169850076,38,0.9743589743589743,0.8681900983014993,0.99545929689901,0.0410685236959392,0.34704266623763946,0.3120757369364767,0.3491089240925374,0.8939208235586542,0.5897435897435898,0.5897435897435898,0.7435897435897436,0.09294871794871795,0.15467628476438322,0.6709085607510868,0.9778865925382902,0.06792977389771838,0.9925611592569521,0.28205128205128205,0.2564102564102564
contamination_asymmetric_eps_0p001,normal_contamination_asymmetric,"{""base"":""N(0,1)"",""centered_and_standardized"":true,""contaminant"":""N(10,1)"",""epsilon"":0.001}",10,exploratory,all,200,200,200,1.0,0.9811546736227335,1.0,5,0.025,0.010724719651761264,0.05717834040664198,195,0.975,0.942821659593358,0.9892752803482386,0.013161483072345744,0.27446065268161784,0.29136666180897136,0.27483284135487146,1.060159551429849,0.13,0.13,0.175,0.0175,0.03587566941955302,0.0,0.6785082413449053,0.01727889767803211,0.19803403953994841,0.09,0.86
contamination_asymmetric_eps_0p001,normal_contamination_asymmetric,"{""base"":""N(0,1)"",""centered_and_standardized"":true,""contaminant"":""N(10,1)"",""epsilon"":0.001}",10,exploratory,acceptable,200,164,164,0.82,0.7608852497127511,0.8670537414057983,4,0.024390243902439025,0.009524838224461082,0.06102661493792126,160,0.975609756097561,0.9389733850620786,0.9904751617755388,-0.007960124479460083,0.26200832993265805,0.2863497819770577,0.262689490181768,1.090069426755208,0.0,0.0,0.0,0.0,0.0,0.0,0.0,0.0,0.0,0.006097560975609756,1.0
contamination_asymmetric_eps_0p001,normal_contamination_asymmetric,"{""base"":""N(0,1)"",""centered_and_standardized"":true,""contaminant"":""N(10,1)"",""epsilon"":0.001}",10,exploratory,caution,200,0,0,0.0,1.734723475976807e-18,0.018845326377266575,0,nan,nan,nan,0,nan,nan,nan,nan,nan,nan,nan,nan,nan,nan,nan,nan,nan,nan,nan,nan,nan,nan,nan
contamination_asymmetric_eps_0p001,normal_contamination_asymmetric,"{""base"":""N(0,1)"",""centered_and_standardized"":true,""contaminant"":""N(10,1)"",""epsilon"":0.001}",10,exploratory,insufficient,200,36,36,0.18,0.13294625859420173,0.23911475028724882,1,0.027777777777777776,0.004920407139810443,0.14169718653273855,35,0.9722222222222222,0.8583028134672614,0.9950795928601897,0.10938213969723895,0.32520925407136075,0.3142213365988005,0.310606679725826,1.0116374086872992,0.7222222222222222,0.7222222222222222,0.9722222222222222,0.09722222222222224,0.19930927455307232,0.7316813248890683,1.1218673991033508,0.09599387598906728,1.100189108555269,0.4722222222222222,0.2222222222222222
contamination_asymmetric_eps_0p001,normal_contamination_asymmetric,"{""base"":""N(0,1)"",""centered_and_standardized"":true,""contaminant"":""N(10,1)"",""epsilon"":0.001}",15,exploratory,all,200,200,200,1.0,0.9811546736227335,1.0,15,0.075,0.04597491718438201,0.12004361023629456,185,0.925,0.8799563897637055,0.954025082815618,0.01159425738439544,0.23992752669806441,0.23986721736192254,0.2402485966747271,0.9984125638272888,0.185,0.185,0.27,0.018000000000000002,0.031831653809241536,0.0,0.6602367795625369,0.013454633603178622,0.18650423445329406,0.135,0.88
contamination_asymmetric_eps_0p001,normal_contamination_asymmetric,"{""base"":""N(0,1)"",""centered_and_standardized"":true,""contaminant"":""N(10,1)"",""epsilon"":0.001}",15,exploratory,acceptable,200,155,155,0.775,0.7122587676433947,0.8273763028491088,10,0.06451612903225806,0.03541805904536504,0.11467788566392656,145,0.9354838709677419,0.8853221143360734,0.964581940954635,0.005770732116265474,0.23532175276471823,0.24167895870610553,0.23601355103815774,1.0240045863596698,0.0,0.0,0.0,0.0,0.0,0.0,0.0,0.0,0.0,0.012903225806451613,1.0
contamination_asymmetric_eps_0p001,normal_contamination_asymmetric,"{""base"":""N(0,1)"",""centered_and_standardized"":true,""contaminant"":""N(10,1)"",""epsilon"":0.001}",15,exploratory,caution,200,0,0,0.0,1.734723475976807e-18,0.018845326377266575,0,nan,nan,nan,0,nan,nan,nan,nan,nan,nan,nan,nan,nan,nan,nan,nan,nan,nan,nan,nan,nan,nan,nan
contamination_asymmetric_eps_0p001,normal_contamination_asymmetric,"{""base"":""N(0,1)"",""centered_and_standardized"":true,""contaminant"":""N(10,1)"",""epsilon"":0.001}",15,exploratory,insufficient,200,45,45,0.225,0.17262369715089126,0.2877412323566053,5,0.1111111111111111,0.04840471794567186,0.2349909699576858,40,0.8888888888888888,0.7650090300423141,0.9515952820543282,0.03165306664128754,0.2551562866702119,0.2336267749541812,0.25604627733260765,0.9124396471919675,0.8222222222222222,0.8222222222222222,1.2,0.08000000000000002,0.14147401692996237,0.6289906559930035,0.8845435954455735,0.05979837156968277,0.8289077086813067,0.5555555555555556,0.4666666666666667
contamination_asymmetric_eps_0p001,normal_contamination_asymmetric,"{""base"":""N(0,1)"",""centered_and_standardized"":true,""contaminant"":""N(10,1)"",""epsilon"":0.001}",20,exploratory,all,200,200,200,1.0,0.9811546736227335,1.0,9,0.045,0.023852543001492997,0.0832967040018196,191,0.955,0.9167032959981803,0.976147456998507,0.01592989848722977,0.21349196232373233,0.21717199937034976,0.21343106712259566,1.0175275900466978,0.11,0.11,0.155,0.00775,0.024873929412328365,0.0,0.47004331315056175,0.01324563641965623,0.10651663329691143,0.09,0.925
contamination_asymmetric_eps_0p001,normal_contamination_asymmetric,"{""base"":""N(0,1)"",""centered_and_standardized"":true,""contaminant"":""N(10,1)"",""epsilon"":0.001}",20,exploratory,acceptable,200,175,175,0.875,0.8219857499741765,0.9138802552428735,9,0.05142857142857143,0.027289573931240256,0.09483791800893845,166,0.9485714285714286,0.9051620819910615,0.9727104260687598,0.004319389050882631,0.20461500745070615,0.20699816563745727,0.20515641252817493,1.0089773119279388,0.0,0.0,0.0,0.0,0.0,0.0,0.0,0.0,0.0,0.02857142857142857,1.0
contamination_asymmetric_eps_0p001,normal_contamination_asymmetric,"{""base"":""N(0,1)"",""centered_and_standardized"":true,""contaminant"":""N(10,1)"",""epsilon"":0.001}",20,exploratory,caution,200,0,0,0.0,1.734723475976807e-18,0.018845326377266575,0,nan,nan,nan,0,nan,nan,nan,nan,nan,nan,nan,nan,nan,nan,nan,nan,nan,nan,nan,nan,nan,nan,nan
contamination_asymmetric_eps_0p001,normal_contamination_asymmetric,"{""base"":""N(0,1)"",""centered_and_standardized"":true,""contaminant"":""N(10,1)"",""epsilon"":0.001}",20,exploratory,insufficient,200,25,25,0.125,0.08611974475712644,0.17801425002582347,0,0.0,1.3877787807814457e-17,0.13319225093904846,25,1.0,0.8668077490609515,0.9999999999999999,0.09720346454165978,0.26750595301102315,0.28838883550059735,0.254359738234704,1.133783347561452,0.88,0.88,1.24,0.062,0.19899143529862692,0.6319325699765025,0.9372600509407104,0.10596509135724984,0.8521330663752913,0.52,0.4
contamination_asymmetric_eps_0p001,normal_contamination_asymmetric,"{""base"":""N(0,1)"",""centered_and_standardized"":true,""contaminant"":""N(10,1)"",""epsilon"":0.001}",30,exploratory,all,200,200,200,1.0,0.9811546736227335,1.0,13,0.065,0.03837635464915299,0.10801907929906895,187,0.935,0.8919809207009312,0.961623645350847,-0.019755091600707465,0.18267102112621486,0.17661466267127257,0.1820553737484702,0.9701150756213625,0.085,0.085,0.095,0.003166666666666667,0.010604602535752485,0.0,0.0,0.0034273665509997274,0.04875741513773036,0.085,0.98
contamination_asymmetric_eps_0p001,normal_contamination_asymmetric,"{""base"":""N(0,1)"",""centered_and_standardized"":true,""contaminant"":""N(10,1)"",""epsilon"":0.001}",30,exploratory,acceptable,200,182,182,0.91,0.8622342812328346,0.9423125511378069,13,0.07142857142857142,0.042215244868037634,0.11835957525047067,169,0.9285714285714286,0.8816404247495294,0.9577847551319624,-0.022774963005272278,0.17873687450928927,0.17466499700443813,0.17776897275780865,0.9825392715881902,0.0,0.0,0.0,0.0,0.0,0.0,0.0,0.0,0.0,0.06593406593406594,1.0
contamination_asymmetric_eps_0p001,normal_contamination_asymmetric,"{""base"":""N(0,1)"",""centered_and_standardized"":true,""contaminant"":""N(10,1)"",""epsilon"":0.001}",30,exploratory,caution,200,0,0,0.0,1.734723475976807e-18,0.018845326377266575,0,nan,nan,nan,0,nan,nan,nan,nan,nan,nan,nan,nan,nan,nan,nan,nan,nan,nan,nan,nan,nan,nan,nan
contamination_asymmetric_eps_0p001,normal_contamination_asymmetric,"{""base"":""N(0,1)"",""centered_and_standardized"":true,""contaminant"":""N(10,1)"",""epsilon"":0.001}",30,exploratory,insufficient,200,18,18,0.09,0.05768744886219316,0.13776571876716542,0,0.0,0.0,0.17587922364665765,18,1.0,0.8241207763533425,1.0,0.010779163712114485,0.21850629225076892,0.1963279488581542,0.22456737085432746,0.8742496655291403,0.9444444444444444,0.9444444444444444,1.0555555555555556,0.03518518518518518,0.1178289170639165,0.516065294275971,0.8744033853607877,0.03808185056666364,0.541749057085893,0.2777777777777778,0.7777777777777778
contamination_asymmetric_eps_0p001,normal_contamination_asymmetric,"{""base"":""N(0,1)"",""centered_and_standardized"":true,""contaminant"":""N(10,1)"",""epsilon"":0.001}",40,exploratory,all,200,200,200,1.0,0.9811546736227335,1.0,11,0.055,0.03098534170345884,0.0957869987723084,189,0.945,0.9042130012276914,0.9690146582965411,-0.02213020871473062,0.16122785217993327,0.1521393503750924,0.1601025870267566,0.9502616616036732,0.115,0.115,0.15,0.0037500000000000007,0.014054334898080792,0.0,0.43208346053972957,0.005696288705004764,0.08054999352714518,0.13,0.945
contamination_asymmetric_eps_0p001,normal_contamination_asymmetric,"{""base"":""N(0,1)"",""centered_and_standardized"":true,""contaminant"":""N(10,1)"",""epsilon"":0.001}",40,exploratory,acceptable,200,176,176,0.88,0.8276574790170326,0.9180200729362449,11,0.0625,0.03525401379661894,0.10843620641260784,165,0.9375,0.8915637935873921,0.9647459862033811,-0.03371694026817354,0.15767186564045343,0.14822040990869548,0.15446406862836376,0.9595785688211389,0.0,0.0,0.0,0.0,0.0,0.0,0.0,0.0,0.0,0.05113636363636364,1.0
contamination_asymmetric_eps_0p001,normal_contamination_asymmetric,"{""base"":""N(0,1)"",""centered_and_standardized"":true,""contaminant"":""N(10,1)"",""epsilon"":0.001}",40,exploratory,caution,200,10,10,0.05,0.02738264560076393,0.08957814813877599,0,0.0,0.0,0.2775327998628892,10,1.0,0.7224672001371107,0.9999999999999999,-0.02405923896865134,0.13619141112764302,0.13710489135732162,0.1413005208970033,0.9703070483176779,1.0,1.0,1.0,0.025,0.06729267133887537,0.4906076271136346,0.5524869879411354,0.014740441207060482,0.5769603917502251,0.4,1.0
contamination_asymmetric_eps_0p001,normal_contamination_asymmetric,"{""base"":""N(0,1)"",""centered_and_standardized"":true,""contaminant"":""N(10,1)"",""epsilon"":0.001}",40,exploratory,insufficient,200,14,14,0.07,0.042152171828342806,0.11405480885610647,0,0.0,1.3877787807814457e-17,0.2153108027376358,14,1.0,0.7846891972623643,1.0,0.1249094381384951,0.21346957449686946,0.2121449298224902,0.179644195563855,1.1809172523310543,0.9285714285714286,0.9285714285714286,1.4285714285714286,0.03571428571428572,0.15271001901624315,0.7779721751350284,0.888973023984065,0.0708466663521677,0.7385996277090561,0.9285714285714286,0.21428571428571427
contamination_asymmetric_eps_0p001,normal_contamination_asymmetric,"{""base"":""N(0,1)"",""centered_and_standardized"":true,""contaminant"":""N(10,1)"",""epsilon"":0.001}",50,exploratory,all,200,200,200,1.0,0.9811546736227335,1.0,9,0.045,0.023852543001492997,0.0832967040018196,191,0.955,0.9167032959981803,0.976147456998507,0.011054991250443293,0.1462841524503701,0.1365547810014191,0.1462318680134026,0.933823679178491,0.125,0.125,0.155,0.0031,0.009782268381853212,0.0,0.37289045610994764,0.003135244944776244,0.07291754763631353,0.085,0.975
contamination_asymmetric_eps_0p001,normal_contamination_asymmetric,"{""base"":""N(0,1)"",""centered_and_standardized"":true,""contaminant"":""N(10,1)"",""epsilon"":0.001}",50,exploratory,acceptable,200,175,175,0.875,0.8219857499741765,0.9138802552428735,9,0.05142857142857143,0.027289573931240256,0.09483791800893845,166,0.9485714285714286,0.9051620819910615,0.9727104260687598,0.01376032408247708,0.14816406600531146,0.1348520689181936,0.147947017715628,0.9114889302966251,0.0,0.0,0.0,0.0,0.0,0.0,0.0,0.0,0.0,0.03428571428571429,1.0
contamination_asymmetric_eps_0p001,normal_contamination_asymmetric,"{""base"":""N(0,1)"",""centered_and_standardized"":true,""contaminant"":""N(10,1)"",""epsilon"":0.001}",50,exploratory,caution,200,14,14,0.07,0.042152171828342806,0.11405480885610647,0,0.0,1.3877787807814457e-17,0.2153108027376358,14,1.0,0.7846891972623643,1.0,-0.01352459365714513,0.12334085225704242,0.13478977932393282,0.12722503286171483,1.0594595756201564,1.0,1.0,1.0,0.019999999999999997,0.058328803262389824,0.44078433897603264,0.4755907871960324,0.010898156767279852,0.4896957470728372,0.21428571428571427,1.0
contamination_asymmetric_eps_0p001,normal_contamination_asymmetric,"{""base"":""N(0,1)"",""centered_and_standardized"":true,""contaminant"":""N(10,1)"",""epsilon"":0.001}",50,exploratory,insufficient,200,11,11,0.055,0.03098534170345884,0.0957869987723084,0,0.0,0.0,0.2588329669680317,11,1.0,0.7411670330319684,1.0,-0.0007012866495271522,0.14305936474799982,0.16588974809680745,0.15004012477684123,1.105635898020878,1.0,1.0,1.5454545454545454,0.030909090909090907,0.10362276642701683,0.7871461072222506,0.8625551297022762,0.0431340722012119,0.7025244607493623,0.7272727272727273,0.5454545454545454
contamination_asymmetric_eps_0p001,normal_contamination_asymmetric,"{""base"":""N(0,1)"",""centered_and_standardized"":true,""contaminant"":""N(10,1)"",""epsilon"":0.001}",80,exploratory,all,200,200,200,1.0,0.9811546736227335,1.0,8,0.04,0.020405632066152306,0.07693206820093293,192,0.96,0.923067931799067,0.9795943679338476,-0.005132100037204798,0.11039277034418139,0.1104294092697092,0.11055013321221048,0.9989079710806903,0.135,0.135,0.145,0.0018125000000000003,0.010492366978179592,0.0,0.35921506494598293,0.003543726061877054,0.07792468364136138,0.135,0.945
contamination_asymmetric_eps_0p001,normal_contamination_asymmetric,"{""base"":""N(0,1)"",""centered_and_standardized"":true,""contaminant"":""N(10,1)"",""epsilon"":0.001}",80,exploratory,acceptable,200,173,173,0.865,0.8107086162924745,0.9055342954521209,8,0.046242774566473986,0.023615435969923965,0.08858369964573554,165,0.953757225433526,0.9114163003542645,0.976384564030076,-0.012926426503266707,0.11004097717660884,0.10731927314673799,0.1095963226912395,0.9792233034048365,0.0,0.0,0.0,0.0,0.0,0.0,0.0,0.0,0.0,0.04046242774566474,1.0
contamination_asymmetric_eps_0p001,normal_contamination_asymmetric,"{""base"":""N(0,1)"",""centered_and_standardized"":true,""contaminant"":""N(10,1)"",""epsilon"":0.001}",80,exploratory,caution,200,16,16,0.08,0.049840585889759974,0.12598948826714396,0,0.0,0.0,0.1936076805344365,16,1.0,0.8063923194655637,1.0000000000000002,0.0031449181322811184,0.08006301748232883,0.10590397121754971,0.0826249115513681,1.2817438376525097,1.0,1.0,1.0,0.0125,0.03955442345705875,0.3705779490285612,0.429140551916436,0.006533666612739056,0.3719843516181174,0.5625,1.0
contamination_asymmetric_eps_0p001,normal_contamination_asymmetric,"{""base"":""N(0,1)"",""centered_and_standardized"":true,""contaminant"":""N(10,1)"",""epsilon"":0.001}",80,exploratory,insufficient,200,11,11,0.055,0.03098534170345884,0.0957869987723084,0,0.0,0.0,0.2588329669680317,11,1.0,0.7411670330319684,1.0,0.1054120988643348,0.1476763902861975,0.1659258236432157,0.1084724215046144,1.5296590722477532,1.0,1.0,1.1818181818181819,0.014772727272727276,0.13323660184754352,0.7304526826234026,1.009249308230576,0.05492786787014417,0.8757442820347634,1.0,0.0
contamination_asymmetric_eps_0p001,normal_contamination_asymmetric,"{""base"":""N(0,1)"",""centered_and_standardized"":true,""contaminant"":""N(10,1)"",""epsilon"":0.001}",100,confirmatory_5000,all,5000,5000,5000,1.0,0.9992322980549431,1.0000000000000002,232,0.0464,0.040909582282313894,0.052586876922241926,4768,0.9536,0.9474131230777582,0.9590904177176861,0.0014569522055375677,0.09988652203017608,0.09903990764709847,0.09988588494656261,0.9915305621017751,0.1906,0.1906,0.2182,0.002182,0.01271265941971242,0.0,0.4464712441768873,0.004408608036028508,0.10811620785405776,0.1664,0.904
contamination_asymmetric_eps_0p001,normal_contamination_asymmetric,"{""base"":""N(0,1)"",""centered_and_standardized"":true,""contaminant"":""N(10,1)"",""epsilon"":0.001}",100,confirmatory_5000,acceptable,5000,4047,4047,0.8094,0.7982771132555532,0.8200478327808455,191,0.04719545342228811,0.041080535869134745,0.0541691703321597,3856,0.9528045465777119,0.9458308296678403,0.9589194641308653,-0.007799611538838921,0.09545491162007325,0.09507864992272777,0.09514748125181519,0.9992765827515155,0.0,0.0,0.0,0.0,0.0,0.0,0.0,0.0,0.0,0.042006424511984185,1.0
contamination_asymmetric_eps_0p001,normal_contamination_asymmetric,"{""base"":""N(0,1)"",""centered_and_standardized"":true,""contaminant"":""N(10,1)"",""epsilon"":0.001}",100,confirmatory_5000,caution,5000,476,476,0.0952,0.08737294742283017,0.1036485840718881,26,0.0546218487394958,0.03754489822789665,0.07882991223124046,450,0.9453781512605042,0.9211700877687595,0.9624551017721034,-0.008917671220016727,0.09886602905540855,0.09510638291520437,0.09856661350429137,0.9648944965636225,1.0,1.0,1.1512605042016806,0.011512605042016807,0.032298116295971124,0.3347553573495673,0.3978797787916344,0.005232185511230385,0.3618857198565598,0.38865546218487396,0.9936974789915967
contamination_asymmetric_eps_0p001,normal_contamination_asymmetric,"{""base"":""N(0,1)"",""centered_and_standardized"":true,""contaminant"":""N(10,1)"",""epsilon"":0.001}",100,confirmatory_5000,insufficient,5000,477,477,0.0954,0.08756516763547541,0.10385605677846481,15,0.031446540880503145,0.019148026645175203,0.051231634259467404,462,0.9685534591194969,0.9487683657405326,0.9808519733548249,0.090345074268547,0.13237961320170585,0.13657359272657402,0.09685968142745519,1.4100148866261064,1.0,1.0,1.1383647798742138,0.011383647798742139,0.10102598268695982,0.7146742423314468,0.786021556806154,0.040990607708169556,0.7721665337915439,1.0,0.0
contamination_asymmetric_eps_0p001,normal_contamination_asymmetric,"{""base"":""N(0,1)"",""centered_and_standardized"":true,""contaminant"":""N(10,1)"",""epsilon"":0.001}",200,exploratory,all,200,200,200,1.0,0.9811546736227335,1.0,14,0.07,0.042152171828342806,0.11405480885610647,186,0.93,0.8859451911438936,0.9578478281716571,0.002289509765628912,0.07220759184807533,0.06950743120542409,0.07235239325398449,0.9606790885468917,0.25,0.25,0.305,0.0015250000000000003,0.008816714277688995,0.0,0.5423964188088177,0.002396217718423008,0.114555028442722,0.205,0.87
contamination_asymmetric_eps_0p001,normal_contamination_asymmetric,"{""base"":""N(0,1)"",""centered_and_standardized"":true,""contaminant"":""N(10,1)"",""epsilon"":0.001}",200,exploratory,acceptable,200,150,150,0.75,0.6856590168795417,0.8049183199318249,11,0.07333333333333333,0.041438815160384994,0.12653579336704038,139,0.9266666666666666,0.8734642066329596,0.9585611848396149,-0.0005901575443809949,0.07215533525898882,0.06732981779026226,0.0723946407811756,0.9300387026406749,0.0,0.0,0.0,0.0,0.0,0.0,0.0,0.0,0.0,0.04666666666666667,1.0
contamination_asymmetric_eps_0p001,normal_contamination_asymmetric,"{""base"":""N(0,1)"",""centered_and_standardized"":true,""contaminant"":""N(10,1)"",""epsilon"":0.001}",200,exploratory,caution,200,29,29,0.145,0.10289350642004402,0.20048667530781522,2,0.06896551724137931,0.019121266169433354,0.21964580150275695,27,0.9310344827586207,0.7803541984972431,0.9808787338305667,-0.011263463193382443,0.06859127474269,0.0694084263646035,0.06885777880733503,1.007996882368355,1.0,1.0,1.1724137931034482,0.005862068965517242,0.019788446400297803,0.256743157805491,0.5116687760784223,0.003789507179637282,0.29777494930404347,0.4482758620689655,0.8275862068965517
contamination_asymmetric_eps_0p001,normal_contamination_asymmetric,"{""base"":""N(0,1)"",""centered_and_standardized"":true,""contaminant"":""N(10,1)"",""epsilon"":0.001}",200,exploratory,insufficient,200,21,21,0.105,0.06970748792681017,0.1551803199112304,1,0.047619047619047616,0.008455987809826399,0.22669360074122563,20,0.9523809523809523,0.7733063992587743,0.9915440121901737,0.04157457225671536,0.07727202321147751,0.08519853371295129,0.06674313851258111,1.276513745257744,1.0,1.0,1.2857142857142858,0.006428571428571429,0.05664180523472203,0.5755005358179276,1.0046719880253192,0.017587992165481927,0.6797872456536731,1.0,0.0
contamination_asymmetric_eps_0p001,normal_contamination_asymmetric,"{""base"":""N(0,1)"",""centered_and_standardized"":true,""contaminant"":""N(10,1)"",""epsilon"":0.001}",500,exploratory,all,200,200,200,1.0,0.9811546736227335,1.0,6,0.03,0.013820314340111346,0.06389429245451925,194,0.97,0.9361057075454807,0.9861796856598887,0.0027985204781059234,0.04281597390080652,0.04465084708947276,0.04283163138902596,1.0424736495307276,0.55,0.55,0.805,0.0016100000000000003,0.010449689218327674,0.16028729378725604,0.5681764815874283,0.0020950860623058336,0.2300505384211543,0.465,0.595
contamination_asymmetric_eps_0p001,normal_contamination_asymmetric,"{""base"":""N(0,1)"",""centered_and_standardized"":true,""contaminant"":""N(10,1)"",""epsilon"":0.001}",500,exploratory,acceptable,200,90,90,0.45,0.3826406840224836,0.5192438486152432,4,0.044444444444444446,0.01741724185270873,0.10876855032812233,86,0.9555555555555556,0.8912314496718777,0.9825827581472913,-0.004664997680317626,0.04308895031121152,0.04275826420004192,0.04307565714195758,0.9926317330256929,0.0,0.0,0.0,0.0,0.0,0.0,0.0,0.0,0.0,0.044444444444444446,1.0
contamination_asymmetric_eps_0p001,normal_contamination_asymmetric,"{""base"":""N(0,1)"",""centered_and_standardized"":true,""contaminant"":""N(10,1)"",""epsilon"":0.001}",500,exploratory,caution,200,93,93,0.465,0.3971856415700402,0.5341335312763685,1,0.010752688172043012,0.0019006420286555546,0.058419172354870236,92,0.989247311827957,0.94158082764513,0.9980993579713445,0.00312308587599433,0.039728171430945786,0.045569065303176774,0.03981989021325104,1.144379481187333,1.0,1.0,1.3225806451612903,0.002645161290322581,0.016029084271438964,0.38745514403169906,0.5659228559208822,0.0030927155688345825,0.36983414221654254,0.7741935483870968,0.3118279569892473
contamination_asymmetric_eps_0p001,normal_contamination_asymmetric,"{""base"":""N(0,1)"",""centered_and_standardized"":true,""contaminant"":""N(10,1)"",""epsilon"":0.001}",500,exploratory,insufficient,200,17,17,0.085,0.05374575017747561,0.13189587071565567,1,0.058823529411764705,0.010460400984997592,0.26982030637575405,16,0.9411764705882353,0.7301796936242461,0.9895395990150025,0.04053570002248813,0.05570820481548512,0.04964720980560823,0.03938943293151827,1.2604195112918721,1.0,1.0,2.235294117647059,0.0044705882352941186,0.035249000377747725,0.7416032147301675,1.0556367382091427,0.007729097915267682,0.6832666151819063,1.0,0.0
contamination_asymmetric_eps_0p001,normal_contamination_asymmetric,"{""base"":""N(0,1)"",""centered_and_standardized"":true,""contaminant"":""N(10,1)"",""epsilon"":0.001}",750,exploratory,all,200,200,200,1.0,0.9811546736227335,1.0,5,0.025,0.010724719651761264,0.05717834040664198,195,0.975,0.942821659593358,0.9892752803482386,-0.0030453873333614184,0.034496146913543795,0.03647605467902377,0.03444768472313519,1.0588826207680169,0.675,0.675,1.16,0.0015466666666666667,0.009973559758751705,0.2615700215726888,0.6562538853319045,0.0016893752860718785,0.2735461854705783,0.585,0.47
contamination_asymmetric_eps_0p001,normal_contamination_asymmetric,"{""base"":""N(0,1)"",""centered_and_standardized"":true,""contaminant"":""N(10,1)"",""epsilon"":0.001}",750,exploratory,acceptable,200,65,65,0.325,0.2639157153923429,0.3926801488397004,2,0.03076923076923077,0.008478997236440126,0.10542705523577942,63,0.9692307692307692,0.8945729447642206,0.9915210027635599,-0.014563711212517528,0.03491095315041059,0.03491369767121961,0.031975025108291553,1.091905246453302,0.0,0.0,0.0,0.0,0.0,0.0,0.0,0.0,0.0,0.07692307692307693,1.0
contamination_asymmetric_eps_0p001,normal_contamination_asymmetric,"{""base"":""N(0,1)"",""centered_and_standardized"":true,""contaminant"":""N(10,1)"",""epsilon"":0.001}",750,exploratory,caution,200,121,121,0.605,0.5358834915928536,0.6701589898679203,2,0.01652892561983471,0.004544593546124867,0.05826674248573428,119,0.9834710743801653,0.9417332575142658,0.9954554064538752,-0.0011854463496735138,0.03207124270214105,0.036923093077867467,0.03218258824980954,1.1473002976411004,1.0,1.0,1.5702479338842976,0.0020936639118457304,0.012888180256798958,0.346181503939267,0.6185210906788672,0.002144069274151034,0.36519348745342295,0.8099173553719008,0.2396694214876033
contamination_asymmetric_eps_0p001,normal_contamination_asymmetric,"{""base"":""N(0,1)"",""centered_and_standardized"":true,""contaminant"":""N(10,1)"",""epsilon"":0.001}",750,exploratory,insufficient,200,14,14,0.07,0.042152171828342806,0.11405480885610647,1,0.07142857142857142,0.012722215247890939,0.31468704424151117,13,0.9285714285714286,0.6853129557584889,0.9872777847521093,0.03435734074656076,0.04951201911151251,0.039866166053822545,0.03699707309268267,1.0775491875790393,1.0,1.0,3.0,0.003999999999999999,0.031088724334119102,0.6902805408498729,1.0133064324685948,0.005603048217292899,0.751487508017963,1.0,0.0
contamination_asymmetric_eps_0p001,normal_contamination_asymmetric,"{""base"":""N(0,1)"",""centered_and_standardized"":true,""contaminant"":""N(10,1)"",""epsilon"":0.001}",2000,exploratory,all,200,200,200,1.0,0.9811546736227335,1.0,9,0.045,0.023852543001492997,0.0832967040018196,191,0.955,0.9167032959981803,0.976147456998507,0.0011370718841098911,0.021741646376481745,0.02246026031666272,0.021766376141702112,1.0318787183701745,0.935,0.935,3.155,0.0015775,0.010468227902477947,0.4086068699504391,0.8921032838294577,0.0011822416907995793,0.4788403510979584,0.865,0.19
contamination_asymmetric_eps_0p001,normal_contamination_asymmetric,"{""base"":""N(0,1)"",""centered_and_standardized"":true,""contaminant"":""N(10,1)"",""epsilon"":0.001}",2000,exploratory,acceptable,200,13,13,0.065,0.03837635464915299,0.10801907929906895,2,0.15384615384615385,0.043258178358081184,0.4223463101948254,11,0.8461538461538461,0.5776536898051745,0.9567418216419186,-0.018485671828727585,0.0307946940313714,0.02133610945952249,0.025634791670440766,0.832310624319407,0.0,0.0,0.0,0.0,0.0,0.0,0.0,0.0,0.0,0.15384615384615385,1.0
contamination_asymmetric_eps_0p001,normal_contamination_asymmetric,"{""base"":""N(0,1)"",""centered_and_standardized"":true,""contaminant"":""N(10,1)"",""epsilon"":0.001}",2000,exploratory,caution,200,180,180,0.9,0.8505941875672826,0.9343295513309041,5,0.027777777777777776,0.011922122033089549,0.06336807044843389,175,0.9722222222222222,0.936631929551566,0.9880778779669105,0.001898384820337462,0.020321516430407385,0.02245665841505658,0.02028908803770901,1.1068342930603363,1.0,1.0,3.216666666666667,0.0016083333333333336,0.010391306632307003,0.42007354147749837,0.8443513347599562,0.0011807553391762124,0.47833292155919427,0.9111111111111111,0.1388888888888889
contamination_asymmetric_eps_0p001,normal_contamination_asymmetric,"{""base"":""N(0,1)"",""centered_and_standardized"":true,""contaminant"":""N(10,1)"",""epsilon"":0.001}",2000,exploratory,insufficient,200,7,7,0.035,0.017055542008567192,0.07047061152229073,2,0.2857142857142857,0.08221892400405678,0.6410655481673808,5,0.7142857142857143,0.35893445183261935,0.9177810759959433,0.01800269184781339,0.03354792026776046,0.0246405893783667,0.030576576775021774,0.8058648801554456,1.0,1.0,7.428571428571429,0.0037142857142857147,0.03188719809718985,1.3579192381646432,1.4776179362137245,0.003416053872599659,1.3811634769909598,1.0,0.0
contamination_asymmetric_eps_0p005,normal_contamination_asymmetric,"{""base"":""N(0,1)"",""centered_and_standardized"":true,""contaminant"":""N(10,1)"",""epsilon"":0.005}",5,exploratory,all,200,200,200,1.0,0.9811546736227335,1.0,11,0.055,0.03098534170345884,0.0957869987723084,189,0.945,0.9042130012276914,0.9690146582965411,-0.023047917821176586,0.40213267678912445,0.3669944342623249,0.40247910551677424,0.9118347492626039,0.19,0.19,0.24,0.04800000000000001,0.08314389182434352,0.0,0.9603923487010536,0.064554510974212,1.3952362923328225,0.06,0.725
contamination_asymmetric_eps_0p005,normal_contamination_asymmetric,"{""base"":""N(0,1)"",""centered_and_standardized"":true,""contaminant"":""N(10,1)"",""epsilon"":0.005}",5,exploratory,acceptable,200,139,139,0.695,0.6280144790202163,0.7546358436926496,5,0.03597122302158273,0.015460841127593335,0.08144000919254388,134,0.9640287769784173,0.9185599908074561,0.9845391588724067,-0.05924013723488073,0.3253152412698874,0.3444213578063433,0.32103281149363394,1.072854068105662,0.0,0.0,0.0,0.0,0.0,0.0,0.0,0.0,0.0,0.0,1.0
contamination_asymmetric_eps_0p005,normal_contamination_asymmetric,"{""base"":""N(0,1)"",""centered_and_standardized"":true,""contaminant"":""N(10,1)"",""epsilon"":0.005}",5,exploratory,caution,200,0,0,0.0,1.734723475976807e-18,0.018845326377266575,0,nan,nan,nan,0,nan,nan,nan,nan,nan,nan,nan,nan,nan,nan,nan,nan,nan,nan,nan,nan,nan,nan,nan
contamination_asymmetric_eps_0p005,normal_contamination_asymmetric,"{""base"":""N(0,1)"",""centered_and_standardized"":true,""contaminant"":""N(10,1)"",""epsilon"":0.005}",5,exploratory,insufficient,200,61,61,0.305,0.24536415630735034,0.37198552097978366,6,0.09836065573770492,0.04586457581547049,0.19844607216825946,55,0.9016393442622951,0.8015539278317405,0.9541354241845295,0.05942287723628039,0.5376293910012652,0.4184314445472665,0.5387697607743427,0.7766424083376156,0.6229508196721312,0.6229508196721312,0.7868852459016393,0.15737704918032783,0.27260292401424113,0.9064307231319386,0.9926340895840078,0.21165413434167865,4.574545220763353,0.19672131147540983,0.09836065573770492
contamination_asymmetric_eps_0p005,normal_contamination_asymmetric,"{""base"":""N(0,1)"",""centered_and_standardized"":true,""contaminant"":""N(10,1)"",""epsilon"":0.005}",8,exploratory,all,200,200,200,1.0,0.9811546736227335,1.0,8,0.04,0.020405632066152306,0.07693206820093293,192,0.96,0.923067931799067,0.9795943679338476,0.003741696723521759,0.37016506640195324,0.32727484832686826,0.37107500506895674,0.8819641416323659,0.175,0.175,0.215,0.026875,0.08556973336877671,0.0,0.8668935857993418,0.06162320267078873,0.3586141727121882,0.145,0.77
contamination_asymmetric_eps_0p005,normal_contamination_asymmetric,"{""base"":""N(0,1)"",""centered_and_standardized"":true,""contaminant"":""N(10,1)"",""epsilon"":0.005}",8,exploratory,acceptable,200,148,148,0.74,0.6750925439746589,0.7958616993642531,7,0.0472972972972973,0.023096998492809107,0.09440357716856325,141,0.9527027027027027,0.9055964228314368,0.9769030015071909,-0.0416217372359742,0.27841972203734705,0.2863911096584525,0.27622584600415256,1.036800552161752,0.0,0.0,0.0,0.0,0.0,0.0,0.0,0.0,0.0,0.0,1.0
contamination_asymmetric_eps_0p005,normal_contamination_asymmetric,"{""base"":""N(0,1)"",""centered_and_standardized"":true,""contaminant"":""N(10,1)"",""epsilon"":0.005}",8,exploratory,caution,200,0,0,0.0,1.734723475976807e-18,0.018845326377266575,0,nan,nan,nan,0,nan,nan,nan,nan,nan,nan,nan,nan,nan,nan,nan,nan,nan,nan,nan,nan,nan,nan,nan
contamination_asymmetric_eps_0p005,normal_contamination_asymmetric,"{""base"":""N(0,1)"",""centered_and_standardized"":true,""contaminant"":""N(10,1)"",""epsilon"":0.005}",8,exploratory,insufficient,200,52,52,0.26,0.20413830063574687,0.32490745602534116,1,0.019230769230769232,0.0034028080709451597,0.10120511127892247,51,0.9807692307692307,0.8987948887210774,0.9965971919290547,0.13285300876208714,0.5535174084749027,0.4436362583831286,0.5425799512148709,0.817642187828354,0.6730769230769231,0.6730769230769231,0.8269230769230769,0.10336538461538461,0.32911435911067966,0.8103651769182965,0.9852655341958519,0.23701231796457203,1.3792852796622623,0.5576923076923077,0.11538461538461539
contamination_asymmetric_eps_0p005,normal_contamination_asymmetric,"{""base"":""N(0,1)"",""centered_and_standardized"":true,""contaminant"":""N(10,1)"",""epsilon"":0.005}",10,exploratory,all,200,200,200,1.0,0.9811546736227335,1.0,11,0.055,0.03098534170345884,0.0957869987723084,189,0.945,0.9042130012276914,0.9690146582965411,0.026828494038557964,0.33859119911504637,0.2986546151295415,0.33837363313917806,0.8826178693618851,0.175,0.175,0.205,0.020499999999999997,0.0819956492401347,0.0,0.8083544463389032,0.05014933173108888,0.23922635597883016,0.135,0.77
contamination_asymmetric_eps_0p005,normal_contamination_asymmetric,"{""base"":""N(0,1)"",""centered_and_standardized"":true,""contaminant"":""N(10,1)"",""epsilon"":0.005}",10,exploratory,acceptable,200,145,145,0.725,0.6593166064233035,0.7822029967069265,9,0.06206896551724138,0.032995082413584675,0.11374802930911102,136,0.9379310344827586,0.886251970690889,0.9670049175864154,-0.04714237267431395,0.2578509031217654,0.25563831557049455,0.25438350472003324,1.004932752427648,0.0,0.0,0.0,0.0,0.0,0.0,0.0,0.0,0.0,0.006896551724137931,1.0
contamination_asymmetric_eps_0p005,normal_contamination_asymmetric,"{""base"":""N(0,1)"",""centered_and_standardized"":true,""contaminant"":""N(10,1)"",""epsilon"":0.005}",10,exploratory,caution,200,0,0,0.0,1.734723475976807e-18,0.018845326377266575,0,nan,nan,nan,0,nan,nan,nan,nan,nan,nan,nan,nan,nan,nan,nan,nan,nan,nan,nan,nan,nan,nan,nan
contamination_asymmetric_eps_0p005,normal_contamination_asymmetric,"{""base"":""N(0,1)"",""centered_and_standardized"":true,""contaminant"":""N(10,1)"",""epsilon"":0.005}",10,exploratory,insufficient,200,55,55,0.275,0.21779700329307355,0.34068339357669647,2,0.03636363636363636,0.01002954128933356,0.12323463974651017,53,0.9636363636363636,0.8767653602534898,0.9899704587106665,0.2218425971906748,0.49153141449093074,0.412061223057938,0.44266437923340796,0.9308660068188285,0.6363636363636364,0.6363636363636364,0.7454545454545455,0.07454545454545454,0.2981659972368535,0.7825125793734227,0.9823046954709767,0.18236120629486863,0.8699140217412007,0.4727272727272727,0.16363636363636364
contamination_asymmetric_eps_0p005,normal_contamination_asymmetric,"{""base"":""N(0,1)"",""centered_and_standardized"":true,""contaminant"":""N(10,1)"",""epsilon"":0.005}",15,exploratory,all,200,200,200,1.0,0.9811546736227335,1.0,11,0.055,0.03098534170345884,0.0957869987723084,189,0.945,0.9042130012276914,0.9690146582965411,0.016460890996568084,0.2570874334070605,0.24008756533838163,0.25720372521554313,0.9334529083401971,0.22,0.22,0.27,0.018000000000000002,0.06662803783038541,0.0,0.7710341030656443,0.040795918732129316,0.24799525275694279,0.165,0.81
contamination_asymmetric_eps_0p005,normal_contamination_asymmetric,"{""base"":""N(0,1)"",""centered_and_standardized"":true,""contaminant"":""N(10,1)"",""epsilon"":0.005}",15,exploratory,acceptable,200,151,151,0.755,0.6909575644379659,0.8094313191096282,9,0.059602649006622516,0.03167075659834807,0.10938616050281708,142,0.9403973509933775,0.890613839497183,0.9683292434016519,-0.022266941593239987,0.21590656621124876,0.20753525320267555,0.21546993797167396,0.9631749800288079,0.0,0.0,0.0,0.0,0.0,0.0,0.0,0.0,0.0,0.013245033112582781,1.0
contamination_asymmetric_eps_0p005,normal_contamination_asymmetric,"{""base"":""N(0,1)"",""centered_and_standardized"":true,""contaminant"":""N(10,1)"",""epsilon"":0.005}",15,exploratory,caution,200,0,0,0.0,1.734723475976807e-18,0.018845326377266575,0,nan,nan,nan,0,nan,nan,nan,nan,nan,nan,nan,nan,nan,nan,nan,nan,nan,nan,nan,nan,nan,nan,nan
contamination_asymmetric_eps_0p005,normal_contamination_asymmetric,"{""base"":""N(0,1)"",""centered_and_standardized"":true,""contaminant"":""N(10,1)"",""epsilon"":0.005}",15,exploratory,insufficient,200,49,49,0.245,0.1905686808903718,0.30904243556203415,2,0.04081632653061224,0.011265633366185787,0.13713032306080064,47,0.9591836734693877,0.8628696769391992,0.9887343666338142,0.1358058444876093,0.3551322615895284,0.3404018333484146,0.3315402531936583,1.026728519597227,0.8979591836734694,0.8979591836734694,1.1020408163265305,0.07346938775510205,0.27195117481789965,0.7101276653137614,0.9601235199636339,0.1665139540086911,1.0122255214569094,0.6326530612244898,0.22448979591836735
contamination_asymmetric_eps_0p005,normal_contamination_asymmetric,"{""base"":""N(0,1)"",""centered_and_standardized"":true,""contaminant"":""N(10,1)"",""epsilon"":0.005}",20,exploratory,all,200,200,200,1.0,0.9811546736227335,1.0,10,0.05,0.02738264560076393,0.08957814813877599,190,0.95,0.9104218518612239,0.972617354399236,-0.01527018482777698,0.21564298848475852,0.19854829091491027,0.21564142938754777,0.9207335134014627,0.18,0.18,0.22,0.011000000000000001,0.037406300128165995,0.0,0.640473398652809,0.019177364865516033,0.15802804625147646,0.155,0.895
contamination_asymmetric_eps_0p005,normal_contamination_asymmetric,"{""base"":""N(0,1)"",""centered_and_standardized"":true,""contaminant"":""N(10,1)"",""epsilon"":0.005}",20,exploratory,acceptable,200,160,160,0.8,0.7391448134346212,0.8495479907390189,10,0.0625,0.034299666746119624,0.11121575402894743,150,0.9375,0.8887842459710525,0.9657003332538804,-0.04409758748355545,0.19614678897562682,0.18411415335847073,0.19172560477310882,0.9603002873630488,0.0,0.0,0.0,0.0,0.0,0.0,0.0,0.0,0.0,0.05,1.0
contamination_asymmetric_eps_0p005,normal_contamination_asymmetric,"{""base"":""N(0,1)"",""centered_and_standardized"":true,""contaminant"":""N(10,1)"",""epsilon"":0.005}",20,exploratory,caution,200,0,0,0.0,1.734723475976807e-18,0.018845326377266575,0,nan,nan,nan,0,nan,nan,nan,nan,nan,nan,nan,nan,nan,nan,nan,nan,nan,nan,nan,nan,nan,nan,nan
contamination_asymmetric_eps_0p005,normal_contamination_asymmetric,"{""base"":""N(0,1)"",""centered_and_standardized"":true,""contaminant"":""N(10,1)"",""epsilon"":0.005}",20,exploratory,insufficient,200,40,40,0.2,0.15045200926098115,0.2608551865653788,0,0.0,0.0,0.08762160119728664,40,1.0,0.9123783988027135,1.0000000000000002,0.10003942579533695,0.28038409568196304,0.25628484114066863,0.2652668794463639,0.9661396163575279,0.9,0.9,1.1,0.05500000000000001,0.18703150064083002,0.6430618163636417,0.9618503960648129,0.09588682432758014,0.7901402312573824,0.575,0.475
contamination_asymmetric_eps_0p005,normal_contamination_asymmetric,"{""base"":""N(0,1)"",""centered_and_standardized"":true,""contaminant"":""N(10,1)"",""epsilon"":0.005}",30,exploratory,all,200,200,200,1.0,0.9811546736227335,1.0,10,0.05,0.02738264560076393,0.08957814813877599,190,0.95,0.9104218518612239,0.972617354399236,-0.02918740513215073,0.185257784475646,0.16167270218098384,0.1834031780506324,0.8815152708877848,0.16,0.16,0.195,0.006500000000000001,0.030920833639015575,0.0,0.6368118572115529,0.01596342496905745,0.13681675954216493,0.175,0.885
contamination_asymmetric_eps_0p005,normal_contamination_asymmetric,"{""base"":""N(0,1)"",""centered_and_standardized"":true,""contaminant"":""N(10,1)"",""epsilon"":0.005}",30,exploratory,acceptable,200,166,166,0.83,0.7718411637168737,0.8757209208741302,9,0.05421686746987952,0.0287826798789121,0.09981642055482064,157,0.9457831325301205,0.9001835794451793,0.9712173201210879,-0.054679841519101165,0.16402296003905897,0.14686824739384735,0.1551082768308298,0.9468756303316456,0.0,0.0,0.0,0.0,0.0,0.0,0.0,0.0,0.0,0.04819277108433735,1.0
contamination_asymmetric_eps_0p005,normal_contamination_asymmetric,"{""base"":""N(0,1)"",""centered_and_standardized"":true,""contaminant"":""N(10,1)"",""epsilon"":0.005}",30,exploratory,caution,200,0,0,0.0,1.734723475976807e-18,0.018845326377266575,0,nan,nan,nan,0,nan,nan,nan,nan,nan,nan,nan,nan,nan,nan,nan,nan,nan,nan,nan,nan,nan,nan,nan
contamination_asymmetric_eps_0p005,normal_contamination_asymmetric,"{""base"":""N(0,1)"",""centered_and_standardized"":true,""contaminant"":""N(10,1)"",""epsilon"":0.005}",30,exploratory,insufficient,200,34,34,0.17,0.12427907912586969,0.22815883628312625,1,0.029411764705882353,0.0052109062762689395,0.1491557329268593,33,0.9705882352941176,0.8508442670731406,0.9947890937237309,0.09527566663943071,0.26557945117007686,0.2339532755534737,0.25162922072373844,0.9297540042471021,0.9411764705882353,0.9411764705882353,1.1470588235294117,0.03823529411764707,0.18188725670009162,0.8404242541227764,0.9455176888637093,0.09390249981798499,0.8048044678950879,0.7941176470588235,0.3235294117647059
contamination_asymmetric_eps_0p005,normal_contamination_asymmetric,"{""base"":""N(0,1)"",""centered_and_standardized"":true,""contaminant"":""N(10,1)"",""epsilon"":0.005}",40,exploratory,all,200,200,200,1.0,0.9811546736227335,1.0,9,0.045,0.023852543001492997,0.0832967040018196,191,0.955,0.9167032959981803,0.976147456998507,-0.002488001932080043,0.15895252309903532,0.15314578160386122,0.15933187905864007,0.961174766209202,0.23,0.23,0.305,0.007625000000000001,0.050781301098891604,0.0,0.8562073856742406,0.024555852512964358,0.2604376823385768,0.255,0.805
contamination_asymmetric_eps_0p005,normal_contamination_asymmetric,"{""base"":""N(0,1)"",""centered_and_standardized"":true,""contaminant"":""N(10,1)"",""epsilon"":0.005}",40,exploratory,acceptable,200,154,154,0.77,0.7069169563469642,0.8229065674093119,9,0.05844155844155844,0.031047680593304497,0.10732825044459694,145,0.9415584415584416,0.8926717495554031,0.9689523194066956,-0.04815065899453787,0.12689799712813957,0.12914552150897782,0.11779096417410134,1.096395826407311,0.0,0.0,0.0,0.0,0.0,0.0,0.0,0.0,0.0,0.05194805194805195,1.0
contamination_asymmetric_eps_0p005,normal_contamination_asymmetric,"{""base"":""N(0,1)"",""centered_and_standardized"":true,""contaminant"":""N(10,1)"",""epsilon"":0.005}",40,exploratory,caution,200,5,5,0.025,0.010724719651761264,0.05717834040664198,0,0.0,0.0,0.43448246478317476,5,1.0,0.5655175352168251,1.0,-0.018723002862294856,0.08851064766514576,0.12173439053498616,0.09671856022709699,1.2586456027586799,1.0,1.0,1.0,0.025,0.0594182221467926,0.4823739848430222,0.5374138976425795,0.012913568915788768,0.5926755587394751,0.6,1.0
contamination_asymmetric_eps_0p005,normal_contamination_asymmetric,"{""base"":""N(0,1)"",""centered_and_standardized"":true,""contaminant"":""N(10,1)"",""epsilon"":0.005}",40,exploratory,insufficient,200,41,41,0.205,0.15486176203836208,0.26625698052422514,0,0.0,-6.938893903907228e-18,0.08566757018443186,41,1.0,0.9143324298155681,0.9999999999999999,0.17100527105010485,0.248612372795572,0.24712375745645687,0.1827004157346878,1.3526173789080085,1.0,1.0,1.3658536585365855,0.03414634146341463,0.24046753924498432,0.8560907124575438,1.3206644712824311,0.11820982092716899,1.198150211561414,0.975609756097561,0.04878048780487805
contamination_asymmetric_eps_0p005,normal_contamination_asymmetric,"{""base"":""N(0,1)"",""centered_and_standardized"":true,""contaminant"":""N(10,1)"",""epsilon"":0.005}",50,exploratory,all,200,200,200,1.0,0.9811546736227335,1.0,6,0.03,0.013820314340111346,0.06389429245451925,194,0.97,0.9361057075454807,0.9861796856598887,-0.003885822828381108,0.13430720529652956,0.13358377749244177,0.13458787185987237,0.9925394884876698,0.285,0.285,0.37,0.007400000000000001,0.044572144127310614,0.0,0.8308783437245006,0.020607693952627574,0.30418298171543207,0.29,0.775
contamination_asymmetric_eps_0p005,normal_contamination_asymmetric,"{""base"":""N(0,1)"",""centered_and_standardized"":true,""contaminant"":""N(10,1)"",""epsilon"":0.005}",50,exploratory,acceptable,200,143,143,0.715,0.6488465397039482,0.7730499699538271,5,0.03496503496503497,0.015025721955368145,0.07923552368913148,138,0.965034965034965,0.9207644763108684,0.9849742780446318,-0.03635053273419286,0.12403130833957636,0.11445140165287497,0.1190018287001916,0.9617617048660588,0.0,0.0,0.0,0.0,0.0,0.0,0.0,0.0,0.0,0.06293706293706294,1.0
contamination_asymmetric_eps_0p005,normal_contamination_asymmetric,"{""base"":""N(0,1)"",""centered_and_standardized"":true,""contaminant"":""N(10,1)"",""epsilon"":0.005}",50,exploratory,caution,200,9,9,0.045,0.023852543001492997,0.0832967040018196,1,0.1111111111111111,0.019890887638544907,0.434999705576656,8,0.8888888888888888,0.5650002944233439,0.9801091123614551,0.022143809859635148,0.13449476232840968,0.10595649033278881,0.14070644752821454,0.7530322326668247,1.0,1.0,1.0,0.02,0.04706999378245812,0.4436090728941187,0.4858444458719843,0.00916473600541573,0.47595372191810026,0.4444444444444444,1.0
contamination_asymmetric_eps_0p005,normal_contamination_asymmetric,"{""base"":""N(0,1)"",""centered_and_standardized"":true,""contaminant"":""N(10,1)"",""epsilon"":0.005}",50,exploratory,insufficient,200,48,48,0.24,0.1860661599241369,0.30373340979204166,0,0.0,6.938893903907228e-18,0.07410012966611748,48,1.0,0.9258998703338824,0.9999999999999999,0.08795140263701333,0.16105169006821607,0.19576243019025283,0.13634323763587322,1.435805937901139,1.0,1.0,1.3541666666666667,0.027083333333333334,0.17689164336291666,0.8262687694253114,1.2719966641775176,0.08414700346826609,1.178187767621323,0.9375,0.0625
contamination_asymmetric_eps_0p005,normal_contamination_asymmetric,"{""base"":""N(0,1)"",""centered_and_standardized"":true,""contaminant"":""N(10,1)"",""epsilon"":0.005}",80,exploratory,all,200,200,200,1.0,0.9811546736227335,1.0,11,0.055,0.03098534170345884,0.0957869987723084,189,0.945,0.9042130012276914,0.9690146582965411,0.006428249689572389,0.1126193901281626,0.10753889474892304,0.11271792801167001,0.9540531541512122,0.36,0.36,0.5,0.00625,0.041025300612653935,0.0,0.7990292806519205,0.017090667337399633,0.32027639333498753,0.37,0.69
contamination_asymmetric_eps_0p005,normal_contamination_asymmetric,"{""base"":""N(0,1)"",""centered_and_standardized"":true,""contaminant"":""N(10,1)"",""epsilon"":0.005}",80,exploratory,acceptable,200,128,128,0.64,0.5714152816600309,0.7033080269543346,9,0.0703125,0.03742976830393997,0.12823480349360633,119,0.9296875,0.8717651965063937,0.96257023169606,-0.04033106300344705,0.09866738197845921,0.09130550588519011,0.09040190994286547,1.0099953191574793,0.0,0.0,0.0,0.0,0.0,0.0,0.0,0.0,0.0,0.0703125,1.0
contamination_asymmetric_eps_0p005,normal_contamination_asymmetric,"{""base"":""N(0,1)"",""centered_and_standardized"":true,""contaminant"":""N(10,1)"",""epsilon"":0.005}",80,exploratory,caution,200,10,10,0.05,0.02738264560076393,0.08957814813877599,1,0.1,0.017876213095072896,0.4041500267952385,9,0.9,0.5958499732047615,0.9821237869049271,0.017506642714341842,0.11547194339467076,0.08872310560094854,0.12031111139326534,0.7374473111709198,1.0,1.0,1.5,0.018750000000000006,0.03286195403207157,0.34529465043192864,0.5686154240736062,0.00621079515230784,0.4228477782734572,0.3,1.0
contamination_asymmetric_eps_0p005,normal_contamination_asymmetric,"{""base"":""N(0,1)"",""centered_and_standardized"":true,""contaminant"":""N(10,1)"",""epsilon"":0.005}",80,exploratory,insufficient,200,62,62,0.31,0.2499894483607809,0.37717177566258037,1,0.016129032258064516,0.002852867168621827,0.08586720260689992,61,0.9838709677419355,0.9141327973931,0.9971471328313782,0.10117676734213357,0.1366166888299092,0.1440877925882385,0.09255017671925887,1.5568613447958453,1.0,1.0,1.3709677419354838,0.017137096774193544,0.1270393642291947,0.7524925591849013,1.2410740307272337,0.05412944380575561,0.9649484013590794,1.0,0.0
contamination_asymmetric_eps_0p005,normal_contamination_asymmetric,"{""base"":""N(0,1)"",""centered_and_standardized"":true,""contaminant"":""N(10,1)"",""epsilon"":0.005}",100,confirmatory_5000,all,5000,5000,5000,1.0,0.9992322980549431,1.0000000000000002,284,0.0568,0.050718061546595514,0.06356242945750314,4716,0.9432,0.936437570542497,0.9492819384534046,-0.0015817955205666553,0.10010814283128847,0.09759767695561077,0.10010565624650425,0.9749466774912525,0.4578,0.4578,0.6096,0.006096,0.042962310145647595,0.0,0.9289406844461227,0.016460641897579866,0.4243936479831474,0.4498,0.5978
contamination_asymmetric_eps_0p005,normal_contamination_asymmetric,"{""base"":""N(0,1)"",""centered_and_standardized"":true,""contaminant"":""N(10,1)"",""epsilon"":0.005}",100,confirmatory_5000,acceptable,5000,2711,2711,0.5422,0.5283632782389289,0.5559719277169084,222,0.08188860199188491,0.07214907599254508,0.09281137035898254,2489,0.918111398008115,0.9071886296410174,0.9278509240074548,-0.04331914507178668,0.0916975069383863,0.08153372748618382,0.08083498461946699,1.0086440650667057,0.0,0.0,0.0,0.0,0.0,0.0,0.0,0.0,0.0,0.04537071191442272,1.0
contamination_asymmetric_eps_0p005,normal_contamination_asymmetric,"{""base"":""N(0,1)"",""centered_and_standardized"":true,""contaminant"":""N(10,1)"",""epsilon"":0.005}",100,confirmatory_5000,caution,5000,278,278,0.0556,0.049582913854809285,0.06229941963395749,24,0.08633093525179857,0.05869931263435811,0.1252390583832123,254,0.9136690647482014,0.8747609416167877,0.9413006873656419,-0.03727208508793018,0.09625071056658045,0.08145088308437905,0.08890118406418665,0.9161957058476466,1.0,1.0,1.1978417266187051,0.011978417266187051,0.02781734086298934,0.3357647887233096,0.4231844479182748,0.004652083615106135,0.3645433052621319,0.4136690647482014,1.0
contamination_asymmetric_eps_0p005,normal_contamination_asymmetric,"{""base"":""N(0,1)"",""centered_and_standardized"":true,""contaminant"":""N(10,1)"",""epsilon"":0.005}",100,confirmatory_5000,insufficient,5000,2011,2011,0.4022,0.38868875808366476,0.41586140441678854,38,0.018896071606166086,0.013797730551680102,0.02582894005863486,1973,0.9811039283938339,0.9741710599413651,0.9862022694483199,0.05961753572412978,0.11091028051510046,0.1214853824294143,0.09354780285870741,1.2986449570911163,1.0,1.0,1.3500745897563402,0.013500745897563402,0.10297281450438933,0.7280497663882778,1.1787366719514962,0.040283406386325125,1.004786276008386,1.0,0.0
contamination_asymmetric_eps_0p005,normal_contamination_asymmetric,"{""base"":""N(0,1)"",""centered_and_standardized"":true,""contaminant"":""N(10,1)"",""epsilon"":0.005}",200,exploratory,all,200,200,200,1.0,0.9811546736227335,1.0,9,0.045,0.023852543001492997,0.0832967040018196,191,0.955,0.9167032959981803,0.976147456998507,0.004209493261318921,0.06902498544905099,0.07181814580227325,0.06906939764599451,1.0397969035486172,0.76,0.76,1.295,0.006475,0.04932315402505332,0.592193866246012,1.1219008814816145,0.014361589813471362,0.7605618513763717,0.735,0.28
contamination_asymmetric_eps_0p005,normal_contamination_asymmetric,"{""base"":""N(0,1)"",""centered_and_standardized"":true,""contaminant"":""N(10,1)"",""epsilon"":0.005}",200,exploratory,acceptable,200,48,48,0.24,0.1860661599241369,0.30373340979204166,8,0.16666666666666666,0.08695513576485567,0.295778284012556,40,0.8333333333333334,0.7042217159874441,0.9130448642351444,-0.05349493505862485,0.08096798939673674,0.05779666541453116,0.061422351438171915,0.9409712272691092,0.0,0.0,0.0,0.0,0.0,0.0,0.0,0.0,0.0,0.0,1.0
contamination_asymmetric_eps_0p005,normal_contamination_asymmetric,"{""base"":""N(0,1)"",""centered_and_standardized"":true,""contaminant"":""N(10,1)"",""epsilon"":0.005}",200,exploratory,caution,200,16,16,0.08,0.049840585889759974,0.12598948826714396,0,0.0,0.0,0.1936076805344365,16,1.0,0.8063923194655637,1.0000000000000002,0.008698982805061239,0.05664337369008365,0.06394997289854827,0.057807030540369016,1.106266353776629,1.0,1.0,1.125,0.005625,0.025024060326964612,0.45322023039986664,0.5221709763006352,0.0055764365833385655,0.39777670699655077,0.6875,0.5
contamination_asymmetric_eps_0p005,normal_contamination_asymmetric,"{""base"":""N(0,1)"",""centered_and_standardized"":true,""contaminant"":""N(10,1)"",""epsilon"":0.005}",200,exploratory,insufficient,200,136,136,0.68,0.6124810156588646,0.7407346668453195,1,0.007352941176470588,0.001299156036095813,0.04047285399552214,135,0.9926470588235294,0.9595271460044779,0.9987008439639042,0.02404758683968233,0.06569062069246985,0.07769257098662045,0.061356763949892666,1.2662429695618973,1.0,1.0,1.7720588235294117,0.00886029411764706,0.06959004293955318,0.8554148850489435,1.2905214945468089,0.020463933657065114,1.0716760512009522,1.0,0.0
contamination_asymmetric_eps_0p005,normal_contamination_asymmetric,"{""base"":""N(0,1)"",""centered_and_standardized"":true,""contaminant"":""N(10,1)"",""epsilon"":0.005}",500,exploratory,all,200,200,200,1.0,0.9811546736227335,1.0,6,0.03,0.013820314340111346,0.06389429245451925,194,0.97,0.9361057075454807,0.9861796856598887,-0.001900812562702755,0.04280364813125622,0.0444231311658341,0.04286872804465627,1.0362596044267658,0.945,0.945,2.76,0.005520000000000001,0.04085356226883464,0.8091285985692298,1.4922973951589968,0.007902450232276837,1.0630540199334022,0.93,0.075
contamination_asymmetric_eps_0p005,normal_contamination_asymmetric,"{""base"":""N(0,1)"",""centered_and_standardized"":true,""contaminant"":""N(10,1)"",""epsilon"":0.005}",500,exploratory,acceptable,200,11,11,0.055,0.03098534170345884,0.0957869987723084,3,0.2727272727272727,0.09746059290024889,0.5656453011761291,8,0.7272727272727273,0.43435469882387084,0.902539407099751,-0.058539839226970106,0.06482416025632666,0.0361873778853298,0.029202480611075745,1.2391884911175959,0.0,0.0,0.0,0.0,0.0,0.0,0.0,0.0,0.0,0.0,1.0
contamination_asymmetric_eps_0p005,normal_contamination_asymmetric,"{""base"":""N(0,1)"",""centered_and_standardized"":true,""contaminant"":""N(10,1)"",""epsilon"":0.005}",500,exploratory,caution,200,49,49,0.245,0.1905686808903718,0.30904243556203415,3,0.061224489795918366,0.02104014667296747,0.16520487835726402,46,0.9387755102040817,0.834795121642736,0.9789598533270324,-0.025317088381220314,0.04442184032318592,0.03981477755619799,0.03687956235793331,1.0795892090523487,1.0,1.0,1.4081632653061225,0.002816326530612245,0.017071438766536145,0.3968996243094361,0.7010078003670047,0.0032971337363934664,0.5202904651685085,0.9387755102040817,0.08163265306122448
contamination_asymmetric_eps_0p005,normal_contamination_asymmetric,"{""base"":""N(0,1)"",""centered_and_standardized"":true,""contaminant"":""N(10,1)"",""epsilon"":0.005}",500,exploratory,insufficient,200,140,140,0.7,0.6332093162728074,0.7592525531762859,0,0.0,1.734723475976807e-18,0.026706200369412993,140,1.0,0.9732937996305869,0.9999999999999999,0.010745093211685111,0.03995666173666244,0.0466831498298178,0.03862295981540543,1.208689081648202,1.0,1.0,3.45,0.0069,0.05238722824433325,1.0690813448987668,1.5562574538755556,0.010135217809800624,1.3365469370958825,1.0,0.0
contamination_asymmetric_eps_0p005,normal_contamination_asymmetric,"{""base"":""N(0,1)"",""centered_and_standardized"":true,""contaminant"":""N(10,1)"",""epsilon"":0.005}",750,exploratory,all,200,200,200,1.0,0.9811546736227335,1.0,17,0.085,0.05374575017747561,0.13189587071565567,183,0.915,0.8681041292843443,0.9462542498225244,0.002411708572197988,0.03692177603587966,0.036268829077442895,0.03693538031483433,0.9819535840240495,0.985,0.985,4.165,0.005553333333333334,0.04064561558988402,1.1070875888223228,1.7151430373376955,0.006515611615988943,1.3003250786880471,0.98,0.02
contamination_asymmetric_eps_0p005,normal_contamination_asymmetric,"{""base"":""N(0,1)"",""centered_and_standardized"":true,""contaminant"":""N(10,1)"",""epsilon"":0.005}",750,exploratory,acceptable,200,3,3,0.015,0.00511423779325831,0.04316572879269026,2,0.6666666666666666,0.2076596008020477,0.9385080552796037,1,0.3333333333333333,0.06149194472039621,0.7923403991979522,-0.05711948315016901,0.059455006423766284,0.029474290995323883,0.020208751823442103,1.4584914126726904,0.0,0.0,0.0,0.0,0.0,0.0,0.0,0.0,0.0,0.0,1.0
contamination_asymmetric_eps_0p005,normal_contamination_asymmetric,"{""base"":""N(0,1)"",""centered_and_standardized"":true,""contaminant"":""N(10,1)"",""epsilon"":0.005}",750,exploratory,caution,200,45,45,0.225,0.17262369715089126,0.2877412323566053,5,0.1111111111111111,0.04840471794567186,0.2349909699576858,40,0.8888888888888888,0.7650090300423141,0.9515952820543282,-0.01861041013184867,0.036634693875712346,0.03274713368707205,0.03191213233029638,1.0261656397050893,1.0,1.0,2.1555555555555554,0.002874074074074074,0.017245217517283272,0.5368740282251856,0.8459330469841233,0.0029177061964522372,0.6175302799580787,0.9777777777777777,0.022222222222222223
contamination_asymmetric_eps_0p005,normal_contamination_asymmetric,"{""base"":""N(0,1)"",""centered_and_standardized"":true,""contaminant"":""N(10,1)"",""epsilon"":0.005}",750,exploratory,insufficient,200,152,152,0.76,0.6962665902079583,0.8139338400758631,10,0.06578947368421052,0.036124807321366526,0.11686053432719501,142,0.9342105263157895,0.883139465672805,0.9638751926786334,0.00981031986725852,0.03642261804250384,0.03744553899068661,0.035192511134635146,1.0640200935770712,1.0,1.0,4.842105263157895,0.006456140350877194,0.04837558111644116,1.1979378151342406,1.8465557896850133,0.007709378581298934,1.5281325864440518,1.0,0.0
contamination_asymmetric_eps_0p005,normal_contamination_asymmetric,"{""base"":""N(0,1)"",""centered_and_standardized"":true,""contaminant"":""N(10,1)"",""epsilon"":0.005}",2000,exploratory,all,200,200,200,1.0,0.9811546736227335,1.0,14,0.07,0.042152171828342806,0.11405480885610647,186,0.93,0.8859451911438936,0.9578478281716571,-0.0016439511739364553,0.022099937848778374,0.022366718105041636,0.022094012865027025,1.0123429474618566,1.0,1.0,10.94,0.005469999999999999,0.040945117472998886,1.8085139706687534,2.413133082073929,0.00409931345723707,2.2370347796217187,1.0,0.0
contamination_asymmetric_eps_0p005,normal_contamination_asymmetric,"{""base"":""N(0,1)"",""centered_and_standardized"":true,""contaminant"":""N(10,1)"",""epsilon"":0.005}",2000,exploratory,acceptable,200,0,0,0.0,1.734723475976807e-18,0.018845326377266575,0,nan,nan,nan,0,nan,nan,nan,nan,nan,nan,nan,nan,nan,nan,nan,nan,nan,nan,nan,nan,nan,nan,nan
contamination_asymmetric_eps_0p005,normal_contamination_asymmetric,"{""base"":""N(0,1)"",""centered_and_standardized"":true,""contaminant"":""N(10,1)"",""epsilon"":0.005}",2000,exploratory,caution,200,16,16,0.08,0.049840585889759974,0.12598948826714396,2,0.125,0.03497748774324047,0.36022827265758695,14,0.875,0.639771727342413,0.9650225122567595,-0.013483240673200997,0.023980509151067666,0.020347052005384482,0.02048132912595869,0.9934439254528642,1.0,1.0,5.6875,0.00284375,0.01999270593858954,1.0084271413318375,1.2317639427312252,0.0020707897240147327,1.155789380917378,1.0,0.0
contamination_asymmetric_eps_0p005,normal_contamination_asymmetric,"{""base"":""N(0,1)"",""centered_and_standardized"":true,""contaminant"":""N(10,1)"",""epsilon"":0.005}",2000,exploratory,insufficient,200,184,184,0.92,0.874010511732856,0.9501594141102401,12,0.06521739130434782,0.03769728667054057,0.11052057213170849,172,0.9347826086956522,0.8894794278682915,0.9623027133294594,-0.0006144477392177993,0.021928789578510702,0.022542341244142252,0.021979989037374022,1.0255847355434085,1.0,1.0,11.396739130434783,0.005698369565217391,0.04276706630207796,1.834489271360923,2.4371385996653157,0.00427570682534336,2.3310561186394874,1.0,0.0
contamination_asymmetric_eps_0p01,normal_contamination_asymmetric,"{""base"":""N(0,1)"",""centered_and_standardized"":true,""contaminant"":""N(10,1)"",""epsilon"":0.01}",5,exploratory,all,200,200,200,1.0,0.9811546736227335,1.0,6,0.03,0.013820314340111346,0.06389429245451925,194,0.97,0.9361057075454807,0.9861796856598887,0.03968187081062351,0.47947222086854957,0.35000575528577427,0.47902639924062157,0.73066068141677,0.24,0.24,0.315,0.063,0.12822461627127454,0.0,0.978033030208141,0.09683647605157969,1.5352329468159898,0.095,0.675
contamination_asymmetric_eps_0p01,normal_contamination_asymmetric,"{""base"":""N(0,1)"",""centered_and_standardized"":true,""contaminant"":""N(10,1)"",""epsilon"":0.01}",5,exploratory,acceptable,200,121,121,0.605,0.5358834915928536,0.6701589898679203,4,0.03305785123966942,0.012929181394125314,0.08192279272211472,117,0.9669421487603306,0.9180772072778853,0.9870708186058748,-0.06133360928419329,0.3008340237537327,0.274875880224006,0.2957399629830272,0.9294512566087709,0.0,0.0,0.0,0.0,0.0,0.0,0.0,0.0,0.0,0.0,1.0
contamination_asymmetric_eps_0p01,normal_contamination_asymmetric,"{""base"":""N(0,1)"",""centered_and_standardized"":true,""contaminant"":""N(10,1)"",""epsilon"":0.01}",5,exploratory,caution,200,0,0,0.0,1.734723475976807e-18,0.018845326377266575,0,nan,nan,nan,0,nan,nan,nan,nan,nan,nan,nan,nan,nan,nan,nan,nan,nan,nan,nan,nan,nan,nan,nan
contamination_asymmetric_eps_0p01,normal_contamination_asymmetric,"{""base"":""N(0,1)"",""centered_and_standardized"":true,""contaminant"":""N(10,1)"",""epsilon"":0.01}",5,exploratory,insufficient,200,79,79,0.395,0.32984101013207967,0.46411650840714636,2,0.02531645569620253,0.006970367306584818,0.08768584628891136,77,0.9746835443037974,0.9123141537110886,0.9930296326934152,0.19440178336091257,0.6658780044245057,0.46507809557025465,0.6409379706056031,0.7256210692757308,0.6075949367088608,0.6075949367088608,0.7974683544303798,0.1594936708860759,0.3246192816994293,0.8489699176681761,1.3291242689837568,0.24515563557361947,3.886665688141746,0.24050632911392406,0.17721518987341772
contamination_asymmetric_eps_0p01,normal_contamination_asymmetric,"{""base"":""N(0,1)"",""centered_and_standardized"":true,""contaminant"":""N(10,1)"",""epsilon"":0.01}",8,exploratory,all,200,200,200,1.0,0.9811546736227335,1.0,12,0.06,0.03465219425433187,0.1019316929576627,188,0.94,0.8980683070423372,0.9653478057456681,-0.031036178456349855,0.32909438814463166,0.2891978599915402,0.3284497956712678,0.8804933472419837,0.175,0.175,0.205,0.025625,0.0819044924068524,0.0,0.8585623667889475,0.05762312709255801,0.27364318687570294,0.155,0.74
contamination_asymmetric_eps_0p01,normal_contamination_asymmetric,"{""base"":""N(0,1)"",""centered_and_standardized"":true,""contaminant"":""N(10,1)"",""epsilon"":0.01}",8,exploratory,acceptable,200,143,143,0.715,0.6488465397039482,0.7730499699538271,8,0.055944055944055944,0.028617235305217863,0.1065044052726126,135,0.9440559440559441,0.8934955947273875,0.9713827646947821,-0.09510575470101831,0.2708807418877495,0.24149699716967815,0.25452761907776544,0.9488046839266349,0.0,0.0,0.0,0.0,0.0,0.0,0.0,0.0,0.0,0.0,1.0
contamination_asymmetric_eps_0p01,normal_contamination_asymmetric,"{""base"":""N(0,1)"",""centered_and_standardized"":true,""contaminant"":""N(10,1)"",""epsilon"":0.01}",8,exploratory,caution,200,0,0,0.0,1.734723475976807e-18,0.018845326377266575,0,nan,nan,nan,0,nan,nan,nan,nan,nan,nan,nan,nan,nan,nan,nan,nan,nan,nan,nan,nan,nan,nan,nan
contamination_asymmetric_eps_0p01,normal_contamination_asymmetric,"{""base"":""N(0,1)"",""centered_and_standardized"":true,""contaminant"":""N(10,1)"",""epsilon"":0.01}",8,exploratory,insufficient,200,57,57,0.285,0.22695003004617292,0.3511534602960517,4,0.07017543859649122,0.027626420229066015,0.1670017009603369,53,0.9298245614035088,0.832998299039663,0.972373579770934,0.1296997759820289,0.44263567544539123,0.4088684456674396,0.42696908614615275,0.9576066720846453,0.6140350877192983,0.6140350877192983,0.7192982456140351,0.08991228070175439,0.28738418388369263,0.7635242847089664,0.978325565155295,0.20218641085108077,0.9601515328972032,0.543859649122807,0.08771929824561403
contamination_asymmetric_eps_0p01,normal_contamination_asymmetric,"{""base"":""N(0,1)"",""centered_and_standardized"":true,""contaminant"":""N(10,1)"",""epsilon"":0.01}",10,exploratory,all,200,200,200,1.0,0.9811546736227335,1.0,12,0.06,0.03465219425433187,0.1019316929576627,188,0.94,0.8980683070423372,0.9653478057456681,-0.0021341629111828807,0.34212308800108027,0.2750241552862544,0.34297494332796025,0.801878273140409,0.23,0.23,0.285,0.028500000000000004,0.10330826978297346,0.0,0.9457664351506848,0.06481143431466518,0.3579365315363085,0.205,0.765
contamination_asymmetric_eps_0p01,normal_contamination_asymmetric,"{""base"":""N(0,1)"",""centered_and_standardized"":true,""contaminant"":""N(10,1)"",""epsilon"":0.01}",10,exploratory,acceptable,200,144,144,0.72,0.6540769541334929,0.7776311022605097,9,0.0625,0.033226648433715554,0.11450903406644158,135,0.9375,0.8854909659335584,0.9667733515662844,-0.07893483853008387,0.22274068731818253,0.21907259986198763,0.20901215422319003,1.0481333043821688,0.0,0.0,0.0,0.0,0.0,0.0,0.0,0.0,0.0,0.020833333333333332,1.0
contamination_asymmetric_eps_0p01,normal_contamination_asymmetric,"{""base"":""N(0,1)"",""centered_and_standardized"":true,""contaminant"":""N(10,1)"",""epsilon"":0.01}",10,exploratory,caution,200,0,0,0.0,1.734723475976807e-18,0.018845326377266575,0,nan,nan,nan,0,nan,nan,nan,nan,nan,nan,nan,nan,nan,nan,nan,nan,nan,nan,nan,nan,nan,nan,nan
contamination_asymmetric_eps_0p01,normal_contamination_asymmetric,"{""base"":""N(0,1)"",""centered_and_standardized"":true,""contaminant"":""N(10,1)"",""epsilon"":0.01}",10,exploratory,insufficient,200,56,56,0.28,0.22236889773949026,0.3459230458665071,3,0.05357142857142857,0.018385781382109126,0.14607309068821533,53,0.9464285714285714,0.8539269093117847,0.9816142186178909,0.19535328868027685,0.538935953711345,0.41889958352008316,0.5068294866405038,0.8265098905289431,0.8214285714285714,0.8214285714285714,1.0178571428571428,0.10178571428571428,0.3689581063677623,0.8587465040621476,1.3126833925254129,0.23146940826666138,1.2783447554868157,0.6785714285714286,0.16071428571428573
contamination_asymmetric_eps_0p01,normal_contamination_asymmetric,"{""base"":""N(0,1)"",""centered_and_standardized"":true,""contaminant"":""N(10,1)"",""epsilon"":0.01}",15,exploratory,all,200,200,200,1.0,0.9811546736227335,1.0,18,0.09,0.05768744886219316,0.13776571876716542,182,0.91,0.8622342812328346,0.9423125511378069,-0.0015101567263151017,0.25413728840679434,0.22510058305450933,0.2547705259441709,0.8835424828688258,0.24,0.24,0.325,0.02166666666666667,0.08363009863762226,0.0,0.926103462058836,0.05350425995139374,0.2890070486794927,0.205,0.785
contamination_asymmetric_eps_0p01,normal_contamination_asymmetric,"{""base"":""N(0,1)"",""centered_and_standardized"":true,""contaminant"":""N(10,1)"",""epsilon"":0.01}",15,exploratory,acceptable,200,146,146,0.73,0.6645656480133157,0.7867655018531416,17,0.11643835616438356,0.07398186903449244,0.1785614465373122,129,0.8835616438356164,0.8214385534626878,0.9260181309655076,-0.07405696101904312,0.21010523941354475,0.17478087947327056,0.19729773772987672,0.885873712918927,0.0,0.0,0.0,0.0,0.0,0.0,0.0,0.0,0.0,0.02054794520547945,1.0
contamination_asymmetric_eps_0p01,normal_contamination_asymmetric,"{""base"":""N(0,1)"",""centered_and_standardized"":true,""contaminant"":""N(10,1)"",""epsilon"":0.01}",15,exploratory,caution,200,0,0,0.0,1.734723475976807e-18,0.018845326377266575,0,nan,nan,nan,0,nan,nan,nan,nan,nan,nan,nan,nan,nan,nan,nan,nan,nan,nan,nan,nan,nan,nan,nan
contamination_asymmetric_eps_0p01,normal_contamination_asymmetric,"{""base"":""N(0,1)"",""centered_and_standardized"":true,""contaminant"":""N(10,1)"",""epsilon"":0.01}",15,exploratory,insufficient,200,54,54,0.27,0.21323449814685846,0.33543435198668425,1,0.018518518518518517,0.003276487718229061,0.09771437488781931,53,0.9814814814814815,0.9022856251121808,0.9967235122817709,0.19463490673180137,0.34619886636510905,0.36115015199637707,0.2889939948555254,1.2496804723465764,0.8888888888888888,0.8888888888888888,1.2037037037037037,0.0802469135802469,0.3097411060652677,0.8462879900006899,0.9688152865152381,0.19816392574590277,1.0703964765907135,0.7037037037037037,0.2037037037037037
contamination_asymmetric_eps_0p01,normal_contamination_asymmetric,"{""base"":""N(0,1)"",""centered_and_standardized"":true,""contaminant"":""N(10,1)"",""epsilon"":0.01}",20,exploratory,all,200,200,200,1.0,0.9811546736227335,1.0,13,0.065,0.03837635464915299,0.10801907929906895,187,0.935,0.8919809207009312,0.961623645350847,-0.011325529562676689,0.19722882346986928,0.18748236237703572,0.1973974924805832,0.9497707393394434,0.21,0.21,0.25,0.012500000000000002,0.0585106429663617,0.0,0.9108622461442427,0.03486554558238414,0.26006292158650646,0.2,0.825
contamination_asymmetric_eps_0p01,normal_contamination_asymmetric,"{""base"":""N(0,1)"",""centered_and_standardized"":true,""contaminant"":""N(10,1)"",""epsilon"":0.01}",20,exploratory,acceptable,200,156,156,0.78,0.7176120008170632,0.8318346164116674,13,0.08333333333333333,0.049345650854239156,0.13734845867693996,143,0.9166666666666666,0.86265154132306,0.9506543491457609,-0.05724853660498242,0.16933468956586148,0.15536759869144431,0.1598771176292941,0.9717938438926202,0.0,0.0,0.0,0.0,0.0,0.0,0.0,0.0,0.0,0.04487179487179487,1.0
contamination_asymmetric_eps_0p01,normal_contamination_asymmetric,"{""base"":""N(0,1)"",""centered_and_standardized"":true,""contaminant"":""N(10,1)"",""epsilon"":0.01}",20,exploratory,caution,200,0,0,0.0,1.734723475976807e-18,0.018845326377266575,0,nan,nan,nan,0,nan,nan,nan,nan,nan,nan,nan,nan,nan,nan,nan,nan,nan,nan,nan,nan,nan,nan,nan
contamination_asymmetric_eps_0p01,normal_contamination_asymmetric,"{""base"":""N(0,1)"",""centered_and_standardized"":true,""contaminant"":""N(10,1)"",""epsilon"":0.01}",20,exploratory,insufficient,200,44,44,0.22,0.16816538358833258,0.28238799918293667,0,0.0,0.0,0.08029560375848066,44,1.0,0.9197043962415192,1.0,0.1514924044964073,0.27413752252890455,0.3013437972623143,0.23111776098716794,1.303853914018514,0.9545454545454546,0.9545454545454546,1.1363636363636365,0.056818181818181795,0.26595746802891684,0.9031518984546032,0.9629705725089954,0.15847975264720063,1.1821041890295747,0.75,0.20454545454545456
contamination_asymmetric_eps_0p01,normal_contamination_asymmetric,"{""base"":""N(0,1)"",""centered_and_standardized"":true,""contaminant"":""N(10,1)"",""epsilon"":0.01}",30,exploratory,all,200,200,200,1.0,0.9811546736227335,1.0,8,0.04,0.020405632066152306,0.07693206820093293,192,0.96,0.923067931799067,0.9795943679338476,-0.002176365577140224,0.16845700213209439,0.16218585574698596,0.16886563598104712,0.9604432234228468,0.305,0.305,0.355,0.011833333333333331,0.06846137745745881,0.0,0.896586964587619,0.037202192280450436,0.3530587781477248,0.3,0.74
contamination_asymmetric_eps_0p01,normal_contamination_asymmetric,"{""base"":""N(0,1)"",""centered_and_standardized"":true,""contaminant"":""N(10,1)"",""epsilon"":0.01}",30,exploratory,acceptable,200,138,138,0.69,0.6228282243374195,0.750010551639219,8,0.057971014492753624,0.02966442743301114,0.11022033535539394,130,0.9420289855072463,0.889779664644606,0.9703355725669888,-0.0635542892720589,0.13775334379344548,0.12612385455062736,0.12266158339798498,1.0282262062557008,0.0,0.0,0.0,0.0,0.0,0.0,0.0,0.0,0.0,0.043478260869565216,1.0
contamination_asymmetric_eps_0p01,normal_contamination_asymmetric,"{""base"":""N(0,1)"",""centered_and_standardized"":true,""contaminant"":""N(10,1)"",""epsilon"":0.01}",30,exploratory,caution,200,0,0,0.0,1.734723475976807e-18,0.018845326377266575,0,nan,nan,nan,0,nan,nan,nan,nan,nan,nan,nan,nan,nan,nan,nan,nan,nan,nan,nan,nan,nan,nan,nan
contamination_asymmetric_eps_0p01,normal_contamination_asymmetric,"{""base"":""N(0,1)"",""centered_and_standardized"":true,""contaminant"":""N(10,1)"",""epsilon"":0.01}",30,exploratory,insufficient,200,62,62,0.31,0.2499894483607809,0.37717177566258037,0,0.0,0.0,0.058344072101372484,62,1.0,0.9416559278986275,0.9999999999999999,0.13443901296961422,0.22204571453326666,0.2424528906679132,0.17816404166695532,1.3608407644968785,0.9838709677419355,0.9838709677419355,1.1451612903225807,0.03817204301075268,0.22084315308857677,0.8770463141754331,1.3073913628279943,0.12000707187242075,1.1388992843474994,0.8709677419354839,0.16129032258064516
contamination_asymmetric_eps_0p01,normal_contamination_asymmetric,"{""base"":""N(0,1)"",""centered_and_standardized"":true,""contaminant"":""N(10,1)"",""epsilon"":0.01}",40,exploratory,all,200,200,200,1.0,0.9811546736227335,1.0,13,0.065,0.03837635464915299,0.10801907929906895,187,0.935,0.8919809207009312,0.961623645350847,-0.002602768776368065,0.15789099929492784,0.14622567537963138,0.15826570512953336,0.9239252133616203,0.37,0.37,0.495,0.012375,0.07061462444814293,0.0,0.8878626558696507,0.03616992248693577,0.4267282483053015,0.365,0.665
contamination_asymmetric_eps_0p01,normal_contamination_asymmetric,"{""base"":""N(0,1)"",""centered_and_standardized"":true,""contaminant"":""N(10,1)"",""epsilon"":0.01}",40,exploratory,acceptable,200,126,126,0.63,0.5612262992405018,0.6938739159014088,12,0.09523809523809523,0.05532161543536931,0.15910495581212467,114,0.9047619047619048,0.8408950441878753,0.9446783845646307,-0.07560695680860367,0.13470530518858329,0.11050665615192926,0.11193096169834348,0.9872751424199074,0.0,0.0,0.0,0.0,0.0,0.0,0.0,0.0,0.0,0.031746031746031744,1.0
contamination_asymmetric_eps_0p01,normal_contamination_asymmetric,"{""base"":""N(0,1)"",""centered_and_standardized"":true,""contaminant"":""N(10,1)"",""epsilon"":0.01}",40,exploratory,caution,200,5,5,0.025,0.010724719651761264,0.05717834040664198,0,0.0,0.0,0.43448246478317476,5,1.0,0.5655175352168251,1.0,-0.05806330332815721,0.0905940700234204,0.10943046663531861,0.07774910232625525,1.4074820590997978,1.0,1.0,1.0,0.025,0.054530775816538646,0.48538135647341873,0.5229969175134543,0.012124367931181126,0.47349150955358166,0.4,1.0
contamination_asymmetric_eps_0p01,normal_contamination_asymmetric,"{""base"":""N(0,1)"",""centered_and_standardized"":true,""contaminant"":""N(10,1)"",""epsilon"":0.01}",40,exploratory,insufficient,200,69,69,0.345,0.2825979437674894,0.4132441074094632,1,0.014492753623188406,0.002562924644588474,0.07763122461144727,68,0.9855072463768116,0.9223687753885529,0.9974370753554117,0.13472810607610486,0.19628955538093515,0.21411802996531296,0.1437970875283161,1.4890289758000104,1.0,1.0,1.3623188405797102,0.03405797101449275,0.20072856537023034,0.8601510320299276,1.3024564944416992,0.10396177764827898,1.2025824943955414,0.9710144927536232,0.028985507246376812
contamination_asymmetric_eps_0p01,normal_contamination_asymmetric,"{""base"":""N(0,1)"",""centered_and_standardized"":true,""contaminant"":""N(10,1)"",""epsilon"":0.01}",50,exploratory,all,200,200,200,1.0,0.9811546736227335,1.0,14,0.07,0.042152171828342806,0.11405480885610647,186,0.93,0.8859451911438936,0.9578478281716571,-0.007670371911602822,0.13451358340160624,0.12686913933429525,0.1346317124762961,0.9423421644185981,0.36,0.36,0.455,0.0091,0.05881392196295832,0.0,0.863915332534913,0.02771061723220277,0.4085205291286772,0.38,0.67
contamination_asymmetric_eps_0p01,normal_contamination_asymmetric,"{""base"":""N(0,1)"",""centered_and_standardized"":true,""contaminant"":""N(10,1)"",""epsilon"":0.01}",50,exploratory,acceptable,200,127,127,0.635,0.566317026527406,0.698594735350732,12,0.09448818897637795,0.05487919864648995,0.15790854517443625,115,0.905511811023622,0.8420914548255637,0.9451208013535101,-0.06833520760257049,0.12112061132918428,0.09951662657013255,0.10039856051404958,0.9912156714259502,0.0,0.0,0.0,0.0,0.0,0.0,0.0,0.0,0.0,0.05511811023622047,1.0
contamination_asymmetric_eps_0p01,normal_contamination_asymmetric,"{""base"":""N(0,1)"",""centered_and_standardized"":true,""contaminant"":""N(10,1)"",""epsilon"":0.01}",50,exploratory,caution,200,6,6,0.03,0.013820314340111346,0.06389429245451925,1,0.16666666666666666,0.030053369748306635,0.5635028221864702,5,0.8333333333333334,0.43649717781352987,0.9699466302516935,-0.08231886112068836,0.12868287500395917,0.09733225364772818,0.10834881128878564,0.8983232256079426,1.0,1.0,1.0,0.02,0.04461179361324514,0.46549960935288803,0.48827734224643954,0.009107360170641824,0.4114508497312308,0.5,1.0
contamination_asymmetric_eps_0p01,normal_contamination_asymmetric,"{""base"":""N(0,1)"",""centered_and_standardized"":true,""contaminant"":""N(10,1)"",""epsilon"":0.01}",50,exploratory,insufficient,200,67,67,0.335,0.2732408697841632,0.40297808792033485,1,0.014925373134328358,0.0026395717340788882,0.07981862319778105,66,0.9850746268656716,0.9201813768022187,0.997360428265921,0.1140061216407465,0.1572292467343935,0.1813615338890425,0.10909294738930866,1.6624496654383756,0.9850746268656716,0.9850746268656716,1.2686567164179106,0.02537313432835821,0.17156886016286857,0.8348916370421121,1.2847234406896966,0.08190267590174184,1.1826179213037022,0.9850746268656716,0.014925373134328358
contamination_asymmetric_eps_0p01,normal_contamination_asymmetric,"{""base"":""N(0,1)"",""centered_and_standardized"":true,""contaminant"":""N(10,1)"",""epsilon"":0.01}",80,exploratory,all,200,200,200,1.0,0.9811546736227335,1.0,18,0.09,0.05768744886219316,0.13776571876716542,182,0.91,0.8622342812328346,0.9423125511378069,-0.004565048839926885,0.1113744883667712,0.1065306238539781,0.11156014214145771,0.954916530304325,0.635,0.635,0.88,0.011000000000000001,0.07135236598031561,0.6990816867960215,1.2053428223525098,0.028052041319612985,0.7430052565970314,0.625,0.44
contamination_asymmetric_eps_0p01,normal_contamination_asymmetric,"{""base"":""N(0,1)"",""centered_and_standardized"":true,""contaminant"":""N(10,1)"",""epsilon"":0.01}",80,exploratory,acceptable,200,73,73,0.365,0.301405264649268,0.433682973472594,16,0.2191780821917808,0.13966120635950685,0.32677266112247905,57,0.7808219178082192,0.673227338877521,0.8603387936404931,-0.06868703410852334,0.10831086150936899,0.07769046724548252,0.08432521262269921,0.9213195535372928,0.0,0.0,0.0,0.0,0.0,0.0,0.0,0.0,0.0,0.0547945205479452,1.0
contamination_asymmetric_eps_0p01,normal_contamination_asymmetric,"{""base"":""N(0,1)"",""centered_and_standardized"":true,""contaminant"":""N(10,1)"",""epsilon"":0.01}",80,exploratory,caution,200,15,15,0.075,0.04597491718438201,0.12004361023629456,1,0.06666666666666667,0.011866895493268553,0.2981652987378003,14,0.9333333333333333,0.7018347012621998,0.9881331045067315,-0.07406380586370374,0.10261846158326625,0.07846162732010858,0.07352187224633924,1.0671875582441428,1.0,1.0,1.1333333333333333,0.014166666666666671,0.03280737262019319,0.37647418267928584,0.5822769997283277,0.005334253299999001,0.4611313253398939,0.6,1.0
contamination_asymmetric_eps_0p01,normal_contamination_asymmetric,"{""base"":""N(0,1)"",""centered_and_standardized"":true,""contaminant"":""N(10,1)"",""epsilon"":0.01}",80,exploratory,insufficient,200,112,112,0.56,0.4907167533465867,0.6270218074881414,1,0.008928571428571428,0.001577854703292133,0.048848468308884896,111,0.9910714285714286,0.9511515316911152,0.9984221452967079,0.04653661437403912,0.1144285640889906,0.12908746653637293,0.10500805879978768,1.2293100930710086,1.0,1.0,1.4196428571428572,0.017745535714285717,0.12302109470321627,0.768906085009153,1.2315793497231449,0.049378522003773316,1.2650364414223918,1.0,0.0
contamination_asymmetric_eps_0p01,normal_contamination_asymmetric,"{""base"":""N(0,1)"",""centered_and_standardized"":true,""contaminant"":""N(10,1)"",""epsilon"":0.01}",100,confirmatory_5000,all,5000,5000,5000,1.0,0.9992322980549431,1.0000000000000002,365,0.073,0.0661126429744546,0.08054297448662417,4635,0.927,0.9194570255133758,0.9338873570255455,-0.0021982618977928253,0.10004100958494674,0.09665300177255087,0.10002685798258233,0.966270496963736,0.6648,0.6648,1.077,0.01077,0.07066333587496329,0.6906940648567383,1.2064009126778876,0.025931880232003494,0.8355578511353086,0.658,0.3688
contamination_asymmetric_eps_0p01,normal_contamination_asymmetric,"{""base"":""N(0,1)"",""centered_and_standardized"":true,""contaminant"":""N(10,1)"",""epsilon"":0.01}",100,confirmatory_5000,acceptable,5000,1676,1676,0.3352,0.3222463244282717,0.3484067101328192,288,0.1718377088305489,0.154532781443546,0.19064351824592732,1388,0.8281622911694511,0.8093564817540727,0.8454672185564539,-0.07241650396422047,0.10092109239172413,0.07065485181071818,0.07031263502557233,1.0048670738199668,0.0,0.0,0.0,0.0,0.0,0.0,0.0,0.0,0.0,0.041766109785202864,1.0
contamination_asymmetric_eps_0p01,normal_contamination_asymmetric,"{""base"":""N(0,1)"",""centered_and_standardized"":true,""contaminant"":""N(10,1)"",""epsilon"":0.01}",100,confirmatory_5000,caution,5000,168,168,0.0336,0.028952430871671923,0.038963681502677365,37,0.22023809523809523,0.1642172633580192,0.2887668963139308,131,0.7797619047619048,0.7112331036860692,0.8357827366419809,-0.08052120113421508,0.10999466264965821,0.07116400004121243,0.07515840407926737,0.9468535277326783,1.0,1.0,1.1666666666666667,0.011666666666666667,0.024433406993699686,0.33705990661416174,0.39197328829251465,0.0039533661294605385,0.35847809884718695,0.38095238095238093,1.0
contamination_asymmetric_eps_0p01,normal_contamination_asymmetric,"{""base"":""N(0,1)"",""centered_and_standardized"":true,""contaminant"":""N(10,1)"",""epsilon"":0.01}",100,confirmatory_5000,insufficient,5000,3156,3156,0.6312,0.6177306261174698,0.6444679288921473,40,0.012674271229404309,0.00932159865901627,0.017211839778741668,3116,0.9873257287705957,0.9827881602212583,0.9906784013409837,0.03926055543270517,0.0990100607328793,0.11181619937296167,0.09090775262553796,1.229996300024582,1.0,1.0,1.644169835234474,0.01644169835234474,0.11065014797207695,0.7569944794805272,1.4803079726934727,0.04087301509831055,1.3046783697941113,1.0,0.0
contamination_asymmetric_eps_0p01,normal_contamination_asymmetric,"{""base"":""N(0,1)"",""centered_and_standardized"":true,""contaminant"":""N(10,1)"",""epsilon"":0.01}",200,exploratory,all,200,200,200,1.0,0.9811546736227335,1.0,6,0.03,0.013820314340111346,0.06389429245451925,194,0.97,0.9361057075454807,0.9861796856598887,0.004470695534425837,0.06585582875041411,0.07015532339748509,0.0658687827773154,1.0650769672586988,0.93,0.93,2.19,0.010950000000000001,0.07278484706728419,0.9787752799799101,1.6159027169485525,0.019826070496093588,1.3265061664767206,0.925,0.08
contamination_asymmetric_eps_0p01,normal_contamination_asymmetric,"{""base"":""N(0,1)"",""centered_and_standardized"":true,""contaminant"":""N(10,1)"",""epsilon"":0.01}",200,exploratory,acceptable,200,14,14,0.07,0.042152171828342806,0.11405480885610647,2,0.14285714285714285,0.040093921271464966,0.39941379496970353,12,0.8571428571428571,0.6005862050302965,0.9599060787285351,-0.056059584434509986,0.07000364806961079,0.0493973039871261,0.043509214148071386,1.1353297216312908,0.0,0.0,0.0,0.0,0.0,0.0,0.0,0.0,0.0,0.0,1.0
contamination_asymmetric_eps_0p01,normal_contamination_asymmetric,"{""base"":""N(0,1)"",""centered_and_standardized"":true,""contaminant"":""N(10,1)"",""epsilon"":0.01}",200,exploratory,caution,200,10,10,0.05,0.02738264560076393,0.08957814813877599,0,0.0,0.0,0.2775327998628892,10,1.0,0.7224672001371107,0.9999999999999999,-0.05575390944786477,0.06643611516000753,0.0579772160442716,0.03808264374040983,1.5224052310935405,1.0,1.0,1.0,0.004999999999999999,0.026175970816053874,0.47715223037526194,0.523261454124099,0.006320572120442703,0.6302169326846537,0.9,0.2
contamination_asymmetric_eps_0p01,normal_contamination_asymmetric,"{""base"":""N(0,1)"",""centered_and_standardized"":true,""contaminant"":""N(10,1)"",""epsilon"":0.01}",200,exploratory,insufficient,200,176,176,0.88,0.8276574790170326,0.9180200729362449,4,0.022727272727272728,0.008872857577817753,0.056971019014065996,172,0.9772727272727273,0.9430289809859341,0.9911271424221823,0.012707456724130426,0.06548131723935051,0.0724984674047417,0.0644197364334364,1.1254076998537998,1.0,1.0,2.4318181818181817,0.01215909090909091,0.08122278241645624,1.010185496901329,1.626263629339155,0.022170502147808465,1.4715855907300999,1.0,0.0
contamination_asymmetric_eps_0p01,normal_contamination_asymmetric,"{""base"":""N(0,1)"",""centered_and_standardized"":true,""contaminant"":""N(10,1)"",""epsilon"":0.01}",500,exploratory,all,200,200,200,1.0,0.9811546736227335,1.0,9,0.045,0.023852543001492997,0.0832967040018196,191,0.955,0.9167032959981803,0.976147456998507,-0.0031605839013345675,0.04426011393475557,0.04437840696918318,0.044257905575726446,1.0027227089011375,0.99,0.99,5.2,0.0104,0.07081508632006263,1.5459724783255357,2.227943877593783,0.01263734367513834,2.175904031645891,0.99,0.01
contamination_asymmetric_eps_0p01,normal_contamination_asymmetric,"{""base"":""N(0,1)"",""centered_and_standardized"":true,""contaminant"":""N(10,1)"",""epsilon"":0.01}",500,exploratory,acceptable,200,2,2,0.01,0.0027466581335444384,0.0357217617161768,1,0.5,0.09453120573423074,0.9054687942657693,1,0.5,0.09453120573423074,0.9054687942657693,-0.048714321090547186,0.06715248137021364,0.03172891354632519,0.06536620954077053,0.4854023779141588,0.0,0.0,0.0,0.0,0.0,0.0,0.0,0.0,0.0,0.0,1.0
contamination_asymmetric_eps_0p01,normal_contamination_asymmetric,"{""base"":""N(0,1)"",""centered_and_standardized"":true,""contaminant"":""N(10,1)"",""epsilon"":0.01}",500,exploratory,caution,200,11,11,0.055,0.03098534170345884,0.0957869987723084,3,0.2727272727272727,0.09746059290024889,0.5656453011761291,8,0.7272727272727273,0.43435469882387084,0.902539407099751,-0.05006424907941196,0.05859998959388074,0.034980562798729624,0.031941864675833875,1.0951321456569416,1.0,1.0,1.8181818181818181,0.0036363636363636372,0.018244463625931736,0.44193948847214215,0.7045926387821547,0.003573721616701032,0.7295550312346433,1.0,0.0
contamination_asymmetric_eps_0p01,normal_contamination_asymmetric,"{""base"":""N(0,1)"",""centered_and_standardized"":true,""contaminant"":""N(10,1)"",""epsilon"":0.01}",500,exploratory,insufficient,200,187,187,0.935,0.8919809207009312,0.961623645350847,5,0.026737967914438502,0.011473760074718398,0.06105481367559508,182,0.9732620320855615,0.9389451863244049,0.9885262399252817,8.566097212680377e-05,0.042952472117678026,0.045066510031860754,0.04306769532804688,1.0464109975838942,1.0,1.0,5.454545454545454,0.01090909090909091,0.07466485649265923,1.5645737808646638,2.2458618047931633,0.013305656669753783,2.2842550854844763,1.0,0.0
contamination_asymmetric_eps_0p01,normal_contamination_asymmetric,"{""base"":""N(0,1)"",""centered_and_standardized"":true,""contaminant"":""N(10,1)"",""epsilon"":0.01}",750,exploratory,all,200,200,200,1.0,0.9811546736227335,1.0,11,0.055,0.03098534170345884,0.0957869987723084,189,0.945,0.9042130012276914,0.9690146582965411,-0.0005121106249455886,0.03743085981963466,0.03636205211499369,0.03752127717374106,0.9691048613995835,1.0,1.0,7.815,0.010419999999999999,0.07105067483566736,1.9109070837534663,2.6222573905086275,0.010482892917965628,2.686141140260154,1.0,0.0
contamination_asymmetric_eps_0p01,normal_contamination_asymmetric,"{""base"":""N(0,1)"",""centered_and_standardized"":true,""contaminant"":""N(10,1)"",""epsilon"":0.01}",750,exploratory,acceptable,200,0,0,0.0,1.734723475976807e-18,0.018845326377266575,0,nan,nan,nan,0,nan,nan,nan,nan,nan,nan,nan,nan,nan,nan,nan,nan,nan,nan,nan,nan,nan,nan,nan
contamination_asymmetric_eps_0p01,normal_contamination_asymmetric,"{""base"":""N(0,1)"",""centered_and_standardized"":true,""contaminant"":""N(10,1)"",""epsilon"":0.01}",750,exploratory,caution,200,2,2,0.01,0.0027466581335444384,0.0357217617161768,0,0.0,0.0,0.6576197724933469,2,1.0,0.34238022750665303,1.0,-0.052319807540085105,0.05235165143098258,0.029744274486873237,0.0025819165437924673,11.520230798468466,1.0,1.0,3.0,0.004,0.025123921378410206,0.8448255146867782,0.8503420644021422,0.003701146120410708,1.2158289781637428,1.0,0.0
contamination_asymmetric_eps_0p01,normal_contamination_asymmetric,"{""base"":""N(0,1)"",""centered_and_standardized"":true,""contaminant"":""N(10,1)"",""epsilon"":0.01}",750,exploratory,insufficient,200,198,198,0.99,0.9642782382838231,0.9972533418664555,11,0.05555555555555555,0.03130117438121367,0.09672732368691807,187,0.9444444444444444,0.903272676313082,0.9686988256187864,1.1199444904304091e-05,0.037249666973789335,0.036428898353661573,0.03734408791388727,0.975493053617053,1.0,1.0,7.863636363636363,0.010484848484848487,0.07151458143624574,1.9251879687813092,2.628230971046335,0.010551395410870223,2.700992778261127,1.0,0.0
contamination_asymmetric_eps_0p01,normal_contamination_asymmetric,"{""base"":""N(0,1)"",""centered_and_standardized"":true,""contaminant"":""N(10,1)"",""epsilon"":0.01}",2000,exploratory,all,200,200,200,1.0,0.9811546736227335,1.0,10,0.05,0.02738264560076393,0.08957814813877599,190,0.95,0.9104218518612239,0.972617354399236,0.00016117267614317962,0.022512804228519263,0.022319629595124114,0.022568719794572516,0.988963033715882,1.0,1.0,21.025,0.010512500000000001,0.07094957449537811,3.153877855953409,3.832273043640711,0.006453157685154534,4.4306595237232935,1.0,0.0
contamination_asymmetric_eps_0p01,normal_contamination_asymmetric,"{""base"":""N(0,1)"",""centered_and_standardized"":true,""contaminant"":""N(10,1)"",""epsilon"":0.01}",2000,exploratory,acceptable,200,0,0,0.0,1.734723475976807e-18,0.018845326377266575,0,nan,nan,nan,0,nan,nan,nan,nan,nan,nan,nan,nan,nan,nan,nan,nan,nan,nan,nan,nan,nan,nan,nan
contamination_asymmetric_eps_0p01,normal_contamination_asymmetric,"{""base"":""N(0,1)"",""centered_and_standardized"":true,""contaminant"":""N(10,1)"",""epsilon"":0.01}",2000,exploratory,caution,200,0,0,0.0,1.734723475976807e-18,0.018845326377266575,0,nan,nan,nan,0,nan,nan,nan,nan,nan,nan,nan,nan,nan,nan,nan,nan,nan,nan,nan,nan,nan,nan,nan
contamination_asymmetric_eps_0p01,normal_contamination_asymmetric,"{""base"":""N(0,1)"",""centered_and_standardized"":true,""contaminant"":""N(10,1)"",""epsilon"":0.01}",2000,exploratory,insufficient,200,200,200,1.0,0.9811546736227335,1.0,10,0.05,0.02738264560076393,0.08957814813877599,190,0.95,0.9104218518612239,0.972617354399236,0.00016117267614317962,0.022512804228519263,0.022319629595124114,0.022568719794572516,0.988963033715882,1.0,1.0,21.025,0.010512500000000001,0.07094957449537811,3.153877855953409,3.832273043640711,0.006453157685154534,4.4306595237232935,1.0,0.0
contamination_asymmetric_eps_0p025,normal_contamination_asymmetric,"{""base"":""N(0,1)"",""centered_and_standardized"":true,""contaminant"":""N(10,1)"",""epsilon"":0.025}",5,exploratory,all,200,200,200,1.0,0.9811546736227335,1.0,11,0.055,0.03098534170345884,0.0957869987723084,189,0.945,0.9042130012276914,0.9690146582965411,0.05424666259688567,0.496931684965439,0.34943834970801047,0.49520149608854336,0.7056488166294432,0.33,0.33,0.44,0.08800000000000001,0.1860920036384711,0.0,0.9943423696753351,0.15295119915988484,1.8392716924997385,0.155,0.605
contamination_asymmetric_eps_0p025,normal_contamination_asymmetric,"{""base"":""N(0,1)"",""centered_and_standardized"":true,""contaminant"":""N(10,1)"",""epsilon"":0.025}",5,exploratory,acceptable,200,109,109,0.545,0.47578611372488105,0.6125178069011651,7,0.06422018348623854,0.03145364631393962,0.126657202368408,102,0.9357798165137615,0.8733427976315921,0.9685463536860605,-0.08443269634871409,0.32719626918610917,0.23884213920027958,0.31757484537578223,0.7520814153830753,0.0,0.0,0.0,0.0,0.0,0.0,0.0,0.0,0.0,0.0,1.0
contamination_asymmetric_eps_0p025,normal_contamination_asymmetric,"{""base"":""N(0,1)"",""centered_and_standardized"":true,""contaminant"":""N(10,1)"",""epsilon"":0.025}",5,exploratory,caution,200,0,0,0.0,1.734723475976807e-18,0.018845326377266575,0,nan,nan,nan,0,nan,nan,nan,nan,nan,nan,nan,nan,nan,nan,nan,nan,nan,nan,nan,nan,nan,nan,nan
contamination_asymmetric_eps_0p025,normal_contamination_asymmetric,"{""base"":""N(0,1)"",""centered_and_standardized"":true,""contaminant"":""N(10,1)"",""epsilon"":0.025}",5,exploratory,insufficient,200,91,91,0.455,0.387482193098835,0.524213886275119,4,0.04395604395604396,0.01722436644411733,0.10763093384266353,87,0.9560439560439561,0.8923690661573366,0.9827756335558827,0.2203571035317249,0.6438121651235991,0.48191073372276516,0.6082785676760853,0.7922533512300036,0.7252747252747253,0.7252747252747253,0.967032967032967,0.19340659340659339,0.40899341459004623,0.9245359549016433,1.1598039770433206,0.33615648167007656,4.042355368131293,0.34065934065934067,0.13186813186813187
contamination_asymmetric_eps_0p025,normal_contamination_asymmetric,"{""base"":""N(0,1)"",""centered_and_standardized"":true,""contaminant"":""N(10,1)"",""epsilon"":0.025}",8,exploratory,all,200,200,200,1.0,0.9811546736227335,1.0,8,0.04,0.020405632066152306,0.07693206820093293,192,0.96,0.923067931799067,0.9795943679338476,0.00913330775656914,0.32557160048478595,0.2801382701801008,0.3262601387271515,0.8586346811259649,0.3,0.3,0.375,0.046875,0.14626793792514672,0.0,0.9769186922151936,0.10146712408780621,0.7614198508012734,0.265,0.655
contamination_asymmetric_eps_0p025,normal_contamination_asymmetric,"{""base"":""N(0,1)"",""centered_and_standardized"":true,""contaminant"":""N(10,1)"",""epsilon"":0.025}",8,exploratory,acceptable,200,124,124,0.62,0.5510671801561923,0.6844099415132637,4,0.03225806451612903,0.012614619069790334,0.08001150495858558,120,0.967741935483871,0.9199884950414144,0.9873853809302097,-0.10682272560745679,0.20811477093696196,0.1865234698762895,0.17933214480708243,1.0401005914301822,0.0,0.0,0.0,0.0,0.0,0.0,0.0,0.0,0.0,0.008064516129032258,1.0
contamination_asymmetric_eps_0p025,normal_contamination_asymmetric,"{""base"":""N(0,1)"",""centered_and_standardized"":true,""contaminant"":""N(10,1)"",""epsilon"":0.025}",8,exploratory,caution,200,0,0,0.0,1.734723475976807e-18,0.018845326377266575,0,nan,nan,nan,0,nan,nan,nan,nan,nan,nan,nan,nan,nan,nan,nan,nan,nan,nan,nan,nan,nan,nan,nan
contamination_asymmetric_eps_0p025,normal_contamination_asymmetric,"{""base"":""N(0,1)"",""centered_and_standardized"":true,""contaminant"":""N(10,1)"",""epsilon"":0.025}",8,exploratory,insufficient,200,76,76,0.38,0.31559005848673627,0.44893281984380773,4,0.05263157894736842,0.020655429299384284,0.12765672575889647,72,0.9473684210526315,0.8723432742411035,0.9793445707006156,0.19832473061366399,0.4563688984377709,0.4328782075178981,0.41375403843849834,1.0462211055427375,0.7894736842105263,0.7894736842105263,0.9868421052631579,0.12335526315789473,0.3849156261188072,0.9378971471675612,1.1460526263531263,0.26701874759949,2.003736449477035,0.6842105263157895,0.09210526315789473
contamination_asymmetric_eps_0p025,normal_contamination_asymmetric,"{""base"":""N(0,1)"",""centered_and_standardized"":true,""contaminant"":""N(10,1)"",""epsilon"":0.025}",10,exploratory,all,200,200,200,1.0,0.9811546736227335,1.0,16,0.08,0.049840585889759974,0.12598948826714396,184,0.92,0.874010511732856,0.9501594141102401,0.04555387829344561,0.36245630899047127,0.273163615397829,0.36048462648089064,0.7577677252550171,0.325,0.325,0.42,0.041999999999999996,0.16772410066635893,0.0,0.9831675681025762,0.1088910119191639,0.5950521288427063,0.295,0.66
contamination_asymmetric_eps_0p025,normal_contamination_asymmetric,"{""base"":""N(0,1)"",""centered_and_standardized"":true,""contaminant"":""N(10,1)"",""epsilon"":0.025}",10,exploratory,acceptable,200,127,127,0.635,0.566317026527406,0.698594735350732,14,0.11023622047244094,0.06681000217884539,0.17654909139660796,113,0.889763779527559,0.8234509086033921,0.9331899978211546,-0.10314288342147922,0.2374486652767914,0.1701196174777631,0.21472414212519605,0.7922705653590362,0.0,0.0,0.0,0.0,0.0,0.0,0.0,0.0,0.0,0.015748031496062992,1.0
contamination_asymmetric_eps_0p025,normal_contamination_asymmetric,"{""base"":""N(0,1)"",""centered_and_standardized"":true,""contaminant"":""N(10,1)"",""epsilon"":0.025}",10,exploratory,caution,200,0,0,0.0,1.734723475976807e-18,0.018845326377266575,0,nan,nan,nan,0,nan,nan,nan,nan,nan,nan,nan,nan,nan,nan,nan,nan,nan,nan,nan,nan,nan,nan,nan
contamination_asymmetric_eps_0p025,normal_contamination_asymmetric,"{""base"":""N(0,1)"",""centered_and_standardized"":true,""contaminant"":""N(10,1)"",""epsilon"":0.025}",10,exploratory,insufficient,200,73,73,0.365,0.301405264649268,0.433682973472594,2,0.0273972602739726,0.007545758679607641,0.09450148171690531,71,0.9726027397260274,0.9054985182830946,0.9924542413203923,0.3042455048385887,0.5117043488736027,0.45243194054643693,0.4142789750686312,1.0920948630605383,0.8904109589041096,0.8904109589041096,1.1506849315068493,0.11506849315068492,0.4595180840174218,0.9571262499874746,1.4324275348212916,0.2983315395045586,1.6302798050485106,0.7808219178082192,0.0684931506849315
contamination_asymmetric_eps_0p025,normal_contamination_asymmetric,"{""base"":""N(0,1)"",""centered_and_standardized"":true,""contaminant"":""N(10,1)"",""epsilon"":0.025}",15,exploratory,all,200,200,200,1.0,0.9811546736227335,1.0,7,0.035,0.017055542008567192,0.07047061152229073,193,0.965,0.9295293884777092,0.9829444579914328,0.044618691165977324,0.2715802760679403,0.23217577123619237,0.2685621845731212,0.864514010433878,0.43,0.43,0.61,0.04066666666666666,0.155169288466805,0.0,0.9680724314653767,0.09668902089148461,0.6310674210049325,0.39,0.61
contamination_asymmetric_eps_0p025,normal_contamination_asymmetric,"{""base"":""N(0,1)"",""centered_and_standardized"":true,""contaminant"":""N(10,1)"",""epsilon"":0.025}",15,exploratory,acceptable,200,111,111,0.555,0.4857330241280342,0.6221939899704665,6,0.05405405405405406,0.025006314260033254,0.11293567100704646,105,0.9459459459459459,0.8870643289929536,0.9749936857399668,-0.11740824000123322,0.16557965130953858,0.13712057366128563,0.1172853473737423,1.1691193890088953,0.0,0.0,0.0,0.0,0.0,0.0,0.0,0.0,0.0,0.009009009009009009,1.0
contamination_asymmetric_eps_0p025,normal_contamination_asymmetric,"{""base"":""N(0,1)"",""centered_and_standardized"":true,""contaminant"":""N(10,1)"",""epsilon"":0.025}",15,exploratory,caution,200,0,0,0.0,1.734723475976807e-18,0.018845326377266575,0,nan,nan,nan,0,nan,nan,nan,nan,nan,nan,nan,nan,nan,nan,nan,nan,nan,nan,nan,nan,nan,nan,nan
contamination_asymmetric_eps_0p025,normal_contamination_asymmetric,"{""base"":""N(0,1)"",""centered_and_standardized"":true,""contaminant"":""N(10,1)"",""epsilon"":0.025}",15,exploratory,insufficient,200,89,89,0.445,0.3778060100295335,0.5142669758719658,1,0.011235955056179775,0.001986183228256385,0.060932462115046646,88,0.9887640449438202,0.9390675378849535,0.9980138167717437,0.24669722329586916,0.36269782431424014,0.35072775922287386,0.26738266476018885,1.3117071727048417,0.9662921348314607,0.9662921348314607,1.3707865168539326,0.09138576779026217,0.34869503026248316,0.944154759177321,1.4188624083879784,0.2172786986325497,1.4181290359661403,0.8651685393258427,0.12359550561797752
contamination_asymmetric_eps_0p025,normal_contamination_asymmetric,"{""base"":""N(0,1)"",""centered_and_standardized"":true,""contaminant"":""N(10,1)"",""epsilon"":0.025}",20,exploratory,all,200,200,200,1.0,0.9811546736227335,1.0,24,0.12,0.08197992706375512,0.17234252098296743,176,0.88,0.8276574790170326,0.9180200729362449,-0.013999748503959204,0.21082409826938586,0.2004995285359045,0.21088663618049194,0.9507455387751673,0.48,0.48,0.635,0.03175,0.13719746709788458,0.0,0.9587554342429693,0.08026069670428351,0.8143887906181649,0.475,0.545
contamination_asymmetric_eps_0p025,normal_contamination_asymmetric,"{""base"":""N(0,1)"",""centered_and_standardized"":true,""contaminant"":""N(10,1)"",""epsilon"":0.025}",20,exploratory,acceptable,200,101,101,0.505,0.43627000033527485,0.5735415464009526,20,0.19801980198019803,0.13200501483806298,0.2861640884331373,81,0.801980198019802,0.7138359115668629,0.8679949851619371,-0.14117561172782955,0.18414370624695087,0.11976575517290786,0.11881975726146227,1.0079616213098628,0.0,0.0,0.0,0.0,0.0,0.0,0.0,0.0,0.0,0.0297029702970297,1.0
contamination_asymmetric_eps_0p025,normal_contamination_asymmetric,"{""base"":""N(0,1)"",""centered_and_standardized"":true,""contaminant"":""N(10,1)"",""epsilon"":0.025}",20,exploratory,caution,200,0,0,0.0,1.734723475976807e-18,0.018845326377266575,0,nan,nan,nan,0,nan,nan,nan,nan,nan,nan,nan,nan,nan,nan,nan,nan,nan,nan,nan,nan,nan,nan,nan
contamination_asymmetric_eps_0p025,normal_contamination_asymmetric,"{""base"":""N(0,1)"",""centered_and_standardized"":true,""contaminant"":""N(10,1)"",""epsilon"":0.025}",20,exploratory,insufficient,200,99,99,0.495,0.4264584535990475,0.5637299996647251,4,0.04040404040404041,0.015822638994147556,0.09932021250254229,95,0.9595959595959596,0.9006797874974577,0.9841773610058524,0.11574532407796911,0.23494165883661705,0.2828642872193658,0.2054924324066595,1.376519241640934,0.9696969696969697,0.9696969696969697,1.2828282828282829,0.06414141414141414,0.27716660019774664,0.9229192854801054,1.349970160522215,0.16214282162481516,1.645229880036697,0.9292929292929293,0.08080808080808081
contamination_asymmetric_eps_0p025,normal_contamination_asymmetric,"{""base"":""N(0,1)"",""centered_and_standardized"":true,""contaminant"":""N(10,1)"",""epsilon"":0.025}",30,exploratory,all,200,200,200,1.0,0.9811546736227335,1.0,23,0.115,0.07786373232561955,0.16664716898487572,177,0.885,0.8333528310151243,0.9221362676743804,0.023930142173839136,0.19242139894156818,0.16852792821934043,0.19140670232424775,0.8804703606138613,0.595,0.595,0.895,0.029833333333333333,0.14299711675239915,0.8424262172845443,1.3554944985093982,0.07224636118720335,0.9863776815344585,0.575,0.44
contamination_asymmetric_eps_0p025,normal_contamination_asymmetric,"{""base"":""N(0,1)"",""centered_and_standardized"":true,""contaminant"":""N(10,1)"",""epsilon"":0.025}",30,exploratory,acceptable,200,79,79,0.395,0.32984101013207967,0.46411650840714636,21,0.26582278481012656,0.1809333769412442,0.3724303550992005,58,0.7341772151898734,0.6275696449007995,0.8190666230587558,-0.1300338186972629,0.1618638094641241,0.09676413674752202,0.09700626505873834,0.9975039930558123,0.0,0.0,0.0,0.0,0.0,0.0,0.0,0.0,0.0,0.02531645569620253,1.0
contamination_asymmetric_eps_0p025,normal_contamination_asymmetric,"{""base"":""N(0,1)"",""centered_and_standardized"":true,""contaminant"":""N(10,1)"",""epsilon"":0.025}",30,exploratory,caution,200,0,0,0.0,1.734723475976807e-18,0.018845326377266575,0,nan,nan,nan,0,nan,nan,nan,nan,nan,nan,nan,nan,nan,nan,nan,nan,nan,nan,nan,nan,nan,nan,nan
contamination_asymmetric_eps_0p025,normal_contamination_asymmetric,"{""base"":""N(0,1)"",""centered_and_standardized"":true,""contaminant"":""N(10,1)"",""epsilon"":0.025}",30,exploratory,insufficient,200,121,121,0.605,0.5358834915928536,0.6701589898679203,2,0.01652892561983471,0.004544593546124867,0.05826674248573428,119,0.9834710743801653,0.9417332575142658,0.9954554064538752,0.12445206704009587,0.20998637149404026,0.2153819738910235,0.16983622174378146,1.2681745488659855,0.9834710743801653,0.9834710743801653,1.4793388429752066,0.04931129476584021,0.2363588706651226,0.9007166043091472,1.3808572876984098,0.11941547303669978,1.6303763331148073,0.9338842975206612,0.0743801652892562
contamination_asymmetric_eps_0p025,normal_contamination_asymmetric,"{""base"":""N(0,1)"",""centered_and_standardized"":true,""contaminant"":""N(10,1)"",""epsilon"":0.025}",40,exploratory,all,200,200,200,1.0,0.9811546736227335,1.0,28,0.14,0.09866982633455634,0.1948988086570756,172,0.86,0.8051011913429243,0.9013301736654437,-0.0026083364206366646,0.1601070293711183,0.145872766001782,0.16048750302843653,0.9089353578884896,0.655,0.655,1.065,0.026625000000000006,0.1343674885684081,0.8226432963245135,1.3805999732616219,0.061103685946255155,1.2202523831813672,0.66,0.385
contamination_asymmetric_eps_0p025,normal_contamination_asymmetric,"{""base"":""N(0,1)"",""centered_and_standardized"":true,""contaminant"":""N(10,1)"",""epsilon"":0.025}",40,exploratory,acceptable,200,69,69,0.345,0.2825979437674894,0.4132441074094632,24,0.34782608695652173,0.24618141928624354,0.4655212245104244,45,0.6521739130434783,0.5344787754895757,0.7538185807137565,-0.13874131804337336,0.16278235196928548,0.08534950805933914,0.08576446146590973,0.9951617091802584,0.0,0.0,0.0,0.0,0.0,0.0,0.0,0.0,0.0,0.08695652173913043,1.0
contamination_asymmetric_eps_0p025,normal_contamination_asymmetric,"{""base"":""N(0,1)"",""centered_and_standardized"":true,""contaminant"":""N(10,1)"",""epsilon"":0.025}",40,exploratory,caution,200,7,7,0.035,0.017055542008567192,0.07047061152229073,3,0.42857142857142855,0.15821985525146975,0.7495416354723428,4,0.5714285714285714,0.2504583645276572,0.8417801447485302,-0.11833346518207809,0.16518457039318846,0.0818249528456232,0.12448690238862413,0.6572976857451354,1.0,1.0,1.0,0.024999999999999998,0.04118659581619867,0.49849083736583377,0.5329265392197129,0.009333650833587647,0.5141802004675416,0.42857142857142855,1.0
contamination_asymmetric_eps_0p025,normal_contamination_asymmetric,"{""base"":""N(0,1)"",""centered_and_standardized"":true,""contaminant"":""N(10,1)"",""epsilon"":0.025}",40,exploratory,insufficient,200,124,124,0.62,0.5510671801561923,0.6844099415132637,1,0.008064516129032258,0.0014250064581251692,0.04426798605447708,123,0.9919354838709677,0.9557320139455229,0.9985749935418747,0.07967595094467719,0.15830457783214108,0.18316663285760196,0.137347052947259,1.3336043906813029,1.0,1.0,1.6612903225806452,0.04153225806451614,0.2143967059916793,0.8818905099772246,1.6633723966630822,0.09802743252754773,1.9391227034919407,0.9919354838709677,0.008064516129032258
contamination_asymmetric_eps_0p025,normal_contamination_asymmetric,"{""base"":""N(0,1)"",""centered_and_standardized"":true,""contaminant"":""N(10,1)"",""epsilon"":0.025}",50,exploratory,all,200,200,200,1.0,0.9811546736227335,1.0,32,0.16,0.1156741203158702,0.21714070162067106,168,0.84,0.7828592983793289,0.8843258796841297,0.004361432657269868,0.1513889862544583,0.1334847924300066,0.151705887975917,0.8798919686703066,0.725,0.725,1.31,0.0262,0.1355745320599007,0.842233376462971,1.6210185350806314,0.05831981316187137,1.446006638943183,0.74,0.275
contamination_asymmetric_eps_0p025,normal_contamination_asymmetric,"{""base"":""N(0,1)"",""centered_and_standardized"":true,""contaminant"":""N(10,1)"",""epsilon"":0.025}",50,exploratory,acceptable,200,55,55,0.275,0.21779700329307355,0.34068339357669647,31,0.5636363636363636,0.43269816346414447,0.6862655763936809,24,0.43636363636363634,0.3137344236063191,0.5673018365358555,-0.14570446461774925,0.16664203782955267,0.07412979330700037,0.08161424359780518,0.9082948029551291,0.0,0.0,0.0,0.0,0.0,0.0,0.0,0.0,0.0,0.05454545454545454,1.0
contamination_asymmetric_eps_0p025,normal_contamination_asymmetric,"{""base"":""N(0,1)"",""centered_and_standardized"":true,""contaminant"":""N(10,1)"",""epsilon"":0.025}",50,exploratory,caution,200,0,0,0.0,1.734723475976807e-18,0.018845326377266575,0,nan,nan,nan,0,nan,nan,nan,nan,nan,nan,nan,nan,nan,nan,nan,nan,nan,nan,nan,nan,nan,nan,nan
contamination_asymmetric_eps_0p025,normal_contamination_asymmetric,"{""base"":""N(0,1)"",""centered_and_standardized"":true,""contaminant"":""N(10,1)"",""epsilon"":0.025}",50,exploratory,insufficient,200,145,145,0.725,0.6593166064233035,0.7822029967069265,1,0.006896551724137931,0.00121844987051168,0.038027731045594475,144,0.993103448275862,0.9619722689544055,0.9987815501294883,0.061282979899518496,0.14518475148799037,0.15599875761459514,0.13207311274056446,1.1811545467322224,1.0,1.0,1.806896551724138,0.03613793103448276,0.18699935456538025,0.9878513747519865,1.640846491459072,0.0804411216025812,1.9944919157837007,1.0,0.0
contamination_asymmetric_eps_0p025,normal_contamination_asymmetric,"{""base"":""N(0,1)"",""centered_and_standardized"":true,""contaminant"":""N(10,1)"",""epsilon"":0.025}",80,exploratory,all,200,200,200,1.0,0.9811546736227335,1.0,20,0.1,0.06567044866909588,0.1494058124327174,180,0.9,0.8505941875672826,0.9343295513309041,-8.824497019154637e-05,0.11656512428232423,0.10985146733243663,0.11685760097790164,0.9400455461447483,0.915,0.915,2.12,0.026500000000000003,0.13986060718919532,1.177234096800508,1.8723365475669036,0.049363000089511236,2.0792226466174113,0.92,0.1
contamination_asymmetric_eps_0p025,normal_contamination_asymmetric,"{""base"":""N(0,1)"",""centered_and_standardized"":true,""contaminant"":""N(10,1)"",""epsilon"":0.025}",80,exploratory,acceptable,200,17,17,0.085,0.05374575017747561,0.13189587071565567,13,0.7647058823529411,0.5273820188043501,0.9044495567791988,4,0.23529411764705882,0.09555044322080117,0.4726179811956498,-0.14638646233960273,0.16608707581204346,0.06042931694603772,0.08087438049351452,0.7471997507403926,0.0,0.0,0.0,0.0,0.0,0.0,0.0,0.0,0.0,0.11764705882352941,1.0
contamination_asymmetric_eps_0p025,normal_contamination_asymmetric,"{""base"":""N(0,1)"",""centered_and_standardized"":true,""contaminant"":""N(10,1)"",""epsilon"":0.025}",80,exploratory,caution,200,3,3,0.015,0.00511423779325831,0.04316572879269026,3,1.0,0.4385029682449546,1.0,0,0.0,5.551115123125783e-17,0.5614970317550454,-0.18297316751952694,0.18971559933853416,0.06176012848427958,0.06139416014879211,1.005960963300101,1.0,1.0,1.0,0.012500000000000002,0.02253144654704653,0.3777538155670118,0.40187510891657163,0.003596833591747751,0.3538261897997594,0.6666666666666666,1.0
contamination_asymmetric_eps_0p025,normal_contamination_asymmetric,"{""base"":""N(0,1)"",""centered_and_standardized"":true,""contaminant"":""N(10,1)"",""epsilon"":0.025}",80,exploratory,insufficient,200,180,180,0.9,0.8505941875672826,0.9343295513309041,4,0.022222222222222223,0.008674923426990527,0.05573633014255083,176,0.9777777777777777,0.944263669857449,0.9913250765730094,0.016776890934963987,0.10905060061766121,0.11532063718306582,0.10805291732282507,1.0672607463112476,1.0,1.0,2.338888888888889,0.029236111111111115,0.15502515054554403,1.202533842377888,1.8890572127411889,0.05478783065070557,2.3043502819671278,1.0,0.0
contamination_asymmetric_eps_0p025,normal_contamination_asymmetric,"{""base"":""N(0,1)"",""centered_and_standardized"":true,""contaminant"":""N(10,1)"",""epsilon"":0.025}",100,confirmatory_5000,all,5000,5000,5000,1.0,0.9992322980549431,1.0000000000000002,403,0.0806,0.07337259170799372,0.0884713566835202,4597,0.9194,0.9115286433164798,0.9266274082920063,0.00178850881181533,0.10048731370832467,0.09757403631093849,0.10048144483782394,0.9710652197370571,0.9282,0.9282,2.593,0.02593,0.13562834854532865,1.204963442476401,2.0270214107541142,0.043411296386226976,2.2832894663978767,0.9256,0.0786
contamination_asymmetric_eps_0p025,normal_contamination_asymmetric,"{""base"":""N(0,1)"",""centered_and_standardized"":true,""contaminant"":""N(10,1)"",""epsilon"":0.025}",100,confirmatory_5000,acceptable,5000,359,359,0.0718,0.06496832668290924,0.0792891332628377,266,0.7409470752089137,0.6932446794291396,0.7835475828506009,93,0.2590529247910863,0.21645241714939922,0.3067553205708604,-0.1371252250761906,0.14700357634853556,0.053271146402694536,0.05305246571589335,1.0041219702769757,0.0,0.0,0.0,0.0,0.0,0.0,0.0,0.0,0.0,0.03064066852367688,1.0
contamination_asymmetric_eps_0p025,normal_contamination_asymmetric,"{""base"":""N(0,1)"",""centered_and_standardized"":true,""contaminant"":""N(10,1)"",""epsilon"":0.025}",100,confirmatory_5000,caution,5000,35,35,0.007,0.005037635094103144,0.009719319023723182,25,0.7142857142857143,0.5494506513681738,0.836734637635653,10,0.2857142857142857,0.16326536236434688,0.45054934863182616,-0.13309193144493384,0.14175204695993382,0.054093259590178966,0.0494993526563706,1.0928074143857944,1.0,1.0,1.1428571428571428,0.011428571428571429,0.01872960534635363,0.33895162459891787,0.4849529959211367,0.0030796115096998287,0.3639864866151618,0.3142857142857143,0.9714285714285714
contamination_asymmetric_eps_0p025,normal_contamination_asymmetric,"{""base"":""N(0,1)"",""centered_and_standardized"":true,""contaminant"":""N(10,1)"",""epsilon"":0.025}",100,confirmatory_5000,insufficient,5000,4606,4606,0.9212,0.9134045309031973,0.9283487569782867,112,0.0243161094224924,0.020248489117206957,0.029176520583447985,4494,0.9756838905775076,0.970823479416552,0.979751510882793,0.013640624720365124,0.09552198518980698,0.10135748500010179,0.09455328671590718,1.0719615205406698,1.0,1.0,2.806122448979592,0.02806122448979592,0.1470877565218239,1.3607831163063484,2.053690393218706,0.04710132338868767,2.475837560781123,1.0,0.0
contamination_asymmetric_eps_0p025,normal_contamination_asymmetric,"{""base"":""N(0,1)"",""centered_and_standardized"":true,""contaminant"":""N(10,1)"",""epsilon"":0.025}",200,exploratory,all,200,200,200,1.0,0.9811546736227335,1.0,15,0.075,0.04597491718438201,0.12004361023629456,185,0.925,0.8799563897637055,0.954025082815618,0.006453334843087021,0.07489122318462495,0.07117061364718824,0.07479989909092369,0.9514800756706391,0.995,0.995,5.335,0.026675000000000004,0.14111307729367317,1.9158743979925212,2.5804933004014656,0.03263307108216937,3.4482053465740137,0.995,0.005
contamination_asymmetric_eps_0p025,normal_contamination_asymmetric,"{""base"":""N(0,1)"",""centered_and_standardized"":true,""contaminant"":""N(10,1)"",""epsilon"":0.025}",200,exploratory,acceptable,200,1,1,0.005,0.0008831687156009814,0.02777370439789293,1,1.0,0.20654931437723745,1.0,0,0.0,0.0,0.7934506856227626,-0.09356445340288473,0.09356445340288473,0.04096340028829305,nan,nan,0.0,0.0,0.0,0.0,0.0,0.0,0.0,0.0,0.0,0.0,1.0
contamination_asymmetric_eps_0p025,normal_contamination_asymmetric,"{""base"":""N(0,1)"",""centered_and_standardized"":true,""contaminant"":""N(10,1)"",""epsilon"":0.025}",200,exploratory,caution,200,0,0,0.0,1.734723475976807e-18,0.018845326377266575,0,nan,nan,nan,0,nan,nan,nan,nan,nan,nan,nan,nan,nan,nan,nan,nan,nan,nan,nan,nan,nan,nan,nan
contamination_asymmetric_eps_0p025,normal_contamination_asymmetric,"{""base"":""N(0,1)"",""centered_and_standardized"":true,""contaminant"":""N(10,1)"",""epsilon"":0.025}",200,exploratory,insufficient,200,199,199,0.995,0.9722262956021069,0.9991168312843989,14,0.07035175879396985,0.042366344045329206,0.11461073059127666,185,0.9296482412060302,0.8853892694087233,0.9576336559546708,0.006955936794071803,0.0747856150370427,0.07132240868919272,0.07464921768509475,0.9554341076963986,1.0,1.0,5.36180904522613,0.02680904522613065,0.14182218823484743,1.9173397189161425,2.5807054904588105,0.032797056363989316,3.4655330116321745,1.0,0.0
contamination_asymmetric_eps_0p025,normal_contamination_asymmetric,"{""base"":""N(0,1)"",""centered_and_standardized"":true,""contaminant"":""N(10,1)"",""epsilon"":0.025}",500,exploratory,all,200,200,200,1.0,0.9811546736227335,1.0,6,0.03,0.013820314340111346,0.06389429245451925,194,0.97,0.9361057075454807,0.9861796856598887,-0.0087163775279084,0.04186417461249096,0.0435465018174709,0.04104947228222736,1.0608297597122738,1.0,1.0,11.965,0.023930000000000003,0.1267204417135734,2.8671005814479305,3.5579632504910195,0.019225692560935426,5.284346825860282,1.0,0.0
contamination_asymmetric_eps_0p025,normal_contamination_asymmetric,"{""base"":""N(0,1)"",""centered_and_standardized"":true,""contaminant"":""N(10,1)"",""epsilon"":0.025}",500,exploratory,acceptable,200,0,0,0.0,1.734723475976807e-18,0.018845326377266575,0,nan,nan,nan,0,nan,nan,nan,nan,nan,nan,nan,nan,nan,nan,nan,nan,nan,nan,nan,nan,nan,nan,nan
contamination_asymmetric_eps_0p025,normal_contamination_asymmetric,"{""base"":""N(0,1)"",""centered_and_standardized"":true,""contaminant"":""N(10,1)"",""epsilon"":0.025}",500,exploratory,caution,200,0,0,0.0,1.734723475976807e-18,0.018845326377266575,0,nan,nan,nan,0,nan,nan,nan,nan,nan,nan,nan,nan,nan,nan,nan,nan,nan,nan,nan,nan,nan,nan,nan
contamination_asymmetric_eps_0p025,normal_contamination_asymmetric,"{""base"":""N(0,1)"",""centered_and_standardized"":true,""contaminant"":""N(10,1)"",""epsilon"":0.025}",500,exploratory,insufficient,200,200,200,1.0,0.9811546736227335,1.0,6,0.03,0.013820314340111346,0.06389429245451925,194,0.97,0.9361057075454807,0.9861796856598887,-0.0087163775279084,0.04186417461249096,0.0435465018174709,0.04104947228222736,1.0608297597122738,1.0,1.0,11.965,0.023930000000000003,0.1267204417135734,2.8671005814479305,3.5579632504910195,0.019225692560935426,5.284346825860282,1.0,0.0
contamination_asymmetric_eps_0p025,normal_contamination_asymmetric,"{""base"":""N(0,1)"",""centered_and_standardized"":true,""contaminant"":""N(10,1)"",""epsilon"":0.025}",750,exploratory,all,200,200,200,1.0,0.9811546736227335,1.0,10,0.05,0.02738264560076393,0.08957814813877599,190,0.95,0.9104218518612239,0.972617354399236,0.00046311542236505856,0.03781093979711768,0.03632575464787414,0.03790297972199355,0.958387834262956,1.0,1.0,18.89,0.025186666666666663,0.13407150238566076,3.627719756926685,4.33651121581576,0.016375389521445204,6.645389549217303,1.0,0.0
contamination_asymmetric_eps_0p025,normal_contamination_asymmetric,"{""base"":""N(0,1)"",""centered_and_standardized"":true,""contaminant"":""N(10,1)"",""epsilon"":0.025}",750,exploratory,acceptable,200,0,0,0.0,1.734723475976807e-18,0.018845326377266575,0,nan,nan,nan,0,nan,nan,nan,nan,nan,nan,nan,nan,nan,nan,nan,nan,nan,nan,nan,nan,nan,nan,nan
contamination_asymmetric_eps_0p025,normal_contamination_asymmetric,"{""base"":""N(0,1)"",""centered_and_standardized"":true,""contaminant"":""N(10,1)"",""epsilon"":0.025}",750,exploratory,caution,200,0,0,0.0,1.734723475976807e-18,0.018845326377266575,0,nan,nan,nan,0,nan,nan,nan,nan,nan,nan,nan,nan,nan,nan,nan,nan,nan,nan,nan,nan,nan,nan,nan
contamination_asymmetric_eps_0p025,normal_contamination_asymmetric,"{""base"":""N(0,1)"",""centered_and_standardized"":true,""contaminant"":""N(10,1)"",""epsilon"":0.025}",750,exploratory,insufficient,200,200,200,1.0,0.9811546736227335,1.0,10,0.05,0.02738264560076393,0.08957814813877599,190,0.95,0.9104218518612239,0.972617354399236,0.00046311542236505856,0.03781093979711768,0.03632575464787414,0.03790297972199355,0.958387834262956,1.0,1.0,18.89,0.025186666666666663,0.13407150238566076,3.627719756926685,4.33651121581576,0.016375389521445204,6.645389549217303,1.0,0.0
contamination_asymmetric_eps_0p025,normal_contamination_asymmetric,"{""base"":""N(0,1)"",""centered_and_standardized"":true,""contaminant"":""N(10,1)"",""epsilon"":0.025}",2000,exploratory,all,200,200,200,1.0,0.9811546736227335,1.0,11,0.055,0.03098534170345884,0.0957869987723084,189,0.945,0.9042130012276914,0.9690146582965411,-0.002353782618200756,0.021709425710233887,0.0222710851042769,0.021635604195374684,1.0293719973412192,1.0,1.0,50.1,0.025050000000000003,0.1336012348471562,6.0256144607264215,6.615016649575294,0.010084358315069201,11.015945643936993,1.0,0.0
contamination_asymmetric_eps_0p025,normal_contamination_asymmetric,"{""base"":""N(0,1)"",""centered_and_standardized"":true,""contaminant"":""N(10,1)"",""epsilon"":0.025}",2000,exploratory,acceptable,200,0,0,0.0,1.734723475976807e-18,0.018845326377266575,0,nan,nan,nan,0,nan,nan,nan,nan,nan,nan,nan,nan,nan,nan,nan,nan,nan,nan,nan,nan,nan,nan,nan
contamination_asymmetric_eps_0p025,normal_contamination_asymmetric,"{""base"":""N(0,1)"",""centered_and_standardized"":true,""contaminant"":""N(10,1)"",""epsilon"":0.025}",2000,exploratory,caution,200,0,0,0.0,1.734723475976807e-18,0.018845326377266575,0,nan,nan,nan,0,nan,nan,nan,nan,nan,nan,nan,nan,nan,nan,nan,nan,nan,nan,nan,nan,nan,nan,nan
contamination_asymmetric_eps_0p025,normal_contamination_asymmetric,"{""base"":""N(0,1)"",""centered_and_standardized"":true,""contaminant"":""N(10,1)"",""epsilon"":0.025}",2000,exploratory,insufficient,200,200,200,1.0,0.9811546736227335,1.0,11,0.055,0.03098534170345884,0.0957869987723084,189,0.945,0.9042130012276914,0.9690146582965411,-0.002353782618200756,0.021709425710233887,0.0222710851042769,0.021635604195374684,1.0293719973412192,1.0,1.0,50.1,0.025050000000000003,0.1336012348471562,6.0256144607264215,6.615016649575294,0.010084358315069201,11.015945643936993,1.0,0.0
contamination_asymmetric_eps_0p05,normal_contamination_asymmetric,"{""base"":""N(0,1)"",""centered_and_standardized"":true,""contaminant"":""N(10,1)"",""epsilon"":0.05}",5,exploratory,all,200,200,200,1.0,0.9811546736227335,1.0,19,0.095,0.06166310271738653,0.1436016116481994,181,0.905,0.8563983883518006,0.9383368972826135,0.07004906357862337,0.47882763481944873,0.3884888124678056,0.47486473351283565,0.8181041569331547,0.465,0.465,0.56,0.11199999999999999,0.27014451147648005,0.0,0.9938216754522521,0.20149537310123541,1.9574276378516748,0.245,0.51
contamination_asymmetric_eps_0p05,normal_contamination_asymmetric,"{""base"":""N(0,1)"",""centered_and_standardized"":true,""contaminant"":""N(10,1)"",""epsilon"":0.05}",5,exploratory,acceptable,200,84,84,0.42,0.35373599161616726,0.4892792606041954,11,0.13095238095238096,0.07472221316943048,0.21946072923186608,73,0.8690476190476191,0.780539270768134,0.9252777868305695,-0.18372717611675787,0.3447152815412865,0.1974001670546993,0.2934244798691311,0.6727460747063122,0.0,0.0,0.0,0.0,0.0,0.0,0.0,0.0,0.0,0.0,1.0
contamination_asymmetric_eps_0p05,normal_contamination_asymmetric,"{""base"":""N(0,1)"",""centered_and_standardized"":true,""contaminant"":""N(10,1)"",""epsilon"":0.05}",5,exploratory,caution,200,0,0,0.0,1.734723475976807e-18,0.018845326377266575,0,nan,nan,nan,0,nan,nan,nan,nan,nan,nan,nan,nan,nan,nan,nan,nan,nan,nan,nan,nan,nan,nan,nan
contamination_asymmetric_eps_0p05,normal_contamination_asymmetric,"{""base"":""N(0,1)"",""centered_and_standardized"":true,""contaminant"":""N(10,1)"",""epsilon"":0.05}",5,exploratory,insufficient,200,116,116,0.58,0.5107207393958046,0.6462640083838327,8,0.06896551724137931,0.03535749065073652,0.13020673909033134,108,0.9310344827586207,0.8697932609096686,0.9646425093492634,0.2538180647373477,0.5561069749932922,0.5268633488014343,0.49695102975701916,1.0601916833919038,0.8017241379310345,0.8017241379310345,0.9655172413793104,0.19310344827586207,0.4657663990973795,0.9602459889331272,0.9988813766810845,0.34740581569178514,3.374875237675302,0.4224137931034483,0.15517241379310345
contamination_asymmetric_eps_0p05,normal_contamination_asymmetric,"{""base"":""N(0,1)"",""centered_and_standardized"":true,""contaminant"":""N(10,1)"",""epsilon"":0.05}",8,exploratory,all,200,200,200,1.0,0.9811546736227335,1.0,30,0.15,0.10713593562241995,0.20605579284166659,170,0.85,0.7939442071583334,0.89286406437758,-0.01666449666212313,0.33006704533918446,0.27328263547256865,0.3304733151558349,0.826943123512717,0.375,0.375,0.455,0.056875,0.19781710501613578,0.0,0.9821421036780538,0.1313269206185205,0.9122932644121332,0.345,0.6
contamination_asymmetric_eps_0p05,normal_contamination_asymmetric,"{""base"":""N(0,1)"",""centered_and_standardized"":true,""contaminant"":""N(10,1)"",""epsilon"":0.05}",8,exploratory,acceptable,200,116,116,0.58,0.5107207393958046,0.6462640083838327,23,0.19827586206896552,0.13591272407554178,0.2799822367432057,93,0.8017241379310345,0.7200177632567943,0.8640872759244582,-0.20487748429742164,0.25111832949789925,0.14149209115476616,0.14583890138815414,0.9701944392613132,0.0,0.0,0.0,0.0,0.0,0.0,0.0,0.0,0.0,0.0,1.0
contamination_asymmetric_eps_0p05,normal_contamination_asymmetric,"{""base"":""N(0,1)"",""centered_and_standardized"":true,""contaminant"":""N(10,1)"",""epsilon"":0.05}",8,exploratory,caution,200,0,0,0.0,1.734723475976807e-18,0.018845326377266575,0,nan,nan,nan,0,nan,nan,nan,nan,nan,nan,nan,nan,nan,nan,nan,nan,nan,nan,nan,nan,nan,nan,nan
contamination_asymmetric_eps_0p05,normal_contamination_asymmetric,"{""base"":""N(0,1)"",""centered_and_standardized"":true,""contaminant"":""N(10,1)"",""epsilon"":0.05}",8,exploratory,insufficient,200,84,84,0.42,0.35373599161616726,0.4892792606041954,7,0.08333333333333333,0.04095255062240715,0.16215722305647606,77,0.9166666666666666,0.8378427769435238,0.9590474493775928,0.24324867673900338,0.41509956774950324,0.4552791014352483,0.3383797240088624,1.345468032308355,0.8928571428571429,0.8928571428571429,1.0833333333333333,0.13541666666666666,0.4709931071812757,0.9657795654334265,1.4753738087321362,0.31268314432981076,2.1721268200288883,0.8214285714285714,0.047619047619047616
contamination_asymmetric_eps_0p05,normal_contamination_asymmetric,"{""base"":""N(0,1)"",""centered_and_standardized"":true,""contaminant"":""N(10,1)"",""epsilon"":0.05}",10,exploratory,all,200,200,200,1.0,0.9811546736227335,1.0,33,0.165,0.11996855328217307,0.2226578153905955,167,0.835,0.7773421846094045,0.8800314467178268,0.02043180629307582,0.2967652707940833,0.2763184364954972,0.2968040269151568,0.9309794053922472,0.51,0.51,0.62,0.062,0.2252654905329255,0.6256083258546581,0.9865028843632311,0.14792529806037935,1.1289039066145827,0.475,0.49
contamination_asymmetric_eps_0p05,normal_contamination_asymmetric,"{""base"":""N(0,1)"",""centered_and_standardized"":true,""contaminant"":""N(10,1)"",""epsilon"":0.05}",10,exploratory,acceptable,200,93,93,0.465,0.3971856415700402,0.5341335312763685,26,0.27956989247311825,0.19850339172000364,0.37812421695828824,67,0.7204301075268817,0.6218757830417118,0.8014966082799965,-0.19013670193208715,0.2247462699699745,0.12846921206964287,0.12047819581160973,1.0663274894199826,0.0,0.0,0.0,0.0,0.0,0.0,0.0,0.0,0.0,0.0,1.0
contamination_asymmetric_eps_0p05,normal_contamination_asymmetric,"{""base"":""N(0,1)"",""centered_and_standardized"":true,""contaminant"":""N(10,1)"",""epsilon"":0.05}",10,exploratory,caution,200,0,0,0.0,1.734723475976807e-18,0.018845326377266575,0,nan,nan,nan,0,nan,nan,nan,nan,nan,nan,nan,nan,nan,nan,nan,nan,nan,nan,nan,nan,nan,nan,nan
contamination_asymmetric_eps_0p05,normal_contamination_asymmetric,"{""base"":""N(0,1)"",""centered_and_standardized"":true,""contaminant"":""N(10,1)"",""epsilon"":0.05}",10,exploratory,insufficient,200,107,107,0.535,0.4658664687236316,0.6028143584299599,7,0.06542056074766354,0.03204830428813078,0.1289154633356414,100,0.9345794392523364,0.8710845366643586,0.9679516957118693,0.20344929475046045,0.34743940242724847,0.4048229025852586,0.28296792841516116,1.430631749868543,0.9532710280373832,0.9532710280373832,1.158878504672897,0.11588785046728972,0.42105699165032795,0.961351632112322,1.462470684526837,0.27649588422500815,2.110100760027257,0.8878504672897196,0.04672897196261682
contamination_asymmetric_eps_0p05,normal_contamination_asymmetric,"{""base"":""N(0,1)"",""centered_and_standardized"":true,""contaminant"":""N(10,1)"",""epsilon"":0.05}",15,exploratory,all,200,200,200,1.0,0.9811546736227335,1.0,33,0.165,0.11996855328217307,0.2226578153905955,167,0.835,0.7773421846094045,0.8800314467178268,-0.008639881395887526,0.2207995693853859,0.2233623315405751,0.22118411869310842,1.00984796223317,0.605,0.605,0.84,0.055999999999999994,0.19507977758067782,0.8840517635537521,1.3947232462871275,0.11816434704370744,1.3975264463576582,0.585,0.415
contamination_asymmetric_eps_0p05,normal_contamination_asymmetric,"{""base"":""N(0,1)"",""centered_and_standardized"":true,""contaminant"":""N(10,1)"",""epsilon"":0.05}",15,exploratory,acceptable,200,73,73,0.365,0.301405264649268,0.433682973472594,29,0.3972602739726027,0.29286701857646835,0.5119258597705996,44,0.6027397260273972,0.4880741402294003,0.7071329814235315,-0.2015200737042061,0.22714384429598908,0.10254918710755949,0.10552981216450603,0.9717556110845703,0.0,0.0,0.0,0.0,0.0,0.0,0.0,0.0,0.0,0.0136986301369863,1.0
contamination_asymmetric_eps_0p05,normal_contamination_asymmetric,"{""base"":""N(0,1)"",""centered_and_standardized"":true,""contaminant"":""N(10,1)"",""epsilon"":0.05}",15,exploratory,caution,200,0,0,0.0,1.734723475976807e-18,0.018845326377266575,0,nan,nan,nan,0,nan,nan,nan,nan,nan,nan,nan,nan,nan,nan,nan,nan,nan,nan,nan,nan,nan,nan,nan
contamination_asymmetric_eps_0p05,normal_contamination_asymmetric,"{""base"":""N(0,1)"",""centered_and_standardized"":true,""contaminant"":""N(10,1)"",""epsilon"":0.05}",15,exploratory,insufficient,200,127,127,0.635,0.566317026527406,0.698594735350732,4,0.031496062992125984,0.012315000096796348,0.07818734470602129,123,0.968503937007874,0.9218126552939786,0.9876849999032037,0.10222826063960269,0.21706895326775646,0.29280610747451324,0.19224809897131878,1.5230637340044468,0.952755905511811,0.952755905511811,1.3228346456692914,0.08818897637795273,0.30721224815854775,0.9421309038318106,1.4122714019289293,0.18608558589560228,2.200829049382139,0.9133858267716536,0.07874015748031496
contamination_asymmetric_eps_0p05,normal_contamination_asymmetric,"{""base"":""N(0,1)"",""centered_and_standardized"":true,""contaminant"":""N(10,1)"",""epsilon"":0.05}",20,exploratory,all,200,200,200,1.0,0.9811546736227335,1.0,42,0.21,0.15928412069979,0.2716461685990246,158,0.79,0.7283538314009754,0.8407158793002101,-0.026575411150362282,0.2058673236688973,0.18813014531300262,0.2046570915025795,0.9192456705592899,0.6,0.6,0.915,0.04575,0.17884980835721578,0.8942058170265607,1.3990871576921824,0.09478483348111517,1.5228107297650946,0.585,0.43
contamination_asymmetric_eps_0p05,normal_contamination_asymmetric,"{""base"":""N(0,1)"",""centered_and_standardized"":true,""contaminant"":""N(10,1)"",""epsilon"":0.05}",20,exploratory,acceptable,200,79,79,0.395,0.32984101013207967,0.46411650840714636,38,0.4810126582278481,0.37429730453787924,0.5894889440059407,41,0.5189873417721519,0.4105110559940594,0.6257026954621209,-0.19050554313808035,0.2067998689895898,0.09138534013770239,0.08097420323420707,1.1285735022718593,0.0,0.0,0.0,0.0,0.0,0.0,0.0,0.0,0.0,0.0379746835443038,1.0
contamination_asymmetric_eps_0p05,normal_contamination_asymmetric,"{""base"":""N(0,1)"",""centered_and_standardized"":true,""contaminant"":""N(10,1)"",""epsilon"":0.05}",20,exploratory,caution,200,0,0,0.0,1.734723475976807e-18,0.018845326377266575,0,nan,nan,nan,0,nan,nan,nan,nan,nan,nan,nan,nan,nan,nan,nan,nan,nan,nan,nan,nan,nan,nan,nan
contamination_asymmetric_eps_0p05,normal_contamination_asymmetric,"{""base"":""N(0,1)"",""centered_and_standardized"":true,""contaminant"":""N(10,1)"",""epsilon"":0.05}",20,exploratory,insufficient,200,121,121,0.605,0.5358834915928536,0.6701589898679203,4,0.03305785123966942,0.012929181394125314,0.08192279272211472,117,0.9669421487603306,0.9180772072778853,0.9870708186058748,0.08045335270938754,0.20525618565294002,0.25129410902249616,0.189616730410324,1.3252739274572685,0.9917355371900827,0.9917355371900827,1.512396694214876,0.07561983471074382,0.29561951794581126,0.9377979500031586,1.413383837169551,0.15666914624977712,2.5170425285373463,0.9421487603305785,0.05785123966942149
contamination_asymmetric_eps_0p05,normal_contamination_asymmetric,"{""base"":""N(0,1)"",""centered_and_standardized"":true,""contaminant"":""N(10,1)"",""epsilon"":0.05}",30,exploratory,all,200,200,200,1.0,0.9811546736227335,1.0,34,0.17,0.12427907912586969,0.22815883628312625,166,0.83,0.7718411637168737,0.8757209208741302,0.01691756535117488,0.19438751198910378,0.1766803271305074,0.1941358918966693,0.9100858445307333,0.83,0.83,1.715,0.05716666666666666,0.22392403002875574,1.1210556572908623,1.7265017886143235,0.09994912480793165,2.3819514996850284,0.825,0.185
contamination_asymmetric_eps_0p05,normal_contamination_asymmetric,"{""base"":""N(0,1)"",""centered_and_standardized"":true,""contaminant"":""N(10,1)"",""epsilon"":0.05}",30,exploratory,acceptable,200,34,34,0.17,0.12427907912586969,0.22815883628312625,29,0.8529411764705882,0.6987194350454783,0.9355055855521753,5,0.14705882352941177,0.06449441444782457,0.3012805649545216,-0.2172153545015085,0.23219861507313833,0.07577325486726473,0.08329308326674917,0.9097184531469209,0.0,0.0,0.0,0.0,0.0,0.0,0.0,0.0,0.0,0.029411764705882353,1.0
contamination_asymmetric_eps_0p05,normal_contamination_asymmetric,"{""base"":""N(0,1)"",""centered_and_standardized"":true,""contaminant"":""N(10,1)"",""epsilon"":0.05}",30,exploratory,caution,200,0,0,0.0,1.734723475976807e-18,0.018845326377266575,0,nan,nan,nan,0,nan,nan,nan,nan,nan,nan,nan,nan,nan,nan,nan,nan,nan,nan,nan,nan,nan,nan,nan
contamination_asymmetric_eps_0p05,normal_contamination_asymmetric,"{""base"":""N(0,1)"",""centered_and_standardized"":true,""contaminant"":""N(10,1)"",""epsilon"":0.05}",30,exploratory,insufficient,200,166,166,0.83,0.7718411637168737,0.8757209208741302,5,0.030120481927710843,0.012932886525083166,0.06856346258074322,161,0.9698795180722891,0.9314365374192567,0.9870671134749168,0.06487250074268835,0.18569553833320812,0.1973480407265933,0.17452184036815493,1.1307928011204005,1.0,1.0,2.066265060240964,0.06887550200803211,0.2697879879864527,1.315249604102355,1.7437721704049405,0.12042063229871283,2.8698210839578655,0.9879518072289156,0.018072289156626505
contamination_asymmetric_eps_0p05,normal_contamination_asymmetric,"{""base"":""N(0,1)"",""centered_and_standardized"":true,""contaminant"":""N(10,1)"",""epsilon"":0.05}",40,exploratory,all,200,200,200,1.0,0.9811546736227335,1.0,17,0.085,0.05374575017747561,0.13189587071565567,183,0.915,0.8681041292843443,0.9462542498225244,0.010323939074798233,0.15318631633933233,0.1516813660968617,0.15322156517857632,0.9899478961729731,0.895,0.895,2.075,0.051875,0.21207057280222558,1.2973197782606887,1.9887149109513635,0.08471902079334453,2.7716733803095916,0.895,0.105
contamination_asymmetric_eps_0p05,normal_contamination_asymmetric,"{""base"":""N(0,1)"",""centered_and_standardized"":true,""contaminant"":""N(10,1)"",""epsilon"":0.05}",40,exploratory,acceptable,200,21,21,0.105,0.06970748792681017,0.1551803199112304,16,0.7619047619047619,0.5490882631704924,0.8937198697736354,5,0.23809523809523808,0.10628013022636468,0.4509117368295075,-0.20080516302335502,0.21681801310591003,0.06280091368401304,0.08379560952625323,0.7494535100235469,0.0,0.0,0.0,0.0,0.0,0.0,0.0,0.0,0.0,0.0,1.0
contamination_asymmetric_eps_0p05,normal_contamination_asymmetric,"{""base"":""N(0,1)"",""centered_and_standardized"":true,""contaminant"":""N(10,1)"",""epsilon"":0.05}",40,exploratory,caution,200,0,0,0.0,1.734723475976807e-18,0.018845326377266575,0,nan,nan,nan,0,nan,nan,nan,nan,nan,nan,nan,nan,nan,nan,nan,nan,nan,nan,nan,nan,nan,nan,nan
contamination_asymmetric_eps_0p05,normal_contamination_asymmetric,"{""base"":""N(0,1)"",""centered_and_standardized"":true,""contaminant"":""N(10,1)"",""epsilon"":0.05}",40,exploratory,insufficient,200,179,179,0.895,0.8448196800887696,0.9302925120731899,1,0.00558659217877095,0.0009868523514691765,0.030961365839147145,178,0.994413407821229,0.9690386341608527,0.9990131476485308,0.035093275075140234,0.1438885050162786,0.1621086817430618,0.1399348392046931,1.1584583414994558,1.0,1.0,2.3184357541899443,0.057960893854748605,0.23695036067287772,1.309649334948884,1.990510119111077,0.09465812379144643,3.096841765709041,1.0,0.0
contamination_asymmetric_eps_0p05,normal_contamination_asymmetric,"{""base"":""N(0,1)"",""centered_and_standardized"":true,""contaminant"":""N(10,1)"",""epsilon"":0.05}",50,exploratory,all,200,200,200,1.0,0.9811546736227335,1.0,21,0.105,0.06970748792681017,0.1551803199112304,179,0.895,0.8448196800887696,0.9302925120731899,-0.009207022140619305,0.13736987668044293,0.13466191852046677,0.13740492834746906,0.980037034624655,0.93,0.93,2.475,0.04950000000000001,0.20116373638154467,1.3097902624254378,1.9621812090585944,0.07474693907474583,3.14285652798917,0.925,0.085
contamination_asymmetric_eps_0p05,normal_contamination_asymmetric,"{""base"":""N(0,1)"",""centered_and_standardized"":true,""contaminant"":""N(10,1)"",""epsilon"":0.05}",50,exploratory,acceptable,200,14,14,0.07,0.042152171828342806,0.11405480885610647,13,0.9285714285714286,0.6853129557584889,0.9872777847521093,1,0.07142857142857142,0.012722215247890939,0.31468704424151117,-0.21925145736539206,0.22404142074313194,0.060771247053029574,0.04781936614814798,1.2708501167655735,0.0,0.0,0.0,0.0,0.0,0.0,0.0,0.0,0.0,0.07142857142857142,1.0
contamination_asymmetric_eps_0p05,normal_contamination_asymmetric,"{""base"":""N(0,1)"",""centered_and_standardized"":true,""contaminant"":""N(10,1)"",""epsilon"":0.05}",50,exploratory,caution,200,3,3,0.015,0.00511423779325831,0.04316572879269026,3,1.0,0.4385029682449546,1.0,0,0.0,5.551115123125783e-17,0.5614970317550454,-0.22176676657215177,0.22399891952246614,0.05450397436201121,0.0386332212874816,1.4108058439245976,1.0,1.0,1.0,0.02,0.02390550736239297,0.44616784738041015,0.4727370739501886,0.004588216291129476,0.11602821300798254,0.3333333333333333,1.0
contamination_asymmetric_eps_0p05,normal_contamination_asymmetric,"{""base"":""N(0,1)"",""centered_and_standardized"":true,""contaminant"":""N(10,1)"",""epsilon"":0.05}",50,exploratory,insufficient,200,183,183,0.915,0.8681041292843443,0.9462542498225244,5,0.0273224043715847,0.011725746680430384,0.06235555683784999,178,0.9726775956284153,0.93764444316215,0.9882742533195696,0.010346537020262751,0.12633648887471408,0.14162882143314154,0.1262575411630223,1.1217454429139566,1.0,1.0,2.6885245901639343,0.05377049180327869,0.2194591844492992,1.530426448476111,1.9689804383385123,0.08161542713702612,3.432913775731202,1.0,0.0
contamination_asymmetric_eps_0p05,normal_contamination_asymmetric,"{""base"":""N(0,1)"",""centered_and_standardized"":true,""contaminant"":""N(10,1)"",""epsilon"":0.05}",80,exploratory,all,200,200,200,1.0,0.9811546736227335,1.0,17,0.085,0.05374575017747561,0.13189587071565567,183,0.915,0.8681041292843443,0.9462542498225244,-0.014447340282887746,0.11209821823654739,0.10621460494879421,0.11144228012543908,0.9530907374583452,0.97,0.97,3.81,0.047625,0.19569119053880363,1.8064204311748848,2.4081611697993477,0.058679007158500746,4.061690275420734,0.965,0.035
contamination_asymmetric_eps_0p05,normal_contamination_asymmetric,"{""base"":""N(0,1)"",""centered_and_standardized"":true,""contaminant"":""N(10,1)"",""epsilon"":0.05}",80,exploratory,acceptable,200,6,6,0.03,0.013820314340111346,0.06389429245451925,6,1.0,0.6096657120978346,1.0,0,0.0,2.7755575615628914e-17,0.3903342879021653,-0.1837024625706951,0.18508393861464134,0.04447990120637033,0.024725765797742758,1.798929164427779,0.0,0.0,0.0,0.0,0.0,0.0,0.0,0.0,0.0,0.0,1.0
contamination_asymmetric_eps_0p05,normal_contamination_asymmetric,"{""base"":""N(0,1)"",""centered_and_standardized"":true,""contaminant"":""N(10,1)"",""epsilon"":0.05}",80,exploratory,caution,200,1,1,0.005,0.0008831687156009814,0.02777370439789293,1,1.0,0.20654931437723745,1.0,0,0.0,0.0,0.7934506856227626,-0.20891866608842619,0.20891866608842619,0.04172215359960227,nan,nan,1.0,1.0,1.0,0.0125,0.015191306159002604,0.36410647218238085,0.36410647218238085,0.0023688907019785016,0.08460215590854947,0.0,1.0
contamination_asymmetric_eps_0p05,normal_contamination_asymmetric,"{""base"":""N(0,1)"",""centered_and_standardized"":true,""contaminant"":""N(10,1)"",""epsilon"":0.05}",80,exploratory,insufficient,200,193,193,0.965,0.9295293884777092,0.9829444579914328,10,0.05181347150259067,0.028384343864107146,0.09273576448873569,183,0.9481865284974094,0.9072642355112643,0.9716156561358928,-0.008177899559922033,0.10830820328140492,0.10846797631565296,0.10827990467824566,1.001736902502511,1.0,1.0,3.94300518134715,0.04928756476683938,0.2027100870549312,1.8251132321392785,2.4082582531721264,0.06079498725905789,4.208567113617814,1.0,0.0
contamination_asymmetric_eps_0p05,normal_contamination_asymmetric,"{""base"":""N(0,1)"",""centered_and_standardized"":true,""contaminant"":""N(10,1)"",""epsilon"":0.05}",100,confirmatory_5000,all,5000,5000,5000,1.0,0.9992322980549431,1.0000000000000002,348,0.0696,0.06287192325712557,0.0769889145771796,4652,0.9304,0.9230110854228204,0.9371280767428745,-0.002753382756673311,0.09841198232176214,0.09791625610811325,0.09838329635916139,0.9952528501449763,0.9952,0.9952,4.9988,0.049988,0.20599955538776804,2.0628384363995407,2.737227423039037,0.055426895572326544,4.732683641301641,0.995,0.0058
contamination_asymmetric_eps_0p05,normal_contamination_asymmetric,"{""base"":""N(0,1)"",""centered_and_standardized"":true,""contaminant"":""N(10,1)"",""epsilon"":0.05}",100,confirmatory_5000,acceptable,5000,24,24,0.0048,0.003227780878929331,0.007132551127455243,24,1.0,0.8620237953250198,1.0,0,0.0,1.3877787807814457e-17,0.13797620467498017,-0.20924989745361489,0.2121709497938787,0.04054638215349477,0.0358401138209796,1.1313128735032165,0.0,0.0,0.0,0.0,0.0,0.0,0.0,0.0,0.0,0.08333333333333333,1.0
contamination_asymmetric_eps_0p05,normal_contamination_asymmetric,"{""base"":""N(0,1)"",""centered_and_standardized"":true,""contaminant"":""N(10,1)"",""epsilon"":0.05}",100,confirmatory_5000,caution,5000,5,5,0.001,0.00042721349110879964,0.002338953050058211,5,1.0,0.5655175352168251,1.0,0,0.0,0.0,0.43448246478317476,-0.22046037861849627,0.2224037090919981,0.040728612670791406,0.03279922402411777,1.241755373262582,1.0,1.0,1.0,0.01,0.0143263850367376,0.3510799772034021,0.37185173597010357,0.0022251601663801175,0.5559602432662958,0.4,1.0
contamination_asymmetric_eps_0p05,normal_contamination_asymmetric,"{""base"":""N(0,1)"",""centered_and_standardized"":true,""contaminant"":""N(10,1)"",""epsilon"":0.05}",100,confirmatory_5000,insufficient,5000,4971,4971,0.9942,0.9916826613677592,0.9959585420297463,319,0.06417219875276604,0.05769069417881004,0.07132677585185204,4652,0.935827801247234,0.9286732241481479,0.94230930582119,-0.0015374400224074266,0.09733615305836171,0.09825075926484177,0.0973338009015252,1.0094207598472835,1.0,1.0,5.026956346811507,0.05026956346811508,0.20718691309870377,2.065022642347506,2.7374919422057347,0.055748008863568864,4.7597341390649515,1.0,0.0
contamination_asymmetric_eps_0p05,normal_contamination_asymmetric,"{""base"":""N(0,1)"",""centered_and_standardized"":true,""contaminant"":""N(10,1)"",""epsilon"":0.05}",200,exploratory,all,200,200,200,1.0,0.9811546736227335,1.0,8,0.04,0.020405632066152306,0.07693206820093293,192,0.96,0.923067931799067,0.9795943679338476,0.0004641101179552673,0.06369510644604606,0.07014214855426969,0.06385324873364513,1.0984898958995464,1.0,1.0,10.08,0.0504,0.2086193128188728,2.9663176976282513,3.592099898632793,0.03990857695412251,6.80406813783465,1.0,0.0
contamination_asymmetric_eps_0p05,normal_contamination_asymmetric,"{""base"":""N(0,1)"",""centered_and_standardized"":true,""contaminant"":""N(10,1)"",""epsilon"":0.05}",200,exploratory,acceptable,200,0,0,0.0,1.734723475976807e-18,0.018845326377266575,0,nan,nan,nan,0,nan,nan,nan,nan,nan,nan,nan,nan,nan,nan,nan,nan,nan,nan,nan,nan,nan,nan,nan
contamination_asymmetric_eps_0p05,normal_contamination_asymmetric,"{""base"":""N(0,1)"",""centered_and_standardized"":true,""contaminant"":""N(10,1)"",""epsilon"":0.05}",200,exploratory,caution,200,0,0,0.0,1.734723475976807e-18,0.018845326377266575,0,nan,nan,nan,0,nan,nan,nan,nan,nan,nan,nan,nan,nan,nan,nan,nan,nan,nan,nan,nan,nan,nan,nan
contamination_asymmetric_eps_0p05,normal_contamination_asymmetric,"{""base"":""N(0,1)"",""centered_and_standardized"":true,""contaminant"":""N(10,1)"",""epsilon"":0.05}",200,exploratory,insufficient,200,200,200,1.0,0.9811546736227335,1.0,8,0.04,0.020405632066152306,0.07693206820093293,192,0.96,0.923067931799067,0.9795943679338476,0.0004641101179552673,0.06369510644604606,0.07014214855426969,0.06385324873364513,1.0984898958995464,1.0,1.0,10.08,0.0504,0.2086193128188728,2.9663176976282513,3.592099898632793,0.03990857695412251,6.80406813783465,1.0,0.0
contamination_asymmetric_eps_0p05,normal_contamination_asymmetric,"{""base"":""N(0,1)"",""centered_and_standardized"":true,""contaminant"":""N(10,1)"",""epsilon"":0.05}",500,exploratory,all,200,200,200,1.0,0.9811546736227335,1.0,11,0.055,0.03098534170345884,0.0957869987723084,189,0.945,0.9042130012276914,0.9690146582965411,0.0005469578352498655,0.04716530558264602,0.044784370085494185,0.047280483377105,0.9472062653906892,1.0,1.0,25.315,0.05063000000000001,0.21022247057356652,4.701894516152526,5.3890924474280775,0.025592447767878328,10.873706105261089,1.0,0.0
contamination_asymmetric_eps_0p05,normal_contamination_asymmetric,"{""base"":""N(0,1)"",""centered_and_standardized"":true,""contaminant"":""N(10,1)"",""epsilon"":0.05}",500,exploratory,acceptable,200,0,0,0.0,1.734723475976807e-18,0.018845326377266575,0,nan,nan,nan,0,nan,nan,nan,nan,nan,nan,nan,nan,nan,nan,nan,nan,nan,nan,nan,nan,nan,nan,nan
contamination_asymmetric_eps_0p05,normal_contamination_asymmetric,"{""base"":""N(0,1)"",""centered_and_standardized"":true,""contaminant"":""N(10,1)"",""epsilon"":0.05}",500,exploratory,caution,200,0,0,0.0,1.734723475976807e-18,0.018845326377266575,0,nan,nan,nan,0,nan,nan,nan,nan,nan,nan,nan,nan,nan,nan,nan,nan,nan,nan,nan,nan,nan,nan,nan
contamination_asymmetric_eps_0p05,normal_contamination_asymmetric,"{""base"":""N(0,1)"",""centered_and_standardized"":true,""contaminant"":""N(10,1)"",""epsilon"":0.05}",500,exploratory,insufficient,200,200,200,1.0,0.9811546736227335,1.0,11,0.055,0.03098534170345884,0.0957869987723084,189,0.945,0.9042130012276914,0.9690146582965411,0.0005469578352498655,0.04716530558264602,0.044784370085494185,0.047280483377105,0.9472062653906892,1.0,1.0,25.315,0.05063000000000001,0.21022247057356652,4.701894516152526,5.3890924474280775,0.025592447767878328,10.873706105261089,1.0,0.0
contamination_asymmetric_eps_0p05,normal_contamination_asymmetric,"{""base"":""N(0,1)"",""centered_and_standardized"":true,""contaminant"":""N(10,1)"",""epsilon"":0.05}",750,exploratory,all,200,200,200,1.0,0.9811546736227335,1.0,9,0.045,0.023852543001492997,0.0832967040018196,191,0.955,0.9167032959981803,0.976147456998507,-0.0015978658903483994,0.03539450832493619,0.03631089359346126,0.0354471514637624,1.0243670392127804,1.0,1.0,37.27,0.04969333333333333,0.20629227721382942,5.615719267867569,6.321044039758974,0.02073158823691783,13.257794550876884,1.0,0.0
contamination_asymmetric_eps_0p05,normal_contamination_asymmetric,"{""base"":""N(0,1)"",""centered_and_standardized"":true,""contaminant"":""N(10,1)"",""epsilon"":0.05}",750,exploratory,acceptable,200,0,0,0.0,1.734723475976807e-18,0.018845326377266575,0,nan,nan,nan,0,nan,nan,nan,nan,nan,nan,nan,nan,nan,nan,nan,nan,nan,nan,nan,nan,nan,nan,nan
contamination_asymmetric_eps_0p05,normal_contamination_asymmetric,"{""base"":""N(0,1)"",""centered_and_standardized"":true,""contaminant"":""N(10,1)"",""epsilon"":0.05}",750,exploratory,caution,200,0,0,0.0,1.734723475976807e-18,0.018845326377266575,0,nan,nan,nan,0,nan,nan,nan,nan,nan,nan,nan,nan,nan,nan,nan,nan,nan,nan,nan,nan,nan,nan,nan
contamination_asymmetric_eps_0p05,normal_contamination_asymmetric,"{""base"":""N(0,1)"",""centered_and_standardized"":true,""contaminant"":""N(10,1)"",""epsilon"":0.05}",750,exploratory,insufficient,200,200,200,1.0,0.9811546736227335,1.0,9,0.045,0.023852543001492997,0.0832967040018196,191,0.955,0.9167032959981803,0.976147456998507,-0.0015978658903483994,0.03539450832493619,0.03631089359346126,0.0354471514637624,1.0243670392127804,1.0,1.0,37.27,0.04969333333333333,0.20629227721382942,5.615719267867569,6.321044039758974,0.02073158823691783,13.257794550876884,1.0,0.0
contamination_asymmetric_eps_0p05,normal_contamination_asymmetric,"{""base"":""N(0,1)"",""centered_and_standardized"":true,""contaminant"":""N(10,1)"",""epsilon"":0.05}",2000,exploratory,all,200,200,200,1.0,0.9811546736227335,1.0,5,0.025,0.010724719651761264,0.05717834040664198,195,0.975,0.942821659593358,0.9892752803482386,0.0010770776016722884,0.02208452596250554,0.022343393912766966,0.022113598690938496,1.010391579635685,1.0,1.0,100.6,0.050300000000000004,0.20862691978093528,9.325481428880105,10.066530074121438,0.012819277715951633,21.812460731998325,1.0,0.0
contamination_asymmetric_eps_0p05,normal_contamination_asymmetric,"{""base"":""N(0,1)"",""centered_and_standardized"":true,""contaminant"":""N(10,1)"",""epsilon"":0.05}",2000,exploratory,acceptable,200,0,0,0.0,1.734723475976807e-18,0.018845326377266575,0,nan,nan,nan,0,nan,nan,nan,nan,nan,nan,nan,nan,nan,nan,nan,nan,nan,nan,nan,nan,nan,nan,nan
contamination_asymmetric_eps_0p05,normal_contamination_asymmetric,"{""base"":""N(0,1)"",""centered_and_standardized"":true,""contaminant"":""N(10,1)"",""epsilon"":0.05}",2000,exploratory,caution,200,0,0,0.0,1.734723475976807e-18,0.018845326377266575,0,nan,nan,nan,0,nan,nan,nan,nan,nan,nan,nan,nan,nan,nan,nan,nan,nan,nan,nan,nan,nan,nan,nan
contamination_asymmetric_eps_0p05,normal_contamination_asymmetric,"{""base"":""N(0,1)"",""centered_and_standardized"":true,""contaminant"":""N(10,1)"",""epsilon"":0.05}",2000,exploratory,insufficient,200,200,200,1.0,0.9811546736227335,1.0,5,0.025,0.010724719651761264,0.05717834040664198,195,0.975,0.942821659593358,0.9892752803482386,0.0010770776016722884,0.02208452596250554,0.022343393912766966,0.022113598690938496,1.010391579635685,1.0,1.0,100.6,0.050300000000000004,0.20862691978093528,9.325481428880105,10.066530074121438,0.012819277715951633,21.812460731998325,1.0,0.0
contamination_asymmetric_eps_0p1,normal_contamination_asymmetric,"{""base"":""N(0,1)"",""centered_and_standardized"":true,""contaminant"":""N(10,1)"",""epsilon"":0.1}",5,exploratory,all,200,200,200,1.0,0.9811546736227335,1.0,40,0.2,0.15045200926098115,0.2608551865653788,160,0.8,0.7391448134346212,0.8495479907390189,-0.0052002670229686875,0.4187264869759984,0.34882746291200467,0.41974487120471654,0.8310463970907598,0.46,0.46,0.545,0.109,0.25896191941332075,0.0,0.9959484245827402,0.19042523749714185,2.9147954675287218,0.33,0.445
contamination_asymmetric_eps_0p1,normal_contamination_asymmetric,"{""base"":""N(0,1)"",""centered_and_standardized"":true,""contaminant"":""N(10,1)"",""epsilon"":0.1}",5,exploratory,acceptable,200,83,83,0.415,0.34894285449757567,0.4842608509865596,27,0.3253012048192771,0.23419333708259782,0.43186478315375454,56,0.6746987951807228,0.5681352168462454,0.7658066629174022,-0.2525012425860695,0.38880825533225016,0.15964852189248604,0.2974575907112115,0.5367101962695643,0.0,0.0,0.0,0.0,0.0,0.0,0.0,0.0,0.0,0.0,1.0
contamination_asymmetric_eps_0p1,normal_contamination_asymmetric,"{""base"":""N(0,1)"",""centered_and_standardized"":true,""contaminant"":""N(10,1)"",""epsilon"":0.1}",5,exploratory,caution,200,0,0,0.0,1.734723475976807e-18,0.018845326377266575,0,nan,nan,nan,0,nan,nan,nan,nan,nan,nan,nan,nan,nan,nan,nan,nan,nan,nan,nan,nan,nan,nan,nan
contamination_asymmetric_eps_0p1,normal_contamination_asymmetric,"{""base"":""N(0,1)"",""centered_and_standardized"":true,""contaminant"":""N(10,1)"",""epsilon"":0.1}",5,exploratory,insufficient,200,117,117,0.585,0.5157391490134403,0.6510571455024242,13,0.1111111111111111,0.06609320162681151,0.18085398944420336,104,0.8888888888888888,0.8191460105557966,0.9339067983731886,0.17023546777820542,0.4387151972964601,0.4830313270540564,0.40607919701021294,1.1895003009521516,0.7863247863247863,0.7863247863247863,0.9316239316239316,0.1863247863247863,0.4426699477150782,0.9749377067725398,1.064394516261292,0.3255132264908409,4.982556354749952,0.5641025641025641,0.05128205128205128
contamination_asymmetric_eps_0p1,normal_contamination_asymmetric,"{""base"":""N(0,1)"",""centered_and_standardized"":true,""contaminant"":""N(10,1)"",""epsilon"":0.1}",8,exploratory,all,200,200,200,1.0,0.9811546736227335,1.0,57,0.285,0.22695003004617292,0.3511534602960517,143,0.715,0.6488465397039482,0.7730499699538271,0.00828095514626724,0.33797994063683784,0.32100443200475354,0.3387263552982171,0.9476807074021121,0.67,0.67,0.89,0.11125,0.313271482116771,0.9484548483976168,1.5009115068930965,0.199118333051644,2.330365490487023,0.635,0.3
contamination_asymmetric_eps_0p1,normal_contamination_asymmetric,"{""base"":""N(0,1)"",""centered_and_standardized"":true,""contaminant"":""N(10,1)"",""epsilon"":0.1}",8,exploratory,acceptable,200,53,53,0.265,0.2086815414710911,0.3301757619262242,37,0.6981132075471698,0.5646316733114988,0.8048169727242108,16,0.3018867924528302,0.19518302727578896,0.4353683266885011,-0.2909554999764091,0.41848991203716346,0.12633789439141913,0.30367528476624056,0.41602955765290534,0.0,0.0,0.0,0.0,0.0,0.0,0.0,0.0,0.0,0.018867924528301886,1.0
contamination_asymmetric_eps_0p1,normal_contamination_asymmetric,"{""base"":""N(0,1)"",""centered_and_standardized"":true,""contaminant"":""N(10,1)"",""epsilon"":0.1}",8,exploratory,caution,200,0,0,0.0,1.734723475976807e-18,0.018845326377266575,0,nan,nan,nan,0,nan,nan,nan,nan,nan,nan,nan,nan,nan,nan,nan,nan,nan,nan,nan,nan,nan,nan,nan
contamination_asymmetric_eps_0p1,normal_contamination_asymmetric,"{""base"":""N(0,1)"",""centered_and_standardized"":true,""contaminant"":""N(10,1)"",""epsilon"":0.1}",8,exploratory,insufficient,200,147,147,0.735,0.6698242380737758,0.7913184585289088,20,0.1360544217687075,0.0898308730963235,0.20081507506311896,127,0.8639455782312925,0.7991849249368811,0.9101691269036766,0.11616892876192605,0.30376320341732077,0.3911903265184047,0.2816317299249618,1.3890136833041993,0.9115646258503401,0.9115646258503401,1.2108843537414966,0.15136054421768708,0.42621970356023275,0.9734123949468939,1.5034175824596834,0.2709092966689034,3.170565293179623,0.8571428571428571,0.047619047619047616
contamination_asymmetric_eps_0p1,normal_contamination_asymmetric,"{""base"":""N(0,1)"",""centered_and_standardized"":true,""contaminant"":""N(10,1)"",""epsilon"":0.1}",10,exploratory,all,200,200,200,1.0,0.9811546736227335,1.0,54,0.27,0.21323449814685846,0.33543435198668425,146,0.73,0.6645656480133157,0.7867655018531416,-0.0020455391533458745,0.33467568370065753,0.280629350003306,0.33550925670800574,0.8364280400392595,0.675,0.675,1.005,0.1005,0.2971883626444414,0.950374801727984,1.478320699209282,0.16949736005145113,2.309734443536666,0.67,0.38
contamination_asymmetric_eps_0p1,normal_contamination_asymmetric,"{""base"":""N(0,1)"",""centered_and_standardized"":true,""contaminant"":""N(10,1)"",""epsilon"":0.1}",10,exploratory,acceptable,200,63,63,0.315,0.2546232099022851,0.3823495608573036,47,0.746031746031746,0.6265881256339354,0.8371958872667884,16,0.25396825396825395,0.1628041127332116,0.3734118743660646,-0.26731689527130303,0.3942856810751515,0.1161221935022296,0.2921605053682148,0.3974602705313603,0.0,0.0,0.0,0.0,0.0,0.0,0.0,0.0,0.0,0.047619047619047616,1.0
contamination_asymmetric_eps_0p1,normal_contamination_asymmetric,"{""base"":""N(0,1)"",""centered_and_standardized"":true,""contaminant"":""N(10,1)"",""epsilon"":0.1}",10,exploratory,caution,200,0,0,0.0,1.734723475976807e-18,0.018845326377266575,0,nan,nan,nan,0,nan,nan,nan,nan,nan,nan,nan,nan,nan,nan,nan,nan,nan,nan,nan,nan,nan,nan,nan
contamination_asymmetric_eps_0p1,normal_contamination_asymmetric,"{""base"":""N(0,1)"",""centered_and_standardized"":true,""contaminant"":""N(10,1)"",""epsilon"":0.1}",10,exploratory,insufficient,200,137,137,0.685,0.6176504391426966,0.745376790097715,7,0.051094890510948905,0.02496794443140947,0.10170966150995021,130,0.948905109489051,0.8982903384900498,0.9750320555685905,0.11994055891549571,0.30335721468556087,0.3562786263505163,0.27966183752394097,1.2739622592232178,0.9854014598540146,0.9854014598540146,1.467153284671533,0.1467153284671533,0.4338516242984545,0.9727635801315919,1.4833111749490835,0.24744140153496524,3.371875100053527,0.9562043795620438,0.0948905109489051
contamination_asymmetric_eps_0p1,normal_contamination_asymmetric,"{""base"":""N(0,1)"",""centered_and_standardized"":true,""contaminant"":""N(10,1)"",""epsilon"":0.1}",15,exploratory,all,200,200,200,1.0,0.9811546736227335,1.0,46,0.23,0.17709343259068805,0.2930830436530359,154,0.77,0.7069169563469642,0.8229065674093119,-0.005315278754938377,0.2633030244365288,0.23315340682976288,0.26390997111410514,0.8834581196212392,0.79,0.79,1.575,0.105,0.3039969261621053,0.9607822979648153,1.8302994580809286,0.15283581594260587,3.1923185404018763,0.775,0.24
contamination_asymmetric_eps_0p1,normal_contamination_asymmetric,"{""base"":""N(0,1)"",""centered_and_standardized"":true,""contaminant"":""N(10,1)"",""epsilon"":0.1}",15,exploratory,acceptable,200,41,41,0.205,0.15486176203836208,0.26625698052422514,39,0.9512195121951219,0.8386102112962914,0.9865190546348308,2,0.04878048780487805,0.013480945365169042,0.16138978870370846,-0.33001123539918636,0.3386321408951979,0.07834395895754871,0.0768662418848946,1.0192245260912711,0.0,0.0,0.0,0.0,0.0,0.0,0.0,0.0,0.0,0.024390243902439025,1.0
contamination_asymmetric_eps_0p1,normal_contamination_asymmetric,"{""base"":""N(0,1)"",""centered_and_standardized"":true,""contaminant"":""N(10,1)"",""epsilon"":0.1}",15,exploratory,caution,200,0,0,0.0,1.734723475976807e-18,0.018845326377266575,0,nan,nan,nan,0,nan,nan,nan,nan,nan,nan,nan,nan,nan,nan,nan,nan,nan,nan,nan,nan,nan,nan,nan
contamination_asymmetric_eps_0p1,normal_contamination_asymmetric,"{""base"":""N(0,1)"",""centered_and_standardized"":true,""contaminant"":""N(10,1)"",""epsilon"":0.1}",15,exploratory,insufficient,200,159,159,0.795,0.7337430194757748,0.8451382379616379,7,0.0440251572327044,0.02148692054549619,0.08807644832814845,152,0.9559748427672956,0.9119235516718516,0.9785130794545038,0.07841135157471048,0.24007540396634225,0.27307282420561685,0.22762629914516622,1.1996541051324987,0.9937106918238994,0.9937106918238994,1.9811320754716981,0.13207547169811318,0.3823860706441576,1.4030584855771797,1.8354540978857132,0.1922463093617684,4.015495019373429,0.9685534591194969,0.0440251572327044
contamination_asymmetric_eps_0p1,normal_contamination_asymmetric,"{""base"":""N(0,1)"",""centered_and_standardized"":true,""contaminant"":""N(10,1)"",""epsilon"":0.1}",20,exploratory,all,200,200,200,1.0,0.9811546736227335,1.0,32,0.16,0.1156741203158702,0.21714070162067106,168,0.84,0.7828592983793289,0.8843258796841297,-0.006459343925952404,0.23071397209066977,0.20889380474289582,0.23120226258630286,0.9035110747020489,0.855,0.855,2.0,0.10000000000000002,0.30810877160225797,1.3848650854648472,1.9773513874911879,0.13465271949596938,3.8051756803693046,0.845,0.175
contamination_asymmetric_eps_0p1,normal_contamination_asymmetric,"{""base"":""N(0,1)"",""centered_and_standardized"":true,""contaminant"":""N(10,1)"",""epsilon"":0.1}",20,exploratory,acceptable,200,28,28,0.14,0.09866982633455634,0.1948988086570756,28,1.0,0.8793566952341543,0.9999999999999998,0,0.0,1.3877787807814457e-17,0.12064330476584563,-0.3328731413683538,0.3386740310539349,0.07198636134191985,0.06355982595738602,1.1325764389314634,0.0,0.0,0.0,0.0,0.0,0.0,0.0,0.0,0.0,0.03571428571428571,1.0
contamination_asymmetric_eps_0p1,normal_contamination_asymmetric,"{""base"":""N(0,1)"",""centered_and_standardized"":true,""contaminant"":""N(10,1)"",""epsilon"":0.1}",20,exploratory,caution,200,0,0,0.0,1.734723475976807e-18,0.018845326377266575,0,nan,nan,nan,0,nan,nan,nan,nan,nan,nan,nan,nan,nan,nan,nan,nan,nan,nan,nan,nan,nan,nan,nan
contamination_asymmetric_eps_0p1,normal_contamination_asymmetric,"{""base"":""N(0,1)"",""centered_and_standardized"":true,""contaminant"":""N(10,1)"",""epsilon"":0.1}",20,exploratory,insufficient,200,172,172,0.86,0.8051011913429243,0.9013301736654437,4,0.023255813953488372,0.00908003526439749,0.058261642290546395,168,0.9767441860465116,0.9417383577094536,0.9909199647356026,0.046677785890252475,0.20789902237655453,0.2311810629709617,0.2031826923034335,1.1377989943440427,0.9941860465116279,0.9941860465116279,2.3255813953488373,0.11627906976744186,0.35826601349099757,1.3969805046904429,2.1170972785838678,0.15657292964647604,4.424622884150356,0.9767441860465116,0.040697674418604654
contamination_asymmetric_eps_0p1,normal_contamination_asymmetric,"{""base"":""N(0,1)"",""centered_and_standardized"":true,""contaminant"":""N(10,1)"",""epsilon"":0.1}",30,exploratory,all,200,200,200,1.0,0.9811546736227335,1.0,12,0.06,0.03465219425433187,0.1019316929576627,188,0.94,0.8980683070423372,0.9653478057456681,0.006599596489518317,0.18522454216616765,0.1802274562372242,0.18557144216602903,0.9712025413693578,0.97,0.97,3.115,0.10383333333333333,0.3270512139595692,1.7047684955936153,2.3837543926981026,0.12114322978881052,5.300133276020458,0.975,0.03
contamination_asymmetric_eps_0p1,normal_contamination_asymmetric,"{""base"":""N(0,1)"",""centered_and_standardized"":true,""contaminant"":""N(10,1)"",""epsilon"":0.1}",30,exploratory,acceptable,200,5,5,0.025,0.010724719651761264,0.05717834040664198,5,1.0,0.5655175352168251,1.0,0,0.0,0.0,0.43448246478317476,-0.2713597413861703,0.273422486315798,0.057500513856058796,0.0374791071455733,1.5342018056278655,0.0,0.0,0.0,0.0,0.0,0.0,0.0,0.0,0.0,0.0,1.0
contamination_asymmetric_eps_0p1,normal_contamination_asymmetric,"{""base"":""N(0,1)"",""centered_and_standardized"":true,""contaminant"":""N(10,1)"",""epsilon"":0.1}",30,exploratory,caution,200,0,0,0.0,1.734723475976807e-18,0.018845326377266575,0,nan,nan,nan,0,nan,nan,nan,nan,nan,nan,nan,nan,nan,nan,nan,nan,nan,nan,nan,nan,nan,nan,nan
contamination_asymmetric_eps_0p1,normal_contamination_asymmetric,"{""base"":""N(0,1)"",""centered_and_standardized"":true,""contaminant"":""N(10,1)"",""epsilon"":0.1}",30,exploratory,insufficient,200,195,195,0.975,0.942821659593358,0.9892752803482386,7,0.035897435897435895,0.017495563557414016,0.07223149299562964,188,0.9641025641025641,0.9277685070043703,0.982504436442586,0.01372675899915136,0.1824031449911294,0.18337430091366436,0.1823540831868902,1.0055947073350069,0.9948717948717949,0.9948717948717949,3.194871794871795,0.10649572649572649,0.3354371425226351,1.7096165651919057,2.485972451272269,0.12424946645006212,5.436034129251752,1.0,0.005128205128205128
contamination_asymmetric_eps_0p1,normal_contamination_asymmetric,"{""base"":""N(0,1)"",""centered_and_standardized"":true,""contaminant"":""N(10,1)"",""epsilon"":0.1}",40,exploratory,all,200,200,200,1.0,0.9811546736227335,1.0,17,0.085,0.05374575017747561,0.13189587071565567,183,0.915,0.8681041292843443,0.9462542498225244,-0.009507585276881489,0.15623541426254828,0.15221224307573744,0.15633719032072887,0.9736150609043887,0.985,0.985,3.95,0.09875,0.3065742874613482,1.9690689257704954,2.5571043001274623,0.10026631061638745,5.840757840757325,0.99,0.015
contamination_asymmetric_eps_0p1,normal_contamination_asymmetric,"{""base"":""N(0,1)"",""centered_and_standardized"":true,""contaminant"":""N(10,1)"",""epsilon"":0.1}",40,exploratory,acceptable,200,3,3,0.015,0.00511423779325831,0.04316572879269026,3,1.0,0.4385029682449546,1.0,0,0.0,5.551115123125783e-17,0.5614970317550454,-0.2681909273532349,0.2733174185648237,0.04979207217848763,0.06452950228016958,0.7716171738363015,0.0,0.0,0.0,0.0,0.0,0.0,0.0,0.0,0.0,0.3333333333333333,1.0
contamination_asymmetric_eps_0p1,normal_contamination_asymmetric,"{""base"":""N(0,1)"",""centered_and_standardized"":true,""contaminant"":""N(10,1)"",""epsilon"":0.1}",40,exploratory,caution,200,0,0,0.0,1.734723475976807e-18,0.018845326377266575,0,nan,nan,nan,0,nan,nan,nan,nan,nan,nan,nan,nan,nan,nan,nan,nan,nan,nan,nan,nan,nan,nan,nan
contamination_asymmetric_eps_0p1,normal_contamination_asymmetric,"{""base"":""N(0,1)"",""centered_and_standardized"":true,""contaminant"":""N(10,1)"",""epsilon"":0.1}",40,exploratory,insufficient,200,197,197,0.985,0.9568342712073097,0.9948857622067417,14,0.07106598984771574,0.04280128596133862,0.1157389826050301,183,0.9289340101522843,0.88426101739497,0.9571987140386614,-0.0055682450422162065,0.1537648296687902,0.15377194110970574,0.15405547711275092,0.9981595201393738,1.0,1.0,4.01015228426396,0.10025380710659897,0.3112429314328408,1.9743970808508589,2.5589981520077614,0.10179320874760148,5.929703391631801,1.0,0.0
contamination_asymmetric_eps_0p1,normal_contamination_asymmetric,"{""base"":""N(0,1)"",""centered_and_standardized"":true,""contaminant"":""N(10,1)"",""epsilon"":0.1}",50,exploratory,all,200,200,200,1.0,0.9811546736227335,1.0,18,0.09,0.05768744886219316,0.13776571876716542,182,0.91,0.8622342812328346,0.9423125511378069,-0.009368599501730815,0.14496104036441546,0.13626815353435442,0.14502099160792065,0.9396443371644401,0.995,0.995,4.835,0.09670000000000002,0.30320044257928447,2.195737386939089,2.9324969521937714,0.08973532760903787,6.505604718197649,0.995,0.005
contamination_asymmetric_eps_0p1,normal_contamination_asymmetric,"{""base"":""N(0,1)"",""centered_and_standardized"":true,""contaminant"":""N(10,1)"",""epsilon"":0.1}",50,exploratory,acceptable,200,1,1,0.005,0.0008831687156009814,0.02777370439789293,1,1.0,0.20654931437723745,1.0,0,0.0,0.0,0.7934506856227626,-0.3705509409904424,0.3705509409904424,0.03946907397228674,nan,nan,0.0,0.0,0.0,0.0,0.0,0.0,0.0,0.0,0.0,0.0,1.0
contamination_asymmetric_eps_0p1,normal_contamination_asymmetric,"{""base"":""N(0,1)"",""centered_and_standardized"":true,""contaminant"":""N(10,1)"",""epsilon"":0.1}",50,exploratory,caution,200,0,0,0.0,1.734723475976807e-18,0.018845326377266575,0,nan,nan,nan,0,nan,nan,nan,nan,nan,nan,nan,nan,nan,nan,nan,nan,nan,nan,nan,nan,nan,nan,nan
contamination_asymmetric_eps_0p1,normal_contamination_asymmetric,"{""base"":""N(0,1)"",""centered_and_standardized"":true,""contaminant"":""N(10,1)"",""epsilon"":0.1}",50,exploratory,insufficient,200,199,199,0.995,0.9722262956021069,0.9991168312843989,17,0.08542713567839195,0.05401934786128085,0.13253747854246167,182,0.914572864321608,0.8674625214575382,0.9459806521387191,-0.007553612861084022,0.1429311364715696,0.1367545810698422,0.14309137944327788,0.9557150235179079,1.0,1.0,4.85929648241206,0.0971859296482412,0.3047240628937532,2.1976532246482994,2.9336465118309727,0.09018625890355565,6.538296199193617,1.0,0.0
contamination_asymmetric_eps_0p1,normal_contamination_asymmetric,"{""base"":""N(0,1)"",""centered_and_standardized"":true,""contaminant"":""N(10,1)"",""epsilon"":0.1}",80,exploratory,all,200,200,200,1.0,0.9811546736227335,1.0,13,0.065,0.03837635464915299,0.10801907929906895,187,0.935,0.8919809207009312,0.961623645350847,0.019146589541974856,0.11363708907890387,0.11289118962596557,0.11229356771421865,1.0053219603216084,1.0,1.0,8.49,0.10612500000000001,0.33355186408429033,2.843073842063412,3.602469432870845,0.07587604810414553,8.603345410209428,1.0,0.0
contamination_asymmetric_eps_0p1,normal_contamination_asymmetric,"{""base"":""N(0,1)"",""centered_and_standardized"":true,""contaminant"":""N(10,1)"",""epsilon"":0.1}",80,exploratory,acceptable,200,0,0,0.0,1.734723475976807e-18,0.018845326377266575,0,nan,nan,nan,0,nan,nan,nan,nan,nan,nan,nan,nan,nan,nan,nan,nan,nan,nan,nan,nan,nan,nan,nan
contamination_asymmetric_eps_0p1,normal_contamination_asymmetric,"{""base"":""N(0,1)"",""centered_and_standardized"":true,""contaminant"":""N(10,1)"",""epsilon"":0.1}",80,exploratory,caution,200,0,0,0.0,1.734723475976807e-18,0.018845326377266575,0,nan,nan,nan,0,nan,nan,nan,nan,nan,nan,nan,nan,nan,nan,nan,nan,nan,nan,nan,nan,nan,nan,nan
contamination_asymmetric_eps_0p1,normal_contamination_asymmetric,"{""base"":""N(0,1)"",""centered_and_standardized"":true,""contaminant"":""N(10,1)"",""epsilon"":0.1}",80,exploratory,insufficient,200,200,200,1.0,0.9811546736227335,1.0,13,0.065,0.03837635464915299,0.10801907929906895,187,0.935,0.8919809207009312,0.961623645350847,0.019146589541974856,0.11363708907890387,0.11289118962596557,0.11229356771421865,1.0053219603216084,1.0,1.0,8.49,0.10612500000000001,0.33355186408429033,2.843073842063412,3.602469432870845,0.07587604810414553,8.603345410209428,1.0,0.0
contamination_asymmetric_eps_0p1,normal_contamination_asymmetric,"{""base"":""N(0,1)"",""centered_and_standardized"":true,""contaminant"":""N(10,1)"",""epsilon"":0.1}",100,confirmatory_5000,all,5000,5000,5000,1.0,0.9992322980549431,1.0000000000000002,325,0.065,0.05849519252435276,0.07217270816784693,4675,0.935,0.9278272918321532,0.9415048074756472,-0.0022625591722062756,0.09942985153698825,0.09889823812803727,0.09941404746426148,0.994811504516908,1.0,1.0,9.9568,0.099568,0.31385942451852755,3.1360134465943545,3.855541095640911,0.06571658278343452,9.436377039507667,1.0,0.0
contamination_asymmetric_eps_0p1,normal_contamination_asymmetric,"{""base"":""N(0,1)"",""centered_and_standardized"":true,""contaminant"":""N(10,1)"",""epsilon"":0.1}",100,confirmatory_5000,acceptable,5000,0,0,0.0,0.0,0.0007677019450571244,0,nan,nan,nan,0,nan,nan,nan,nan,nan,nan,nan,nan,nan,nan,nan,nan,nan,nan,nan,nan,nan,nan,nan
contamination_asymmetric_eps_0p1,normal_contamination_asymmetric,"{""base"":""N(0,1)"",""centered_and_standardized"":true,""contaminant"":""N(10,1)"",""epsilon"":0.1}",100,confirmatory_5000,caution,5000,0,0,0.0,0.0,0.0007677019450571244,0,nan,nan,nan,0,nan,nan,nan,nan,nan,nan,nan,nan,nan,nan,nan,nan,nan,nan,nan,nan,nan,nan,nan
contamination_asymmetric_eps_0p1,normal_contamination_asymmetric,"{""base"":""N(0,1)"",""centered_and_standardized"":true,""contaminant"":""N(10,1)"",""epsilon"":0.1}",100,confirmatory_5000,insufficient,5000,5000,5000,1.0,0.9992322980549431,1.0000000000000002,325,0.065,0.05849519252435276,0.07217270816784693,4675,0.935,0.9278272918321532,0.9415048074756472,-0.0022625591722062756,0.09942985153698825,0.09889823812803727,0.09941404746426148,0.994811504516908,1.0,1.0,9.9568,0.099568,0.31385942451852755,3.1360134465943545,3.855541095640911,0.06571658278343452,9.436377039507667,1.0,0.0
contamination_asymmetric_eps_0p1,normal_contamination_asymmetric,"{""base"":""N(0,1)"",""centered_and_standardized"":true,""contaminant"":""N(10,1)"",""epsilon"":0.1}",200,exploratory,all,200,200,200,1.0,0.9811546736227335,1.0,12,0.06,0.03465219425433187,0.1019316929576627,188,0.94,0.8980683070423372,0.9653478057456681,-0.003924705367936239,0.07252087327593874,0.0701832175242006,0.07259631445771801,0.9667600628001184,1.0,1.0,19.815,0.09907500000000001,0.3130872701159683,4.439600984040145,5.1342680305651,0.04656185351481147,13.303003894527833,1.0,0.0
contamination_asymmetric_eps_0p1,normal_contamination_asymmetric,"{""base"":""N(0,1)"",""centered_and_standardized"":true,""contaminant"":""N(10,1)"",""epsilon"":0.1}",200,exploratory,acceptable,200,0,0,0.0,1.734723475976807e-18,0.018845326377266575,0,nan,nan,nan,0,nan,nan,nan,nan,nan,nan,nan,nan,nan,nan,nan,nan,nan,nan,nan,nan,nan,nan,nan
contamination_asymmetric_eps_0p1,normal_contamination_asymmetric,"{""base"":""N(0,1)"",""centered_and_standardized"":true,""contaminant"":""N(10,1)"",""epsilon"":0.1}",200,exploratory,caution,200,0,0,0.0,1.734723475976807e-18,0.018845326377266575,0,nan,nan,nan,0,nan,nan,nan,nan,nan,nan,nan,nan,nan,nan,nan,nan,nan,nan,nan,nan,nan,nan,nan
contamination_asymmetric_eps_0p1,normal_contamination_asymmetric,"{""base"":""N(0,1)"",""centered_and_standardized"":true,""contaminant"":""N(10,1)"",""epsilon"":0.1}",200,exploratory,insufficient,200,200,200,1.0,0.9811546736227335,1.0,12,0.06,0.03465219425433187,0.1019316929576627,188,0.94,0.8980683070423372,0.9653478057456681,-0.003924705367936239,0.07252087327593874,0.0701832175242006,0.07259631445771801,0.9667600628001184,1.0,1.0,19.815,0.09907500000000001,0.3130872701159683,4.439600984040145,5.1342680305651,0.04656185351481147,13.303003894527833,1.0,0.0
contamination_asymmetric_eps_0p1,normal_contamination_asymmetric,"{""base"":""N(0,1)"",""centered_and_standardized"":true,""contaminant"":""N(10,1)"",""epsilon"":0.1}",500,exploratory,all,200,200,200,1.0,0.9811546736227335,1.0,11,0.055,0.03098534170345884,0.0957869987723084,189,0.945,0.9042130012276914,0.9690146582965411,0.006202108574944116,0.04517481870493217,0.04503451851870018,0.0448593345215539,1.0039051849300642,1.0,1.0,51.035,0.10207000000000001,0.32266799549198766,7.120032906340224,7.88655158986378,0.03013568801488191,21.356416616470106,1.0,0.0
contamination_asymmetric_eps_0p1,normal_contamination_asymmetric,"{""base"":""N(0,1)"",""centered_and_standardized"":true,""contaminant"":""N(10,1)"",""epsilon"":0.1}",500,exploratory,acceptable,200,0,0,0.0,1.734723475976807e-18,0.018845326377266575,0,nan,nan,nan,0,nan,nan,nan,nan,nan,nan,nan,nan,nan,nan,nan,nan,nan,nan,nan,nan,nan,nan,nan
contamination_asymmetric_eps_0p1,normal_contamination_asymmetric,"{""base"":""N(0,1)"",""centered_and_standardized"":true,""contaminant"":""N(10,1)"",""epsilon"":0.1}",500,exploratory,caution,200,0,0,0.0,1.734723475976807e-18,0.018845326377266575,0,nan,nan,nan,0,nan,nan,nan,nan,nan,nan,nan,nan,nan,nan,nan,nan,nan,nan,nan,nan,nan,nan,nan
contamination_asymmetric_eps_0p1,normal_contamination_asymmetric,"{""base"":""N(0,1)"",""centered_and_standardized"":true,""contaminant"":""N(10,1)"",""epsilon"":0.1}",500,exploratory,insufficient,200,200,200,1.0,0.9811546736227335,1.0,11,0.055,0.03098534170345884,0.0957869987723084,189,0.945,0.9042130012276914,0.9690146582965411,0.006202108574944116,0.04517481870493217,0.04503451851870018,0.0448593345215539,1.0039051849300642,1.0,1.0,51.035,0.10207000000000001,0.32266799549198766,7.120032906340224,7.88655158986378,0.03013568801488191,21.356416616470106,1.0,0.0
contamination_asymmetric_eps_0p1,normal_contamination_asymmetric,"{""base"":""N(0,1)"",""centered_and_standardized"":true,""contaminant"":""N(10,1)"",""epsilon"":0.1}",750,exploratory,all,200,200,200,1.0,0.9811546736227335,1.0,12,0.06,0.03465219425433187,0.1019316929576627,188,0.94,0.8980683070423372,0.9653478057456681,0.005863893316250753,0.03907159061674706,0.03667438030394746,0.03872599205704508,0.9470223577468201,1.0,1.0,76.39,0.10185333333333332,0.3213094154926982,8.727529742257236,9.503943618855992,0.02451122310618062,26.06361122593835,1.0,0.0
contamination_asymmetric_eps_0p1,normal_contamination_asymmetric,"{""base"":""N(0,1)"",""centered_and_standardized"":true,""contaminant"":""N(10,1)"",""epsilon"":0.1}",750,exploratory,acceptable,200,0,0,0.0,1.734723475976807e-18,0.018845326377266575,0,nan,nan,nan,0,nan,nan,nan,nan,nan,nan,nan,nan,nan,nan,nan,nan,nan,nan,nan,nan,nan,nan,nan
contamination_asymmetric_eps_0p1,normal_contamination_asymmetric,"{""base"":""N(0,1)"",""centered_and_standardized"":true,""contaminant"":""N(10,1)"",""epsilon"":0.1}",750,exploratory,caution,200,0,0,0.0,1.734723475976807e-18,0.018845326377266575,0,nan,nan,nan,0,nan,nan,nan,nan,nan,nan,nan,nan,nan,nan,nan,nan,nan,nan,nan,nan,nan,nan,nan
contamination_asymmetric_eps_0p1,normal_contamination_asymmetric,"{""base"":""N(0,1)"",""centered_and_standardized"":true,""contaminant"":""N(10,1)"",""epsilon"":0.1}",750,exploratory,insufficient,200,200,200,1.0,0.9811546736227335,1.0,12,0.06,0.03465219425433187,0.1019316929576627,188,0.94,0.8980683070423372,0.9653478057456681,0.005863893316250753,0.03907159061674706,0.03667438030394746,0.03872599205704508,0.9470223577468201,1.0,1.0,76.39,0.10185333333333332,0.3213094154926982,8.727529742257236,9.503943618855992,0.02451122310618062,26.06361122593835,1.0,0.0
contamination_asymmetric_eps_0p1,normal_contamination_asymmetric,"{""base"":""N(0,1)"",""centered_and_standardized"":true,""contaminant"":""N(10,1)"",""epsilon"":0.1}",2000,exploratory,all,200,200,200,1.0,0.9811546736227335,1.0,3,0.015,0.00511423779325831,0.04316572879269026,197,0.985,0.9568342712073097,0.9948857622067417,0.0007947090293016584,0.02007081055177487,0.022370424015075326,0.020105397504352505,1.1126576338633682,1.0,1.0,200.14,0.10007000000000002,0.31644859812669845,14.13021767768905,14.808065936112676,0.014915459062872552,42.36794125022505,1.0,0.0
contamination_asymmetric_eps_0p1,normal_contamination_asymmetric,"{""base"":""N(0,1)"",""centered_and_standardized"":true,""contaminant"":""N(10,1)"",""epsilon"":0.1}",2000,exploratory,acceptable,200,0,0,0.0,1.734723475976807e-18,0.018845326377266575,0,nan,nan,nan,0,nan,nan,nan,nan,nan,nan,nan,nan,nan,nan,nan,nan,nan,nan,nan,nan,nan,nan,nan
contamination_asymmetric_eps_0p1,normal_contamination_asymmetric,"{""base"":""N(0,1)"",""centered_and_standardized"":true,""contaminant"":""N(10,1)"",""epsilon"":0.1}",2000,exploratory,caution,200,0,0,0.0,1.734723475976807e-18,0.018845326377266575,0,nan,nan,nan,0,nan,nan,nan,nan,nan,nan,nan,nan,nan,nan,nan,nan,nan,nan,nan,nan,nan,nan,nan
contamination_asymmetric_eps_0p1,normal_contamination_asymmetric,"{""base"":""N(0,1)"",""centered_and_standardized"":true,""contaminant"":""N(10,1)"",""epsilon"":0.1}",2000,exploratory,insufficient,200,200,200,1.0,0.9811546736227335,1.0,3,0.015,0.00511423779325831,0.04316572879269026,197,0.985,0.9568342712073097,0.9948857622067417,0.0007947090293016584,0.02007081055177487,0.022370424015075326,0.020105397504352505,1.1126576338633682,1.0,1.0,200.14,0.10007000000000002,0.31644859812669845,14.13021767768905,14.808065936112676,0.014915459062872552,42.36794125022505,1.0,0.0
contamination_symmetric_eps_0p001,normal_contamination_symmetric,"{""base"":""N(0,1)"",""centered_and_standardized"":true,""contaminant"":""N(0,10)"",""epsilon"":0.001}",5,exploratory,all,200,200,200,1.0,0.9811546736227335,1.0,11,0.055,0.03098534170345884,0.0957869987723084,189,0.945,0.9042130012276914,0.9690146582965411,0.0382375912972271,0.4030811539005614,0.40902169031679064,0.4022703199256186,1.016783168075687,0.23,0.23,0.285,0.057,0.09429321557963748,0.0,0.9298298486835022,0.05587884169697755,1.5303666286234432,0.035,0.715
contamination_symmetric_eps_0p001,normal_contamination_symmetric,"{""base"":""N(0,1)"",""centered_and_standardized"":true,""contaminant"":""N(0,10)"",""epsilon"":0.001}",5,exploratory,acceptable,200,129,129,0.645,0.5765211307549043,0.7080137245956883,7,0.05426356589147287,0.026530955330892246,0.10777545005702246,122,0.9457364341085271,0.8922245499429776,0.9734690446691078,0.034715527598305,0.41727503968832835,0.40122298046479804,0.4174496089057327,0.9611291324874641,0.0,0.0,0.0,0.0,0.0,0.0,0.0,0.0,0.0,0.0,1.0
contamination_symmetric_eps_0p001,normal_contamination_symmetric,"{""base"":""N(0,1)"",""centered_and_standardized"":true,""contaminant"":""N(0,10)"",""epsilon"":0.001}",5,exploratory,caution,200,0,0,0.0,1.734723475976807e-18,0.018845326377266575,0,nan,nan,nan,0,nan,nan,nan,nan,nan,nan,nan,nan,nan,nan,nan,nan,nan,nan,nan,nan,nan,nan,nan
contamination_symmetric_eps_0p001,normal_contamination_symmetric,"{""base"":""N(0,1)"",""centered_and_standardized"":true,""contaminant"":""N(0,10)"",""epsilon"":0.001}",5,exploratory,insufficient,200,71,71,0.355,0.2919862754043116,0.42347886924509565,4,0.056338028169014086,0.022124519301696642,0.13609605799976943,67,0.9436619718309859,0.8639039420002305,0.9778754806983033,0.04463683379245177,0.3759233167910864,0.4231911772309743,0.3759205542115431,1.1257463112613695,0.647887323943662,0.647887323943662,0.8028169014084507,0.16056338028169012,0.26561469177362673,0.8224146745808173,0.9992375792067818,0.15740518787881003,4.310891911615332,0.09859154929577464,0.19718309859154928
contamination_symmetric_eps_0p001,normal_contamination_symmetric,"{""base"":""N(0,1)"",""centered_and_standardized"":true,""contaminant"":""N(0,10)"",""epsilon"":0.001}",8,exploratory,all,200,200,200,1.0,0.9811546736227335,1.0,12,0.06,0.03465219425433187,0.1019316929576627,188,0.94,0.8980683070423372,0.9653478057456681,0.003899091010930631,0.3710477269908319,0.34252101499243054,0.3719583009999443,0.9208586394540011,0.13,0.13,0.195,0.024375,0.04956376905211575,0.0,0.6391785245179188,0.03554675077033892,0.5592285807753457,0.09,0.825
contamination_symmetric_eps_0p001,normal_contamination_symmetric,"{""base"":""N(0,1)"",""centered_and_standardized"":true,""contaminant"":""N(0,10)"",""epsilon"":0.001}",8,exploratory,acceptable,200,155,155,0.775,0.7122587676433947,0.8273763028491088,7,0.04516129032258064,0.022045753492620307,0.09027667764819537,148,0.9548387096774194,0.9097233223518046,0.9779542465073798,-0.023517242071977695,0.3194070679710388,0.32354970591835003,0.3195726776600916,1.012444831915476,0.0,0.0,0.0,0.0,0.0,0.0,0.0,0.0,0.0,0.0064516129032258064,1.0
contamination_symmetric_eps_0p001,normal_contamination_symmetric,"{""base"":""N(0,1)"",""centered_and_standardized"":true,""contaminant"":""N(0,10)"",""epsilon"":0.001}",8,exploratory,caution,200,0,0,0.0,1.734723475976807e-18,0.018845326377266575,0,nan,nan,nan,0,nan,nan,nan,nan,nan,nan,nan,nan,nan,nan,nan,nan,nan,nan,nan,nan,nan,nan,nan
contamination_symmetric_eps_0p001,normal_contamination_symmetric,"{""base"":""N(0,1)"",""centered_and_standardized"":true,""contaminant"":""N(0,10)"",""epsilon"":0.001}",8,exploratory,insufficient,200,45,45,0.225,0.17262369715089126,0.2877412323566053,5,0.1111111111111111,0.04840471794567186,0.2349909699576858,40,0.8888888888888888,0.7650090300423141,0.9515952820543282,0.09833312718539264,0.5103821554087339,0.4078666351364854,0.5064790296653296,0.8052981688224976,0.5777777777777777,0.5777777777777777,0.8666666666666667,0.10833333333333334,0.2202834180094033,0.27305091606739923,0.9899642977636863,0.15798555897928407,2.485460359001537,0.37777777777777777,0.2222222222222222
contamination_symmetric_eps_0p001,normal_contamination_symmetric,"{""base"":""N(0,1)"",""centered_and_standardized"":true,""contaminant"":""N(0,10)"",""epsilon"":0.001}",10,exploratory,all,200,200,200,1.0,0.9811546736227335,1.0,5,0.025,0.010724719651761264,0.05717834040664198,195,0.975,0.942821659593358,0.9892752803482386,0.02593754782380877,0.2962948966683998,0.3030167582687879,0.2958981038192786,1.0240577900217198,0.115,0.115,0.15,0.015,0.02827369427482178,0.0,0.13691723263151515,0.015821900067935123,0.15364827779487697,0.075,0.85
contamination_symmetric_eps_0p001,normal_contamination_symmetric,"{""base"":""N(0,1)"",""centered_and_standardized"":true,""contaminant"":""N(0,10)"",""epsilon"":0.001}",10,exploratory,acceptable,200,160,160,0.8,0.7391448134346212,0.8495479907390189,5,0.03125,0.013420516687644407,0.07106029128564172,155,0.96875,0.9289397087143583,0.9865794833123556,0.01194310283179636,0.2820080381812558,0.2952250265355126,0.2826396615086078,1.0445279511011638,0.0,0.0,0.0,0.0,0.0,0.0,0.0,0.0,0.0,0.00625,1.0
contamination_symmetric_eps_0p001,normal_contamination_symmetric,"{""base"":""N(0,1)"",""centered_and_standardized"":true,""contaminant"":""N(0,10)"",""epsilon"":0.001}",10,exploratory,caution,200,0,0,0.0,1.734723475976807e-18,0.018845326377266575,0,nan,nan,nan,0,nan,nan,nan,nan,nan,nan,nan,nan,nan,nan,nan,nan,nan,nan,nan,nan,nan,nan,nan
contamination_symmetric_eps_0p001,normal_contamination_symmetric,"{""base"":""N(0,1)"",""centered_and_standardized"":true,""contaminant"":""N(0,10)"",""epsilon"":0.001}",10,exploratory,insufficient,200,40,40,0.2,0.15045200926098115,0.2608551865653788,0,0.0,0.0,0.08762160119728664,40,1.0,0.9123783988027135,1.0000000000000002,0.08191532779185844,0.34761932420871844,0.3341836852018892,0.34213368752516565,0.976763462315614,0.575,0.575,0.75,0.075,0.14136847137410888,0.13838216261210878,0.8857822782781697,0.07910950033967562,0.7682413889743848,0.35,0.25
contamination_symmetric_eps_0p001,normal_contamination_symmetric,"{""base"":""N(0,1)"",""centered_and_standardized"":true,""contaminant"":""N(0,10)"",""epsilon"":0.001}",15,exploratory,all,200,200,200,1.0,0.9811546736227335,1.0,12,0.06,0.03465219425433187,0.1019316929576627,188,0.94,0.8980683070423372,0.9653478057456681,-0.028848766760132788,0.26711765625123135,0.25499837255745994,0.26622163837914614,0.9578423981986681,0.14,0.14,0.185,0.012333333333333333,0.03702087527061044,0.0,0.6243388576924548,0.018448124123599002,0.15012817417252391,0.1,0.885
contamination_symmetric_eps_0p001,normal_contamination_symmetric,"{""base"":""N(0,1)"",""centered_and_standardized"":true,""contaminant"":""N(0,10)"",""epsilon"":0.001}",15,exploratory,acceptable,200,164,164,0.82,0.7608852497127511,0.8670537414057983,11,0.06707317073170732,0.0378621146733797,0.11610138756417344,153,0.9329268292682927,0.8838986124358266,0.9621378853266203,-0.02042414901147357,0.2509487436587317,0.2422161264364266,0.25088227969627375,0.9654572922793165,0.0,0.0,0.0,0.0,0.0,0.0,0.0,0.0,0.0,0.024390243902439025,1.0
contamination_symmetric_eps_0p001,normal_contamination_symmetric,"{""base"":""N(0,1)"",""centered_and_standardized"":true,""contaminant"":""N(0,10)"",""epsilon"":0.001}",15,exploratory,caution,200,0,0,0.0,1.734723475976807e-18,0.018845326377266575,0,nan,nan,nan,0,nan,nan,nan,nan,nan,nan,nan,nan,nan,nan,nan,nan,nan,nan,nan,nan,nan,nan,nan
contamination_symmetric_eps_0p001,normal_contamination_symmetric,"{""base"":""N(0,1)"",""centered_and_standardized"":true,""contaminant"":""N(0,10)"",""epsilon"":0.001}",15,exploratory,insufficient,200,36,36,0.18,0.13294625859420173,0.23911475028724882,1,0.027777777777777776,0.004920407139810443,0.14169718653273855,35,0.9722222222222222,0.8583028134672614,0.9950795928601897,-0.06722758094846924,0.330925631853345,0.31322860488661175,0.32862136885500026,0.9531595768649471,0.7777777777777778,0.7777777777777778,1.0277777777777777,0.06851851851851852,0.2056715292811691,0.6379908863328714,0.9779067456062356,0.1024895784644389,0.8340454120695772,0.4444444444444444,0.3611111111111111
contamination_symmetric_eps_0p001,normal_contamination_symmetric,"{""base"":""N(0,1)"",""centered_and_standardized"":true,""contaminant"":""N(0,10)"",""epsilon"":0.001}",20,exploratory,all,200,200,200,1.0,0.9811546736227335,1.0,8,0.04,0.020405632066152306,0.07693206820093293,192,0.96,0.923067931799067,0.9795943679338476,-0.013183413031128813,0.20798740451520784,0.21554131339488805,0.20809004153189817,1.0358079214561917,0.13,0.13,0.18,0.009000000000000001,0.02105314996650414,0.0,0.5839340461486896,0.008259540153773894,0.10640276164006744,0.1,0.935
contamination_symmetric_eps_0p001,normal_contamination_symmetric,"{""base"":""N(0,1)"",""centered_and_standardized"":true,""contaminant"":""N(0,10)"",""epsilon"":0.001}",20,exploratory,acceptable,200,170,170,0.85,0.7939442071583334,0.89286406437758,7,0.041176470588235294,0.020086703286031737,0.08254392891026384,163,0.9588235294117647,0.9174560710897361,0.9799132967139683,-0.01987493279318519,0.20456438181492947,0.21195088372919038,0.20419806300688972,1.0379671609423595,0.0,0.0,0.0,0.0,0.0,0.0,0.0,0.0,0.0,0.03529411764705882,1.0
contamination_symmetric_eps_0p001,normal_contamination_symmetric,"{""base"":""N(0,1)"",""centered_and_standardized"":true,""contaminant"":""N(0,10)"",""epsilon"":0.001}",20,exploratory,caution,200,0,0,0.0,1.734723475976807e-18,0.018845326377266575,0,nan,nan,nan,0,nan,nan,nan,nan,nan,nan,nan,nan,nan,nan,nan,nan,nan,nan,nan,nan,nan,nan,nan
contamination_symmetric_eps_0p001,normal_contamination_symmetric,"{""base"":""N(0,1)"",""centered_and_standardized"":true,""contaminant"":""N(0,10)"",""epsilon"":0.001}",20,exploratory,insufficient,200,30,30,0.15,0.10713593562241995,0.20605579284166659,1,0.03333333333333333,0.005908590381612455,0.16670390991409173,29,0.9666666666666667,0.8332960900859082,0.9940914096183874,0.024735198953857354,0.22640909987229005,0.235887081500508,0.2289012370321654,1.0305190332691865,0.8666666666666667,0.8666666666666667,1.2,0.06000000000000001,0.14035433311002762,0.6173668087442596,0.8714492422033414,0.0550636010251593,0.7093517442671164,0.4666666666666667,0.5666666666666667
contamination_symmetric_eps_0p001,normal_contamination_symmetric,"{""base"":""N(0,1)"",""centered_and_standardized"":true,""contaminant"":""N(0,10)"",""epsilon"":0.001}",30,exploratory,all,200,200,200,1.0,0.9811546736227335,1.0,8,0.04,0.020405632066152306,0.07693206820093293,192,0.96,0.923067931799067,0.9795943679338476,-0.015683822824875314,0.19193403360283862,0.1820107809187151,0.1917721925248351,0.9490989205598415,0.13,0.13,0.15,0.005,0.02139490781477398,0.0,0.49923125739227375,0.01100258021231844,0.08671383260043404,0.11,0.935
contamination_symmetric_eps_0p001,normal_contamination_symmetric,"{""base"":""N(0,1)"",""centered_and_standardized"":true,""contaminant"":""N(0,10)"",""epsilon"":0.001}",30,exploratory,acceptable,200,174,174,0.87,0.8163364812775159,0.9097179772033067,8,0.04597701149425287,0.023478649695361148,0.08808959177244512,166,0.9540229885057471,0.9119104082275549,0.9765213503046388,-0.013832869806279909,0.1787344966484517,0.17470250918077332,0.17871268847641572,0.9775607466384704,0.0,0.0,0.0,0.0,0.0,0.0,0.0,0.0,0.0,0.034482758620689655,1.0
contamination_symmetric_eps_0p001,normal_contamination_symmetric,"{""base"":""N(0,1)"",""centered_and_standardized"":true,""contaminant"":""N(0,10)"",""epsilon"":0.001}",30,exploratory,caution,200,0,0,0.0,1.734723475976807e-18,0.018845326377266575,0,nan,nan,nan,0,nan,nan,nan,nan,nan,nan,nan,nan,nan,nan,nan,nan,nan,nan,nan,nan,nan,nan,nan
contamination_symmetric_eps_0p001,normal_contamination_symmetric,"{""base"":""N(0,1)"",""centered_and_standardized"":true,""contaminant"":""N(0,10)"",""epsilon"":0.001}",30,exploratory,insufficient,200,26,26,0.13,0.0902820227966932,0.18366351872248407,0,0.0,0.0,0.1287289218592153,26,1.0,0.8712710781407846,1.0,-0.028070969949321463,0.26378364679094624,0.23091998408801773,0.26748006706828154,0.8633166075476912,1.0,1.0,1.1538461538461537,0.038461538461538464,0.16457621395979982,0.5990145870822514,0.8659314103861004,0.08463523240244954,0.6670294815418003,0.6153846153846154,0.5
contamination_symmetric_eps_0p001,normal_contamination_symmetric,"{""base"":""N(0,1)"",""centered_and_standardized"":true,""contaminant"":""N(0,10)"",""epsilon"":0.001}",40,exploratory,all,200,200,200,1.0,0.9811546736227335,1.0,5,0.025,0.010724719651761264,0.05717834040664198,195,0.975,0.942821659593358,0.9892752803482386,0.006695692576062073,0.14814272232551803,0.1538305031285723,0.14836270196926354,1.0368542840399437,0.085,0.085,0.105,0.0026249999999999997,0.012715404390908978,0.0,0.0,0.006297835754995037,0.06651725063907366,0.105,0.97
contamination_symmetric_eps_0p001,normal_contamination_symmetric,"{""base"":""N(0,1)"",""centered_and_standardized"":true,""contaminant"":""N(0,10)"",""epsilon"":0.001}",40,exploratory,acceptable,200,183,183,0.915,0.8681041292843443,0.9462542498225244,5,0.0273224043715847,0.011725746680430384,0.06235555683784999,178,0.9726775956284153,0.93764444316215,0.9882742533195696,0.012836599565379084,0.14309685488283602,0.14883757330671255,0.14291093593100945,1.0414708457200517,0.0,0.0,0.0,0.0,0.0,0.0,0.0,0.0,0.0,0.04918032786885246,1.0
contamination_symmetric_eps_0p001,normal_contamination_symmetric,"{""base"":""N(0,1)"",""centered_and_standardized"":true,""contaminant"":""N(0,10)"",""epsilon"":0.001}",40,exploratory,caution,200,9,9,0.045,0.023852543001492997,0.0832967040018196,0,0.0,0.0,0.2991450484195441,9,1.0,0.7008549515804559,1.0,-0.05775835823618928,0.12197305980480419,0.15324441654811297,0.11394768226474447,1.3448664641731545,1.0,1.0,1.0,0.025,0.07905041613618724,0.5077209185043178,0.5775536774165368,0.018813433553446206,0.5507014113088625,0.6666666666666666,1.0
contamination_symmetric_eps_0p001,normal_contamination_symmetric,"{""base"":""N(0,1)"",""centered_and_standardized"":true,""contaminant"":""N(0,10)"",""epsilon"":0.001}",40,exploratory,insufficient,200,8,8,0.04,0.020405632066152306,0.07693206820093293,0,0.0,0.0,0.32440756488388023,8,1.0,0.6755924351161198,1.0,-0.06126674764078184,0.25202144804138565,0.2687031202066309,0.26133983547731776,1.0281751334076745,1.0,1.0,1.5,0.037500000000000006,0.22895339161951375,0.9046499226914506,1.010414284828637,0.13628078112724895,1.0433921782543711,0.75,0.25
contamination_symmetric_eps_0p001,normal_contamination_symmetric,"{""base"":""N(0,1)"",""centered_and_standardized"":true,""contaminant"":""N(0,10)"",""epsilon"":0.001}",50,exploratory,all,200,200,200,1.0,0.9811546736227335,1.0,10,0.05,0.02738264560076393,0.08957814813877599,190,0.95,0.9104218518612239,0.972617354399236,-0.013632319607945096,0.13593353014842366,0.1343036403412644,0.13558762665979304,0.9905302102399777,0.17,0.17,0.185,0.0037,0.011073856446348684,0.0,0.4232850224643553,0.0027254762131446774,0.0915891398212665,0.135,0.965
contamination_symmetric_eps_0p001,normal_contamination_symmetric,"{""base"":""N(0,1)"",""centered_and_standardized"":true,""contaminant"":""N(0,10)"",""epsilon"":0.001}",50,exploratory,acceptable,200,166,166,0.83,0.7718411637168737,0.8757209208741302,10,0.060240963855421686,0.03304743761879114,0.10732735064691815,156,0.9397590361445783,0.8926726493530818,0.9669525623812089,-0.013683751144099433,0.1407374592198352,0.13320114239511716,0.14049446674014596,0.9480881737604777,0.0,0.0,0.0,0.0,0.0,0.0,0.0,0.0,0.0,0.060240963855421686,1.0
contamination_symmetric_eps_0p001,normal_contamination_symmetric,"{""base"":""N(0,1)"",""centered_and_standardized"":true,""contaminant"":""N(0,10)"",""epsilon"":0.001}",50,exploratory,caution,200,25,25,0.125,0.08611974475712644,0.17801425002582347,0,0.0,1.3877787807814457e-17,0.13319225093904846,25,1.0,0.8668077490609515,0.9999999999999999,-0.03625238219108768,0.11912293196032535,0.13316394142400606,0.11581251778330325,1.1498233867358714,1.0,1.0,1.0,0.02,0.0586397385018666,0.43211813092936513,0.4957043022688372,0.011295401672348073,0.5050402572290937,0.4,1.0
contamination_symmetric_eps_0p001,normal_contamination_symmetric,"{""base"":""N(0,1)"",""centered_and_standardized"":true,""contaminant"":""N(0,10)"",""epsilon"":0.001}",50,exploratory,insufficient,200,9,9,0.045,0.023852543001492997,0.0832967040018196,0,0.0,0.0,0.2991450484195441,9,1.0,0.7008549515804559,1.0,0.05014981367874216,0.07663819598983117,0.1578044327848086,0.061467149206983915,2.56729708178623,1.0,1.0,1.3333333333333333,0.026666666666666665,0.08319753630256353,0.5861188256966964,0.7981554219284556,0.029190022313359307,0.6324246148362174,0.7777777777777778,0.2222222222222222
contamination_symmetric_eps_0p001,normal_contamination_symmetric,"{""base"":""N(0,1)"",""centered_and_standardized"":true,""contaminant"":""N(0,10)"",""epsilon"":0.001}",80,exploratory,all,200,200,200,1.0,0.9811546736227335,1.0,9,0.045,0.023852543001492997,0.0832967040018196,191,0.955,0.9167032959981803,0.976147456998507,-0.005871739252590113,0.11141309174959844,0.11016654128075323,0.11153744978651085,0.9877089846649567,0.17,0.17,0.18,0.0022500000000000003,0.011785921205309458,0.0,0.38216370446078163,0.004310466638522059,0.08208988952456607,0.155,0.945
contamination_symmetric_eps_0p001,normal_contamination_symmetric,"{""base"":""N(0,1)"",""centered_and_standardized"":true,""contaminant"":""N(0,10)"",""epsilon"":0.001}",80,exploratory,acceptable,200,166,166,0.83,0.7718411637168737,0.8757209208741302,8,0.04819277108433735,0.024619468718975003,0.09220394388278114,158,0.9518072289156626,0.9077960561172188,0.975380531281025,-0.012946340165698612,0.10663772890273879,0.10638684628785233,0.10616920700942788,1.0020499284543505,0.0,0.0,0.0,0.0,0.0,0.0,0.0,0.0,0.0,0.05421686746987952,1.0
contamination_symmetric_eps_0p001,normal_contamination_symmetric,"{""base"":""N(0,1)"",""centered_and_standardized"":true,""contaminant"":""N(0,10)"",""epsilon"":0.001}",80,exploratory,caution,200,25,25,0.125,0.08611974475712644,0.17801425002582347,0,0.0,1.3877787807814457e-17,0.13319225093904846,25,1.0,0.8668077490609515,0.9999999999999999,0.010958752189201336,0.10176856134078417,0.10887791240228484,0.1032631439768718,1.054373401866116,1.0,1.0,1.04,0.013000000000000003,0.04108716016704766,0.3798727842083331,0.45457799174051716,0.007729779669354128,0.38021979811317913,0.52,0.92
contamination_symmetric_eps_0p001,normal_contamination_symmetric,"{""base"":""N(0,1)"",""centered_and_standardized"":true,""contaminant"":""N(0,10)"",""epsilon"":0.001}",80,exploratory,insufficient,200,9,9,0.045,0.023852543001492997,0.0832967040018196,1,0.1111111111111111,0.019890887638544907,0.434999705576656,8,0.8888888888888888,0.5650002944233439,0.9801091123614551,0.07786397913976824,0.19320913633444467,0.1834604402566714,0.1875509064362973,0.9781901017843642,1.0,1.0,1.1111111111111112,0.013888888888888888,0.14777835965396668,0.7838337559308316,0.903843717619961,0.07431653733006208,0.7680536613426374,1.0,0.0
contamination_symmetric_eps_0p001,normal_contamination_symmetric,"{""base"":""N(0,1)"",""centered_and_standardized"":true,""contaminant"":""N(0,10)"",""epsilon"":0.001}",100,confirmatory_5000,all,5000,5000,5000,1.0,0.9992322980549431,1.0000000000000002,271,0.0542,0.04825961924472352,0.06082486380948941,4729,0.9458,0.9391751361905106,0.9517403807552766,0.0006541039854640264,0.10086763873520577,0.09824804232912746,0.10087560591920176,0.9739524380931213,0.152,0.152,0.1758,0.0017580000000000002,0.009193114240379168,0.0,0.34066756249819163,0.003512616566350964,0.07461768999876559,0.131,0.9418
contamination_symmetric_eps_0p001,normal_contamination_symmetric,"{""base"":""N(0,1)"",""centered_and_standardized"":true,""contaminant"":""N(0,10)"",""epsilon"":0.001}",100,confirmatory_5000,acceptable,5000,4240,4240,0.848,0.8377817048871515,0.8576839745590886,234,0.05518867924528302,0.048709379542726056,0.06247325142949986,4006,0.944811320754717,0.9375267485705001,0.951290620457274,-0.0002812962006071667,0.09690538540527284,0.09520734293018945,0.09691640662768386,0.9823655895120009,0.0,0.0,0.0,0.0,0.0,0.0,0.0,0.0,0.0,0.039858490566037734,1.0
contamination_symmetric_eps_0p001,normal_contamination_symmetric,"{""base"":""N(0,1)"",""centered_and_standardized"":true,""contaminant"":""N(0,10)"",""epsilon"":0.001}",100,confirmatory_5000,caution,5000,509,509,0.1018,0.09372180779356479,0.11048959003547873,28,0.0550098231827112,0.03833062899889324,0.07835544969354068,481,0.9449901768172888,0.9216445503064593,0.9616693710011067,0.003842023630801525,0.09740659876459479,0.09682887799556157,0.09742654943505648,0.9938654150951604,1.0,1.0,1.163064833005894,0.011630648330058939,0.034355582487322824,0.34104586708410384,0.4873978210637346,0.006226732419216506,0.37257340504278325,0.46168958742632615,0.9214145383104125
contamination_symmetric_eps_0p001,normal_contamination_symmetric,"{""base"":""N(0,1)"",""centered_and_standardized"":true,""contaminant"":""N(0,10)"",""epsilon"":0.001}",100,confirmatory_5000,insufficient,5000,251,251,0.0502,0.04448534215006972,0.05660528251970369,9,0.035856573705179286,0.018976915304131595,0.06672915042696174,242,0.9641434262948207,0.9332708495730383,0.9810230846958684,0.009990540995285041,0.15749047646135286,0.1524907518800524,0.15748731067521615,0.968273261040897,1.0,1.0,1.1434262948207172,0.011434262948207171,0.1134604769555718,0.7295005412734468,0.8974203342067778,0.057345322830173774,0.7308708638527939,1.0,0.0
contamination_symmetric_eps_0p001,normal_contamination_symmetric,"{""base"":""N(0,1)"",""centered_and_standardized"":true,""contaminant"":""N(0,10)"",""epsilon"":0.001}",200,exploratory,all,200,200,200,1.0,0.9811546736227335,1.0,5,0.025,0.010724719651761264,0.05717834040664198,195,0.975,0.942821659593358,0.9892752803482386,0.0013391870260052643,0.0690732277402984,0.07043353166480557,0.0692335452473009,1.0173324421451817,0.305,0.305,0.38,0.0019,0.01055637159785154,0.0,0.47696437806262687,0.0035229502038542993,0.11645148842944913,0.23,0.86
contamination_symmetric_eps_0p001,normal_contamination_symmetric,"{""base"":""N(0,1)"",""centered_and_standardized"":true,""contaminant"":""N(0,10)"",""epsilon"":0.001}",200,exploratory,acceptable,200,139,139,0.695,0.6280144790202163,0.7546358436926496,3,0.02158273381294964,0.007366814443784942,0.06153096146767435,136,0.9784172661870504,0.9384690385323257,0.992633185556215,0.008102217505661511,0.06115295984633394,0.06723119015494608,0.060833066973093736,1.1051750881585867,0.0,0.0,0.0,0.0,0.0,0.0,0.0,0.0,0.0,0.050359712230215826,1.0
contamination_symmetric_eps_0p001,normal_contamination_symmetric,"{""base"":""N(0,1)"",""centered_and_standardized"":true,""contaminant"":""N(0,10)"",""epsilon"":0.001}",200,exploratory,caution,200,45,45,0.225,0.17262369715089126,0.2877412323566053,2,0.044444444444444446,0.012274126706719846,0.14827510769435623,43,0.9555555555555556,0.8517248923056439,0.9877258732932802,-0.015330873212224485,0.07644216136995736,0.06994019709024345,0.07573527103514742,0.9234824954648333,1.0,1.0,1.288888888888889,0.006444444444444445,0.021680511295853813,0.2618815976051269,0.47639572327969165,0.0038727073147391063,0.3042989157221326,0.5111111111111111,0.7333333333333333
contamination_symmetric_eps_0p001,normal_contamination_symmetric,"{""base"":""N(0,1)"",""centered_and_standardized"":true,""contaminant"":""N(0,10)"",""epsilon"":0.001}",200,exploratory,insufficient,200,16,16,0.08,0.049840585889759974,0.12598948826714396,0,0.0,0.0,0.1936076805344365,16,1.0,0.8063923194655637,1.0000000000000002,-0.010530095845987224,0.10351715778802986,0.09964137702266566,0.10635748041637037,0.9368534928863266,1.0,1.0,1.125,0.005625,0.0709782069535554,0.7025764554781286,0.8401974246293966,0.033144888225475,0.5998029048996165,1.0,0.0
contamination_symmetric_eps_0p001,normal_contamination_symmetric,"{""base"":""N(0,1)"",""centered_and_standardized"":true,""contaminant"":""N(0,10)"",""epsilon"":0.001}",500,exploratory,all,200,200,200,1.0,0.9811546736227335,1.0,7,0.035,0.017055542008567192,0.07047061152229073,193,0.965,0.9295293884777092,0.9829444579914328,0.0042438592180539395,0.04219741261925143,0.044676414377452595,0.042088818394747415,1.06147941618214,0.445,0.445,0.665,0.00133,0.007303502801060849,0.0,0.47206475115029917,0.0020682122693118986,0.1530313381104492,0.325,0.785
contamination_symmetric_eps_0p001,normal_contamination_symmetric,"{""base"":""N(0,1)"",""centered_and_standardized"":true,""contaminant"":""N(0,10)"",""epsilon"":0.001}",500,exploratory,acceptable,200,111,111,0.555,0.4857330241280342,0.6221939899704665,3,0.02702702702702703,0.009233638497232216,0.07646240648300381,108,0.972972972972973,0.9235375935169964,0.9907663615027679,0.0012014159574829535,0.03806476933062271,0.04269914645095515,0.03821834903097284,1.1172420456035657,0.0,0.0,0.0,0.0,0.0,0.0,0.0,0.0,0.0,0.05405405405405406,1.0
contamination_symmetric_eps_0p001,normal_contamination_symmetric,"{""base"":""N(0,1)"",""centered_and_standardized"":true,""contaminant"":""N(0,10)"",""epsilon"":0.001}",500,exploratory,caution,200,65,65,0.325,0.2639157153923429,0.3926801488397004,2,0.03076923076923077,0.008478997236440126,0.10542705523577942,63,0.9692307692307692,0.8945729447642206,0.9915210027635599,0.004363395257428613,0.04504554131250523,0.044312634759158885,0.04518261597182321,0.9807452226049315,1.0,1.0,1.3846153846153846,0.00276923076923077,0.010928299810307997,0.1891744780639888,0.4249272085280875,0.0017341519144705097,0.25409974874986346,0.5384615384615384,0.7076923076923077
contamination_symmetric_eps_0p001,normal_contamination_symmetric,"{""base"":""N(0,1)"",""centered_and_standardized"":true,""contaminant"":""N(0,10)"",""epsilon"":0.001}",500,exploratory,insufficient,200,24,24,0.12,0.08197992706375512,0.17234252098296743,2,0.08333333333333333,0.023158815297043306,0.25848802193210685,22,0.9166666666666666,0.741511978067893,0.9768411847029567,0.017991415858221685,0.051397922760195204,0.05480651500371533,0.04918170836518147,1.1143678580005565,1.0,1.0,1.7916666666666667,0.0035833333333333338,0.03126504468925625,0.6137578887100557,0.7674762115214271,0.012538440809241524,0.5870743313895296,1.0,0.0
contamination_symmetric_eps_0p001,normal_contamination_symmetric,"{""base"":""N(0,1)"",""centered_and_standardized"":true,""contaminant"":""N(0,10)"",""epsilon"":0.001}",750,exploratory,all,200,200,200,1.0,0.9811546736227335,1.0,3,0.015,0.00511423779325831,0.04316572879269026,197,0.985,0.9568342712073097,0.9948857622067417,-0.0034549259547426653,0.03314026107057135,0.03621771340036175,0.03304238773772141,1.0960985534049454,0.615,0.615,0.93,0.00124,0.007097100568670718,0.13535026076501241,0.5322639005521925,0.0015009124122728878,0.18650004104503126,0.445,0.73
contamination_symmetric_eps_0p001,normal_contamination_symmetric,"{""base"":""N(0,1)"",""centered_and_standardized"":true,""contaminant"":""N(0,10)"",""epsilon"":0.001}",750,exploratory,acceptable,200,77,77,0.385,0.32033309726923215,0.45400132779753916,1,0.012987012987012988,0.0022962172971240508,0.06996198914680525,76,0.987012987012987,0.9300380108531947,0.9977037827028759,-0.0019643548322999835,0.03270245158777476,0.03480796427591913,0.032857458707361814,1.05936264231294,0.0,0.0,0.0,0.0,0.0,0.0,0.0,0.0,0.0,0.012987012987012988,1.0
contamination_symmetric_eps_0p001,normal_contamination_symmetric,"{""base"":""N(0,1)"",""centered_and_standardized"":true,""contaminant"":""N(0,10)"",""epsilon"":0.001}",750,exploratory,caution,200,99,99,0.495,0.4264584535990475,0.5637299996647251,2,0.020202020202020204,0.005557720110757801,0.07069031167150083,97,0.9797979797979798,0.9293096883284993,0.9944422798892423,-0.003916531203694936,0.03233436919462811,0.035797887213298574,0.03225963694646775,1.109680411862733,1.0,1.0,1.4141414141414141,0.0018855218855218852,0.008276777202017138,0.20241288843822333,0.3707969028462095,0.001141138307536279,0.23228561600022873,0.6464646464646465,0.696969696969697
contamination_symmetric_eps_0p001,normal_contamination_symmetric,"{""base"":""N(0,1)"",""centered_and_standardized"":true,""contaminant"":""N(0,10)"",""epsilon"":0.001}",750,exploratory,insufficient,200,24,24,0.12,0.08197992706375512,0.17234252098296743,0,0.0,1.3877787807814457e-17,0.13797620467498017,24,1.0,0.8620237953250198,1.0,-0.006333053320651483,0.037528918242237155,0.04247244152958412,0.03778629344414818,1.1240171410927753,1.0,1.0,1.9166666666666667,0.0025555555555555557,0.02500079878060195,0.5815880278355681,0.7729201414168987,0.007800407917020249,0.5959888427076501,1.0,0.0
contamination_symmetric_eps_0p001,normal_contamination_symmetric,"{""base"":""N(0,1)"",""centered_and_standardized"":true,""contaminant"":""N(0,10)"",""epsilon"":0.001}",2000,exploratory,all,200,200,200,1.0,0.9811546736227335,1.0,12,0.06,0.03465219425433187,0.1019316929576627,188,0.94,0.8980683070423372,0.9653478057456681,0.0015039879300845233,0.023012883689741984,0.022332361841413063,0.02302131055614264,0.9700734363906252,0.885,0.885,2.4,0.0012,0.004903219458642225,0.16464728575244397,0.5070250650388096,0.0010370308631226178,0.21404271707308858,0.685,0.53
contamination_symmetric_eps_0p001,normal_contamination_symmetric,"{""base"":""N(0,1)"",""centered_and_standardized"":true,""contaminant"":""N(0,10)"",""epsilon"":0.001}",2000,exploratory,acceptable,200,23,23,0.115,0.07786373232561955,0.16664716898487572,1,0.043478260869565216,0.007716666143453149,0.20991155070258877,22,0.9565217391304348,0.7900884492974114,0.9922833338565469,0.0019079095895579727,0.0191268718068039,0.021441567854787687,0.01945920375902505,1.1018728268798372,0.0,0.0,0.0,0.0,0.0,0.0,0.0,0.0,0.0,0.043478260869565216,1.0
contamination_symmetric_eps_0p001,normal_contamination_symmetric,"{""base"":""N(0,1)"",""centered_and_standardized"":true,""contaminant"":""N(0,10)"",""epsilon"":0.001}",2000,exploratory,caution,200,135,135,0.675,0.6073198511602996,0.7360842846076571,7,0.05185185185185185,0.025341171985529154,0.10316121463758576,128,0.9481481481481482,0.8968387853624143,0.9746588280144709,0.001280214542491356,0.021816259339346552,0.021867872988943195,0.021859777007356404,1.0003703597517974,1.0,1.0,2.3777777777777778,0.0011888888888888889,0.0038775599796229895,0.14328893564731873,0.3247128436193316,0.0006083584557154583,0.18071465139207352,0.6962962962962963,0.6148148148148148
contamination_symmetric_eps_0p001,normal_contamination_symmetric,"{""base"":""N(0,1)"",""centered_and_standardized"":true,""contaminant"":""N(0,10)"",""epsilon"":0.001}",2000,exploratory,insufficient,200,42,42,0.21,0.15928412069979,0.2716461685990246,4,0.09523809523809523,0.03766224880557388,0.22065105808571023,38,0.9047619047619048,0.7793489419142897,0.9623377511944261,0.002002064338589004,0.02813706621805171,0.024313177478932475,0.02840595171971477,0.8559184257874466,1.0,1.0,3.7857142857142856,0.0018928571428571432,0.01088507843998432,0.4060005316853103,0.726408548247158,0.002982804311974683,0.43838251134970946,1.0,0.0
contamination_symmetric_eps_0p005,normal_contamination_symmetric,"{""base"":""N(0,1)"",""centered_and_standardized"":true,""contaminant"":""N(0,10)"",""epsilon"":0.005}",5,exploratory,all,200,200,200,1.0,0.9811546736227335,1.0,14,0.07,0.042152171828342806,0.11405480885610647,186,0.93,0.8859451911438936,0.9578478281716571,-0.014426221615376399,0.46103237932445984,0.3774333248206622,0.4619629723849634,0.8170207297613002,0.255,0.255,0.325,0.065,0.1008836838306797,0.0,0.9608702205741891,0.07566503966051451,1.2256388442257105,0.07,0.625
contamination_symmetric_eps_0p005,normal_contamination_symmetric,"{""base"":""N(0,1)"",""centered_and_standardized"":true,""contaminant"":""N(0,10)"",""epsilon"":0.005}",5,exploratory,acceptable,200,112,112,0.56,0.4907167533465867,0.6270218074881414,8,0.07142857142857142,0.03663590189789057,0.13464525273091846,104,0.9285714285714286,0.8653547472690817,0.9633640981021094,-0.012864415735328807,0.40474942920229423,0.3465662108333194,0.40636312713685907,0.852848567425753,0.0,0.0,0.0,0.0,0.0,0.0,0.0,0.0,0.0,0.0,1.0
contamination_symmetric_eps_0p005,normal_contamination_symmetric,"{""base"":""N(0,1)"",""centered_and_standardized"":true,""contaminant"":""N(0,10)"",""epsilon"":0.005}",5,exploratory,caution,200,0,0,0.0,1.734723475976807e-18,0.018845326377266575,0,nan,nan,nan,0,nan,nan,nan,nan,nan,nan,nan,nan,nan,nan,nan,nan,nan,nan,nan,nan,nan,nan,nan
contamination_symmetric_eps_0p005,normal_contamination_symmetric,"{""base"":""N(0,1)"",""centered_and_standardized"":true,""contaminant"":""N(0,10)"",""epsilon"":0.005}",5,exploratory,insufficient,200,88,88,0.44,0.37297819251185865,0.5092832466534134,6,0.06818181818181818,0.03162092817146724,0.14086608394821237,82,0.9318181818181818,0.8591339160517876,0.9683790718285327,-0.01641397455361877,0.5239935776397848,0.416718742622735,0.5267378121000158,0.7911312479378438,0.5795454545454546,0.5795454545454546,0.7386363636363636,0.14772727272727273,0.22928109961518117,0.5707571514282844,0.9849498815256075,0.17196599922844208,2.7855428277857057,0.1590909090909091,0.14772727272727273
contamination_symmetric_eps_0p005,normal_contamination_symmetric,"{""base"":""N(0,1)"",""centered_and_standardized"":true,""contaminant"":""N(0,10)"",""epsilon"":0.005}",8,exploratory,all,200,200,200,1.0,0.9811546736227335,1.0,11,0.055,0.03098534170345884,0.0957869987723084,189,0.945,0.9042130012276914,0.9690146582965411,-0.01408608873513073,0.35932070812084177,0.31402342158612895,0.35994549194910275,0.8724193762941548,0.135,0.135,0.165,0.020625,0.07257391972729929,0.0,0.8482646864339892,0.05256630650897847,0.2926563874219417,0.12,0.785
contamination_symmetric_eps_0p005,normal_contamination_symmetric,"{""base"":""N(0,1)"",""centered_and_standardized"":true,""contaminant"":""N(0,10)"",""epsilon"":0.005}",8,exploratory,acceptable,200,154,154,0.77,0.7069169563469642,0.8229065674093119,9,0.05844155844155844,0.031047680593304497,0.10732825044459694,145,0.9415584415584416,0.8926717495554031,0.9689523194066956,-0.0033531391031235494,0.2940509579199007,0.2755199494135938,0.294991162335904,0.9339939109764296,0.0,0.0,0.0,0.0,0.0,0.0,0.0,0.0,0.0,0.006493506493506494,1.0
contamination_symmetric_eps_0p005,normal_contamination_symmetric,"{""base"":""N(0,1)"",""centered_and_standardized"":true,""contaminant"":""N(0,10)"",""epsilon"":0.005}",8,exploratory,caution,200,0,0,0.0,1.734723475976807e-18,0.018845326377266575,0,nan,nan,nan,0,nan,nan,nan,nan,nan,nan,nan,nan,nan,nan,nan,nan,nan,nan,nan,nan,nan,nan,nan
contamination_symmetric_eps_0p005,normal_contamination_symmetric,"{""base"":""N(0,1)"",""centered_and_standardized"":true,""contaminant"":""N(0,10)"",""epsilon"":0.005}",8,exploratory,insufficient,200,46,46,0.23,0.17709343259068805,0.2930830436530359,2,0.043478260869565216,0.012005445598556624,0.1453225902621907,44,0.9565217391304348,0.8546774097378094,0.9879945544014435,-0.05001813750315476,0.5214218753319683,0.4429263501637462,0.5247524721828255,0.8440672005246489,0.5869565217391305,0.5869565217391305,0.717391304347826,0.08967391304347826,0.31553878142304037,0.783010733001426,0.9844153040085113,0.228549158734689,1.2724190757475728,0.5,0.06521739130434782
contamination_symmetric_eps_0p005,normal_contamination_symmetric,"{""base"":""N(0,1)"",""centered_and_standardized"":true,""contaminant"":""N(0,10)"",""epsilon"":0.005}",10,exploratory,all,200,200,200,1.0,0.9811546736227335,1.0,5,0.025,0.010724719651761264,0.05717834040664198,195,0.975,0.942821659593358,0.9892752803482386,-0.028411549681761697,0.3135462745207489,0.27675874771022513,0.31303996583755805,0.8841003638935998,0.115,0.115,0.125,0.0125,0.04640131534487235,0.0,0.6750034650249369,0.02841484934238774,0.12833878043758926,0.105,0.845
contamination_symmetric_eps_0p005,normal_contamination_symmetric,"{""base"":""N(0,1)"",""centered_and_standardized"":true,""contaminant"":""N(0,10)"",""epsilon"":0.005}",10,exploratory,acceptable,200,161,161,0.805,0.7445595562538726,0.8539447946559949,4,0.024844720496894408,0.00970308506388464,0.062132355518903705,157,0.9751552795031055,0.9378676444810962,0.9902969149361153,-0.03991213522133274,0.23041859327392086,0.2549325522986222,0.2276436316336,1.119875616414979,0.0,0.0,0.0,0.0,0.0,0.0,0.0,0.0,0.0,0.024844720496894408,1.0
contamination_symmetric_eps_0p005,normal_contamination_symmetric,"{""base"":""N(0,1)"",""centered_and_standardized"":true,""contaminant"":""N(0,10)"",""epsilon"":0.005}",10,exploratory,caution,200,0,0,0.0,1.734723475976807e-18,0.018845326377266575,0,nan,nan,nan,0,nan,nan,nan,nan,nan,nan,nan,nan,nan,nan,nan,nan,nan,nan,nan,nan,nan,nan,nan
contamination_symmetric_eps_0p005,normal_contamination_symmetric,"{""base"":""N(0,1)"",""centered_and_standardized"":true,""contaminant"":""N(0,10)"",""epsilon"":0.005}",10,exploratory,insufficient,200,39,39,0.195,0.1460552053440051,0.25544044374612745,1,0.02564102564102564,0.004540703100990098,0.13180990169850076,38,0.9743589743589743,0.8681900983014993,0.99545929689901,0.019065226520057203,0.5338376787969337,0.36686175953761124,0.5404712415836378,0.6787812769883326,0.5897435897435898,0.5897435897435898,0.6410256410256411,0.0641025641025641,0.2379554633070377,0.6803358302449075,0.952890904171929,0.14571717611480892,0.6581475919876372,0.4358974358974359,0.20512820512820512
contamination_symmetric_eps_0p005,normal_contamination_symmetric,"{""base"":""N(0,1)"",""centered_and_standardized"":true,""contaminant"":""N(0,10)"",""epsilon"":0.005}",15,exploratory,all,200,200,200,1.0,0.9811546736227335,1.0,18,0.09,0.05768744886219316,0.13776571876716542,182,0.91,0.8622342812328346,0.9423125511378069,0.005330432568763944,0.24615227927840913,0.21567915324671122,0.24671211038300078,0.874213888049057,0.13,0.13,0.205,0.013666666666666667,0.026110352219004422,0.0,0.5455588578460342,0.015357061086407659,0.1352607325474592,0.08,0.88
contamination_symmetric_eps_0p005,normal_contamination_symmetric,"{""base"":""N(0,1)"",""centered_and_standardized"":true,""contaminant"":""N(0,10)"",""epsilon"":0.005}",15,exploratory,acceptable,200,165,165,0.825,0.7663556885175099,0.8713948493372666,15,0.09090909090909091,0.0558663538315333,0.1445669938608306,150,0.9090909090909091,0.8554330061391694,0.9441336461684667,-0.002767105260424988,0.22212240672930486,0.20567629453112712,0.22278129116191014,0.9232206773667019,0.0,0.0,0.0,0.0,0.0,0.0,0.0,0.0,0.0,0.006060606060606061,1.0
contamination_symmetric_eps_0p005,normal_contamination_symmetric,"{""base"":""N(0,1)"",""centered_and_standardized"":true,""contaminant"":""N(0,10)"",""epsilon"":0.005}",15,exploratory,caution,200,0,0,0.0,1.734723475976807e-18,0.018845326377266575,0,nan,nan,nan,0,nan,nan,nan,nan,nan,nan,nan,nan,nan,nan,nan,nan,nan,nan,nan,nan,nan,nan,nan
contamination_symmetric_eps_0p005,normal_contamination_symmetric,"{""base"":""N(0,1)"",""centered_and_standardized"":true,""contaminant"":""N(0,10)"",""epsilon"":0.005}",15,exploratory,insufficient,200,35,35,0.175,0.12860515066273331,0.23364431148248993,3,0.08571428571428572,0.02958236826696982,0.22379273965896496,32,0.9142857142857143,0.7762072603410349,0.9704176317330301,0.043504539477797505,0.33710358431539766,0.2628354871916076,0.33916490679786543,0.7749489464375852,0.7428571428571429,0.7428571428571429,1.1714285714285715,0.0780952380952381,0.14920201268002528,0.6001446296875615,0.9514980730427511,0.08775463477947236,0.7729184716997669,0.42857142857142855,0.3142857142857143
contamination_symmetric_eps_0p005,normal_contamination_symmetric,"{""base"":""N(0,1)"",""centered_and_standardized"":true,""contaminant"":""N(0,10)"",""epsilon"":0.005}",20,exploratory,all,200,200,200,1.0,0.9811546736227335,1.0,12,0.06,0.03465219425433187,0.1019316929576627,188,0.94,0.8980683070423372,0.9653478057456681,-0.007946467970204518,0.22302959086216947,0.1982206526515339,0.22344729921072679,0.8871024771912667,0.155,0.155,0.175,0.00875,0.03677206342768019,0.0,0.6372331946402239,0.020981148544940344,0.14167354889246148,0.12,0.88
contamination_symmetric_eps_0p005,normal_contamination_symmetric,"{""base"":""N(0,1)"",""centered_and_standardized"":true,""contaminant"":""N(0,10)"",""epsilon"":0.005}",20,exploratory,acceptable,200,164,164,0.82,0.7608852497127511,0.8670537414057983,8,0.04878048780487805,0.024922210615967555,0.09329327058936952,156,0.9512195121951219,0.9067067294106304,0.9750777893840323,0.0013582313384093883,0.18850820112757058,0.1828983514739633,0.1890806547870717,0.9673033535870159,0.0,0.0,0.0,0.0,0.0,0.0,0.0,0.0,0.0,0.012195121951219513,1.0
contamination_symmetric_eps_0p005,normal_contamination_symmetric,"{""base"":""N(0,1)"",""centered_and_standardized"":true,""contaminant"":""N(0,10)"",""epsilon"":0.005}",20,exploratory,caution,200,0,0,0.0,1.734723475976807e-18,0.018845326377266575,0,nan,nan,nan,0,nan,nan,nan,nan,nan,nan,nan,nan,nan,nan,nan,nan,nan,nan,nan,nan,nan,nan,nan
contamination_symmetric_eps_0p005,normal_contamination_symmetric,"{""base"":""N(0,1)"",""centered_and_standardized"":true,""contaminant"":""N(0,10)"",""epsilon"":0.005}",20,exploratory,insufficient,200,36,36,0.18,0.13294625859420173,0.23911475028724882,4,0.1111111111111111,0.04406640300315648,0.25314808590364857,32,0.8888888888888888,0.7468519140963513,0.9559335969968435,-0.05033454259833454,0.33832280811557586,0.26802224690491105,0.3393032873090095,0.7899193934446572,0.8611111111111112,0.8611111111111112,0.9722222222222222,0.048611111111111126,0.20428924126488995,0.6773260184449721,0.9781926698274468,0.11656193636077966,0.787075271624786,0.6111111111111112,0.3333333333333333
contamination_symmetric_eps_0p005,normal_contamination_symmetric,"{""base"":""N(0,1)"",""centered_and_standardized"":true,""contaminant"":""N(0,10)"",""epsilon"":0.005}",30,exploratory,all,200,200,200,1.0,0.9811546736227335,1.0,14,0.07,0.042152171828342806,0.11405480885610647,186,0.93,0.8859451911438936,0.9578478281716571,0.01873767834093668,0.19160164845965952,0.16436904064950308,0.19116172506151174,0.8598428403835163,0.18,0.18,0.215,0.007166666666666667,0.03229014368849819,0.0,0.5719233087161146,0.017983991271579677,0.12238218026891272,0.18,0.875
contamination_symmetric_eps_0p005,normal_contamination_symmetric,"{""base"":""N(0,1)"",""centered_and_standardized"":true,""contaminant"":""N(0,10)"",""epsilon"":0.005}",30,exploratory,acceptable,200,162,162,0.81,0.7499876129240015,0.8583282847220932,13,0.08024691358024691,0.04749434773982899,0.13244533099248584,149,0.9197530864197531,0.8675546690075141,0.952505652260171,0.004690428888287601,0.16707599034303022,0.148066798169976,0.16752800083011277,0.883833134976212,0.0,0.0,0.0,0.0,0.0,0.0,0.0,0.0,0.0,0.05555555555555555,1.0
contamination_symmetric_eps_0p005,normal_contamination_symmetric,"{""base"":""N(0,1)"",""centered_and_standardized"":true,""contaminant"":""N(0,10)"",""epsilon"":0.005}",30,exploratory,caution,200,0,0,0.0,1.734723475976807e-18,0.018845326377266575,0,nan,nan,nan,0,nan,nan,nan,nan,nan,nan,nan,nan,nan,nan,nan,nan,nan,nan,nan,nan,nan,nan,nan
contamination_symmetric_eps_0p005,normal_contamination_symmetric,"{""base"":""N(0,1)"",""centered_and_standardized"":true,""contaminant"":""N(0,10)"",""epsilon"":0.005}",30,exploratory,insufficient,200,38,38,0.19,0.14167171527790676,0.25001238707599854,1,0.02631578947368421,0.004660587685768783,0.1349487611595213,37,0.9736842105263158,0.8650512388404787,0.9953394123142312,0.07862332074433537,0.2724212931982609,0.2338680743780134,0.2643301533081133,0.8847574574869173,0.9473684210526315,0.9473684210526315,1.131578947368421,0.03771929824561405,0.1699481246763063,0.6233296337679441,0.9493223304556714,0.09465258563989302,0.6441167382574355,0.7105263157894737,0.34210526315789475
contamination_symmetric_eps_0p005,normal_contamination_symmetric,"{""base"":""N(0,1)"",""centered_and_standardized"":true,""contaminant"":""N(0,10)"",""epsilon"":0.005}",40,exploratory,all,200,200,200,1.0,0.9811546736227335,1.0,8,0.04,0.020405632066152306,0.07693206820093293,192,0.96,0.923067931799067,0.9795943679338476,-0.004698377479274076,0.14938593698360142,0.14945494026729356,0.1496867194759379,0.9984515713253934,0.205,0.205,0.235,0.005875,0.03668270654834772,0.0,0.7559349594031834,0.023115294422305713,0.18367119307978214,0.215,0.86
contamination_symmetric_eps_0p005,normal_contamination_symmetric,"{""base"":""N(0,1)"",""centered_and_standardized"":true,""contaminant"":""N(0,10)"",""epsilon"":0.005}",40,exploratory,acceptable,200,158,158,0.79,0.7283538314009754,0.8407158793002101,8,0.05063291139240506,0.025876825383582304,0.09672129604509741,150,0.9493670886075949,0.9032787039549025,0.9741231746164177,-0.006767575572208478,0.13425119572063876,0.12757584561910995,0.1345068413665249,0.9484710541337573,0.0,0.0,0.0,0.0,0.0,0.0,0.0,0.0,0.0,0.056962025316455694,1.0
contamination_symmetric_eps_0p005,normal_contamination_symmetric,"{""base"":""N(0,1)"",""centered_and_standardized"":true,""contaminant"":""N(0,10)"",""epsilon"":0.005}",40,exploratory,caution,200,12,12,0.06,0.03465219425433187,0.1019316929576627,0,0.0,2.7755575615628914e-17,0.24249400665524085,12,1.0,0.7575059933447592,1.0,-0.04966830098527644,0.10912186734050534,0.13412584358808452,0.1014834073806148,1.321652938642904,1.0,1.0,1.0,0.025000000000000005,0.06654919905744182,0.4747524749443544,0.5457508815938953,0.01483517085625273,0.5497044671963397,0.3333333333333333,1.0
contamination_symmetric_eps_0p005,normal_contamination_symmetric,"{""base"":""N(0,1)"",""centered_and_standardized"":true,""contaminant"":""N(0,10)"",""epsilon"":0.005}",40,exploratory,insufficient,200,30,30,0.15,0.10713593562241995,0.20605579284166659,0,0.0,0.0,0.11351339317396876,30,1.0,0.8864866068260312,0.9999999999999999,0.024187368545914727,0.22155857383760494,0.27081647741941084,0.2239993215286312,1.2090057932822602,0.9666666666666667,0.9666666666666667,1.1666666666666667,0.029166666666666674,0.21793169736600812,0.8765364722717486,0.9618095797990839,0.14816789447287035,1.0045928336533452,1.0,0.06666666666666667
contamination_symmetric_eps_0p005,normal_contamination_symmetric,"{""base"":""N(0,1)"",""centered_and_standardized"":true,""contaminant"":""N(0,10)"",""epsilon"":0.005}",50,exploratory,all,200,200,200,1.0,0.9811546736227335,1.0,7,0.035,0.017055542008567192,0.07047061152229073,193,0.965,0.9295293884777092,0.9829444579914328,-0.007268758277783401,0.14229334707896854,0.13505395828738118,0.14246417790435878,0.9479853832311983,0.23,0.23,0.29,0.0058000000000000005,0.03932793493538072,0.0,0.7656781138298207,0.02076762201196744,0.20250074683009736,0.2,0.855
contamination_symmetric_eps_0p005,normal_contamination_symmetric,"{""base"":""N(0,1)"",""centered_and_standardized"":true,""contaminant"":""N(0,10)"",""epsilon"":0.005}",50,exploratory,acceptable,200,154,154,0.77,0.7069169563469642,0.8229065674093119,7,0.045454545454545456,0.02219003374649918,0.09084401291016404,147,0.9545454545454546,0.909155987089836,0.9778099662535009,-0.0008986434639687291,0.1099448531692789,0.11491003144338921,0.1102998802867405,1.0417965200384982,0.0,0.0,0.0,0.0,0.0,0.0,0.0,0.0,0.0,0.025974025974025976,1.0
contamination_symmetric_eps_0p005,normal_contamination_symmetric,"{""base"":""N(0,1)"",""centered_and_standardized"":true,""contaminant"":""N(0,10)"",""epsilon"":0.005}",50,exploratory,caution,200,14,14,0.07,0.042152171828342806,0.11405480885610647,0,0.0,1.3877787807814457e-17,0.2153108027376358,14,1.0,0.7846891972623643,1.0,0.03286824372261376,0.14074191117501364,0.12164586150848081,0.14201611436762218,0.8565637924270266,1.0,1.0,1.0,0.019999999999999997,0.055068346439622974,0.44968975033387276,0.5093468775930503,0.01108156529104128,0.4636600042189726,0.35714285714285715,1.0
contamination_symmetric_eps_0p005,normal_contamination_symmetric,"{""base"":""N(0,1)"",""centered_and_standardized"":true,""contaminant"":""N(0,10)"",""epsilon"":0.005}",50,exploratory,insufficient,200,32,32,0.16,0.1156741203158702,0.21714070162067106,0,0.0,0.0,0.1071791982550706,32,1.0,0.8928208017449293,1.0,-0.055484874194440266,0.24435062109949093,0.2378626485648614,0.24177548586711678,0.9838162364218929,1.0,1.0,1.375,0.0275,0.22170719177879444,0.8631823238284808,1.1849970626079986,0.12494945275996594,1.062778415842308,0.96875,0.09375
contamination_symmetric_eps_0p005,normal_contamination_symmetric,"{""base"":""N(0,1)"",""centered_and_standardized"":true,""contaminant"":""N(0,10)"",""epsilon"":0.005}",80,exploratory,all,200,200,200,1.0,0.9811546736227335,1.0,3,0.015,0.00511423779325831,0.04316572879269026,197,0.985,0.9568342712073097,0.9948857622067417,0.0022528428028879056,0.12080872768445544,0.11518473082989435,0.12109082676103397,0.9512259013410241,0.36,0.36,0.445,0.005562500000000001,0.042681403806824766,0.0,0.8661059365864432,0.02365947163253591,0.2580069345266317,0.34,0.725
contamination_symmetric_eps_0p005,normal_contamination_symmetric,"{""base"":""N(0,1)"",""centered_and_standardized"":true,""contaminant"":""N(0,10)"",""epsilon"":0.005}",80,exploratory,acceptable,200,128,128,0.64,0.5714152816600309,0.7033080269543346,3,0.0234375,0.008002416396755481,0.06664374505143222,125,0.9765625,0.9333562549485678,0.9919975836032445,-0.010191747578481607,0.09490926416855336,0.09178782268425678,0.09473123101278222,0.9689288495773027,0.0,0.0,0.0,0.0,0.0,0.0,0.0,0.0,0.0,0.0390625,1.0
contamination_symmetric_eps_0p005,normal_contamination_symmetric,"{""base"":""N(0,1)"",""centered_and_standardized"":true,""contaminant"":""N(0,10)"",""epsilon"":0.005}",80,exploratory,caution,200,23,23,0.115,0.07786373232561955,0.16664716898487572,0,0.0,0.0,0.14311661845042686,23,1.0,0.8568833815495731,1.0,-0.011566678946406278,0.07452747356476559,0.10034048625341734,0.07527911512988443,1.3329126688098383,1.0,1.0,1.173913043478261,0.014673913043478265,0.04498999588379638,0.41243953772353154,0.5631563385207252,0.009824707636368111,0.48102437112978774,0.6086956521739131,0.7391304347826086
contamination_symmetric_eps_0p005,normal_contamination_symmetric,"{""base"":""N(0,1)"",""centered_and_standardized"":true,""contaminant"":""N(0,10)"",""epsilon"":0.005}",80,exploratory,insufficient,200,49,49,0.245,0.1905686808903718,0.30904243556203415,0,0.0,6.938893903907228e-18,0.07269781922049637,49,1.0,0.9273021807795035,0.9999999999999999,0.04124787482429737,0.18284628646781959,0.1832708913992938,0.17997902004932878,1.0182903059982369,1.0,1.0,1.2653061224489797,0.015816326530612244,0.15309205828648234,0.8407911753412926,1.102452428405798,0.0919576745075656,0.8273025789661475,1.0,0.0
contamination_symmetric_eps_0p005,normal_contamination_symmetric,"{""base"":""N(0,1)"",""centered_and_standardized"":true,""contaminant"":""N(0,10)"",""epsilon"":0.005}",100,confirmatory_5000,all,5000,5000,5000,1.0,0.9992322980549431,1.0000000000000002,216,0.0432,0.037906663853665874,0.049194708643338324,4784,0.9568,0.9508052913566617,0.9620933361463341,-3.9446071145841356e-05,0.09894313399530158,0.09546708514538237,0.09895302192924407,0.9647718006393547,0.3736,0.3736,0.4786,0.004786,0.02860664786613929,0.0,0.7769456001811074,0.013923372070142177,0.23506975955321924,0.3462,0.7278
contamination_symmetric_eps_0p005,normal_contamination_symmetric,"{""base"":""N(0,1)"",""centered_and_standardized"":true,""contaminant"":""N(0,10)"",""epsilon"":0.005}",100,confirmatory_5000,acceptable,5000,3132,3132,0.6264,0.6128988825252036,0.6397070424230858,142,0.04533844189016603,0.03859250246797103,0.05319831750828619,2990,0.954661558109834,0.9468016824917138,0.961407497532029,0.0004194723340392029,0.08133264477035093,0.08185941854240056,0.08134455012691012,1.0063294764638462,0.0,0.0,0.0,0.0,0.0,0.0,0.0,0.0,0.0,0.040549169859514685,1.0
contamination_symmetric_eps_0p005,normal_contamination_symmetric,"{""base"":""N(0,1)"",""centered_and_standardized"":true,""contaminant"":""N(0,10)"",""epsilon"":0.005}",100,confirmatory_5000,caution,5000,713,713,0.1426,0.13318218677190888,0.15256656657841802,46,0.06451612903225806,0.04871494058243729,0.08498471872349476,667,0.9354838709677419,0.9150152812765052,0.9512850594175627,0.007200347218439293,0.09129557645500808,0.08694944071711538,0.09107508308814351,0.9547006466408021,1.0,1.0,1.1626928471248248,0.011626928471248245,0.03473674610588849,0.3750373671128314,0.5214237566489703,0.0072178976331282,0.4089010288357684,0.6297335203366059,0.7110799438990182
contamination_symmetric_eps_0p005,normal_contamination_symmetric,"{""base"":""N(0,1)"",""centered_and_standardized"":true,""contaminant"":""N(0,10)"",""epsilon"":0.005}",100,confirmatory_5000,insufficient,5000,1155,1155,0.231,0.21952676640856636,0.24288625723787446,28,0.024242424242424242,0.01682504310426942,0.034813995493462785,1127,0.9757575757575757,0.9651860045065371,0.9831749568957305,-0.00575313010622269,0.1389128181554627,0.1376249139574113,0.13885375579729747,0.9911501000975439,1.0,1.0,1.354112554112554,0.01354112554112554,0.10239475269021468,0.7381291874867261,0.9702645249155761,0.055818614145706054,0.7651968521265744,1.0,0.0
contamination_symmetric_eps_0p005,normal_contamination_symmetric,"{""base"":""N(0,1)"",""centered_and_standardized"":true,""contaminant"":""N(0,10)"",""epsilon"":0.005}",200,exploratory,all,200,200,200,1.0,0.9811546736227335,1.0,6,0.03,0.013820314340111346,0.06389429245451925,194,0.97,0.9361057075454807,0.9861796856598887,0.004463199112193065,0.0676179704111518,0.0684850901589335,0.06763982187829115,1.0124966071342307,0.59,0.59,0.83,0.00415,0.026014966487137574,0.25983139723010196,0.8074830123458083,0.010757811048786656,0.33524624468809067,0.52,0.575
contamination_symmetric_eps_0p005,normal_contamination_symmetric,"{""base"":""N(0,1)"",""centered_and_standardized"":true,""contaminant"":""N(0,10)"",""epsilon"":0.005}",200,exploratory,acceptable,200,82,82,0.41,0.34415674908482885,0.4792354096630791,3,0.036585365853658534,0.012519573081569195,0.10212734643608476,79,0.9634146341463414,0.8978726535639152,0.9874804269184307,0.005194770484369298,0.05633246332711017,0.057929404571294425,0.056437618167430245,1.0264324833737417,0.0,0.0,0.0,0.0,0.0,0.0,0.0,0.0,0.0,0.024390243902439025,1.0
contamination_symmetric_eps_0p005,normal_contamination_symmetric,"{""base"":""N(0,1)"",""centered_and_standardized"":true,""contaminant"":""N(0,10)"",""epsilon"":0.005}",200,exploratory,caution,200,57,57,0.285,0.22695003004617292,0.3511534602960517,2,0.03508771929824561,0.009675664344932881,0.11920781367625805,55,0.9649122807017544,0.8807921863237419,0.9903243356550672,0.003155368949337655,0.06313061265108888,0.061914451662419843,0.06361217879915491,0.973311287731625,1.0,1.0,1.280701754385965,0.006403508771929824,0.02321393442474066,0.3178736761899832,0.5103155919301021,0.004499455962478034,0.3667745326304486,0.7192982456140351,0.5789473684210527
contamination_symmetric_eps_0p005,normal_contamination_symmetric,"{""base"":""N(0,1)"",""centered_and_standardized"":true,""contaminant"":""N(0,10)"",""epsilon"":0.005}",200,exploratory,insufficient,200,61,61,0.305,0.24536415630735034,0.37198552097978366,1,0.01639344262295082,0.002899730799299824,0.08718860044641587,60,0.9836065573770492,0.9128113995535841,0.9971002692007002,0.004701846108329249,0.08367105236488222,0.0888144772488955,0.08423211941496819,1.0544015497384365,1.0,1.0,1.5245901639344261,0.007622950819672131,0.0636032628724147,0.7067891725512865,1.0504374053442278,0.03106710196550956,0.7564442717652881,1.0,0.0
contamination_symmetric_eps_0p005,normal_contamination_symmetric,"{""base"":""N(0,1)"",""centered_and_standardized"":true,""contaminant"":""N(0,10)"",""epsilon"":0.005}",500,exploratory,all,200,200,200,1.0,0.9811546736227335,1.0,15,0.075,0.04597491718438201,0.12004361023629456,185,0.925,0.8799563897637055,0.954025082815618,-0.0006892160634223843,0.04599640266264612,0.043761281095623106,0.046106649790422664,0.9491316609326331,0.875,0.875,2.045,0.00409,0.01835190118526677,0.31977862480865804,0.8047983187179237,0.007231730249775261,0.40781332487616695,0.83,0.28
contamination_symmetric_eps_0p005,normal_contamination_symmetric,"{""base"":""N(0,1)"",""centered_and_standardized"":true,""contaminant"":""N(0,10)"",""epsilon"":0.005}",500,exploratory,acceptable,200,25,25,0.125,0.08611974475712644,0.17801425002582347,1,0.04,0.007096233501987265,0.19544063736193734,24,0.96,0.8045593626380625,0.9929037664980127,-0.005361883251645969,0.029334818031305374,0.03673921484567172,0.029435341515442744,1.2481327871258814,0.0,0.0,0.0,0.0,0.0,0.0,0.0,0.0,0.0,0.04,1.0
contamination_symmetric_eps_0p005,normal_contamination_symmetric,"{""base"":""N(0,1)"",""centered_and_standardized"":true,""contaminant"":""N(0,10)"",""epsilon"":0.005}",500,exploratory,caution,200,81,81,0.405,0.3393777128250677,0.47420289918661307,9,0.1111111111111111,0.059567564076505305,0.19787094681537315,72,0.8888888888888888,0.8021290531846268,0.9404324359234946,-0.0027683749771376803,0.047611021175381414,0.03950626711569641,0.04782661137186527,0.8260310731304825,1.0,1.0,1.8888888888888888,0.0037777777777777783,0.012491120771826214,0.2747667777731642,0.5456484397006807,0.002933381065693822,0.31670460179448107,0.8765432098765432,0.38271604938271603
contamination_symmetric_eps_0p005,normal_contamination_symmetric,"{""base"":""N(0,1)"",""centered_and_standardized"":true,""contaminant"":""N(0,10)"",""epsilon"":0.005}",500,exploratory,insufficient,200,94,94,0.47,0.40204754873265425,0.5390831708499817,5,0.05319148936170213,0.022931748685590003,0.11853648970259889,89,0.9468085106382979,0.8814635102974011,0.97706825131441,0.002345130231434301,0.048158533250094025,0.049295406506504436,0.0483593182763006,1.0193569360274168,1.0,1.0,2.723404255319149,0.005446808510638298,0.028282972920589688,0.57765777454218,0.9932664808532835,0.012858959400360134,0.5947828960625577,1.0,0.0
contamination_symmetric_eps_0p005,normal_contamination_symmetric,"{""base"":""N(0,1)"",""centered_and_standardized"":true,""contaminant"":""N(0,10)"",""epsilon"":0.005}",750,exploratory,all,200,200,200,1.0,0.9811546736227335,1.0,9,0.045,0.023852543001492997,0.0832967040018196,191,0.955,0.9167032959981803,0.976147456998507,0.00012157372222357632,0.03554666265052239,0.03638577037227888,0.03563565553130512,1.0210495592066435,0.975,0.975,3.21,0.004280000000000001,0.01643113153019707,0.405708594302867,0.8432818378527859,0.006598713504737483,0.4545355031392995,0.97,0.115
contamination_symmetric_eps_0p005,normal_contamination_symmetric,"{""base"":""N(0,1)"",""centered_and_standardized"":true,""contaminant"":""N(0,10)"",""epsilon"":0.005}",750,exploratory,acceptable,200,5,5,0.025,0.010724719651761264,0.05717834040664198,0,0.0,0.0,0.43448246478317476,5,1.0,0.5655175352168251,1.0,-0.008587821840806201,0.01960866188841958,0.029590670430184807,0.019708784116635993,1.5013950254398296,0.0,0.0,0.0,0.0,0.0,0.0,0.0,0.0,0.0,0.4,1.0
contamination_symmetric_eps_0p005,normal_contamination_symmetric,"{""base"":""N(0,1)"",""centered_and_standardized"":true,""contaminant"":""N(0,10)"",""epsilon"":0.005}",750,exploratory,caution,200,74,74,0.37,0.30612608409859116,0.4387737007594981,5,0.06756756756756757,0.029204086165362186,0.1486119392585393,69,0.9324324324324325,0.8513880607414608,0.9707959138346378,-0.0009953787371975262,0.032717192077539974,0.03238204525049652,0.032925271764723436,0.98350122914372,1.0,1.0,2.5405405405405403,0.0033873873873873877,0.009008516511637053,0.23274171431718527,0.4912280327541477,0.0025153926069335997,0.28512305885682154,0.9594594594594594,0.24324324324324326
contamination_symmetric_eps_0p005,normal_contamination_symmetric,"{""base"":""N(0,1)"",""centered_and_standardized"":true,""contaminant"":""N(0,10)"",""epsilon"":0.005}",750,exploratory,insufficient,200,121,121,0.605,0.5358834915928536,0.6701589898679203,4,0.03305785123966942,0.012929181394125314,0.08192279272211472,117,0.9669421487603306,0.9180772072778853,0.9870708186058748,0.0011645609933996963,0.03765654513393095,0.03911511879147198,0.037795035154885984,1.0349274350764917,1.0,1.0,3.7520661157024793,0.00500275482093664,0.021649554414696456,0.5524133924925939,0.8992142672305006,0.009368625190367024,0.5769255724996288,1.0,0.0
contamination_symmetric_eps_0p005,normal_contamination_symmetric,"{""base"":""N(0,1)"",""centered_and_standardized"":true,""contaminant"":""N(0,10)"",""epsilon"":0.005}",2000,exploratory,all,200,200,200,1.0,0.9811546736227335,1.0,5,0.025,0.010724719651761264,0.05717834040664198,195,0.975,0.942821659593358,0.9892752803482386,-0.002756368737924808,0.020606810995042926,0.022171578009464152,0.020472879247664704,1.082973124651884,1.0,1.0,8.21,0.004105,0.009103197154307175,0.36087967352876404,0.8478130588895629,0.0038654042880078105,0.42010821325668274,1.0,0.01
contamination_symmetric_eps_0p005,normal_contamination_symmetric,"{""base"":""N(0,1)"",""centered_and_standardized"":true,""contaminant"":""N(0,10)"",""epsilon"":0.005}",2000,exploratory,acceptable,200,0,0,0.0,1.734723475976807e-18,0.018845326377266575,0,nan,nan,nan,0,nan,nan,nan,nan,nan,nan,nan,nan,nan,nan,nan,nan,nan,nan,nan,nan,nan,nan,nan
contamination_symmetric_eps_0p005,normal_contamination_symmetric,"{""base"":""N(0,1)"",""centered_and_standardized"":true,""contaminant"":""N(0,10)"",""epsilon"":0.005}",2000,exploratory,caution,200,53,53,0.265,0.2086815414710911,0.3301757619262242,1,0.018867924528301886,0.0033384533882637665,0.09942912052501235,52,0.9811320754716981,0.9005708794749876,0.9966615466117361,-0.004084877562002673,0.01991122884369834,0.020164368699440625,0.019674198691818186,1.0249143568843941,1.0,1.0,6.735849056603773,0.0033679245283018866,0.007193776301119996,0.3544281810301931,0.7014052761682639,0.0018759855203830374,0.34513345937382967,1.0,0.03773584905660377
contamination_symmetric_eps_0p005,normal_contamination_symmetric,"{""base"":""N(0,1)"",""centered_and_standardized"":true,""contaminant"":""N(0,10)"",""epsilon"":0.005}",2000,exploratory,insufficient,200,147,147,0.735,0.6698242380737758,0.7913184585289088,4,0.027210884353741496,0.010631557432044515,0.06787112288723109,143,0.9727891156462585,0.9321288771127689,0.9893684425679554,-0.002277382563257279,0.020851908846140528,0.022895265719880795,0.02079803365716778,1.1008379973454958,1.0,1.0,8.741496598639456,0.0043707482993197285,0.009791627802054932,0.3666920394616226,0.8704260241983799,0.004582677721233068,0.447139927241657,1.0,0.0
contamination_symmetric_eps_0p01,normal_contamination_symmetric,"{""base"":""N(0,1)"",""centered_and_standardized"":true,""contaminant"":""N(0,10)"",""epsilon"":0.01}",5,exploratory,all,200,200,200,1.0,0.9811546736227335,1.0,8,0.04,0.020405632066152306,0.07693206820093293,192,0.96,0.923067931799067,0.9795943679338476,0.07085449588074663,0.6000393355825483,0.39118681009038864,0.5973365041210936,0.6548851566772591,0.25,0.25,0.295,0.059000000000000004,0.1530817890598223,0.0,0.962632094329443,0.12394803750426045,0.9388698235265451,0.09,0.635
contamination_symmetric_eps_0p01,normal_contamination_symmetric,"{""base"":""N(0,1)"",""centered_and_standardized"":true,""contaminant"":""N(0,10)"",""epsilon"":0.01}",5,exploratory,acceptable,200,117,117,0.585,0.5157391490134403,0.6510571455024242,6,0.05128205128205128,0.023712378528816566,0.10738053424543133,111,0.9487179487179487,0.8926194657545686,0.9762876214711834,0.044932943924236,0.3080910536510092,0.3007547000517961,0.30610782362142663,0.9825122941769339,0.0,0.0,0.0,0.0,0.0,0.0,0.0,0.0,0.0,0.0,1.0
contamination_symmetric_eps_0p01,normal_contamination_symmetric,"{""base"":""N(0,1)"",""centered_and_standardized"":true,""contaminant"":""N(0,10)"",""epsilon"":0.01}",5,exploratory,caution,200,0,0,0.0,1.734723475976807e-18,0.018845326377266575,0,nan,nan,nan,0,nan,nan,nan,nan,nan,nan,nan,nan,nan,nan,nan,nan,nan,nan,nan,nan,nan,nan,nan
contamination_symmetric_eps_0p01,normal_contamination_symmetric,"{""base"":""N(0,1)"",""centered_and_standardized"":true,""contaminant"":""N(0,10)"",""epsilon"":0.01}",5,exploratory,insufficient,200,83,83,0.415,0.34894285449757567,0.4842608509865596,2,0.024096385542168676,0.006633166140727599,0.08366309243416317,81,0.9759036144578314,0.916336907565837,0.9933668338592725,0.10739451490377966,0.8566099438541476,0.518663398939971,0.8550174878293295,0.606611451020405,0.6024096385542169,0.6024096385542169,0.7108433734939759,0.14216867469879516,0.36887178086704175,0.8158348231770237,0.9937045322712035,0.2986699698897842,2.26233692416035,0.21686746987951808,0.12048192771084337
contamination_symmetric_eps_0p01,normal_contamination_symmetric,"{""base"":""N(0,1)"",""centered_and_standardized"":true,""contaminant"":""N(0,10)"",""epsilon"":0.01}",8,exploratory,all,200,200,200,1.0,0.9811546736227335,1.0,8,0.04,0.020405632066152306,0.07693206820093293,192,0.96,0.923067931799067,0.9795943679338476,-0.06656394339901846,0.40250524969413676,0.2748966237398516,0.3979592634268586,0.690765736605036,0.2,0.2,0.255,0.031875,0.08143675889187751,0.0,0.8452086667378984,0.05330803136989371,0.3191888617416296,0.14,0.75
contamination_symmetric_eps_0p01,normal_contamination_symmetric,"{""base"":""N(0,1)"",""centered_and_standardized"":true,""contaminant"":""N(0,10)"",""epsilon"":0.01}",8,exploratory,acceptable,200,140,140,0.7,0.6332093162728074,0.7592525531762859,7,0.05,0.02442827303676487,0.09960730729570683,133,0.95,0.9003926927042931,0.9755717269632351,-0.03851170468625182,0.24081968009332064,0.23750230301341477,0.23857393118543874,0.9955081925057813,0.0,0.0,0.0,0.0,0.0,0.0,0.0,0.0,0.0,0.014285714285714285,1.0
contamination_symmetric_eps_0p01,normal_contamination_symmetric,"{""base"":""N(0,1)"",""centered_and_standardized"":true,""contaminant"":""N(0,10)"",""epsilon"":0.01}",8,exploratory,caution,200,0,0,0.0,1.734723475976807e-18,0.018845326377266575,0,nan,nan,nan,0,nan,nan,nan,nan,nan,nan,nan,nan,nan,nan,nan,nan,nan,nan,nan,nan,nan,nan,nan
contamination_symmetric_eps_0p01,normal_contamination_symmetric,"{""base"":""N(0,1)"",""centered_and_standardized"":true,""contaminant"":""N(0,10)"",""epsilon"":0.01}",8,exploratory,insufficient,200,60,60,0.3,0.24074744682371402,0.36679068372719265,1,0.016666666666666666,0.0029481597947862495,0.08855129727590061,59,0.9833333333333333,0.9114487027240993,0.9970518402052136,-0.13201916706214056,0.6361723907012543,0.36215003876820384,0.6275750345188131,0.5770625325239057,0.6666666666666666,0.6666666666666666,0.85,0.10625,0.271455862972925,0.7638642211346127,1.036340253641991,0.17769343789964573,1.0639628724720986,0.43333333333333335,0.16666666666666666
contamination_symmetric_eps_0p01,normal_contamination_symmetric,"{""base"":""N(0,1)"",""centered_and_standardized"":true,""contaminant"":""N(0,10)"",""epsilon"":0.01}",10,exploratory,all,200,200,200,1.0,0.9811546736227335,1.0,6,0.03,0.013820314340111346,0.06389429245451925,194,0.97,0.9361057075454807,0.9861796856598887,-0.026576309697539734,0.3161346670758238,0.25889003984736236,0.3158061034318788,0.8197752894386553,0.195,0.195,0.25,0.025,0.07288840657059324,0.0,0.8442295517935444,0.044583238637808754,0.2797549359237836,0.155,0.76
contamination_symmetric_eps_0p01,normal_contamination_symmetric,"{""base"":""N(0,1)"",""centered_and_standardized"":true,""contaminant"":""N(0,10)"",""epsilon"":0.01}",10,exploratory,acceptable,200,146,146,0.73,0.6645656480133157,0.7867655018531416,2,0.0136986301369863,0.00376473249794778,0.04856697117344738,144,0.9863013698630136,0.9514330288265526,0.9962352675020522,-0.01488800218011805,0.2283209533122652,0.22402602981008105,0.2286193274242206,0.9799085332552995,0.0,0.0,0.0,0.0,0.0,0.0,0.0,0.0,0.0,0.00684931506849315,1.0
contamination_symmetric_eps_0p01,normal_contamination_symmetric,"{""base"":""N(0,1)"",""centered_and_standardized"":true,""contaminant"":""N(0,10)"",""epsilon"":0.01}",10,exploratory,caution,200,0,0,0.0,1.734723475976807e-18,0.018845326377266575,0,nan,nan,nan,0,nan,nan,nan,nan,nan,nan,nan,nan,nan,nan,nan,nan,nan,nan,nan,nan,nan,nan,nan
contamination_symmetric_eps_0p01,normal_contamination_symmetric,"{""base"":""N(0,1)"",""centered_and_standardized"":true,""contaminant"":""N(0,10)"",""epsilon"":0.01}",10,exploratory,insufficient,200,54,54,0.27,0.21323449814685846,0.33543435198668425,4,0.07407407407407407,0.02918152776550481,0.1755411583859995,50,0.9259259259259259,0.8244588416140005,0.9708184722344951,-0.058178030022420585,0.4787556927057512,0.353151992911123,0.4796698122692316,0.7362397713552671,0.7222222222222222,0.7222222222222222,0.9259259259259259,0.09259259259259259,0.26995706137256753,0.7999631173382311,1.2357767906417685,0.1651231060659583,1.0361293923103096,0.5555555555555556,0.1111111111111111
contamination_symmetric_eps_0p01,normal_contamination_symmetric,"{""base"":""N(0,1)"",""centered_and_standardized"":true,""contaminant"":""N(0,10)"",""epsilon"":0.01}",15,exploratory,all,200,200,200,1.0,0.9811546736227335,1.0,6,0.03,0.013820314340111346,0.06389429245451925,194,0.97,0.9361057075454807,0.9861796856598887,0.010548677615451547,0.2851049057870785,0.22457910189585972,0.285624648628132,0.786273534075309,0.185,0.185,0.23,0.015333333333333334,0.05868352423938001,0.0,0.6903945504906047,0.04242954237156301,0.1789676959394009,0.155,0.84
contamination_symmetric_eps_0p01,normal_contamination_symmetric,"{""base"":""N(0,1)"",""centered_and_standardized"":true,""contaminant"":""N(0,10)"",""epsilon"":0.01}",15,exploratory,acceptable,200,154,154,0.77,0.7069169563469642,0.8229065674093119,4,0.025974025974025976,0.010146123885996193,0.06487509619880974,150,0.974025974025974,0.9351249038011903,0.9898538761140038,0.0025044901363938227,0.19530822891181693,0.18872359796144375,0.1959293406499871,0.9632227482385303,0.0,0.0,0.0,0.0,0.0,0.0,0.0,0.0,0.0,0.01948051948051948,1.0
contamination_symmetric_eps_0p01,normal_contamination_symmetric,"{""base"":""N(0,1)"",""centered_and_standardized"":true,""contaminant"":""N(0,10)"",""epsilon"":0.01}",15,exploratory,caution,200,0,0,0.0,1.734723475976807e-18,0.018845326377266575,0,nan,nan,nan,0,nan,nan,nan,nan,nan,nan,nan,nan,nan,nan,nan,nan,nan,nan,nan,nan,nan,nan,nan
contamination_symmetric_eps_0p01,normal_contamination_symmetric,"{""base"":""N(0,1)"",""centered_and_standardized"":true,""contaminant"":""N(0,10)"",""epsilon"":0.01}",15,exploratory,insufficient,200,46,46,0.23,0.17709343259068805,0.2930830436530359,2,0.043478260869565216,0.012005445598556624,0.1453225902621907,44,0.9565217391304348,0.8546774097378094,0.9879945544014435,0.03747921830621003,0.47508774021566597,0.34461709332846974,0.47884046934062247,0.7196908268906713,0.8043478260869565,0.8043478260869565,1.0,0.06666666666666668,0.2551457575625217,0.649250904060428,0.9898041795539063,0.18447627118070878,0.77812041712783,0.6086956521739131,0.30434782608695654
contamination_symmetric_eps_0p01,normal_contamination_symmetric,"{""base"":""N(0,1)"",""centered_and_standardized"":true,""contaminant"":""N(0,10)"",""epsilon"":0.01}",20,exploratory,all,200,200,200,1.0,0.9811546736227335,1.0,15,0.075,0.04597491718438201,0.12004361023629456,185,0.925,0.8799563897637055,0.954025082815618,-0.029405204519473784,0.2230474440185872,0.18543861426571845,0.2216554803977209,0.8366073960047467,0.2,0.2,0.225,0.01125,0.054437913140557806,0.0,0.837109159862372,0.033241009488173434,0.15936267646660995,0.17,0.835
contamination_symmetric_eps_0p01,normal_contamination_symmetric,"{""base"":""N(0,1)"",""centered_and_standardized"":true,""contaminant"":""N(0,10)"",""epsilon"":0.01}",20,exploratory,acceptable,200,159,159,0.795,0.7337430194757748,0.8451382379616379,13,0.08176100628930817,0.048402298802567155,0.13485237747463794,146,0.9182389937106918,0.8651476225253621,0.9515977011974329,-0.02791509132434486,0.16597777534978275,0.15338913331183948,0.1641304236764284,0.93455637215825,0.0,0.0,0.0,0.0,0.0,0.0,0.0,0.0,0.0,0.018867924528301886,1.0
contamination_symmetric_eps_0p01,normal_contamination_symmetric,"{""base"":""N(0,1)"",""centered_and_standardized"":true,""contaminant"":""N(0,10)"",""epsilon"":0.01}",20,exploratory,caution,200,0,0,0.0,1.734723475976807e-18,0.018845326377266575,0,nan,nan,nan,0,nan,nan,nan,nan,nan,nan,nan,nan,nan,nan,nan,nan,nan,nan,nan,nan,nan,nan,nan
contamination_symmetric_eps_0p01,normal_contamination_symmetric,"{""base"":""N(0,1)"",""centered_and_standardized"":true,""contaminant"":""N(0,10)"",""epsilon"":0.01}",20,exploratory,insufficient,200,41,41,0.205,0.15486176203836208,0.26625698052422514,2,0.04878048780487805,0.013480945365169042,0.16138978870370846,39,0.9512195121951219,0.8386102112962914,0.9865190546348308,-0.035183936178632295,0.36857674757411896,0.3097280647941758,0.37145145338856345,0.8338318829248978,0.975609756097561,0.975609756097561,1.0975609756097562,0.054878048780487805,0.26555079580759905,0.8358608447685189,0.9710501064807744,0.16215126579596795,0.7773789095932193,0.7560975609756098,0.1951219512195122
contamination_symmetric_eps_0p01,normal_contamination_symmetric,"{""base"":""N(0,1)"",""centered_and_standardized"":true,""contaminant"":""N(0,10)"",""epsilon"":0.01}",30,exploratory,all,200,200,200,1.0,0.9811546736227335,1.0,5,0.025,0.010724719651761264,0.05717834040664198,195,0.975,0.942821659593358,0.9892752803482386,-0.0023296668678438517,0.15678002685113848,0.15532030996497304,0.15715609969097274,0.9883186861368438,0.265,0.265,0.325,0.010833333333333335,0.04614003766353207,0.0,0.8438626844958105,0.026299339303794574,0.20504145758851414,0.265,0.77
contamination_symmetric_eps_0p01,normal_contamination_symmetric,"{""base"":""N(0,1)"",""centered_and_standardized"":true,""contaminant"":""N(0,10)"",""epsilon"":0.01}",30,exploratory,acceptable,200,145,145,0.725,0.6593166064233035,0.7822029967069265,5,0.034482758620689655,0.014817219595970148,0.07817742672343075,140,0.9655172413793104,0.9218225732765692,0.9851827804040298,-0.012393375180100684,0.11817647250032942,0.13020606084909675,0.11793218452423036,1.1040757141435347,0.0,0.0,0.0,0.0,0.0,0.0,0.0,0.0,0.0,0.034482758620689655,1.0
contamination_symmetric_eps_0p01,normal_contamination_symmetric,"{""base"":""N(0,1)"",""centered_and_standardized"":true,""contaminant"":""N(0,10)"",""epsilon"":0.01}",30,exploratory,caution,200,0,0,0.0,1.734723475976807e-18,0.018845326377266575,0,nan,nan,nan,0,nan,nan,nan,nan,nan,nan,nan,nan,nan,nan,nan,nan,nan,nan,nan,nan,nan,nan,nan
contamination_symmetric_eps_0p01,normal_contamination_symmetric,"{""base"":""N(0,1)"",""centered_and_standardized"":true,""contaminant"":""N(0,10)"",""epsilon"":0.01}",30,exploratory,insufficient,200,55,55,0.275,0.21779700329307355,0.34068339357669647,0,0.0,0.0,0.06528490111708637,55,1.0,0.9347150988829137,1.0,0.024201927773560526,0.22926649674990887,0.22153060308864697,0.23008680436518442,0.9628131595806017,0.9636363636363636,0.9636363636363636,1.1818181818181819,0.039393939393939384,0.16778195514011662,0.6913183480237405,0.9325884061113928,0.09563396110470751,0.7456053003218697,0.8727272727272727,0.16363636363636364
contamination_symmetric_eps_0p01,normal_contamination_symmetric,"{""base"":""N(0,1)"",""centered_and_standardized"":true,""contaminant"":""N(0,10)"",""epsilon"":0.01}",40,exploratory,all,200,200,200,1.0,0.9811546736227335,1.0,12,0.06,0.03465219425433187,0.1019316929576627,188,0.94,0.8980683070423372,0.9653478057456681,-0.005701640210648642,0.15573842587500947,0.13848834556105988,0.15602457155067592,0.8876059981108785,0.295,0.295,0.365,0.009125,0.04598166548059097,0.0,0.857285687625398,0.026921884765819408,0.24027737941638388,0.295,0.775
contamination_symmetric_eps_0p01,normal_contamination_symmetric,"{""base"":""N(0,1)"",""centered_and_standardized"":true,""contaminant"":""N(0,10)"",""epsilon"":0.01}",40,exploratory,acceptable,200,140,140,0.7,0.6332093162728074,0.7592525531762859,10,0.07142857142857142,0.03925838437386533,0.12648978737134578,130,0.9285714285714286,0.8735102126286542,0.9607416156261346,-0.005094595968043423,0.12375943792625575,0.1117247856456703,0.12409853648967824,0.9002909204732071,0.0,0.0,0.0,0.0,0.0,0.0,0.0,0.0,0.0,0.06428571428571428,1.0
contamination_symmetric_eps_0p01,normal_contamination_symmetric,"{""base"":""N(0,1)"",""centered_and_standardized"":true,""contaminant"":""N(0,10)"",""epsilon"":0.01}",40,exploratory,caution,200,13,13,0.065,0.03837635464915299,0.10801907929906895,0,0.0,0.0,0.22809537235419838,13,1.0,0.7719046276458016,0.9999999999999999,0.005281676581902029,0.12125937697249028,0.1196466152441474,0.12609098076095987,0.9488911460762642,1.0,1.0,1.0,0.025000000000000005,0.05607320629329771,0.4508052492359756,0.5346438579029843,0.011376530316416854,0.45206682445595264,0.3076923076923077,1.0
contamination_symmetric_eps_0p01,normal_contamination_symmetric,"{""base"":""N(0,1)"",""centered_and_standardized"":true,""contaminant"":""N(0,10)"",""epsilon"":0.01}",40,exploratory,insufficient,200,47,47,0.235,0.18157433415232588,0.29841368882762537,2,0.0425531914893617,0.011748275966789345,0.1424852767789945,45,0.9574468085106383,0.8575147232210055,0.9882517240332106,-0.010547795790816517,0.23134416645782727,0.22342113029030253,0.23360207552993226,0.9564175737029134,0.9787234042553191,0.9787234042553191,1.2765957446808511,0.03191489361702127,0.18015705136819835,0.8456655390422885,1.004722983736398,0.11141451189469072,0.897417173730838,0.9787234042553191,0.0425531914893617
contamination_symmetric_eps_0p01,normal_contamination_symmetric,"{""base"":""N(0,1)"",""centered_and_standardized"":true,""contaminant"":""N(0,10)"",""epsilon"":0.01}",50,exploratory,all,200,200,200,1.0,0.9811546736227335,1.0,8,0.04,0.020405632066152306,0.07693206820093293,192,0.96,0.923067931799067,0.9795943679338476,0.012603803153925182,0.1388039273032381,0.12469105541033242,0.13857738937173386,0.8997936530312939,0.34,0.34,0.425,0.0085,0.04267169164943353,0.0,0.8405306552624136,0.02476220013713261,0.2577045918674846,0.325,0.725
contamination_symmetric_eps_0p01,normal_contamination_symmetric,"{""base"":""N(0,1)"",""centered_and_standardized"":true,""contaminant"":""N(0,10)"",""epsilon"":0.01}",50,exploratory,acceptable,200,132,132,0.66,0.5918849552683626,0.7220845402909121,5,0.03787878787878788,0.016286179128381463,0.08560803594305971,127,0.9621212121212122,0.9143919640569403,0.9837138208716186,0.005672025918715207,0.10702710261010112,0.10038442676960499,0.10728384992579444,0.9356900114885734,0.0,0.0,0.0,0.0,0.0,0.0,0.0,0.0,0.0,0.045454545454545456,1.0
contamination_symmetric_eps_0p01,normal_contamination_symmetric,"{""base"":""N(0,1)"",""centered_and_standardized"":true,""contaminant"":""N(0,10)"",""epsilon"":0.01}",50,exploratory,caution,200,11,11,0.055,0.03098534170345884,0.0957869987723084,1,0.09090909090909091,0.016232172885884855,0.37735843645159567,10,0.9090909090909091,0.6226415635484043,0.9837678271141151,0.032415862869269334,0.13455052284733515,0.10103010390120072,0.13696116433582617,0.7376551184500507,1.0,1.0,1.0,0.019999999999999997,0.04447060923216367,0.43783155704540755,0.47289049596156174,0.008561809007946983,0.4257492950938273,0.2727272727272727,1.0
contamination_symmetric_eps_0p01,normal_contamination_symmetric,"{""base"":""N(0,1)"",""centered_and_standardized"":true,""contaminant"":""N(0,10)"",""epsilon"":0.01}",50,exploratory,insufficient,200,57,57,0.285,0.22695003004617292,0.3511534602960517,2,0.03508771929824561,0.009675664344932881,0.11920781367625805,55,0.9649122807017544,0.8807921863237419,0.9903243356550672,0.024832959964081865,0.19385878746836582,0.18554623869413014,0.1939707062729382,0.956568351269733,1.0,1.0,1.2982456140350878,0.025964912280701753,0.14114318646198076,0.7509856838489688,0.9546109827767967,0.0852326338305106,0.8220644934642952,0.9824561403508771,0.03508771929824561
contamination_symmetric_eps_0p01,normal_contamination_symmetric,"{""base"":""N(0,1)"",""centered_and_standardized"":true,""contaminant"":""N(0,10)"",""epsilon"":0.01}",80,exploratory,all,200,200,200,1.0,0.9811546736227335,1.0,12,0.06,0.03465219425433187,0.1019316929576627,188,0.94,0.8980683070423372,0.9653478057456681,0.012248770242234292,0.117563902373917,0.10469538836535384,0.1172174835988346,0.8931721203268924,0.525,0.525,0.75,0.009375,0.04653894205459705,0.24636905248601298,0.8620949691544727,0.02547516130988601,0.3495522474375666,0.495,0.57
contamination_symmetric_eps_0p01,normal_contamination_symmetric,"{""base"":""N(0,1)"",""centered_and_standardized"":true,""contaminant"":""N(0,10)"",""epsilon"":0.01}",80,exploratory,acceptable,200,95,95,0.475,0.4069162264657108,0.5440260398531525,6,0.06315789473684211,0.02926488835484705,0.1310065100006925,89,0.9368421052631579,0.8689934899993075,0.970735111645153,0.0016463276477860307,0.08238166211911262,0.07987282259176713,0.08280216402920738,0.9646224048394803,0.0,0.0,0.0,0.0,0.0,0.0,0.0,0.0,0.0,0.021052631578947368,1.0
contamination_symmetric_eps_0p01,normal_contamination_symmetric,"{""base"":""N(0,1)"",""centered_and_standardized"":true,""contaminant"":""N(0,10)"",""epsilon"":0.01}",80,exploratory,caution,200,31,31,0.155,0.11139636927689314,0.21160690592342077,2,0.06451612903225806,0.017874783521914572,0.20718636736298127,29,0.9354838709677419,0.7928136326370188,0.9821252164780854,0.009523507220844893,0.08972432246592729,0.08769582817114144,0.0906922382598994,0.9669606777134437,1.0,1.0,1.1290322580645162,0.014112903225806455,0.037623884834209705,0.42271527598675407,0.5485885000978448,0.008919640201957554,0.4680510705329694,0.7419354838709677,0.6129032258064516
contamination_symmetric_eps_0p01,normal_contamination_symmetric,"{""base"":""N(0,1)"",""centered_and_standardized"":true,""contaminant"":""N(0,10)"",""epsilon"":0.01}",80,exploratory,insufficient,200,74,74,0.37,0.30612608409859116,0.4387737007594981,4,0.05405405405405406,0.02121901217287475,0.13090376404552365,70,0.9459459459459459,0.8690962359544764,0.9787809878271253,0.02700167835217559,0.15896413070217613,0.1436836331560474,0.15772341457974845,0.9109847991744927,1.0,1.0,1.554054054054054,0.019425675675675675,0.11001956731160686,0.7699068496340117,1.1244736197332181,0.06511518129346645,0.7486603554188008,1.0,0.0
contamination_symmetric_eps_0p01,normal_contamination_symmetric,"{""base"":""N(0,1)"",""centered_and_standardized"":true,""contaminant"":""N(0,10)"",""epsilon"":0.01}",100,confirmatory_5000,all,5000,5000,5000,1.0,0.9992322980549431,1.0000000000000002,214,0.0428,0.03753187129513541,0.048770115363424835,4786,0.9572,0.9512298846365752,0.9624681287048646,-0.00028427258028809385,0.09975618809837206,0.09346174781851242,0.09976576013040127,0.9368118650762643,0.5824,0.5824,0.8386,0.008386,0.043350852060776934,0.33798321486296956,0.8873973000636869,0.022632056127499817,0.3896691914657279,0.5594,0.5252
contamination_symmetric_eps_0p01,normal_contamination_symmetric,"{""base"":""N(0,1)"",""centered_and_standardized"":true,""contaminant"":""N(0,10)"",""epsilon"":0.01}",100,confirmatory_5000,acceptable,5000,2088,2088,0.4176,0.40399881661136505,0.43132770066918047,117,0.05603448275862069,0.04696037177427048,0.06673919078951038,1971,0.9439655172413793,0.9332608092104897,0.9530396282257296,-0.0030354122259585023,0.07299560253483177,0.07103497606630788,0.07294993465089061,0.9737496874569255,0.0,0.0,0.0,0.0,0.0,0.0,0.0,0.0,0.0,0.04549808429118774,1.0
contamination_symmetric_eps_0p01,normal_contamination_symmetric,"{""base"":""N(0,1)"",""centered_and_standardized"":true,""contaminant"":""N(0,10)"",""epsilon"":0.01}",100,confirmatory_5000,caution,5000,833,833,0.1666,0.1565284807930896,0.17718342286387453,40,0.04801920768307323,0.035460177001964806,0.06472780715795767,793,0.9519807923169268,0.9352721928420423,0.9645398229980352,0.003896650193369008,0.0773823872144895,0.07675836891180995,0.07733064641198589,0.9925996027871398,1.0,1.0,1.2016806722689075,0.012016806722689075,0.03222881834204178,0.40189944090539453,0.5300955199112024,0.00702080732038391,0.4270297588573313,0.7478991596638656,0.6458583433373349
contamination_symmetric_eps_0p01,normal_contamination_symmetric,"{""base"":""N(0,1)"",""centered_and_standardized"":true,""contaminant"":""N(0,10)"",""epsilon"":0.01}",100,confirmatory_5000,insufficient,5000,2079,2079,0.4158,0.4022086185998205,0.42952066240772724,57,0.027417027417027416,0.021221839373778542,0.03535541873755943,2022,0.9725829725829725,0.9646445812624406,0.9787781606262215,0.0008035922151440603,0.12720936683655382,0.12267820479200267,0.12723743294543682,0.9641675562930503,1.0,1.0,1.5353535353535352,0.015353535353535354,0.09134567322028084,0.7383709780188942,1.097333109650702,0.05161709867225555,0.7660558769603092,1.0,0.0
contamination_symmetric_eps_0p01,normal_contamination_symmetric,"{""base"":""N(0,1)"",""centered_and_standardized"":true,""contaminant"":""N(0,10)"",""epsilon"":0.01}",200,exploratory,all,200,200,200,1.0,0.9811546736227335,1.0,6,0.03,0.013820314340111346,0.06389429245451925,194,0.97,0.9361057075454807,0.9861796856598887,-0.007022508136722707,0.0659123033451998,0.06802033680188706,0.0657015951845025,1.03529201400473,0.78,0.78,1.495,0.007475000000000001,0.03234061774879886,0.3572990529715818,0.9282369212685673,0.017573851818899144,0.45640973837996657,0.73,0.33
contamination_symmetric_eps_0p01,normal_contamination_symmetric,"{""base"":""N(0,1)"",""centered_and_standardized"":true,""contaminant"":""N(0,10)"",""epsilon"":0.01}",200,exploratory,acceptable,200,44,44,0.22,0.16816538358833258,0.28238799918293667,2,0.045454545454545456,0.012555109949594967,0.15134998437629657,42,0.9545454545454546,0.8486500156237035,0.987444890050405,-0.009229198751226733,0.04837489091823719,0.051118762497915,0.048035327677226125,1.0641909813004304,0.0,0.0,0.0,0.0,0.0,0.0,0.0,0.0,0.0,0.06818181818181818,1.0
contamination_symmetric_eps_0p01,normal_contamination_symmetric,"{""base"":""N(0,1)"",""centered_and_standardized"":true,""contaminant"":""N(0,10)"",""epsilon"":0.01}",200,exploratory,caution,200,56,56,0.28,0.22236889773949026,0.3459230458665071,1,0.017857142857142856,0.0031592103419746734,0.09445637149397576,55,0.9821428571428571,0.9055436285060242,0.9968407896580255,-0.011604118278580067,0.05966908417402114,0.05734657521327857,0.059059548766557494,0.9709958238920902,1.0,1.0,1.5357142857142858,0.007678571428571429,0.01874001980628789,0.28950997724298455,0.5110003893911987,0.00698669887747603,0.3496401239324512,0.7678571428571429,0.39285714285714285
contamination_symmetric_eps_0p01,normal_contamination_symmetric,"{""base"":""N(0,1)"",""centered_and_standardized"":true,""contaminant"":""N(0,10)"",""epsilon"":0.01}",200,exploratory,insufficient,200,100,100,0.5,0.43136085960389187,0.5686391403961082,3,0.03,0.010254524024038925,0.0845193642905276,97,0.97,0.9154806357094724,0.9897454759759611,-0.0034858625869008115,0.07526873490162755,0.08143433598525547,0.07556675566232833,1.0776476411022136,1.0,1.0,2.13,0.01065,0.0541868244060765,0.6545072017156497,1.112520466812943,0.031235152266411718,0.7170210073577604,1.0,0.0
contamination_symmetric_eps_0p01,normal_contamination_symmetric,"{""base"":""N(0,1)"",""centered_and_standardized"":true,""contaminant"":""N(0,10)"",""epsilon"":0.01}",500,exploratory,all,200,200,200,1.0,0.9811546736227335,1.0,10,0.05,0.02738264560076393,0.08957814813877599,190,0.95,0.9104218518612239,0.972617354399236,-0.001542215936676771,0.04469427726376654,0.04399015183041941,0.04477975123578506,0.9823670435057118,0.995,0.995,3.845,0.00769,0.024141406282790427,0.4755803384318068,1.060112009483929,0.012175158209864695,0.5846704503813325,0.98,0.055
contamination_symmetric_eps_0p01,normal_contamination_symmetric,"{""base"":""N(0,1)"",""centered_and_standardized"":true,""contaminant"":""N(0,10)"",""epsilon"":0.01}",500,exploratory,acceptable,200,1,1,0.005,0.0008831687156009814,0.02777370439789293,0,0.0,0.0,0.7934506856227626,1,1.0,0.20654931437723745,1.0,0.04988342963355864,0.04988342963355864,0.03231318871867739,nan,nan,0.0,0.0,0.0,0.0,0.0,0.0,0.0,0.0,0.0,0.0,1.0
contamination_symmetric_eps_0p01,normal_contamination_symmetric,"{""base"":""N(0,1)"",""centered_and_standardized"":true,""contaminant"":""N(0,10)"",""epsilon"":0.01}",500,exploratory,caution,200,54,54,0.27,0.21323449814685846,0.33543435198668425,8,0.14814814814814814,0.07703063137605341,0.26600115283605885,46,0.8518518518518519,0.7339988471639411,0.9229693686239466,-0.004879858114916301,0.04364841794157105,0.0363559547142961,0.04378206192799476,0.8303847081046147,1.0,1.0,3.1666666666666665,0.006333333333333335,0.011448115326383665,0.32488568013620056,0.6083697551174606,0.004765264491047914,0.33025232625632167,0.9444444444444444,0.18518518518518517
contamination_symmetric_eps_0p01,normal_contamination_symmetric,"{""base"":""N(0,1)"",""centered_and_standardized"":true,""contaminant"":""N(0,10)"",""epsilon"":0.01}",500,exploratory,insufficient,200,145,145,0.725,0.6593166064233035,0.7822029967069265,2,0.013793103448275862,0.003790752490395701,0.04889254477653414,143,0.9862068965517241,0.9511074552234658,0.9962092475096044,-0.000653891577678845,0.045040010601974795,0.04691376291581529,0.04519136564996275,1.0381134148322415,1.0,1.0,4.124137931034483,0.008248275862068966,0.029035055371954267,0.627723709822638,1.1322282638128147,0.015018671444526562,0.6834514790236216,1.0,0.0
contamination_symmetric_eps_0p01,normal_contamination_symmetric,"{""base"":""N(0,1)"",""centered_and_standardized"":true,""contaminant"":""N(0,10)"",""epsilon"":0.01}",750,exploratory,all,200,200,200,1.0,0.9811546736227335,1.0,13,0.065,0.03837635464915299,0.10801907929906895,187,0.935,0.8919809207009312,0.961623645350847,-0.0015019429261133204,0.037926609722218584,0.036049111718470556,0.03799195752592173,0.9488616556247311,0.995,0.995,5.99,0.007986666666666666,0.021399692259787127,0.5148860654783367,1.1535272583859966,0.010088770884751252,0.613040088066126,0.995,0.015
contamination_symmetric_eps_0p01,normal_contamination_symmetric,"{""base"":""N(0,1)"",""centered_and_standardized"":true,""contaminant"":""N(0,10)"",""epsilon"":0.01}",750,exploratory,acceptable,200,1,1,0.005,0.0008831687156009814,0.02777370439789293,0,0.0,0.0,0.7934506856227626,1,1.0,0.20654931437723745,1.0,0.028377161027127965,0.028377161027127965,0.025546050431801706,nan,nan,0.0,0.0,0.0,0.0,0.0,0.0,0.0,0.0,0.0,0.0,1.0
contamination_symmetric_eps_0p01,normal_contamination_symmetric,"{""base"":""N(0,1)"",""centered_and_standardized"":true,""contaminant"":""N(0,10)"",""epsilon"":0.01}",750,exploratory,caution,200,39,39,0.195,0.1460552053440051,0.25544044374612745,4,0.10256410256410256,0.04061331344668381,0.23578854462856527,35,0.8974358974358975,0.7642114553714348,0.9593866865533163,0.003606906576399763,0.036155035608003934,0.030645771771787407,0.03644494628377709,0.8408785002223724,1.0,1.0,4.948717948717949,0.006598290598290597,0.010511621813045668,0.3287258562646855,0.6308538788516963,0.0044493036296114384,0.34314814431305046,1.0,0.05128205128205128
contamination_symmetric_eps_0p01,normal_contamination_symmetric,"{""base"":""N(0,1)"",""centered_and_standardized"":true,""contaminant"":""N(0,10)"",""epsilon"":0.01}",750,exploratory,insufficient,200,160,160,0.8,0.7391448134346212,0.8495479907390189,9,0.05625,0.029872301755764163,0.10343619645894672,151,0.94375,0.8965638035410534,0.9701276982442358,-0.002933969392058644,0.0383975914237723,0.03743181996351626,0.03840554009764888,0.9746463626951511,1.0,1.0,6.28125,0.008375,0.024187407507804026,0.5930895969421774,1.2718811612386034,0.011526445846221279,0.6826577499063514,1.0,0.0
contamination_symmetric_eps_0p01,normal_contamination_symmetric,"{""base"":""N(0,1)"",""centered_and_standardized"":true,""contaminant"":""N(0,10)"",""epsilon"":0.01}",2000,exploratory,all,200,200,200,1.0,0.9811546736227335,1.0,14,0.07,0.042152171828342806,0.11405480885610647,186,0.93,0.8859451911438936,0.9578478281716571,0.0021159525861744037,0.02275071215754439,0.02222884143686803,0.02270894381016798,0.9788584454956033,1.0,1.0,15.32,0.00766,0.012650555476516438,0.5003680070667467,1.0433806939946066,0.006310490883603383,0.623729769884353,1.0,0.0
contamination_symmetric_eps_0p01,normal_contamination_symmetric,"{""base"":""N(0,1)"",""centered_and_standardized"":true,""contaminant"":""N(0,10)"",""epsilon"":0.01}",2000,exploratory,acceptable,200,0,0,0.0,1.734723475976807e-18,0.018845326377266575,0,nan,nan,nan,0,nan,nan,nan,nan,nan,nan,nan,nan,nan,nan,nan,nan,nan,nan,nan,nan,nan,nan,nan
contamination_symmetric_eps_0p01,normal_contamination_symmetric,"{""base"":""N(0,1)"",""centered_and_standardized"":true,""contaminant"":""N(0,10)"",""epsilon"":0.01}",2000,exploratory,caution,200,8,8,0.04,0.020405632066152306,0.07693206820093293,0,0.0,0.0,0.32440756488388023,8,1.0,0.6755924351161198,1.0,0.004756973783687105,0.014093670725629734,0.018646555838069925,0.014182595166260699,1.3147492133476844,1.0,1.0,11.5,0.00575,0.009016371178373029,0.5482884620643602,0.7663418123544822,0.0027812425788642362,0.5525407431824051,1.0,0.0
contamination_symmetric_eps_0p01,normal_contamination_symmetric,"{""base"":""N(0,1)"",""centered_and_standardized"":true,""contaminant"":""N(0,10)"",""epsilon"":0.01}",2000,exploratory,insufficient,200,192,192,0.96,0.923067931799067,0.9795943679338476,14,0.07291666666666667,0.04392874874927421,0.11865918851607826,178,0.9270833333333334,0.8813408114839218,0.9560712512507259,0.002005910036278041,0.023040942758999216,0.02237810333681795,0.023013470069337592,0.9723915285002506,1.0,1.0,15.479166666666666,0.007739583333333334,0.012801979822272413,0.5003680070667467,1.044646845248265,0.00645754289630085,0.6266959793302674,1.0,0.0
contamination_symmetric_eps_0p025,normal_contamination_symmetric,"{""base"":""N(0,1)"",""centered_and_standardized"":true,""contaminant"":""N(0,10)"",""epsilon"":0.025}",5,exploratory,all,200,200,200,1.0,0.9811546736227335,1.0,2,0.01,0.0027466581335444384,0.0357217617161768,198,0.99,0.9642782382838231,0.9972533418664555,0.00041946393238158244,0.3291662370592881,0.2639513111414365,0.3299919835630256,0.7998718886788475,0.275,0.275,0.325,0.065,0.09334395337104169,0.0,0.9658524497572827,0.06681946399286773,1.5827470403268007,0.08,0.61
contamination_symmetric_eps_0p025,normal_contamination_symmetric,"{""base"":""N(0,1)"",""centered_and_standardized"":true,""contaminant"":""N(0,10)"",""epsilon"":0.025}",5,exploratory,acceptable,200,114,114,0.57,0.5007048776415268,0.6366567766656557,1,0.008771929824561403,0.0015501429397783636,0.04802034676013621,113,0.9912280701754386,0.9519796532398638,0.9984498570602217,0.0033949932453885712,0.23671954725383262,0.2252241076080359,0.23774021778658871,0.9473538373310144,0.0,0.0,0.0,0.0,0.0,0.0,0.0,0.0,0.0,0.0,1.0
contamination_symmetric_eps_0p025,normal_contamination_symmetric,"{""base"":""N(0,1)"",""centered_and_standardized"":true,""contaminant"":""N(0,10)"",""epsilon"":0.025}",5,exploratory,caution,200,0,0,0.0,1.734723475976807e-18,0.018845326377266575,0,nan,nan,nan,0,nan,nan,nan,nan,nan,nan,nan,nan,nan,nan,nan,nan,nan,nan,nan,nan,nan,nan,nan
contamination_symmetric_eps_0p025,normal_contamination_symmetric,"{""base"":""N(0,1)"",""centered_and_standardized"":true,""contaminant"":""N(0,10)"",""epsilon"":0.025}",5,exploratory,insufficient,200,86,86,0.43,0.36334322333434416,0.4992951223584731,1,0.011627906976744186,0.0020555686652495644,0.06296406589291725,85,0.9883720930232558,0.9370359341070826,0.9979444313347503,-0.0035248423662556016,0.4215414943025555,0.31528737163920023,0.4239990759401793,0.7436039122021179,0.6395348837209303,0.6395348837209303,0.7558139534883721,0.15116279069767438,0.21707896132800397,0.8878630216087333,0.9945433537925777,0.15539410230899472,3.6808070705274427,0.18604651162790697,0.09302325581395349
contamination_symmetric_eps_0p025,normal_contamination_symmetric,"{""base"":""N(0,1)"",""centered_and_standardized"":true,""contaminant"":""N(0,10)"",""epsilon"":0.025}",8,exploratory,all,200,200,200,1.0,0.9811546736227335,1.0,8,0.04,0.020405632066152306,0.07693206820093293,192,0.96,0.923067931799067,0.9795943679338476,-0.0037382190887318267,0.3340119862768424,0.25344066752228506,0.33482918872577405,0.7569252504143347,0.245,0.245,0.3,0.0375,0.10042126758066691,0.0,0.9339820887648237,0.0754375583255975,0.396064394125587,0.19,0.72
contamination_symmetric_eps_0p025,normal_contamination_symmetric,"{""base"":""N(0,1)"",""centered_and_standardized"":true,""contaminant"":""N(0,10)"",""epsilon"":0.025}",8,exploratory,acceptable,200,132,132,0.66,0.5918849552683626,0.7220845402909121,5,0.03787878787878788,0.016286179128381463,0.08560803594305971,127,0.9621212121212122,0.9143919640569403,0.9837138208716186,-0.0024955554843799836,0.1780907586167034,0.18665807781321944,0.17875164969055954,1.0442313575082909,0.0,0.0,0.0,0.0,0.0,0.0,0.0,0.0,0.0,0.015151515151515152,1.0
contamination_symmetric_eps_0p025,normal_contamination_symmetric,"{""base"":""N(0,1)"",""centered_and_standardized"":true,""contaminant"":""N(0,10)"",""epsilon"":0.025}",8,exploratory,caution,200,0,0,0.0,1.734723475976807e-18,0.018845326377266575,0,nan,nan,nan,0,nan,nan,nan,nan,nan,nan,nan,nan,nan,nan,nan,nan,nan,nan,nan,nan,nan,nan,nan
contamination_symmetric_eps_0p025,normal_contamination_symmetric,"{""base"":""N(0,1)"",""centered_and_standardized"":true,""contaminant"":""N(0,10)"",""epsilon"":0.025}",8,exploratory,insufficient,200,68,68,0.34,0.27791545970908793,0.4081150447316374,3,0.04411764705882353,0.01511661970804156,0.12187195182496394,65,0.9558823529411765,0.8781280481750362,0.9848833802919585,-0.006150448438356006,0.5162968733755844,0.38307745931047116,0.5200986570305817,0.7365476801989633,0.7205882352941176,0.7205882352941176,0.8823529411764706,0.11029411764705882,0.29535666935490273,0.8198275924579079,0.9901558523605868,0.22187517154587502,1.164895276839962,0.5294117647058824,0.17647058823529413
contamination_symmetric_eps_0p025,normal_contamination_symmetric,"{""base"":""N(0,1)"",""centered_and_standardized"":true,""contaminant"":""N(0,10)"",""epsilon"":0.025}",10,exploratory,all,200,200,200,1.0,0.9811546736227335,1.0,9,0.045,0.023852543001492997,0.0832967040018196,191,0.955,0.9167032959981803,0.976147456998507,-0.0028983879199825104,0.32932203116934494,0.2406053535176965,0.3301356498432964,0.7288075481454465,0.28,0.28,0.345,0.0345,0.10689533851644609,0.0,0.9382793267825484,0.07769142764371752,0.3644970520539521,0.23,0.68
contamination_symmetric_eps_0p025,normal_contamination_symmetric,"{""base"":""N(0,1)"",""centered_and_standardized"":true,""contaminant"":""N(0,10)"",""epsilon"":0.025}",10,exploratory,acceptable,200,129,129,0.645,0.5765211307549043,0.7080137245956883,5,0.03875968992248062,0.016667503195434634,0.08752782064075537,124,0.9612403100775194,0.9124721793592447,0.9833324968045654,-8.456468726293792e-05,0.1627168818143946,0.1701895543354583,0.16335123596849135,1.0418626668260165,0.0,0.0,0.0,0.0,0.0,0.0,0.0,0.0,0.0,0.015503875968992248,1.0
contamination_symmetric_eps_0p025,normal_contamination_symmetric,"{""base"":""N(0,1)"",""centered_and_standardized"":true,""contaminant"":""N(0,10)"",""epsilon"":0.025}",10,exploratory,caution,200,0,0,0.0,1.734723475976807e-18,0.018845326377266575,0,nan,nan,nan,0,nan,nan,nan,nan,nan,nan,nan,nan,nan,nan,nan,nan,nan,nan,nan,nan,nan,nan,nan
contamination_symmetric_eps_0p025,normal_contamination_symmetric,"{""base"":""N(0,1)"",""centered_and_standardized"":true,""contaminant"":""N(0,10)"",""epsilon"":0.025}",10,exploratory,insufficient,200,71,71,0.355,0.2919862754043116,0.42347886924509565,4,0.056338028169014086,0.022124519301696642,0.13609605799976943,67,0.9436619718309859,0.8639039420002305,0.9778754806983033,-0.008010827314642017,0.5073418015384247,0.3685439182290869,0.5108891219742474,0.7213775012568465,0.7887323943661971,0.7887323943661971,0.971830985915493,0.09718309859154926,0.3011136296237918,0.8247514511849057,0.9854856766638959,0.21884909195413385,1.0267522593069076,0.6197183098591549,0.09859154929577464
contamination_symmetric_eps_0p025,normal_contamination_symmetric,"{""base"":""N(0,1)"",""centered_and_standardized"":true,""contaminant"":""N(0,10)"",""epsilon"":0.025}",15,exploratory,all,200,200,200,1.0,0.9811546736227335,1.0,8,0.04,0.020405632066152306,0.07693206820093293,192,0.96,0.923067931799067,0.9795943679338476,0.002585408359176866,0.2899919191673412,0.22045438713291332,0.2907080748273483,0.7583359604436214,0.345,0.345,0.405,0.027000000000000003,0.11659595742328997,0.0,0.965818032233242,0.08639267406678548,0.35142217497182704,0.34,0.645
contamination_symmetric_eps_0p025,normal_contamination_symmetric,"{""base"":""N(0,1)"",""centered_and_standardized"":true,""contaminant"":""N(0,10)"",""epsilon"":0.025}",15,exploratory,acceptable,200,119,119,0.595,0.525797100813387,0.6606222871749323,6,0.05042016806722689,0.023310322236378966,0.105648247392928,113,0.9495798319327731,0.894351752607072,0.976689677763621,-0.015314268660401264,0.12886982135101874,0.13303881417096167,0.12849769435451874,1.0353400879234005,0.0,0.0,0.0,0.0,0.0,0.0,0.0,0.0,0.0,0.008403361344537815,1.0
contamination_symmetric_eps_0p025,normal_contamination_symmetric,"{""base"":""N(0,1)"",""centered_and_standardized"":true,""contaminant"":""N(0,10)"",""epsilon"":0.025}",15,exploratory,caution,200,0,0,0.0,1.734723475976807e-18,0.018845326377266575,0,nan,nan,nan,0,nan,nan,nan,nan,nan,nan,nan,nan,nan,nan,nan,nan,nan,nan,nan,nan,nan,nan,nan
contamination_symmetric_eps_0p025,normal_contamination_symmetric,"{""base"":""N(0,1)"",""centered_and_standardized"":true,""contaminant"":""N(0,10)"",""epsilon"":0.025}",15,exploratory,insufficient,200,81,81,0.405,0.3393777128250677,0.47420289918661307,2,0.024691358024691357,0.006797587423664028,0.08562725922196524,79,0.9753086419753086,0.9143727407780347,0.9932024125763359,0.028882464721273114,0.4280702948608314,0.3488797350646694,0.42975586712811364,0.811809126414243,0.8518518518518519,0.8518518518518519,1.0,0.06666666666666667,0.2878912528970123,0.8850682151240102,0.9894274706138922,0.21331524460934692,0.8677090740045112,0.8271604938271605,0.12345679012345678
contamination_symmetric_eps_0p025,normal_contamination_symmetric,"{""base"":""N(0,1)"",""centered_and_standardized"":true,""contaminant"":""N(0,10)"",""epsilon"":0.025}",20,exploratory,all,200,200,200,1.0,0.9811546736227335,1.0,12,0.06,0.03465219425433187,0.1019316929576627,188,0.94,0.8980683070423372,0.9653478057456681,0.006031636266865159,0.22669973086373355,0.19180502804340008,0.2271881591012448,0.8442562711110464,0.395,0.395,0.45,0.0225,0.10168759501107527,0.0,0.9603477051585463,0.07288065721262237,0.37587019270160854,0.39,0.635
contamination_symmetric_eps_0p025,normal_contamination_symmetric,"{""base"":""N(0,1)"",""centered_and_standardized"":true,""contaminant"":""N(0,10)"",""epsilon"":0.025}",20,exploratory,acceptable,200,120,120,0.6,0.53083672039262,0.6653942143319266,11,0.09166666666666666,0.05195718284856543,0.15670846972670907,109,0.9083333333333333,0.843291530273291,0.9480428171514347,0.00017042161389873485,0.1387154345029781,0.11895177592455333,0.1392969480050425,0.8539438776522751,0.0,0.0,0.0,0.0,0.0,0.0,0.0,0.0,0.0,0.041666666666666664,1.0
contamination_symmetric_eps_0p025,normal_contamination_symmetric,"{""base"":""N(0,1)"",""centered_and_standardized"":true,""contaminant"":""N(0,10)"",""epsilon"":0.025}",20,exploratory,caution,200,0,0,0.0,1.734723475976807e-18,0.018845326377266575,0,nan,nan,nan,0,nan,nan,nan,nan,nan,nan,nan,nan,nan,nan,nan,nan,nan,nan,nan,nan,nan,nan,nan
contamination_symmetric_eps_0p025,normal_contamination_symmetric,"{""base"":""N(0,1)"",""centered_and_standardized"":true,""contaminant"":""N(0,10)"",""epsilon"":0.025}",20,exploratory,insufficient,200,80,80,0.4,0.33460578566807336,0.46916327960737997,1,0.0125,0.0022099755204522745,0.06746270077668665,79,0.9875,0.9325372992233133,0.9977900244795476,0.014823458246314796,0.3156247174734546,0.30108490622167017,0.3172655755573547,0.9489996060642281,0.9875,0.9875,1.125,0.05625,0.2542189875276882,0.8718903684173762,0.9820902390369936,0.18220164303155592,0.9396754817540212,0.9125,0.0875
contamination_symmetric_eps_0p025,normal_contamination_symmetric,"{""base"":""N(0,1)"",""centered_and_standardized"":true,""contaminant"":""N(0,10)"",""epsilon"":0.025}",30,exploratory,all,200,200,200,1.0,0.9811546736227335,1.0,3,0.015,0.00511423779325831,0.04316572879269026,197,0.985,0.9568342712073097,0.9948857622067417,0.011313433299263525,0.1665945461827195,0.14954864491557288,0.16662704433653927,0.8975052369861829,0.43,0.43,0.535,0.017833333333333333,0.0760363725526293,0.0,0.9281792770865391,0.051796234118917026,0.3770239046919076,0.445,0.595
contamination_symmetric_eps_0p025,normal_contamination_symmetric,"{""base"":""N(0,1)"",""centered_and_standardized"":true,""contaminant"":""N(0,10)"",""epsilon"":0.025}",30,exploratory,acceptable,200,113,113,0.565,0.49570736259794607,0.6318427449730093,3,0.02654867256637168,0.009069473857769843,0.07515969376839707,110,0.9734513274336283,0.9248403062316028,0.9909305261422301,0.015989912207603218,0.09801609921191524,0.09849266994813065,0.09713379306544266,1.0139897438347998,0.0,0.0,0.0,0.0,0.0,0.0,0.0,0.0,0.0,0.05309734513274336,1.0
contamination_symmetric_eps_0p025,normal_contamination_symmetric,"{""base"":""N(0,1)"",""centered_and_standardized"":true,""contaminant"":""N(0,10)"",""epsilon"":0.025}",30,exploratory,caution,200,0,0,0.0,1.734723475976807e-18,0.018845326377266575,0,nan,nan,nan,0,nan,nan,nan,nan,nan,nan,nan,nan,nan,nan,nan,nan,nan,nan,nan,nan,nan,nan,nan
contamination_symmetric_eps_0p025,normal_contamination_symmetric,"{""base"":""N(0,1)"",""centered_and_standardized"":true,""contaminant"":""N(0,10)"",""epsilon"":0.025}",30,exploratory,insufficient,200,87,87,0.435,0.36815725502699076,0.504292637402054,0,0.0,0.0,0.04228750694412034,87,1.0,0.9577124930558795,0.9999999999999999,0.005239385981534953,0.22654678968980638,0.21586272734454956,0.22779916995419566,0.9476010267638543,0.9885057471264368,0.9885057471264368,1.2298850574712643,0.040996168582375474,0.17479625874167654,0.8098288400135928,0.9688879604014884,0.11907180257222304,0.8667216199813967,0.9540229885057471,0.06896551724137931
contamination_symmetric_eps_0p025,normal_contamination_symmetric,"{""base"":""N(0,1)"",""centered_and_standardized"":true,""contaminant"":""N(0,10)"",""epsilon"":0.025}",40,exploratory,all,200,200,200,1.0,0.9811546736227335,1.0,6,0.03,0.013820314340111346,0.06389429245451925,194,0.97,0.9361057075454807,0.9861796856598887,0.005223059090301046,0.16292354198313613,0.13836277352669082,0.16324843165636002,0.8475595883086104,0.545,0.545,0.78,0.0195,0.07831345454470377,0.2965873425525367,0.9606403625332306,0.053173009371748806,0.410303191292795,0.525,0.515
contamination_symmetric_eps_0p025,normal_contamination_symmetric,"{""base"":""N(0,1)"",""centered_and_standardized"":true,""contaminant"":""N(0,10)"",""epsilon"":0.025}",40,exploratory,acceptable,200,91,91,0.455,0.387482193098835,0.524213886275119,3,0.03296703296703297,0.011274406767682599,0.0924930694296231,88,0.967032967032967,0.907506930570377,0.9887255932323175,0.0017880389502402392,0.08241874602239854,0.08463054951457913,0.08285585795344644,1.0214190234096643,0.0,0.0,0.0,0.0,0.0,0.0,0.0,0.0,0.0,0.02197802197802198,1.0
contamination_symmetric_eps_0p025,normal_contamination_symmetric,"{""base"":""N(0,1)"",""centered_and_standardized"":true,""contaminant"":""N(0,10)"",""epsilon"":0.025}",40,exploratory,caution,200,11,11,0.055,0.03098534170345884,0.0957869987723084,0,0.0,0.0,0.2588329669680317,11,1.0,0.7411670330319684,1.0,0.03956556147220032,0.10474436744994382,0.08475620750660152,0.10171796175536664,0.8332472067267882,1.0,1.0,1.0,0.025,0.04303613627061319,0.5032771260330957,0.5465706985430716,0.009919744294418066,0.5325375827418714,0.45454545454545453,1.0
contamination_symmetric_eps_0p025,normal_contamination_symmetric,"{""base"":""N(0,1)"",""centered_and_standardized"":true,""contaminant"":""N(0,10)"",""epsilon"":0.025}",40,exploratory,insufficient,200,98,98,0.49,0.42156278331213176,0.5588141232154135,3,0.030612244897959183,0.010464891082493703,0.0861702016847983,95,0.9693877551020408,0.9138297983152016,0.9895351089175063,0.004557949973409624,0.21594551411488336,0.19427404507080454,0.21700742624761002,0.8952414598435622,1.0,1.0,1.4795918367346939,0.03698979591836735,0.15499278989759196,0.8272900057274494,1.2117551913815134,0.10740290497052207,0.7775788249836575,1.0,0.01020408163265306
contamination_symmetric_eps_0p025,normal_contamination_symmetric,"{""base"":""N(0,1)"",""centered_and_standardized"":true,""contaminant"":""N(0,10)"",""epsilon"":0.025}",50,exploratory,all,200,200,200,1.0,0.9811546736227335,1.0,4,0.02,0.0078044264163494685,0.050287086905826436,196,0.98,0.9497129130941735,0.9921955735836505,-0.00278484953908128,0.1421572065556093,0.1256304885130901,0.1424865892966274,0.8817004402537394,0.635,0.635,1.065,0.021300000000000003,0.07580923820002251,0.453023179940786,1.0750020097905608,0.04943518330418713,0.5134534185414459,0.63,0.435
contamination_symmetric_eps_0p025,normal_contamination_symmetric,"{""base"":""N(0,1)"",""centered_and_standardized"":true,""contaminant"":""N(0,10)"",""epsilon"":0.025}",50,exploratory,acceptable,200,73,73,0.365,0.301405264649268,0.433682973472594,3,0.0410958904109589,0.01407394035392058,0.1140009162629833,70,0.958904109589041,0.8859990837370165,0.9859260596460794,-0.0054075770769279,0.06946770383856882,0.07667125270441866,0.06973620523020764,1.0994468719844677,0.0,0.0,0.0,0.0,0.0,0.0,0.0,0.0,0.0,0.0684931506849315,1.0
contamination_symmetric_eps_0p025,normal_contamination_symmetric,"{""base"":""N(0,1)"",""centered_and_standardized"":true,""contaminant"":""N(0,10)"",""epsilon"":0.025}",50,exploratory,caution,200,11,11,0.055,0.03098534170345884,0.0957869987723084,0,0.0,0.0,0.2588329669680317,11,1.0,0.7411670330319684,1.0,-0.0278886501790747,0.09132330441491934,0.08048669872654529,0.09120518643418338,0.8824794057586528,1.0,1.0,1.0,0.019999999999999997,0.036251845529566305,0.4602980167372858,0.48442209482162396,0.007252301367045602,0.4543979029967344,0.5454545454545454,1.0
contamination_symmetric_eps_0p025,normal_contamination_symmetric,"{""base"":""N(0,1)"",""centered_and_standardized"":true,""contaminant"":""N(0,10)"",""epsilon"":0.025}",50,exploratory,insufficient,200,116,116,0.58,0.5107207393958046,0.6462640083838327,1,0.008620689655172414,0.0015233877766386086,0.04721983412817875,115,0.9913793103448276,0.9527801658718213,0.9984766122233615,0.0012461928514595079,0.1761101304367708,0.16072191870002986,0.17686974094972616,0.9087021773029781,1.0,1.0,1.7413793103448276,0.03482758620689654,0.12726790809637306,0.7647005770292977,1.2132058962888022,0.0845453564293097,0.8421750584079752,0.9913793103448276,0.02586206896551724
contamination_symmetric_eps_0p025,normal_contamination_symmetric,"{""base"":""N(0,1)"",""centered_and_standardized"":true,""contaminant"":""N(0,10)"",""epsilon"":0.025}",80,exploratory,all,200,200,200,1.0,0.9811546736227335,1.0,7,0.035,0.017055542008567192,0.07047061152229073,193,0.965,0.9295293884777092,0.9829444579914328,-0.00214454366176586,0.09701902127225985,0.10358067645852413,0.0972387179184408,1.0652205075904297,0.81,0.81,1.505,0.0188125,0.06378543044325351,0.558352703095921,1.1275886023744357,0.0433430010210585,0.6538467805827161,0.815,0.255
contamination_symmetric_eps_0p025,normal_contamination_symmetric,"{""base"":""N(0,1)"",""centered_and_standardized"":true,""contaminant"":""N(0,10)"",""epsilon"":0.025}",80,exploratory,acceptable,200,38,38,0.19,0.14167171527790676,0.25001238707599854,3,0.07894736842105263,0.027214595506987724,0.20799371457771454,35,0.9210526315789473,0.7920062854222853,0.9727854044930122,2.8308751352814584e-05,0.05743507370602075,0.059387258282011975,0.0582060417196471,1.0202937105404672,0.0,0.0,0.0,0.0,0.0,0.0,0.0,0.0,0.0,0.07894736842105263,1.0
contamination_symmetric_eps_0p025,normal_contamination_symmetric,"{""base"":""N(0,1)"",""centered_and_standardized"":true,""contaminant"":""N(0,10)"",""epsilon"":0.025}",80,exploratory,caution,200,25,25,0.125,0.08611974475712644,0.17801425002582347,1,0.04,0.007096233501987265,0.19544063736193734,24,0.96,0.8045593626380625,0.9929037664980127,0.019870679232191057,0.07260265042938258,0.06873326419014714,0.07127047188514868,0.964400296112951,1.0,1.0,1.08,0.013500000000000003,0.034166027179597845,0.4654869693521832,0.568281590434629,0.00785823359306903,0.4895112428064394,0.92,0.52
contamination_symmetric_eps_0p025,normal_contamination_symmetric,"{""base"":""N(0,1)"",""centered_and_standardized"":true,""contaminant"":""N(0,10)"",""epsilon"":0.025}",80,exploratory,insufficient,200,137,137,0.685,0.6176504391426966,0.745376790097715,3,0.021897810218978103,0.007474758336188016,0.06240139108103243,134,0.9781021897810219,0.9375986089189676,0.992525241663812,-0.006764609092769015,0.10892324841523353,0.12219772169514374,0.10911193769788236,1.1199299020194686,1.0,1.0,2.0,0.024999999999999998,0.08688274021285222,0.7401689731436116,1.2283655956659365,0.06184046981302901,0.865193978440746,1.0,0.0
contamination_symmetric_eps_0p025,normal_contamination_symmetric,"{""base"":""N(0,1)"",""centered_and_standardized"":true,""contaminant"":""N(0,10)"",""epsilon"":0.025}",100,confirmatory_5000,all,5000,5000,5000,1.0,0.9992322980549431,1.0000000000000002,195,0.039,0.03397822888090428,0.04472959231243839,4805,0.961,0.9552704076875616,0.9660217711190957,0.002072758768742757,0.09965950403860693,0.09356954718568988,0.09964791195794936,0.9390015841493548,0.8572,0.8572,1.9024,0.019024,0.060926750038793304,0.5677506759533484,1.166711919677571,0.03907836486225701,0.644379244935564,0.8482,0.2082
contamination_symmetric_eps_0p025,normal_contamination_symmetric,"{""base"":""N(0,1)"",""centered_and_standardized"":true,""contaminant"":""N(0,10)"",""epsilon"":0.025}",100,confirmatory_5000,acceptable,5000,714,714,0.1428,0.13337637900061197,0.1527720672689369,29,0.04061624649859944,0.028426410860421455,0.057722777182144885,685,0.9593837535014006,0.9422772228178552,0.9715735891395786,-0.00026921842814548385,0.05545931487406999,0.05435833840055462,0.05549753887124609,0.9794729551280751,0.0,0.0,0.0,0.0,0.0,0.0,0.0,0.0,0.0,0.05182072829131653,1.0
contamination_symmetric_eps_0p025,normal_contamination_symmetric,"{""base"":""N(0,1)"",""centered_and_standardized"":true,""contaminant"":""N(0,10)"",""epsilon"":0.025}",100,confirmatory_5000,caution,5000,627,627,0.1254,0.11650715137061406,0.13486801092662282,35,0.05582137161084529,0.04040819029817522,0.07664413368626077,592,0.9441786283891547,0.9233558663137391,0.9595918097018248,0.003032730561991246,0.06408676612864311,0.06122135313535588,0.06406607784217608,0.9555970210346253,1.0,1.0,1.3636363636363635,0.013636363636363637,0.02656337541122894,0.42358385757765915,0.7313363372962985,0.007008373238235632,0.44767364363576184,0.8692185007974481,0.5215311004784688
contamination_symmetric_eps_0p025,normal_contamination_symmetric,"{""base"":""N(0,1)"",""centered_and_standardized"":true,""contaminant"":""N(0,10)"",""epsilon"":0.025}",100,confirmatory_5000,insufficient,5000,3659,3659,0.7318,0.7193457452841198,0.7438983480941518,131,0.03580213172998087,0.030252351062762355,0.04232558107254925,3528,0.9641978682700191,0.9576744189274506,0.9697476489372376,0.0023652620221484423,0.11076129547435853,0.10676416886979648,0.11075117310537129,0.9640003430773462,1.0,1.0,2.365946980049194,0.02365946980049194,0.07870415791503854,0.7161952741030926,1.2315812251416556,0.052199391716565006,0.8038275075480178,1.0,0.0
contamination_symmetric_eps_0p025,normal_contamination_symmetric,"{""base"":""N(0,1)"",""centered_and_standardized"":true,""contaminant"":""N(0,10)"",""epsilon"":0.025}",200,exploratory,all,200,200,200,1.0,0.9811546736227335,1.0,13,0.065,0.03837635464915299,0.10801907929906895,187,0.935,0.8919809207009312,0.961623645350847,0.0010850023433329962,0.0709503032776876,0.0686527728972875,0.07112002951420449,0.965308554653732,0.99,0.99,3.755,0.018775,0.044763965593393636,0.5547418419287609,1.2236558580180212,0.02996225065778724,0.7032818395874678,0.98,0.05
contamination_symmetric_eps_0p025,normal_contamination_symmetric,"{""base"":""N(0,1)"",""centered_and_standardized"":true,""contaminant"":""N(0,10)"",""epsilon"":0.025}",200,exploratory,acceptable,200,2,2,0.01,0.0027466581335444384,0.0357217617161768,1,0.5,0.09453120573423074,0.9054687942657693,1,0.5,0.09453120573423074,0.9054687942657693,0.03824249809748554,0.0547588433141532,0.04055577702626892,0.055426388306794715,0.7317052087497679,0.0,0.0,0.0,0.0,0.0,0.0,0.0,0.0,0.0,0.0,1.0
contamination_symmetric_eps_0p025,normal_contamination_symmetric,"{""base"":""N(0,1)"",""centered_and_standardized"":true,""contaminant"":""N(0,10)"",""epsilon"":0.025}",200,exploratory,caution,200,47,47,0.235,0.18157433415232588,0.29841368882762537,2,0.0425531914893617,0.011748275966789345,0.1424852767789945,45,0.9574468085106383,0.8575147232210055,0.9882517240332106,-0.013311740328152216,0.046147255512185424,0.05399307011325335,0.0446632904789951,1.2088914527837127,1.0,1.0,3.3191489361702127,0.01659574468085107,0.019533689105298457,0.3220210024485385,0.7677121128708738,0.015003534350277329,0.3923233783242288,0.9574468085106383,0.1702127659574468
contamination_symmetric_eps_0p025,normal_contamination_symmetric,"{""base"":""N(0,1)"",""centered_and_standardized"":true,""contaminant"":""N(0,10)"",""epsilon"":0.025}",200,exploratory,insufficient,200,151,151,0.755,0.6909575644379659,0.8094313191096282,10,0.06622516556291391,0.03636670105392742,0.11760665338406232,141,0.9337748344370861,0.8823933466159377,0.9636332989460725,0.005073955416521736,0.07723286767331175,0.07358787238464937,0.07732247601858247,0.9517009306189886,1.0,1.0,3.9403973509933774,0.019701986754966885,0.05320999821675297,0.615531241723416,1.2830639566793525,0.0350151259410226,0.8093852260679125,1.0,0.0
contamination_symmetric_eps_0p025,normal_contamination_symmetric,"{""base"":""N(0,1)"",""centered_and_standardized"":true,""contaminant"":""N(0,10)"",""epsilon"":0.025}",500,exploratory,all,200,200,200,1.0,0.9811546736227335,1.0,9,0.045,0.023852543001492997,0.0832967040018196,191,0.955,0.9167032959981803,0.976147456998507,0.0004084786278092381,0.047225152501857715,0.044326147096727685,0.047341888917381295,0.9362986587646189,1.0,1.0,9.395,0.01879,0.03104169680825654,0.6255401588641033,1.3274272267216198,0.019940255325716975,0.7401220733097967,1.0,0.0
contamination_symmetric_eps_0p025,normal_contamination_symmetric,"{""base"":""N(0,1)"",""centered_and_standardized"":true,""contaminant"":""N(0,10)"",""epsilon"":0.025}",500,exploratory,acceptable,200,0,0,0.0,1.734723475976807e-18,0.018845326377266575,0,nan,nan,nan,0,nan,nan,nan,nan,nan,nan,nan,nan,nan,nan,nan,nan,nan,nan,nan,nan,nan,nan,nan
contamination_symmetric_eps_0p025,normal_contamination_symmetric,"{""base"":""N(0,1)"",""centered_and_standardized"":true,""contaminant"":""N(0,10)"",""epsilon"":0.025}",500,exploratory,caution,200,17,17,0.085,0.05374575017747561,0.13189587071565567,0,0.0,0.0,0.1843181350088518,17,1.0,0.8156818649911483,1.0,-0.007812498034812605,0.028616458237632838,0.03514105115619979,0.028376631517938716,1.2383799371671314,1.0,1.0,8.705882352941176,0.017411764705882356,0.014756558892451461,0.420220678792161,0.7884530558027762,0.010575961052751314,0.4552841047347805,1.0,0.0
contamination_symmetric_eps_0p025,normal_contamination_symmetric,"{""base"":""N(0,1)"",""centered_and_standardized"":true,""contaminant"":""N(0,10)"",""epsilon"":0.025}",500,exploratory,insufficient,200,183,183,0.915,0.8681041292843443,0.9462542498225244,9,0.04918032786885246,0.02608669616848347,0.09081165689808453,174,0.9508196721311475,0.9091883431019155,0.9739133038315165,0.0011721759134079883,0.048593421779816445,0.04517940737535595,0.04871255878827153,0.9274693939139521,1.0,1.0,9.459016393442623,0.018918032786885246,0.03255452382775756,0.6901517253896822,1.349144088190287,0.020810162443970614,0.7665824310462738,1.0,0.0
contamination_symmetric_eps_0p025,normal_contamination_symmetric,"{""base"":""N(0,1)"",""centered_and_standardized"":true,""contaminant"":""N(0,10)"",""epsilon"":0.025}",750,exploratory,all,200,200,200,1.0,0.9811546736227335,1.0,14,0.07,0.042152171828342806,0.11405480885610647,186,0.93,0.8859451911438936,0.9578478281716571,-0.004122128875398645,0.03785173040587299,0.035875519778301036,0.037721027662206655,0.9510748248846183,1.0,1.0,13.64,0.018186666666666667,0.024141893446386363,0.5617710581883193,1.4573845408671071,0.015863302238350082,0.7524565514659503,1.0,0.0
contamination_symmetric_eps_0p025,normal_contamination_symmetric,"{""base"":""N(0,1)"",""centered_and_standardized"":true,""contaminant"":""N(0,10)"",""epsilon"":0.025}",750,exploratory,acceptable,200,0,0,0.0,1.734723475976807e-18,0.018845326377266575,0,nan,nan,nan,0,nan,nan,nan,nan,nan,nan,nan,nan,nan,nan,nan,nan,nan,nan,nan,nan,nan,nan,nan
contamination_symmetric_eps_0p025,normal_contamination_symmetric,"{""base"":""N(0,1)"",""centered_and_standardized"":true,""contaminant"":""N(0,10)"",""epsilon"":0.025}",750,exploratory,caution,200,7,7,0.035,0.017055542008567192,0.07047061152229073,0,0.0,5.551115123125783e-17,0.35433043506668743,7,1.0,0.6456695649333126,1.0,-0.017566841212988734,0.021367630948700256,0.027442827001082564,0.013139458354529277,2.0885812992148796,1.0,1.0,10.428571428571429,0.013904761904761904,0.01663826692609702,0.5812775134725257,0.8084991382601046,0.007470410777726332,0.6135968052685165,1.0,0.0
contamination_symmetric_eps_0p025,normal_contamination_symmetric,"{""base"":""N(0,1)"",""centered_and_standardized"":true,""contaminant"":""N(0,10)"",""epsilon"":0.025}",750,exploratory,insufficient,200,193,193,0.965,0.9295293884777092,0.9829444579914328,14,0.07253886010362694,0.0436985282275432,0.11806342482574622,179,0.927461139896373,0.8819365751742537,0.9563014717724568,-0.003634496821703668,0.03831656180674959,0.036181368739132795,0.03824300200948351,0.9460912281457541,1.0,1.0,13.756476683937823,0.018341968911917098,0.024414045703598935,0.5611461289864651,1.4716980240663105,0.016167707628113637,0.7574929153176707,1.0,0.0
contamination_symmetric_eps_0p025,normal_contamination_symmetric,"{""base"":""N(0,1)"",""centered_and_standardized"":true,""contaminant"":""N(0,10)"",""epsilon"":0.025}",2000,exploratory,all,200,200,200,1.0,0.9811546736227335,1.0,3,0.015,0.00511423779325831,0.04316572879269026,197,0.985,0.9568342712073097,0.9948857622067417,-0.002084811034005013,0.0215156561161593,0.022472661211596093,0.02146814915642067,1.046790808460309,1.0,1.0,36.905,0.0184525,0.015791704203750142,0.5909156046791575,1.3975354542385645,0.010262099102625972,0.8041794219137194,1.0,0.0
contamination_symmetric_eps_0p025,normal_contamination_symmetric,"{""base"":""N(0,1)"",""centered_and_standardized"":true,""contaminant"":""N(0,10)"",""epsilon"":0.025}",2000,exploratory,acceptable,200,0,0,0.0,1.734723475976807e-18,0.018845326377266575,0,nan,nan,nan,0,nan,nan,nan,nan,nan,nan,nan,nan,nan,nan,nan,nan,nan,nan,nan,nan,nan,nan,nan
contamination_symmetric_eps_0p025,normal_contamination_symmetric,"{""base"":""N(0,1)"",""centered_and_standardized"":true,""contaminant"":""N(0,10)"",""epsilon"":0.025}",2000,exploratory,caution,200,0,0,0.0,1.734723475976807e-18,0.018845326377266575,0,nan,nan,nan,0,nan,nan,nan,nan,nan,nan,nan,nan,nan,nan,nan,nan,nan,nan,nan,nan,nan,nan,nan
contamination_symmetric_eps_0p025,normal_contamination_symmetric,"{""base"":""N(0,1)"",""centered_and_standardized"":true,""contaminant"":""N(0,10)"",""epsilon"":0.025}",2000,exploratory,insufficient,200,200,200,1.0,0.9811546736227335,1.0,3,0.015,0.00511423779325831,0.04316572879269026,197,0.985,0.9568342712073097,0.9948857622067417,-0.002084811034005013,0.0215156561161593,0.022472661211596093,0.02146814915642067,1.046790808460309,1.0,1.0,36.905,0.0184525,0.015791704203750142,0.5909156046791575,1.3975354542385645,0.010262099102625972,0.8041794219137194,1.0,0.0
contamination_symmetric_eps_0p05,normal_contamination_symmetric,"{""base"":""N(0,1)"",""centered_and_standardized"":true,""contaminant"":""N(0,10)"",""epsilon"":0.05}",5,exploratory,all,200,200,200,1.0,0.9811546736227335,1.0,10,0.05,0.02738264560076393,0.08957814813877599,190,0.95,0.9104218518612239,0.972617354399236,0.011967991479127757,0.3849142807568893,0.2659440985362117,0.3856936200578323,0.6895216428426664,0.27,0.27,0.33,0.066,0.12395996759966586,0.0,0.9686743644414323,0.10511140075744624,0.8566332575447311,0.105,0.615
contamination_symmetric_eps_0p05,normal_contamination_symmetric,"{""base"":""N(0,1)"",""centered_and_standardized"":true,""contaminant"":""N(0,10)"",""epsilon"":0.05}",5,exploratory,acceptable,200,114,114,0.57,0.5007048776415268,0.6366567766656557,7,0.06140350877192982,0.030059281919865344,0.12134294102648693,107,0.9385964912280702,0.8786570589735132,0.9699407180801347,-0.00955017735053494,0.17523626702017492,0.1682499213602803,0.17574836060007265,0.9573342293823408,0.0,0.0,0.0,0.0,0.0,0.0,0.0,0.0,0.0,0.0,1.0
contamination_symmetric_eps_0p05,normal_contamination_symmetric,"{""base"":""N(0,1)"",""centered_and_standardized"":true,""contaminant"":""N(0,10)"",""epsilon"":0.05}",5,exploratory,caution,200,0,0,0.0,1.734723475976807e-18,0.018845326377266575,0,nan,nan,nan,0,nan,nan,nan,nan,nan,nan,nan,nan,nan,nan,nan,nan,nan,nan,nan,nan,nan,nan,nan
contamination_symmetric_eps_0p05,normal_contamination_symmetric,"{""base"":""N(0,1)"",""centered_and_standardized"":true,""contaminant"":""N(0,10)"",""epsilon"":0.05}",5,exploratory,insufficient,200,86,86,0.43,0.36334322333434416,0.4992951223584731,3,0.03488372093023256,0.01193379807740838,0.09760871102560764,83,0.9651162790697675,0.9023912889743924,0.9880662019225916,0.04049207574170389,0.5512260888480075,0.39544568223453935,0.5529611302505466,0.7151419161331701,0.627906976744186,0.627906976744186,0.7674418604651163,0.1534883720930232,0.28827899441782756,0.8034858942932857,0.9908332030949147,0.2444451180405727,1.9921703663830959,0.2441860465116279,0.10465116279069768
contamination_symmetric_eps_0p05,normal_contamination_symmetric,"{""base"":""N(0,1)"",""centered_and_standardized"":true,""contaminant"":""N(0,10)"",""epsilon"":0.05}",8,exploratory,all,200,200,200,1.0,0.9811546736227335,1.0,12,0.06,0.03465219425433187,0.1019316929576627,188,0.94,0.8980683070423372,0.9653478057456681,-0.0032003988941143435,0.3937970660100644,0.2760854935902593,0.39477222826091,0.6993538902331065,0.36,0.36,0.435,0.054375,0.1658388079283183,0.0,0.9824762985632678,0.13800953465071306,0.49526133005350786,0.315,0.61
contamination_symmetric_eps_0p05,normal_contamination_symmetric,"{""base"":""N(0,1)"",""centered_and_standardized"":true,""contaminant"":""N(0,10)"",""epsilon"":0.05}",8,exploratory,acceptable,200,113,113,0.565,0.49570736259794607,0.6318427449730093,10,0.08849557522123894,0.04877938009471883,0.1552702702719496,103,0.911504424778761,0.8447297297280504,0.9512206199052812,0.007214110461579627,0.1766509796720435,0.1457621358679302,0.17728982403004076,0.8221686533076575,0.0,0.0,0.0,0.0,0.0,0.0,0.0,0.0,0.0,0.0,1.0
contamination_symmetric_eps_0p05,normal_contamination_symmetric,"{""base"":""N(0,1)"",""centered_and_standardized"":true,""contaminant"":""N(0,10)"",""epsilon"":0.05}",8,exploratory,caution,200,0,0,0.0,1.734723475976807e-18,0.018845326377266575,0,nan,nan,nan,0,nan,nan,nan,nan,nan,nan,nan,nan,nan,nan,nan,nan,nan,nan,nan,nan,nan,nan,nan
contamination_symmetric_eps_0p05,normal_contamination_symmetric,"{""base"":""N(0,1)"",""centered_and_standardized"":true,""contaminant"":""N(0,10)"",""epsilon"":0.05}",8,exploratory,insufficient,200,87,87,0.435,0.36815725502699076,0.504292637402054,2,0.022988505747126436,0.006327085105926007,0.0799931801396141,85,0.9770114942528736,0.9200068198603859,0.9936729148940739,-0.016727290356107663,0.5621080661191418,0.4453560616663878,0.5651163061044132,0.7880785899391514,0.8275862068965517,0.8275862068965517,1.0,0.125,0.3812386389156743,0.9036943608700251,0.9926749011017554,0.3172632980476162,1.1385317932264551,0.7241379310344828,0.10344827586206896
contamination_symmetric_eps_0p05,normal_contamination_symmetric,"{""base"":""N(0,1)"",""centered_and_standardized"":true,""contaminant"":""N(0,10)"",""epsilon"":0.05}",10,exploratory,all,200,200,200,1.0,0.9811546736227335,1.0,8,0.04,0.020405632066152306,0.07693206820093293,192,0.96,0.923067931799067,0.9795943679338476,0.008791900694229198,0.3549663805690823,0.22635132393270652,0.3557479682317277,0.6362687749358147,0.33,0.33,0.45,0.045,0.14254727832296438,0.0,0.9853071057689005,0.10439224615609648,0.49138103594521243,0.31,0.64
contamination_symmetric_eps_0p05,normal_contamination_symmetric,"{""base"":""N(0,1)"",""centered_and_standardized"":true,""contaminant"":""N(0,10)"",""epsilon"":0.05}",10,exploratory,acceptable,200,127,127,0.635,0.566317026527406,0.698594735350732,7,0.05511811023622047,0.026952774659298823,0.10940659477530953,120,0.9448818897637795,0.8905934052246904,0.9730472253407012,-0.005269770005439658,0.13864219197539546,0.12704575028322962,0.13909068752329848,0.9134022740519471,0.0,0.0,0.0,0.0,0.0,0.0,0.0,0.0,0.0,0.007874015748031496,1.0
contamination_symmetric_eps_0p05,normal_contamination_symmetric,"{""base"":""N(0,1)"",""centered_and_standardized"":true,""contaminant"":""N(0,10)"",""epsilon"":0.05}",10,exploratory,caution,200,0,0,0.0,1.734723475976807e-18,0.018845326377266575,0,nan,nan,nan,0,nan,nan,nan,nan,nan,nan,nan,nan,nan,nan,nan,nan,nan,nan,nan,nan,nan,nan,nan
contamination_symmetric_eps_0p05,normal_contamination_symmetric,"{""base"":""N(0,1)"",""centered_and_standardized"":true,""contaminant"":""N(0,10)"",""epsilon"":0.05}",10,exploratory,insufficient,200,73,73,0.365,0.301405264649268,0.433682973472594,1,0.0136986301369863,0.0024222514664838588,0.07359737270963818,72,0.9863013698630136,0.9264026272903616,0.997577748533516,0.033255355199132544,0.5583620342905093,0.3991158150763171,0.5612281141018122,0.7111472234691252,0.9041095890410958,0.9041095890410958,1.2328767123287672,0.12328767123287669,0.3905404885560668,0.9480467245023179,1.3909241563247547,0.2860061538523191,1.3462494135485272,0.8356164383561644,0.0136986301369863
contamination_symmetric_eps_0p05,normal_contamination_symmetric,"{""base"":""N(0,1)"",""centered_and_standardized"":true,""contaminant"":""N(0,10)"",""epsilon"":0.05}",15,exploratory,all,200,200,200,1.0,0.9811546736227335,1.0,4,0.02,0.0078044264163494685,0.050287086905826436,196,0.98,0.9497129130941735,0.9921955735836505,-0.004738365166938516,0.27666005883383427,0.20749357763889073,0.27731363165374745,0.7482271116695997,0.475,0.475,0.65,0.04333333333333334,0.13435723986224665,0.0,0.9710797334083789,0.1013499668591477,0.584066017887216,0.485,0.51
contamination_symmetric_eps_0p05,normal_contamination_symmetric,"{""base"":""N(0,1)"",""centered_and_standardized"":true,""contaminant"":""N(0,10)"",""epsilon"":0.05}",15,exploratory,acceptable,200,96,96,0.48,0.411791663783233,0.5489621492718576,3,0.03125,0.010684070371201164,0.0878867932453698,93,0.96875,0.9121132067546303,0.989315929628799,0.004836149092485983,0.11209650515923088,0.10840478627864074,0.11258002349502787,0.9629131609075252,0.0,0.0,0.0,0.0,0.0,0.0,0.0,0.0,0.0,0.020833333333333332,1.0
contamination_symmetric_eps_0p05,normal_contamination_symmetric,"{""base"":""N(0,1)"",""centered_and_standardized"":true,""contaminant"":""N(0,10)"",""epsilon"":0.05}",15,exploratory,caution,200,0,0,0.0,1.734723475976807e-18,0.018845326377266575,0,nan,nan,nan,0,nan,nan,nan,nan,nan,nan,nan,nan,nan,nan,nan,nan,nan,nan,nan,nan,nan,nan,nan
contamination_symmetric_eps_0p05,normal_contamination_symmetric,"{""base"":""N(0,1)"",""centered_and_standardized"":true,""contaminant"":""N(0,10)"",""epsilon"":0.05}",15,exploratory,insufficient,200,104,104,0.52,0.4510378507281424,0.588208336216767,1,0.009615384615384616,0.0016993728496512567,0.05246772470794581,103,0.9903846153846154,0.9475322752920542,0.9983006271503486,-0.013576378329484209,0.36823196976295275,0.2989601542791215,0.3697636139760356,0.8085169632144961,0.9134615384615384,0.9134615384615384,1.25,0.08333333333333333,0.2583793074273974,0.8899796400155059,0.9862861589689351,0.1949037824214379,1.1232038805523386,0.9134615384615384,0.057692307692307696
contamination_symmetric_eps_0p05,normal_contamination_symmetric,"{""base"":""N(0,1)"",""centered_and_standardized"":true,""contaminant"":""N(0,10)"",""epsilon"":0.05}",20,exploratory,all,200,200,200,1.0,0.9811546736227335,1.0,5,0.025,0.010724719651761264,0.05717834040664198,195,0.975,0.942821659593358,0.9892752803482386,0.004321957636199677,0.23643594191220219,0.19526192986751156,0.23698965333753788,0.8239259694152358,0.605,0.605,0.855,0.04275,0.13939741222838004,0.6223763822371196,0.9870196688448603,0.10241006090891445,0.5690228634375112,0.595,0.42
contamination_symmetric_eps_0p05,normal_contamination_symmetric,"{""base"":""N(0,1)"",""centered_and_standardized"":true,""contaminant"":""N(0,10)"",""epsilon"":0.05}",20,exploratory,acceptable,200,76,76,0.38,0.31559005848673627,0.44893281984380773,1,0.013157894736842105,0.00232648004557906,0.07083674751784413,75,0.9868421052631579,0.9291632524821559,0.997673519954421,-0.005304972298865727,0.085396026224626,0.09341079568619198,0.08579741494580989,1.0887367147971851,0.0,0.0,0.0,0.0,0.0,0.0,0.0,0.0,0.0,0.039473684210526314,1.0
contamination_symmetric_eps_0p05,normal_contamination_symmetric,"{""base"":""N(0,1)"",""centered_and_standardized"":true,""contaminant"":""N(0,10)"",""epsilon"":0.05}",20,exploratory,caution,200,0,0,0.0,1.734723475976807e-18,0.018845326377266575,0,nan,nan,nan,0,nan,nan,nan,nan,nan,nan,nan,nan,nan,nan,nan,nan,nan,nan,nan,nan,nan,nan,nan
contamination_symmetric_eps_0p05,normal_contamination_symmetric,"{""base"":""N(0,1)"",""centered_and_standardized"":true,""contaminant"":""N(0,10)"",""epsilon"":0.05}",20,exploratory,insufficient,200,124,124,0.62,0.5510671801561923,0.6844099415132637,4,0.03225806451612903,0.012614619069790334,0.08001150495858558,120,0.967741935483871,0.9199884950414144,0.9873853809302097,0.010222334048013955,0.2927368402480801,0.25768681855928816,0.2937451584670041,0.8772461813638153,0.9758064516129032,0.9758064516129032,1.3790322580645162,0.06895161290322584,0.22483453585222585,0.9117538738577327,1.186296222049401,0.16517751759502333,0.9177788119959859,0.9354838709677419,0.06451612903225806
contamination_symmetric_eps_0p05,normal_contamination_symmetric,"{""base"":""N(0,1)"",""centered_and_standardized"":true,""contaminant"":""N(0,10)"",""epsilon"":0.05}",30,exploratory,all,200,200,200,1.0,0.9811546736227335,1.0,8,0.04,0.020405632066152306,0.07693206820093293,192,0.96,0.923067931799067,0.9795943679338476,0.00893314240558203,0.20081479576081127,0.16354350461623623,0.20111943291161943,0.8131660986141718,0.705,0.705,1.24,0.041333333333333326,0.12456946107960361,0.6432087409294664,1.2382133263360655,0.08679341962980053,0.6657628311378067,0.69,0.325
contamination_symmetric_eps_0p05,normal_contamination_symmetric,"{""base"":""N(0,1)"",""centered_and_standardized"":true,""contaminant"":""N(0,10)"",""epsilon"":0.05}",30,exploratory,acceptable,200,56,56,0.28,0.22236889773949026,0.3459230458665071,6,0.10714285714285714,0.05003935571117074,0.21468445171071482,50,0.8928571428571429,0.7853155482892853,0.9499606442888293,-0.009291600973027891,0.09946571249758548,0.0771061088453052,0.09992699793390812,0.7716243902003671,0.0,0.0,0.0,0.0,0.0,0.0,0.0,0.0,0.0,0.017857142857142856,1.0
contamination_symmetric_eps_0p05,normal_contamination_symmetric,"{""base"":""N(0,1)"",""centered_and_standardized"":true,""contaminant"":""N(0,10)"",""epsilon"":0.05}",30,exploratory,caution,200,0,0,0.0,1.734723475976807e-18,0.018845326377266575,0,nan,nan,nan,0,nan,nan,nan,nan,nan,nan,nan,nan,nan,nan,nan,nan,nan,nan,nan,nan,nan,nan,nan
contamination_symmetric_eps_0p05,normal_contamination_symmetric,"{""base"":""N(0,1)"",""centered_and_standardized"":true,""contaminant"":""N(0,10)"",""epsilon"":0.05}",30,exploratory,insufficient,200,144,144,0.72,0.6540769541334929,0.7776311022605097,2,0.013888888888888888,0.0038171346628682636,0.04922251255952857,142,0.9861111111111112,0.9507774874404714,0.9961828653371317,0.016020542608374773,0.22838935555718126,0.1971580474160428,0.22862198549937185,0.8623757115283407,0.9791666666666666,0.9791666666666666,1.7222222222222223,0.0574074074074074,0.17301314038833834,0.8693739982455405,1.3025409342747967,0.12054641615250075,0.924670598802509,0.9513888888888888,0.0625
contamination_symmetric_eps_0p05,normal_contamination_symmetric,"{""base"":""N(0,1)"",""centered_and_standardized"":true,""contaminant"":""N(0,10)"",""epsilon"":0.05}",40,exploratory,all,200,200,200,1.0,0.9811546736227335,1.0,5,0.025,0.010724719651761264,0.05717834040664198,195,0.975,0.942821659593358,0.9892752803482386,-0.003377146442010913,0.1626290909103314,0.14708505736187638,0.16300203806793817,0.9023510325715823,0.78,0.78,1.485,0.037125000000000005,0.11009017298315722,0.7002229531511761,1.2022955554952697,0.08085018571875749,0.7892346729150412,0.785,0.26
contamination_symmetric_eps_0p05,normal_contamination_symmetric,"{""base"":""N(0,1)"",""centered_and_standardized"":true,""contaminant"":""N(0,10)"",""epsilon"":0.05}",40,exploratory,acceptable,200,44,44,0.22,0.16816538358833258,0.28238799918293667,4,0.09090909090909091,0.03592219322731624,0.21159239166598612,40,0.9090909090909091,0.7884076083340138,0.9640778067726837,0.013498260267229304,0.08203347709494438,0.06637092846440057,0.08185078407346687,0.810877124950055,0.0,0.0,0.0,0.0,0.0,0.0,0.0,0.0,0.0,0.06818181818181818,1.0
contamination_symmetric_eps_0p05,normal_contamination_symmetric,"{""base"":""N(0,1)"",""centered_and_standardized"":true,""contaminant"":""N(0,10)"",""epsilon"":0.05}",40,exploratory,caution,200,8,8,0.04,0.020405632066152306,0.07693206820093293,0,0.0,0.0,0.32440756488388023,8,1.0,0.6755924351161198,1.0,-0.0005564840571109821,0.0739014535167703,0.07283735156957957,0.07900173710484774,0.9219715190934719,1.0,1.0,1.0,0.025,0.03784528780161596,0.5274410004089702,0.5501547836436723,0.00904086043978887,0.5436848082613923,0.75,1.0
contamination_symmetric_eps_0p05,normal_contamination_symmetric,"{""base"":""N(0,1)"",""centered_and_standardized"":true,""contaminant"":""N(0,10)"",""epsilon"":0.05}",40,exploratory,insufficient,200,148,148,0.74,0.6750925439746589,0.7958616993642531,1,0.006756756756756757,0.0011937308904065753,0.03727704557646182,147,0.9932432432432432,0.962722954423538,0.9988062691095932,-0.008546627484482322,0.18287965366749626,0.1750945392390879,0.18330014393816157,0.9552340520701287,1.0,1.0,1.9527027027027026,0.04881756756756757,0.14672481279877378,0.8847460787844059,1.2708193790492435,0.10876831256914314,1.0371449737629532,1.0,0.0
contamination_symmetric_eps_0p05,normal_contamination_symmetric,"{""base"":""N(0,1)"",""centered_and_standardized"":true,""contaminant"":""N(0,10)"",""epsilon"":0.05}",50,exploratory,all,200,200,200,1.0,0.9811546736227335,1.0,7,0.035,0.017055542008567192,0.07047061152229073,193,0.965,0.9295293884777092,0.9829444579914328,-0.0036589393137435853,0.1427537387316297,0.12848547596408288,0.14306495023198776,0.8980919208774515,0.805,0.805,1.68,0.033600000000000005,0.08819685564712067,0.5465342872223853,1.2713397839957221,0.06963617328787931,0.659833255624521,0.81,0.255
contamination_symmetric_eps_0p05,normal_contamination_symmetric,"{""base"":""N(0,1)"",""centered_and_standardized"":true,""contaminant"":""N(0,10)"",""epsilon"":0.05}",50,exploratory,acceptable,200,39,39,0.195,0.1460552053440051,0.25544044374612745,1,0.02564102564102564,0.004540703100990098,0.13180990169850076,38,0.9743589743589743,0.8681900983014993,0.99545929689901,-0.0034631145350658876,0.04910344934302154,0.05924702328298256,0.04962147970515025,1.1939793741546418,0.0,0.0,0.0,0.0,0.0,0.0,0.0,0.0,0.0,0.1282051282051282,1.0
contamination_symmetric_eps_0p05,normal_contamination_symmetric,"{""base"":""N(0,1)"",""centered_and_standardized"":true,""contaminant"":""N(0,10)"",""epsilon"":0.05}",50,exploratory,caution,200,12,12,0.06,0.03465219425433187,0.1019316929576627,1,0.08333333333333333,0.014865094404917095,0.35387991114111694,11,0.9166666666666666,0.646120088858883,0.9851349055950829,-0.02107895692539947,0.0739092198442724,0.06493225943551455,0.07398955960447988,0.877586780927171,1.0,1.0,1.0,0.019999999999999997,0.031130583753042604,0.4791449497653272,0.5299838943606155,0.006827386894585552,0.45826303284629394,0.6666666666666666,1.0
contamination_symmetric_eps_0p05,normal_contamination_symmetric,"{""base"":""N(0,1)"",""centered_and_standardized"":true,""contaminant"":""N(0,10)"",""epsilon"":0.05}",50,exploratory,insufficient,200,149,149,0.745,0.6803707417954529,0.8003950482796865,5,0.03355704697986577,0.014417106348108083,0.07614378549035719,144,0.9664429530201343,0.9238562145096428,0.9855828936518919,-0.0023072410253446546,0.16211977323679003,0.1517266722923093,0.16265007891812458,0.9328410616307543,1.0,1.0,2.174496644295302,0.043489932885906045,0.11587788002944714,0.7885184631716201,1.3221004311535753,0.0929215168781264,0.8487751324211321,1.0,0.0
contamination_symmetric_eps_0p05,normal_contamination_symmetric,"{""base"":""N(0,1)"",""centered_and_standardized"":true,""contaminant"":""N(0,10)"",""epsilon"":0.05}",80,exploratory,all,200,200,200,1.0,0.9811546736227335,1.0,5,0.025,0.010724719651761264,0.05717834040664198,195,0.975,0.942821659593358,0.9892752803482386,0.007515134248510009,0.11182845884387121,0.10472897923461985,0.11185564532727069,0.9362869341837918,0.965,0.965,2.79,0.034874999999999996,0.07808118301699667,0.6865688476036783,1.3532718239417987,0.0576188377362776,0.8171324531844826,0.95,0.07
contamination_symmetric_eps_0p05,normal_contamination_symmetric,"{""base"":""N(0,1)"",""centered_and_standardized"":true,""contaminant"":""N(0,10)"",""epsilon"":0.05}",80,exploratory,acceptable,200,7,7,0.035,0.017055542008567192,0.07047061152229073,0,0.0,5.551115123125783e-17,0.35433043506668743,7,1.0,0.6456695649333126,1.0,-0.0008711301345154506,0.029200086454735704,0.04589364835224137,0.03152565957218937,1.455755374353114,0.0,0.0,0.0,0.0,0.0,0.0,0.0,0.0,0.0,0.0,1.0
contamination_symmetric_eps_0p05,normal_contamination_symmetric,"{""base"":""N(0,1)"",""centered_and_standardized"":true,""contaminant"":""N(0,10)"",""epsilon"":0.05}",80,exploratory,caution,200,15,15,0.075,0.04597491718438201,0.12004361023629456,1,0.06666666666666667,0.011866895493268553,0.2981652987378003,14,0.9333333333333333,0.7018347012621998,0.9881331045067315,0.010827912341715111,0.055504288700813906,0.05602059073112482,0.056348555360840234,0.9941797153872851,1.0,1.0,1.5333333333333334,0.01916666666666667,0.02490595529049444,0.437742456993135,0.5439172083553894,0.007524924135118642,0.4167794325348331,0.8,0.4666666666666667
contamination_symmetric_eps_0p05,normal_contamination_symmetric,"{""base"":""N(0,1)"",""centered_and_standardized"":true,""contaminant"":""N(0,10)"",""epsilon"":0.05}",80,exploratory,insufficient,200,178,178,0.89,0.839073090026985,0.926227555398747,4,0.02247191011235955,0.0087727741610624,0.056346912501650026,174,0.9775280898876404,0.9436530874983499,0.9912272258389375,0.007565764469201592,0.11729491868965758,0.11114736768253604,0.11738084652555686,0.9468952641974376,1.0,1.0,3.00561797752809,0.037570224719101125,0.08563284985416808,0.7525666294652871,1.458197358479408,0.06410614429903787,0.8830044896004159,1.0,0.0
contamination_symmetric_eps_0p05,normal_contamination_symmetric,"{""base"":""N(0,1)"",""centered_and_standardized"":true,""contaminant"":""N(0,10)"",""epsilon"":0.05}",100,confirmatory_5000,all,5000,5000,5000,1.0,0.9992322980549431,1.0000000000000002,199,0.0398,0.034725287113523226,0.045581305756707366,4801,0.9602,0.9544186942432927,0.9652747128864768,0.0002352453520105193,0.10166861179829936,0.0950866454127963,0.10167850799660338,0.9351695583099302,0.9768,0.9768,3.6098,0.036098000000000005,0.07150663693192068,0.6820217466244471,1.399935802978144,0.052356350324001974,0.8199965957298969,0.9746,0.0424
contamination_symmetric_eps_0p05,normal_contamination_symmetric,"{""base"":""N(0,1)"",""centered_and_standardized"":true,""contaminant"":""N(0,10)"",""epsilon"":0.05}",100,confirmatory_5000,acceptable,5000,116,116,0.0232,0.019378981328847723,0.02775309924595875,8,0.06896551724137931,0.03535749065073652,0.13020673909033134,108,0.9310344827586207,0.8697932609096686,0.9646425093492634,-0.0016741130605301545,0.04634773746282472,0.04260974218709467,0.046518437032370824,0.9159753617139758,0.0,0.0,0.0,0.0,0.0,0.0,0.0,0.0,0.0,0.07758620689655173,1.0
contamination_symmetric_eps_0p05,normal_contamination_symmetric,"{""base"":""N(0,1)"",""centered_and_standardized"":true,""contaminant"":""N(0,10)"",""epsilon"":0.05}",100,confirmatory_5000,caution,5000,271,271,0.0542,0.04825961924472352,0.06082486380948941,8,0.02952029520295203,0.015032778181346833,0.05715960103913548,263,0.9704797047970479,0.9428403989608645,0.9849672218186531,-0.005339294702555303,0.05083670191014474,0.05072630588196549,0.050649070568483445,1.0015249107755613,1.0,1.0,1.7933579335793357,0.01793357933579336,0.023725648907134644,0.4453759026516832,0.8169279826355481,0.0074613293776077515,0.4859345869236172,0.9261992619926199,0.35424354243542433
contamination_symmetric_eps_0p05,normal_contamination_symmetric,"{""base"":""N(0,1)"",""centered_and_standardized"":true,""contaminant"":""N(0,10)"",""epsilon"":0.05}",100,confirmatory_5000,insufficient,5000,4613,4613,0.9226,0.914864343361008,0.9296867949550298,183,0.039670496423151964,0.03441035703645626,0.0456966733044047,4430,0.960329503576848,0.9543033266955953,0.9655896429635437,0.0006107463124792073,0.10487053708077831,0.09901228443014651,0.10488012713311456,0.9440519108494162,1.0,1.0,3.8072837632776935,0.03807283763277693,0.07611175673222846,0.7255434142737694,1.4181536921418278,0.056310368818269695,0.8602416443947939,1.0,0.0
contamination_symmetric_eps_0p05,normal_contamination_symmetric,"{""base"":""N(0,1)"",""centered_and_standardized"":true,""contaminant"":""N(0,10)"",""epsilon"":0.05}",200,exploratory,all,200,200,200,1.0,0.9811546736227335,1.0,9,0.045,0.023852543001492997,0.0832967040018196,191,0.955,0.9167032959981803,0.976147456998507,0.0018377090726830042,0.06734633105459994,0.0695943607841315,0.06749019010703236,1.0311774299903755,1.0,1.0,7.3,0.036500000000000005,0.048602550995086674,0.6171738372210718,1.3385653332130907,0.03949566909712989,0.804774465479214,1.0,0.0
contamination_symmetric_eps_0p05,normal_contamination_symmetric,"{""base"":""N(0,1)"",""centered_and_standardized"":true,""contaminant"":""N(0,10)"",""epsilon"":0.05}",200,exploratory,acceptable,200,0,0,0.0,1.734723475976807e-18,0.018845326377266575,0,nan,nan,nan,0,nan,nan,nan,nan,nan,nan,nan,nan,nan,nan,nan,nan,nan,nan,nan,nan,nan,nan,nan
contamination_symmetric_eps_0p05,normal_contamination_symmetric,"{""base"":""N(0,1)"",""centered_and_standardized"":true,""contaminant"":""N(0,10)"",""epsilon"":0.05}",200,exploratory,caution,200,55,55,0.275,0.21779700329307355,0.34068339357669647,1,0.01818181818181818,0.003216780454841077,0.09605776062162397,54,0.9818181818181818,0.903942239378376,0.9967832195451589,-0.007298992329705469,0.05802591346094801,0.0655021603796461,0.05809558278566996,1.1274895136399778,1.0,1.0,8.254545454545454,0.04127272727272727,0.03274388816001976,0.4113080299025103,0.8314864451312937,0.03508320503913614,0.5176541111939206,1.0,0.0
contamination_symmetric_eps_0p05,normal_contamination_symmetric,"{""base"":""N(0,1)"",""centered_and_standardized"":true,""contaminant"":""N(0,10)"",""epsilon"":0.05}",200,exploratory,insufficient,200,145,145,0.725,0.6593166064233035,0.7822029967069265,8,0.05517241379310345,0.028218774309542574,0.10508722106232939,137,0.9448275862068966,0.8949127789376705,0.9717812256904574,0.005303354432209666,0.07056033351284638,0.07114657473066047,0.07060463517084249,1.0076756937913018,1.0,1.0,6.937931034482759,0.03468965517241379,0.05461790586356034,0.6940120713244808,1.4175976866627193,0.04116936236050682,0.9136821860701873,1.0,0.0
contamination_symmetric_eps_0p05,normal_contamination_symmetric,"{""base"":""N(0,1)"",""centered_and_standardized"":true,""contaminant"":""N(0,10)"",""epsilon"":0.05}",500,exploratory,all,200,200,200,1.0,0.9811546736227335,1.0,10,0.05,0.02738264560076393,0.08957814813877599,190,0.95,0.9104218518612239,0.972617354399236,0.0017640440267044151,0.04504394181680084,0.04491747889545987,0.0451223333606178,0.9954600205729448,1.0,1.0,17.96,0.03592,0.032443732557891194,0.564333644990572,1.505061076141873,0.025766852455170033,0.8603073666951042,1.0,0.0
contamination_symmetric_eps_0p05,normal_contamination_symmetric,"{""base"":""N(0,1)"",""centered_and_standardized"":true,""contaminant"":""N(0,10)"",""epsilon"":0.05}",500,exploratory,acceptable,200,0,0,0.0,1.734723475976807e-18,0.018845326377266575,0,nan,nan,nan,0,nan,nan,nan,nan,nan,nan,nan,nan,nan,nan,nan,nan,nan,nan,nan,nan,nan,nan,nan
contamination_symmetric_eps_0p05,normal_contamination_symmetric,"{""base"":""N(0,1)"",""centered_and_standardized"":true,""contaminant"":""N(0,10)"",""epsilon"":0.05}",500,exploratory,caution,200,26,26,0.13,0.0902820227966932,0.18366351872248407,0,0.0,0.0,0.1287289218592153,26,1.0,0.8712710781407846,1.0,-0.007164787195989479,0.040604166137072614,0.04506221901449012,0.04075854140432539,1.1055895883876752,1.0,1.0,21.653846153846153,0.04330769230769231,0.02856703511363346,0.6024150474615699,1.0316675788171872,0.025829121493657962,0.6839197721781836,1.0,0.0
contamination_symmetric_eps_0p05,normal_contamination_symmetric,"{""base"":""N(0,1)"",""centered_and_standardized"":true,""contaminant"":""N(0,10)"",""epsilon"":0.05}",500,exploratory,insufficient,200,174,174,0.87,0.8163364812775159,0.9097179772033067,10,0.05747126436781609,0.031513445001219616,0.10254673972056624,164,0.9425287356321839,0.8974532602794337,0.9684865549987803,0.003098237197911549,0.045670306689345595,0.044895851061581796,0.0456965957959405,0.9824769280859683,1.0,1.0,17.408045977011493,0.034816091954022986,0.03302300918749292,0.5634902048631242,1.632886688732814,0.025757547886200577,0.8866641336918855,1.0,0.0
contamination_symmetric_eps_0p05,normal_contamination_symmetric,"{""base"":""N(0,1)"",""centered_and_standardized"":true,""contaminant"":""N(0,10)"",""epsilon"":0.05}",750,exploratory,all,200,200,200,1.0,0.9811546736227335,1.0,11,0.055,0.03098534170345884,0.0957869987723084,189,0.945,0.9042130012276914,0.9690146582965411,-0.00116064725409988,0.039120370037083026,0.036299227278262965,0.039201274845820276,0.9259705818504336,1.0,1.0,27.37,0.036493333333333336,0.0278813674878915,0.6795829250487757,1.5290624748242878,0.020706490013312852,0.9048077526722008,1.0,0.0
contamination_symmetric_eps_0p05,normal_contamination_symmetric,"{""base"":""N(0,1)"",""centered_and_standardized"":true,""contaminant"":""N(0,10)"",""epsilon"":0.05}",750,exploratory,acceptable,200,0,0,0.0,1.734723475976807e-18,0.018845326377266575,0,nan,nan,nan,0,nan,nan,nan,nan,nan,nan,nan,nan,nan,nan,nan,nan,nan,nan,nan,nan,nan,nan,nan
contamination_symmetric_eps_0p05,normal_contamination_symmetric,"{""base"":""N(0,1)"",""centered_and_standardized"":true,""contaminant"":""N(0,10)"",""epsilon"":0.05}",750,exploratory,caution,200,20,20,0.1,0.06567044866909588,0.1494058124327174,1,0.05,0.008881448800795402,0.23613119344674205,19,0.95,0.763868806553258,0.9911185511992047,-0.013077159186830781,0.031730705519765506,0.03330539940399335,0.02966169921640691,1.1228419235527474,1.0,1.0,29.7,0.0396,0.02350272960810783,0.7166477881952003,1.1170532384814267,0.01764992841752678,0.8312607950114416,1.0,0.0
contamination_symmetric_eps_0p05,normal_contamination_symmetric,"{""base"":""N(0,1)"",""centered_and_standardized"":true,""contaminant"":""N(0,10)"",""epsilon"":0.05}",750,exploratory,insufficient,200,180,180,0.9,0.8505941875672826,0.9343295513309041,10,0.05555555555555555,0.030453273623977817,0.09923161341745598,170,0.9444444444444444,0.9007683865825439,0.9695467263760221,0.00016340962731466364,0.03985696069920389,0.03663187481984848,0.039967802014926807,0.9165346347083972,1.0,1.0,27.11111111111111,0.03614814814814815,0.028367882807867468,0.6619144374976715,1.6187058619743435,0.021046107968400195,0.9129796368567296,1.0,0.0
contamination_symmetric_eps_0p05,normal_contamination_symmetric,"{""base"":""N(0,1)"",""centered_and_standardized"":true,""contaminant"":""N(0,10)"",""epsilon"":0.05}",2000,exploratory,all,200,200,200,1.0,0.9811546736227335,1.0,12,0.06,0.03465219425433187,0.1019316929576627,188,0.94,0.8980683070423372,0.9653478057456681,0.00032399665326028534,0.023185778711588848,0.022193179409583513,0.023241691888514614,0.954886568328993,1.0,1.0,71.725,0.0358625,0.016514785327884352,0.6291149827212968,1.5176122831606123,0.01261510798718925,0.8565373167970033,1.0,0.0
contamination_symmetric_eps_0p05,normal_contamination_symmetric,"{""base"":""N(0,1)"",""centered_and_standardized"":true,""contaminant"":""N(0,10)"",""epsilon"":0.05}",2000,exploratory,acceptable,200,0,0,0.0,1.734723475976807e-18,0.018845326377266575,0,nan,nan,nan,0,nan,nan,nan,nan,nan,nan,nan,nan,nan,nan,nan,nan,nan,nan,nan,nan,nan,nan,nan
contamination_symmetric_eps_0p05,normal_contamination_symmetric,"{""base"":""N(0,1)"",""centered_and_standardized"":true,""contaminant"":""N(0,10)"",""epsilon"":0.05}",2000,exploratory,caution,200,4,4,0.02,0.0078044264163494685,0.050287086905826436,0,0.0,0.0,0.4898908364545973,4,1.0,0.5101091635454027,1.0,0.002906920538925103,0.012295609894906858,0.021808372035632812,0.013795256946651716,1.5808601550495933,1.0,1.0,85.75,0.042875,0.013249532039625561,0.7541938071535172,0.8835303737984659,0.012260163135506172,0.853939069872101,1.0,0.0
contamination_symmetric_eps_0p05,normal_contamination_symmetric,"{""base"":""N(0,1)"",""centered_and_standardized"":true,""contaminant"":""N(0,10)"",""epsilon"":0.05}",2000,exploratory,insufficient,200,196,196,0.98,0.9497129130941735,0.9921955735836505,12,0.061224489795918366,0.03536638961149956,0.10395134247969086,184,0.9387755102040817,0.8960486575203093,0.9646336103885005,0.0002712839208997785,0.0233552138567582,0.022201032621296794,0.02341344279534429,0.948217347416819,1.0,1.0,71.43877551020408,0.035719387755102035,0.016581423150093717,0.6265867245293362,1.5245650641300674,0.012622351759672577,0.8565903422444502,1.0,0.0
contamination_symmetric_eps_0p1,normal_contamination_symmetric,"{""base"":""N(0,1)"",""centered_and_standardized"":true,""contaminant"":""N(0,10)"",""epsilon"":0.1}",5,exploratory,all,200,200,200,1.0,0.9811546736227335,1.0,2,0.01,0.0027466581335444384,0.0357217617161768,198,0.99,0.9642782382838231,0.9972533418664555,-0.013821176360059173,0.38091557022868444,0.2822485351151594,0.3816199887397101,0.739606266556628,0.415,0.415,0.505,0.10100000000000002,0.17344513466999906,0.0,0.9921052921999085,0.14571800213642572,1.5372587975982777,0.22,0.5
contamination_symmetric_eps_0p1,normal_contamination_symmetric,"{""base"":""N(0,1)"",""centered_and_standardized"":true,""contaminant"":""N(0,10)"",""epsilon"":0.1}",5,exploratory,acceptable,200,87,87,0.435,0.36815725502699076,0.504292637402054,1,0.011494252873563218,0.0020319077375923027,0.06227197835723791,86,0.9885057471264368,0.9377280216427621,0.9979680922624077,-0.022912155258119144,0.14883551504520365,0.14374945976166065,0.14791389702220079,0.9718455307825803,0.0,0.0,0.0,0.0,0.0,0.0,0.0,0.0,0.0,0.0,1.0
contamination_symmetric_eps_0p1,normal_contamination_symmetric,"{""base"":""N(0,1)"",""centered_and_standardized"":true,""contaminant"":""N(0,10)"",""epsilon"":0.1}",5,exploratory,caution,200,0,0,0.0,1.734723475976807e-18,0.018845326377266575,0,nan,nan,nan,0,nan,nan,nan,nan,nan,nan,nan,nan,nan,nan,nan,nan,nan,nan,nan,nan,nan,nan,nan
contamination_symmetric_eps_0p1,normal_contamination_symmetric,"{""base"":""N(0,1)"",""centered_and_standardized"":true,""contaminant"":""N(0,10)"",""epsilon"":0.1}",5,exploratory,insufficient,200,113,113,0.565,0.49570736259794607,0.6318427449730093,1,0.008849557522123894,0.0015638760684392287,0.0484308679175844,112,0.9911504424778761,0.9515691320824156,0.9984361239315607,-0.006821927119959912,0.4896459747962002,0.38888056658201237,0.4917792999090095,0.7907623738005326,0.7345132743362832,0.7345132743362832,0.8938053097345132,0.17876106194690264,0.30698253923893637,0.9464693362285415,0.9985884114823556,0.25790796838305435,2.7208120311473936,0.3893805309734513,0.11504424778761062
contamination_symmetric_eps_0p1,normal_contamination_symmetric,"{""base"":""N(0,1)"",""centered_and_standardized"":true,""contaminant"":""N(0,10)"",""epsilon"":0.1}",8,exploratory,all,200,200,200,1.0,0.9811546736227335,1.0,9,0.045,0.023852543001492997,0.0832967040018196,191,0.955,0.9167032959981803,0.976147456998507,0.010549841325330878,0.3062276211772983,0.23050662044988937,0.3068138368331497,0.7512914763855405,0.44,0.44,0.565,0.070625,0.14341013368066333,0.0,0.9841741237996576,0.1142958895499698,0.621462291407606,0.385,0.495
contamination_symmetric_eps_0p1,normal_contamination_symmetric,"{""base"":""N(0,1)"",""centered_and_standardized"":true,""contaminant"":""N(0,10)"",""epsilon"":0.1}",8,exploratory,acceptable,200,91,91,0.455,0.387482193098835,0.524213886275119,5,0.054945054945054944,0.023695099703426786,0.12224802467282925,86,0.945054945054945,0.8777519753271708,0.9763049002965734,-0.02294387327787684,0.14137157983138296,0.11467534135696085,0.14027016416487598,0.817531953710195,0.0,0.0,0.0,0.0,0.0,0.0,0.0,0.0,0.0,0.01098901098901099,1.0
contamination_symmetric_eps_0p1,normal_contamination_symmetric,"{""base"":""N(0,1)"",""centered_and_standardized"":true,""contaminant"":""N(0,10)"",""epsilon"":0.1}",8,exploratory,caution,200,0,0,0.0,1.734723475976807e-18,0.018845326377266575,0,nan,nan,nan,0,nan,nan,nan,nan,nan,nan,nan,nan,nan,nan,nan,nan,nan,nan,nan,nan,nan,nan,nan
contamination_symmetric_eps_0p1,normal_contamination_symmetric,"{""base"":""N(0,1)"",""centered_and_standardized"":true,""contaminant"":""N(0,10)"",""epsilon"":0.1}",8,exploratory,insufficient,200,109,109,0.545,0.47578611372488105,0.6125178069011651,4,0.03669724770642202,0.014361701565631893,0.09057720071770607,105,0.963302752293578,0.9094227992822939,0.9856382984343681,0.03851248379222908,0.39418190915711415,0.3272097984082059,0.3941080189488872,0.8302540995762954,0.8073394495412844,0.8073394495412844,1.036697247706422,0.12958715596330275,0.2631378599645199,0.9246497167371824,1.024585480710612,0.2097172285320547,1.140297782399277,0.6972477064220184,0.07339449541284404
contamination_symmetric_eps_0p1,normal_contamination_symmetric,"{""base"":""N(0,1)"",""centered_and_standardized"":true,""contaminant"":""N(0,10)"",""epsilon"":0.1}",10,exploratory,all,200,200,200,1.0,0.9811546736227335,1.0,8,0.04,0.020405632066152306,0.07693206820093293,192,0.96,0.923067931799067,0.9795943679338476,0.021222732629295974,0.3395537999682667,0.24796849749467598,0.33974033639458034,0.729876529016799,0.565,0.565,0.76,0.076,0.17863614216884335,0.5773131799972235,0.9867733686304742,0.1437926682484293,0.6395760345456704,0.52,0.41
contamination_symmetric_eps_0p1,normal_contamination_symmetric,"{""base"":""N(0,1)"",""centered_and_standardized"":true,""contaminant"":""N(0,10)"",""epsilon"":0.1}",10,exploratory,acceptable,200,74,74,0.37,0.30612608409859116,0.4387737007594981,5,0.06756756756756757,0.029204086165362186,0.1486119392585393,69,0.9324324324324325,0.8513880607414608,0.9707959138346378,0.0020232455815437328,0.1366053124367569,0.10678671061524632,0.1375226966015635,0.7765024483531853,0.0,0.0,0.0,0.0,0.0,0.0,0.0,0.0,0.0,0.013513513513513514,1.0
contamination_symmetric_eps_0p1,normal_contamination_symmetric,"{""base"":""N(0,1)"",""centered_and_standardized"":true,""contaminant"":""N(0,10)"",""epsilon"":0.1}",10,exploratory,caution,200,0,0,0.0,1.734723475976807e-18,0.018845326377266575,0,nan,nan,nan,0,nan,nan,nan,nan,nan,nan,nan,nan,nan,nan,nan,nan,nan,nan,nan,nan,nan,nan,nan
contamination_symmetric_eps_0p1,normal_contamination_symmetric,"{""base"":""N(0,1)"",""centered_and_standardized"":true,""contaminant"":""N(0,10)"",""epsilon"":0.1}",10,exploratory,insufficient,200,126,126,0.63,0.5612262992405018,0.6938739159014088,3,0.023809523809523808,0.008129952024257238,0.0676660141492651,123,0.9761904761904762,0.9323339858507348,0.9918700479757426,0.03249862184781713,0.41479045935839304,0.33088478502703944,0.4151661408048122,0.7969936671271151,0.8968253968253969,0.8968253968253969,1.2063492063492063,0.12063492063492064,0.28354943201403715,0.9218955762241735,1.0930904521208713,0.22824233055306237,1.0152000548343976,0.8174603174603174,0.06349206349206349
contamination_symmetric_eps_0p1,normal_contamination_symmetric,"{""base"":""N(0,1)"",""centered_and_standardized"":true,""contaminant"":""N(0,10)"",""epsilon"":0.1}",15,exploratory,all,200,200,200,1.0,0.9811546736227335,1.0,4,0.02,0.0078044264163494685,0.050287086905826436,196,0.98,0.9497129130941735,0.9921955735836505,0.007816547637450903,0.2649907967052007,0.20703869733446692,0.2655401699002275,0.7796888034388862,0.67,0.67,1.005,0.067,0.15592354315755702,0.7137223533151013,0.9860042746050142,0.12209719670385039,0.6711281795472481,0.64,0.355
contamination_symmetric_eps_0p1,normal_contamination_symmetric,"{""base"":""N(0,1)"",""centered_and_standardized"":true,""contaminant"":""N(0,10)"",""epsilon"":0.1}",15,exploratory,acceptable,200,64,64,0.32,0.25926533315468053,0.38751898434113546,2,0.03125,0.008612138346171874,0.10697291770958313,62,0.96875,0.8930270822904169,0.9913878616538281,-0.0010797784090942533,0.08804587220542798,0.08324495341186236,0.08873522414214884,0.9381274935251037,0.0,0.0,0.0,0.0,0.0,0.0,0.0,0.0,0.0,0.015625,1.0
contamination_symmetric_eps_0p1,normal_contamination_symmetric,"{""base"":""N(0,1)"",""centered_and_standardized"":true,""contaminant"":""N(0,10)"",""epsilon"":0.1}",15,exploratory,caution,200,0,0,0.0,1.734723475976807e-18,0.018845326377266575,0,nan,nan,nan,0,nan,nan,nan,nan,nan,nan,nan,nan,nan,nan,nan,nan,nan,nan,nan,nan,nan,nan,nan
contamination_symmetric_eps_0p1,normal_contamination_symmetric,"{""base"":""N(0,1)"",""centered_and_standardized"":true,""contaminant"":""N(0,10)"",""epsilon"":0.1}",15,exploratory,insufficient,200,136,136,0.68,0.6124810156588646,0.7407346668453195,2,0.014705882352941176,0.004042191463735811,0.0520317288659177,134,0.9852941176470589,0.9479682711340823,0.9959578085362643,0.012003054012295681,0.3156213715982107,0.2652945768274573,0.31655901864958325,0.8380572379810368,0.9852941176470589,0.9852941176470589,1.4779411764705883,0.09852941176470587,0.22929932817287796,0.8881652370970974,1.2287129736022027,0.1795547010350741,0.9869532052165416,0.9338235294117647,0.051470588235294115
contamination_symmetric_eps_0p1,normal_contamination_symmetric,"{""base"":""N(0,1)"",""centered_and_standardized"":true,""contaminant"":""N(0,10)"",""epsilon"":0.1}",20,exploratory,all,200,200,200,1.0,0.9811546736227335,1.0,6,0.03,0.013820314340111346,0.06389429245451925,194,0.97,0.9361057075454807,0.9861796856598887,-0.004825990097422686,0.23864812230912225,0.19892040374220415,0.23919806578361466,0.8316137636420237,0.805,0.805,1.48,0.074,0.16876622631320298,0.8418035450890258,1.3230713793210072,0.12347042556054479,0.8775735513475647,0.79,0.21
contamination_symmetric_eps_0p1,normal_contamination_symmetric,"{""base"":""N(0,1)"",""centered_and_standardized"":true,""contaminant"":""N(0,10)"",""epsilon"":0.1}",20,exploratory,acceptable,200,35,35,0.175,0.12860515066273331,0.23364431148248993,0,0.0,6.938893903907228e-18,0.09890099232440402,35,1.0,0.9010990076755959,0.9999999999999999,-0.016690146417726412,0.05415040433761252,0.07330009729837396,0.05226619804842443,1.4024379050961713,0.0,0.0,0.0,0.0,0.0,0.0,0.0,0.0,0.0,0.0,1.0
contamination_symmetric_eps_0p1,normal_contamination_symmetric,"{""base"":""N(0,1)"",""centered_and_standardized"":true,""contaminant"":""N(0,10)"",""epsilon"":0.1}",20,exploratory,caution,200,0,0,0.0,1.734723475976807e-18,0.018845326377266575,0,nan,nan,nan,0,nan,nan,nan,nan,nan,nan,nan,nan,nan,nan,nan,nan,nan,nan,nan,nan,nan,nan,nan
contamination_symmetric_eps_0p1,normal_contamination_symmetric,"{""base"":""N(0,1)"",""centered_and_standardized"":true,""contaminant"":""N(0,10)"",""epsilon"":0.1}",20,exploratory,insufficient,200,165,165,0.825,0.7663556885175099,0.8713948493372666,6,0.03636363636363636,0.016770425100627574,0.07705403561738483,159,0.9636363636363636,0.9229459643826151,0.9832295748993723,-0.0023093508779643166,0.26155659838495016,0.22556713541210757,0.26234258897575957,0.8598189729420942,0.9757575757575757,0.9757575757575757,1.793939393939394,0.0896969696969697,0.2045651228038824,0.9270302409362097,1.3474198122509988,0.14966112189156944,1.0637255167849269,0.9575757575757575,0.04242424242424243
contamination_symmetric_eps_0p1,normal_contamination_symmetric,"{""base"":""N(0,1)"",""centered_and_standardized"":true,""contaminant"":""N(0,10)"",""epsilon"":0.1}",30,exploratory,all,200,200,200,1.0,0.9811546736227335,1.0,6,0.03,0.013820314340111346,0.06389429245451925,194,0.97,0.9361057075454807,0.9861796856598887,-0.03200374566942259,0.1934862544043071,0.16597373180023556,0.19129994577312137,0.8676099260220267,0.915,0.915,2.29,0.07633333333333332,0.13102461310592228,0.713766532904273,1.3416922374916327,0.1054038378048546,0.7821185889528085,0.925,0.09
contamination_symmetric_eps_0p1,normal_contamination_symmetric,"{""base"":""N(0,1)"",""centered_and_standardized"":true,""contaminant"":""N(0,10)"",""epsilon"":0.1}",30,exploratory,acceptable,200,16,16,0.08,0.049840585889759974,0.12598948826714396,1,0.0625,0.01111934476464252,0.28328737570298945,15,0.9375,0.7167126242970107,0.9888806552353576,0.016304756104124886,0.06655590451400592,0.06042815206983092,0.06664407633841114,0.9067295308135646,0.0,0.0,0.0,0.0,0.0,0.0,0.0,0.0,0.0,0.0625,1.0
contamination_symmetric_eps_0p1,normal_contamination_symmetric,"{""base"":""N(0,1)"",""centered_and_standardized"":true,""contaminant"":""N(0,10)"",""epsilon"":0.1}",30,exploratory,caution,200,0,0,0.0,1.734723475976807e-18,0.018845326377266575,0,nan,nan,nan,0,nan,nan,nan,nan,nan,nan,nan,nan,nan,nan,nan,nan,nan,nan,nan,nan,nan,nan,nan
contamination_symmetric_eps_0p1,normal_contamination_symmetric,"{""base"":""N(0,1)"",""centered_and_standardized"":true,""contaminant"":""N(0,10)"",""epsilon"":0.1}",30,exploratory,insufficient,200,184,184,0.92,0.874010511732856,0.9501594141102401,5,0.02717391304347826,0.011661718017993986,0.06202520342945188,179,0.9728260869565217,0.9379747965705482,0.988338281982006,-0.03620448495407889,0.200766345832321,0.17515160829853163,0.19801377668312328,0.8845425365469524,0.9945652173913043,0.9945652173913043,2.489130434782609,0.08297101449275361,0.14241805772382857,0.8046651164231671,1.3507850583622254,0.11456938891832022,0.8501289010356616,1.0,0.010869565217391304
contamination_symmetric_eps_0p1,normal_contamination_symmetric,"{""base"":""N(0,1)"",""centered_and_standardized"":true,""contaminant"":""N(0,10)"",""epsilon"":0.1}",40,exploratory,all,200,200,200,1.0,0.9811546736227335,1.0,6,0.03,0.013820314340111346,0.06389429245451925,194,0.97,0.9361057075454807,0.9861796856598887,-0.010179627917798566,0.15658562620533306,0.1449905738267406,0.15664649415235113,0.9255909275934754,0.965,0.965,2.815,0.07037500000000001,0.11737494330008495,0.7487134781520689,1.386755346112365,0.09284700401450628,0.9428205733662967,0.96,0.045
contamination_symmetric_eps_0p1,normal_contamination_symmetric,"{""base"":""N(0,1)"",""centered_and_standardized"":true,""contaminant"":""N(0,10)"",""epsilon"":0.1}",40,exploratory,acceptable,200,7,7,0.035,0.017055542008567192,0.07047061152229073,1,0.14285714285714285,0.02567962434474355,0.5131278292743189,6,0.8571428571428571,0.4868721707256811,0.9743203756552565,0.001617870043598249,0.047808327464518484,0.050575528663947954,0.05160931876501992,0.979968925655096,0.0,0.0,0.0,0.0,0.0,0.0,0.0,0.0,0.0,0.14285714285714285,1.0
contamination_symmetric_eps_0p1,normal_contamination_symmetric,"{""base"":""N(0,1)"",""centered_and_standardized"":true,""contaminant"":""N(0,10)"",""epsilon"":0.1}",40,exploratory,caution,200,2,2,0.01,0.0027466581335444384,0.0357217617161768,0,0.0,0.0,0.6576197724933469,2,1.0,0.34238022750665303,1.0,-0.04245726049429241,0.04380889143625354,0.056300273931667186,0.015270887347711417,3.686771609909405,1.0,1.0,1.0,0.025,0.02642694163438738,0.4670718482339693,0.4822798626914101,0.0053111713081689625,0.495613344029878,0.0,1.0
contamination_symmetric_eps_0p1,normal_contamination_symmetric,"{""base"":""N(0,1)"",""centered_and_standardized"":true,""contaminant"":""N(0,10)"",""epsilon"":0.1}",40,exploratory,insufficient,200,191,191,0.955,0.9167032959981803,0.976147456998507,5,0.02617801047120419,0.01123237628656731,0.05980722126352053,186,0.9738219895287958,0.9401927787364796,0.9887676237134327,-0.010274011271603751,0.15990792140499846,0.1493795053237547,0.1599969195740886,0.9336398833265201,1.0,1.0,2.93717277486911,0.07342931937172777,0.12262897788873411,0.7780608786987817,1.407219683253852,0.09716637937321948,0.9820570051581131,1.0,0.0
contamination_symmetric_eps_0p1,normal_contamination_symmetric,"{""base"":""N(0,1)"",""centered_and_standardized"":true,""contaminant"":""N(0,10)"",""epsilon"":0.1}",50,exploratory,all,200,200,200,1.0,0.9811546736227335,1.0,6,0.03,0.013820314340111346,0.06389429245451925,194,0.97,0.9361057075454807,0.9861796856598887,0.0014592461253937952,0.14103167826860122,0.1261978119180969,0.14137801665737726,0.8926268376216591,0.975,0.975,3.245,0.0649,0.10053957793807379,0.7029671931413652,1.3525175777684517,0.0789120782404411,0.8836681844617535,0.96,0.04
contamination_symmetric_eps_0p1,normal_contamination_symmetric,"{""base"":""N(0,1)"",""centered_and_standardized"":true,""contaminant"":""N(0,10)"",""epsilon"":0.1}",50,exploratory,acceptable,200,5,5,0.025,0.010724719651761264,0.05717834040664198,0,0.0,0.0,0.43448246478317476,5,1.0,0.5655175352168251,1.0,0.004183019454725726,0.0273873414915007,0.04343982834172978,0.03026071756860414,1.4355187791977257,0.0,0.0,0.0,0.0,0.0,0.0,0.0,0.0,0.0,0.0,1.0
contamination_symmetric_eps_0p1,normal_contamination_symmetric,"{""base"":""N(0,1)"",""centered_and_standardized"":true,""contaminant"":""N(0,10)"",""epsilon"":0.1}",50,exploratory,caution,200,3,3,0.015,0.00511423779325831,0.04316572879269026,0,0.0,5.551115123125783e-17,0.5614970317550454,3,1.0,0.4385029682449546,1.0,-0.043860077625702876,0.04677649695471003,0.05778155671436718,0.019912342580218224,2.901796033369266,1.0,1.0,1.0,0.02,0.026501721616470228,0.45556604957389807,0.46615908712429854,0.005380918045724867,0.4262914369510085,0.0,1.0
contamination_symmetric_eps_0p1,normal_contamination_symmetric,"{""base"":""N(0,1)"",""centered_and_standardized"":true,""contaminant"":""N(0,10)"",""epsilon"":0.1}",50,exploratory,insufficient,200,192,192,0.96,0.923067931799067,0.9795943679338476,6,0.03125,0.014399282241477667,0.06648991719610431,186,0.96875,0.9335100828038957,0.9856007177585223,0.0020964289618866615,0.14375312316679215,0.12942197172795641,0.14411362151206097,0.8980550927111702,1.0,1.0,3.3645833333333335,0.06729166666666668,0.10431463761856952,0.7297568036985631,1.3576593507588934,0.08211600465599501,0.9138268884453006,1.0,0.0
contamination_symmetric_eps_0p1,normal_contamination_symmetric,"{""base"":""N(0,1)"",""centered_and_standardized"":true,""contaminant"":""N(0,10)"",""epsilon"":0.1}",80,exploratory,all,200,200,200,1.0,0.9811546736227335,1.0,7,0.035,0.017055542008567192,0.07047061152229073,193,0.965,0.9295293884777092,0.9829444579914328,0.007811174765931508,0.10374839530608386,0.1100357810002028,0.10371353607504408,1.0609587250075452,1.0,1.0,5.66,0.07075000000000001,0.0762255302053856,0.5757302619430577,1.4087992375336038,0.07304589449892057,0.8669547676699654,1.0,0.015
contamination_symmetric_eps_0p1,normal_contamination_symmetric,"{""base"":""N(0,1)"",""centered_and_standardized"":true,""contaminant"":""N(0,10)"",""epsilon"":0.1}",80,exploratory,acceptable,200,0,0,0.0,1.734723475976807e-18,0.018845326377266575,0,nan,nan,nan,0,nan,nan,nan,nan,nan,nan,nan,nan,nan,nan,nan,nan,nan,nan,nan,nan,nan,nan,nan
contamination_symmetric_eps_0p1,normal_contamination_symmetric,"{""base"":""N(0,1)"",""centered_and_standardized"":true,""contaminant"":""N(0,10)"",""epsilon"":0.1}",80,exploratory,caution,200,5,5,0.025,0.010724719651761264,0.05717834040664198,0,0.0,0.0,0.43448246478317476,5,1.0,0.5655175352168251,1.0,0.008097037837675142,0.053075106047462836,0.050942909725887955,0.058645170945746714,0.86866333415612,1.0,1.0,2.8,0.035,0.03136808904911882,0.4721800282566689,0.8244251753287194,0.0122944069903662,0.6048934485896977,1.0,0.6
contamination_symmetric_eps_0p1,normal_contamination_symmetric,"{""base"":""N(0,1)"",""centered_and_standardized"":true,""contaminant"":""N(0,10)"",""epsilon"":0.1}",80,exploratory,insufficient,200,195,195,0.975,0.942821659593358,0.9892752803482386,7,0.035897435897435895,0.017495563557414016,0.07223149299562964,188,0.9641025641025641,0.9277685070043703,0.982504436442586,0.007803844943579108,0.10472579755424657,0.11155098282774932,0.10470344897544434,1.0653993151067154,1.0,1.0,5.733333333333333,0.07166666666666667,0.07737572100426422,0.5965657856285037,1.4159220477404066,0.07460362494785786,0.8736742886720235,1.0,0.0
contamination_symmetric_eps_0p1,normal_contamination_symmetric,"{""base"":""N(0,1)"",""centered_and_standardized"":true,""contaminant"":""N(0,10)"",""epsilon"":0.1}",100,confirmatory_5000,all,5000,5000,5000,1.0,0.9992322980549431,1.0000000000000002,240,0.048,0.042413931418707994,0.05428007113962365,4760,0.952,0.9457199288603764,0.957586068581292,0.00015386593369565597,0.099879973922719,0.09678741876113867,0.09988984489075922,0.9689415262080604,0.999,0.999,6.9102,0.06910200000000001,0.07422991167469836,0.6708779963362822,1.5460524457876297,0.06341068795064261,0.9307813082940365,0.9986,0.0022
contamination_symmetric_eps_0p1,normal_contamination_symmetric,"{""base"":""N(0,1)"",""centered_and_standardized"":true,""contaminant"":""N(0,10)"",""epsilon"":0.1}",100,confirmatory_5000,acceptable,5000,5,5,0.001,0.00042721349110879964,0.002338953050058211,1,0.2,0.03622410863243014,0.6244653702374747,4,0.8,0.37553462976252533,0.9637758913675698,0.02337307408498856,0.04126937189818389,0.03181871597311885,0.038027300467694355,0.8367334936159895,0.0,0.0,0.0,0.0,0.0,0.0,0.0,0.0,0.0,0.0,1.0
contamination_symmetric_eps_0p1,normal_contamination_symmetric,"{""base"":""N(0,1)"",""centered_and_standardized"":true,""contaminant"":""N(0,10)"",""epsilon"":0.1}",100,confirmatory_5000,caution,5000,47,47,0.0094,0.007076557215688711,0.012476711932801345,1,0.02127659574468085,0.0037657680385967812,0.11112981041629329,46,0.9787234042553191,0.8888701895837066,0.996234231961403,-0.00212036921729961,0.06550058972592533,0.05625288292411927,0.06617402461869454,0.8500749840780806,1.0,1.0,5.382978723404255,0.053829787234042546,0.04238188438652094,0.5722118442893198,1.4518603522835354,0.021978909789622792,0.8080109228207933,0.9574468085106383,0.1276595744680851
contamination_symmetric_eps_0p1,normal_contamination_symmetric,"{""base"":""N(0,1)"",""centered_and_standardized"":true,""contaminant"":""N(0,10)"",""epsilon"":0.1}",100,confirmatory_5000,insufficient,5000,4948,4948,0.9896,0.9863882308917424,0.9920600353636577,238,0.048100242522231204,0.04248067706870444,0.054420942825840965,4710,0.9518997574777688,0.945579057174159,0.9575193229312956,0.00015200518416863697,0.10019169658522856,0.09723809917712088,0.10020170726564105,0.9704235769090894,1.0,1.0,6.931689571544058,0.06931689571544059,0.07460743933050229,0.6720500818051465,1.548668396358362,0.06386831669221922,0.9328880412485054,1.0,0.0
contamination_symmetric_eps_0p1,normal_contamination_symmetric,"{""base"":""N(0,1)"",""centered_and_standardized"":true,""contaminant"":""N(0,10)"",""epsilon"":0.1}",200,exploratory,all,200,200,200,1.0,0.9811546736227335,1.0,10,0.05,0.02738264560076393,0.08957814813877599,190,0.95,0.9104218518612239,0.972617354399236,-0.00089006366275299,0.07286343819760693,0.07065809983873285,0.07304083261297556,0.9673780721138792,1.0,1.0,14.215,0.071075,0.05677483995704707,0.6892329297131032,1.7037600125258203,0.04688621367838204,0.9562261472949207,1.0,0.0
contamination_symmetric_eps_0p1,normal_contamination_symmetric,"{""base"":""N(0,1)"",""centered_and_standardized"":true,""contaminant"":""N(0,10)"",""epsilon"":0.1}",200,exploratory,acceptable,200,0,0,0.0,1.734723475976807e-18,0.018845326377266575,0,nan,nan,nan,0,nan,nan,nan,nan,nan,nan,nan,nan,nan,nan,nan,nan,nan,nan,nan,nan,nan,nan,nan
contamination_symmetric_eps_0p1,normal_contamination_symmetric,"{""base"":""N(0,1)"",""centered_and_standardized"":true,""contaminant"":""N(0,10)"",""epsilon"":0.1}",200,exploratory,caution,200,109,109,0.545,0.47578611372488105,0.6125178069011651,3,0.027522935779816515,0.00940385586167223,0.07781106428866252,106,0.9724770642201835,0.9221889357113375,0.9905961441383277,0.00026932177078752933,0.06132240443784101,0.06957694055444875,0.06160505615587427,1.129403086305187,1.0,1.0,14.458715596330276,0.07229357798165137,0.043341703332319285,0.5757483415655885,1.259042127271863,0.045605382009334346,0.7611164689523597,1.0,0.0
contamination_symmetric_eps_0p1,normal_contamination_symmetric,"{""base"":""N(0,1)"",""centered_and_standardized"":true,""contaminant"":""N(0,10)"",""epsilon"":0.1}",200,exploratory,insufficient,200,91,91,0.455,0.387482193098835,0.524213886275119,7,0.07692307692307693,0.03775950132295323,0.15035927123225315,84,0.9230769230769231,0.849640728767747,0.962240498677047,-0.0022787780831476814,0.08464070546826963,0.0719531148056226,0.08507878136879214,0.8457233830574801,1.0,1.0,13.923076923076923,0.0696153846153846,0.07286508052952323,0.8680077040227199,1.9402094620398416,0.048420396666582016,1.1899289488261202,1.0,0.0
contamination_symmetric_eps_0p1,normal_contamination_symmetric,"{""base"":""N(0,1)"",""centered_and_standardized"":true,""contaminant"":""N(0,10)"",""epsilon"":0.1}",500,exploratory,all,200,200,200,1.0,0.9811546736227335,1.0,6,0.03,0.013820314340111346,0.06389429245451925,194,0.97,0.9361057075454807,0.9861796856598887,-0.003807852935792385,0.04080969813409425,0.044311403592987304,0.04073362072171803,1.0878336570105516,1.0,1.0,34.25,0.06849999999999999,0.031600355661551664,0.5964598367783269,1.4493606761051037,0.029465452863081804,0.9211204566957736,1.0,0.0
contamination_symmetric_eps_0p1,normal_contamination_symmetric,"{""base"":""N(0,1)"",""centered_and_standardized"":true,""contaminant"":""N(0,10)"",""epsilon"":0.1}",500,exploratory,acceptable,200,0,0,0.0,1.734723475976807e-18,0.018845326377266575,0,nan,nan,nan,0,nan,nan,nan,nan,nan,nan,nan,nan,nan,nan,nan,nan,nan,nan,nan,nan,nan,nan,nan
contamination_symmetric_eps_0p1,normal_contamination_symmetric,"{""base"":""N(0,1)"",""centered_and_standardized"":true,""contaminant"":""N(0,10)"",""epsilon"":0.1}",500,exploratory,caution,200,146,146,0.73,0.6645656480133157,0.7867655018531416,4,0.0273972602739726,0.01070472314747331,0.0683218621106431,142,0.9726027397260274,0.9316781378893568,0.9892952768525267,-0.003104462358299209,0.038095371760226676,0.04432768713718754,0.03809936833581761,1.1634756447002461,1.0,1.0,35.02739726027397,0.07005479452054796,0.028972019384452746,0.5882293071763915,1.2773569285689623,0.029479274352703977,0.8412507850751204,1.0,0.0
contamination_symmetric_eps_0p1,normal_contamination_symmetric,"{""base"":""N(0,1)"",""centered_and_standardized"":true,""contaminant"":""N(0,10)"",""epsilon"":0.1}",500,exploratory,insufficient,200,54,54,0.27,0.21323449814685846,0.33543435198668425,2,0.037037037037037035,0.01021636794844559,0.12535176917275476,52,0.9629629629629629,0.8746482308272452,0.9897836320515545,-0.005709612645310974,0.04737609948394773,0.04426737771422369,0.04747240246765115,0.9324865693154788,1.0,1.0,32.148148148148145,0.06429629629629628,0.03870659818852283,0.8137293886698429,1.8055581025603418,0.029428083650399617,1.1370643836701317,1.0,0.0
contamination_symmetric_eps_0p1,normal_contamination_symmetric,"{""base"":""N(0,1)"",""centered_and_standardized"":true,""contaminant"":""N(0,10)"",""epsilon"":0.1}",750,exploratory,all,200,200,200,1.0,0.9811546736227335,1.0,15,0.075,0.04597491718438201,0.12004361023629456,185,0.925,0.8799563897637055,0.954025082815618,-8.898012921720321e-05,0.038146145539257784,0.03612278094432849,0.03824176598126281,0.9445897703057816,1.0,1.0,51.975,0.0693,0.027240390242120372,0.605789062504065,1.5419625612487715,0.02394704660456477,0.9077441140668506,1.0,0.0
contamination_symmetric_eps_0p1,normal_contamination_symmetric,"{""base"":""N(0,1)"",""centered_and_standardized"":true,""contaminant"":""N(0,10)"",""epsilon"":0.1}",750,exploratory,acceptable,200,0,0,0.0,1.734723475976807e-18,0.018845326377266575,0,nan,nan,nan,0,nan,nan,nan,nan,nan,nan,nan,nan,nan,nan,nan,nan,nan,nan,nan,nan,nan,nan,nan
contamination_symmetric_eps_0p1,normal_contamination_symmetric,"{""base"":""N(0,1)"",""centered_and_standardized"":true,""contaminant"":""N(0,10)"",""epsilon"":0.1}",750,exploratory,caution,200,150,150,0.75,0.6856590168795417,0.8049183199318249,7,0.04666666666666667,0.022786549161261972,0.09318647239912747,143,0.9533333333333334,0.9068135276008725,0.9772134508387381,6.441065823225641e-05,0.034421231981625264,0.03615511311252051,0.03453648584852067,1.0468671674095404,1.0,1.0,53.266666666666666,0.07102222222222224,0.025143337782836627,0.5913270367966782,1.4898438538305243,0.02394959273497958,0.87753499581395,1.0,0.0
contamination_symmetric_eps_0p1,normal_contamination_symmetric,"{""base"":""N(0,1)"",""centered_and_standardized"":true,""contaminant"":""N(0,10)"",""epsilon"":0.1}",750,exploratory,insufficient,200,50,50,0.25,0.19508168006817497,0.31434098312045833,8,0.16,0.08337420678033404,0.2851421606303499,42,0.84,0.7148578393696501,0.916625793219666,-0.0005491524915655819,0.04760304658958669,0.036025784439752406,0.04808313884274595,0.749239448730112,1.0,1.0,48.1,0.06413333333333333,0.03353154761997162,0.7345064098052316,2.090267787653185,0.023939408213320343,0.9983714688255528,1.0,0.0
contamination_symmetric_eps_0p1,normal_contamination_symmetric,"{""base"":""N(0,1)"",""centered_and_standardized"":true,""contaminant"":""N(0,10)"",""epsilon"":0.1}",2000,exploratory,all,200,200,200,1.0,0.9811546736227335,1.0,8,0.04,0.020405632066152306,0.07693206820093293,192,0.96,0.923067931799067,0.9795943679338476,-0.0018004589412892618,0.02233855753153304,0.02231622141104955,0.022321756297643786,0.9997520407211496,1.0,1.0,139.49,0.069745,0.01716322775178963,0.6261535487793854,1.5548535539976356,0.014862085604567254,0.9558383301678718,1.0,0.0
contamination_symmetric_eps_0p1,normal_contamination_symmetric,"{""base"":""N(0,1)"",""centered_and_standardized"":true,""contaminant"":""N(0,10)"",""epsilon"":0.1}",2000,exploratory,acceptable,200,0,0,0.0,1.734723475976807e-18,0.018845326377266575,0,nan,nan,nan,0,nan,nan,nan,nan,nan,nan,nan,nan,nan,nan,nan,nan,nan,nan,nan,nan,nan,nan,nan
contamination_symmetric_eps_0p1,normal_contamination_symmetric,"{""base"":""N(0,1)"",""centered_and_standardized"":true,""contaminant"":""N(0,10)"",""epsilon"":0.1}",2000,exploratory,caution,200,173,173,0.865,0.8107086162924745,0.9055342954521209,8,0.046242774566473986,0.023615435969923965,0.08858369964573554,165,0.953757225433526,0.9114163003542645,0.976384564030076,-0.0015503985433564947,0.022539952141847404,0.02235297163654879,0.022551840446737817,0.9911817037434834,1.0,1.0,140.67052023121389,0.07033526011560694,0.017259064444104306,0.6213343077073912,1.5555398089368402,0.014890861074428758,0.9687072264089392,1.0,0.0
contamination_symmetric_eps_0p1,normal_contamination_symmetric,"{""base"":""N(0,1)"",""centered_and_standardized"":true,""contaminant"":""N(0,10)"",""epsilon"":0.1}",2000,exploratory,insufficient,200,27,27,0.135,0.09446570454787906,0.18929138370752552,0,0.0,0.0,0.12455502974186705,27,1.0,0.8754449702581328,0.9999999999999998,-0.003402697787302919,0.02100236049837575,0.022080747743961817,0.021119678615474757,1.0455058595343807,1.0,1.0,131.92592592592592,0.06596296296296297,0.01654916301955115,0.6750945383824091,1.2752918605579189,0.014677709445825013,0.8733820690676996,1.0,0.0
gamma_shape_2,gamma,"{""centered_and_standardized"":true,""scale"":1.0,""shape"":2.0}",5,exploratory,all,200,200,200,1.0,0.9811546736227335,1.0,17,0.085,0.05374575017747561,0.13189587071565567,183,0.915,0.8681041292843443,0.9462542498225244,-0.014882369987110651,0.4352565255292971,0.4083303792588755,0.4360936210390577,0.9363365102336692,0.265,0.265,0.32,0.064,0.11692823394390162,0.0,0.9670962504179992,0.07795352145550924,1.9178081781527814,0.08,0.61
gamma_shape_2,gamma,"{""centered_and_standardized"":true,""scale"":1.0,""shape"":2.0}",5,exploratory,acceptable,200,113,113,0.565,0.49570736259794607,0.6318427449730093,8,0.07079646017699115,0.036307708145227546,0.13350751858129759,105,0.9292035398230089,0.8664924814187024,0.9636922918547725,-0.03479919688514078,0.4050258014479655,0.37639866402384764,0.4053255468273852,0.9286329642186196,0.0,0.0,0.0,0.0,0.0,0.0,0.0,0.0,0.0,0.0,1.0
gamma_shape_2,gamma,"{""centered_and_standardized"":true,""scale"":1.0,""shape"":2.0}",5,exploratory,caution,200,0,0,0.0,1.734723475976807e-18,0.018845326377266575,0,nan,nan,nan,0,nan,nan,nan,nan,nan,nan,nan,nan,nan,nan,nan,nan,nan,nan,nan,nan,nan,nan,nan
gamma_shape_2,gamma,"{""centered_and_standardized"":true,""scale"":1.0,""shape"":2.0}",5,exploratory,insufficient,200,87,87,0.435,0.36815725502699076,0.504292637402054,9,0.10344827586206896,0.05538511033788457,0.18504980896262468,78,0.896551724137931,0.8149501910373753,0.9446148896621154,0.010986612075848012,0.4716376692448126,0.44980490594345196,0.4742430998909876,0.9484690574240233,0.6091954022988506,0.6091954022988506,0.735632183908046,0.1471264367816092,0.2688005378020727,0.8579177139985589,0.9878943123901539,0.17920349759887183,4.4087544325351296,0.1839080459770115,0.10344827586206896
gamma_shape_2,gamma,"{""centered_and_standardized"":true,""scale"":1.0,""shape"":2.0}",8,exploratory,all,200,200,200,1.0,0.9811546736227335,1.0,13,0.065,0.03837635464915299,0.10801907929906895,187,0.935,0.8919809207009312,0.961623645350847,0.024492934532920358,0.3856711977888859,0.3391120008598254,0.3858585271531055,0.8788506071430386,0.255,0.255,0.3,0.0375,0.09492810732764742,0.0,0.9195729911800057,0.05130732184286826,0.5954319123761643,0.225,0.635
gamma_shape_2,gamma,"{""centered_and_standardized"":true,""scale"":1.0,""shape"":2.0}",8,exploratory,acceptable,200,122,122,0.61,0.5409374595716976,0.6749165686253038,9,0.07377049180327869,0.039293805533232,0.13426949407707403,113,0.9262295081967213,0.865730505922926,0.960706194466768,-0.0037978398027571844,0.37639197298982235,0.3011789063513698,0.37792487159266774,0.7969279848720416,0.0,0.0,0.0,0.0,0.0,0.0,0.0,0.0,0.0,0.0,1.0
gamma_shape_2,gamma,"{""centered_and_standardized"":true,""scale"":1.0,""shape"":2.0}",8,exploratory,caution,200,0,0,0.0,1.734723475976807e-18,0.018845326377266575,0,nan,nan,nan,0,nan,nan,nan,nan,nan,nan,nan,nan,nan,nan,nan,nan,nan,nan,nan,nan,nan,nan,nan
gamma_shape_2,gamma,"{""centered_and_standardized"":true,""scale"":1.0,""shape"":2.0}",8,exploratory,insufficient,200,78,78,0.39,0.3250834313746962,0.4590625404283025,4,0.05128205128205128,0.020121012473896145,0.1245667654729449,74,0.9487179487179487,0.8754332345270551,0.9798789875261039,0.0687426072118006,0.3997531713826815,0.39844325124484564,0.3963471201766737,1.0052886244442438,0.6538461538461539,0.6538461538461539,0.7692307692307693,0.09615384615384616,0.24340540340422415,0.8473304721917495,0.9593533238865036,0.13155723549453405,1.5267484932722164,0.5769230769230769,0.0641025641025641
gamma_shape_2,gamma,"{""centered_and_standardized"":true,""scale"":1.0,""shape"":2.0}",10,exploratory,all,200,200,200,1.0,0.9811546736227335,1.0,21,0.105,0.06970748792681017,0.1551803199112304,179,0.895,0.8448196800887696,0.9302925120731899,-0.03588649676172306,0.3334063119013318,0.2934215803081285,0.332301141147391,0.8829990149747405,0.27,0.27,0.345,0.0345,0.09478145252661502,0.0,0.9212303916418793,0.045135794273853,0.6976222511888467,0.295,0.595
gamma_shape_2,gamma,"{""centered_and_standardized"":true,""scale"":1.0,""shape"":2.0}",10,exploratory,acceptable,200,115,115,0.575,0.5057093264785485,0.6414638745648614,15,0.13043478260869565,0.08066384692772066,0.20409754153481507,100,0.8695652173913043,0.7959024584651849,0.9193361530722793,-0.05741469079145888,0.33405392770422204,0.25927832611270146,0.3305231325082953,0.7844483505437981,0.0,0.0,0.0,0.0,0.0,0.0,0.0,0.0,0.0,0.034782608695652174,1.0
gamma_shape_2,gamma,"{""centered_and_standardized"":true,""scale"":1.0,""shape"":2.0}",10,exploratory,caution,200,0,0,0.0,1.734723475976807e-18,0.018845326377266575,0,nan,nan,nan,0,nan,nan,nan,nan,nan,nan,nan,nan,nan,nan,nan,nan,nan,nan,nan,nan,nan,nan,nan
gamma_shape_2,gamma,"{""centered_and_standardized"":true,""scale"":1.0,""shape"":2.0}",10,exploratory,insufficient,200,85,85,0.425,0.3585361254351385,0.49429067352145145,6,0.07058823529411765,0.03275096311266676,0.14556059357469509,79,0.9294117647058824,0.8544394064253049,0.9672490368873332,-0.006760116603845196,0.33252811827057854,0.3396153948078239,0.33443246653394754,1.0154976827686382,0.6352941176470588,0.6352941176470588,0.8117647058823529,0.0811764705882353,0.22301518241556478,0.8149008431693985,1.3559104051935178,0.10620186887965413,1.6414641204443452,0.6470588235294118,0.047058823529411764
gamma_shape_2,gamma,"{""centered_and_standardized"":true,""scale"":1.0,""shape"":2.0}",15,exploratory,all,200,200,200,1.0,0.9811546736227335,1.0,18,0.09,0.05768744886219316,0.13776571876716542,182,0.91,0.8622342812328346,0.9423125511378069,-0.019692067218688353,0.2641673705762166,0.2467842281400926,0.2640934473067414,0.9344579756023089,0.325,0.325,0.43,0.028666666666666667,0.08073597367178616,0.0,0.8735046923378416,0.031053754731937815,0.6032165516684632,0.415,0.585
gamma_shape_2,gamma,"{""centered_and_standardized"":true,""scale"":1.0,""shape"":2.0}",15,exploratory,acceptable,200,108,108,0.54,0.4708228918895333,0.6076694820002854,13,0.12037037037037036,0.07171063993921549,0.19510865172020736,95,0.8796296296296297,0.8048913482797926,0.9282893600607844,-0.01960118681318189,0.264478115697044,0.22706652821377013,0.2649803810950152,0.8569182641953778,0.0,0.0,0.0,0.0,0.0,0.0,0.0,0.0,0.0,0.07407407407407407,1.0
gamma_shape_2,gamma,"{""centered_and_standardized"":true,""scale"":1.0,""shape"":2.0}",15,exploratory,caution,200,0,0,0.0,1.734723475976807e-18,0.018845326377266575,0,nan,nan,nan,0,nan,nan,nan,nan,nan,nan,nan,nan,nan,nan,nan,nan,nan,nan,nan,nan,nan,nan,nan
gamma_shape_2,gamma,"{""centered_and_standardized"":true,""scale"":1.0,""shape"":2.0}",15,exploratory,insufficient,200,92,92,0.46,0.39233051799971463,0.5291771081104667,5,0.05434782608695652,0.023435063948632366,0.12098530476246525,87,0.9456521739130435,0.8790146952375347,0.9765649360513676,-0.019798752912108978,0.2638021157598688,0.2699310932709929,0.2644995282604651,1.0205352540560266,0.7065217391304348,0.7065217391304348,0.9347826086956522,0.062318840579710134,0.1755129862430134,0.7162121600408164,1.2827464790213843,0.06750816246073436,1.3113403297140507,0.8152173913043478,0.09782608695652174
gamma_shape_2,gamma,"{""centered_and_standardized"":true,""scale"":1.0,""shape"":2.0}",20,exploratory,all,200,200,200,1.0,0.9811546736227335,1.0,11,0.055,0.03098534170345884,0.0957869987723084,189,0.945,0.9042130012276914,0.9690146582965411,-0.013929502293842821,0.22356729333146516,0.21245264165899966,0.22369286107042527,0.9497515505964813,0.405,0.405,0.58,0.029000000000000005,0.08893704652507052,0.0,1.107578407669678,0.029913195179954125,0.5727054721830591,0.595,0.52
gamma_shape_2,gamma,"{""centered_and_standardized"":true,""scale"":1.0,""shape"":2.0}",20,exploratory,acceptable,200,94,94,0.47,0.40204754873265425,0.5390831708499817,7,0.07446808510638298,0.03653858086656638,0.14581212236028018,87,0.925531914893617,0.8541878776397197,0.9634614191334335,-0.00374717120386973,0.2206479273815046,0.19100128672671535,0.22179904343477194,0.8611456738896451,0.0,0.0,0.0,0.0,0.0,0.0,0.0,0.0,0.0,0.1702127659574468,1.0
gamma_shape_2,gamma,"{""centered_and_standardized"":true,""scale"":1.0,""shape"":2.0}",20,exploratory,caution,200,0,0,0.0,1.734723475976807e-18,0.018845326377266575,0,nan,nan,nan,0,nan,nan,nan,nan,nan,nan,nan,nan,nan,nan,nan,nan,nan,nan,nan,nan,nan,nan,nan
gamma_shape_2,gamma,"{""centered_and_standardized"":true,""scale"":1.0,""shape"":2.0}",20,exploratory,insufficient,200,106,106,0.53,0.4609168291500183,0.5979524512673458,4,0.03773584905660377,0.014770847100615568,0.09303415610882099,102,0.9622641509433962,0.906965843891179,0.9852291528993844,-0.02295911665664916,0.22612463567109026,0.23147554131593098,0.2260247428699818,1.0241159369400752,0.7641509433962265,0.7641509433962265,1.0943396226415094,0.05471698113207548,0.16780574816051042,0.6901337928304686,1.2849304264038741,0.05643999090557381,1.0805763626095455,0.9716981132075472,0.09433962264150944
gamma_shape_2,gamma,"{""centered_and_standardized"":true,""scale"":1.0,""shape"":2.0}",30,exploratory,all,200,200,200,1.0,0.9811546736227335,1.0,11,0.055,0.03098534170345884,0.0957869987723084,189,0.945,0.9042130012276914,0.9690146582965411,-0.0014319970851570313,0.19218084282743575,0.17930428509814442,0.19265775558786213,0.9306881238755642,0.435,0.435,0.64,0.021333333333333333,0.06978802847465115,0.0,1.0546955224551118,0.02120017921070599,0.5649448352231198,0.765,0.485
gamma_shape_2,gamma,"{""centered_and_standardized"":true,""scale"":1.0,""shape"":2.0}",30,exploratory,acceptable,200,91,91,0.455,0.387482193098835,0.524213886275119,4,0.04395604395604396,0.01722436644411733,0.10763093384266353,87,0.9560439560439561,0.8923690661573366,0.9827756335558827,0.025015548909810333,0.18196219210659956,0.1660821983419082,0.1812329995667693,0.9164015313928561,0.0,0.0,0.0,0.0,0.0,0.0,0.0,0.0,0.0,0.4945054945054945,1.0
gamma_shape_2,gamma,"{""centered_and_standardized"":true,""scale"":1.0,""shape"":2.0}",30,exploratory,caution,200,0,0,0.0,1.734723475976807e-18,0.018845326377266575,0,nan,nan,nan,0,nan,nan,nan,nan,nan,nan,nan,nan,nan,nan,nan,nan,nan,nan,nan,nan,nan,nan,nan
gamma_shape_2,gamma,"{""centered_and_standardized"":true,""scale"":1.0,""shape"":2.0}",30,exploratory,insufficient,200,109,109,0.545,0.47578611372488105,0.6125178069011651,7,0.06422018348623854,0.03145364631393962,0.126657202368408,102,0.9357798165137615,0.8733427976315921,0.9685463536860605,-0.023512058420405012,0.2003131376270883,0.19034290798637826,0.19984731318485102,0.952441666355146,0.7981651376146789,0.7981651376146789,1.1743119266055047,0.039143730886850144,0.12805142839385533,0.6479730414901647,1.1968197793455515,0.03889941139579081,1.0365960279323296,0.9908256880733946,0.05504587155963303
gamma_shape_2,gamma,"{""centered_and_standardized"":true,""scale"":1.0,""shape"":2.0}",40,exploratory,all,200,200,200,1.0,0.9811546736227335,1.0,13,0.065,0.03837635464915299,0.10801907929906895,187,0.935,0.8919809207009312,0.961623645350847,0.013592189715953955,0.15753684981082844,0.15881686482759236,0.1573432423289222,1.0093656548375278,0.575,0.575,1.035,0.025875000000000002,0.08795852961091236,0.5023382855401622,1.2906362587208207,0.022570201949036413,0.6810970369619617,0.88,0.38
gamma_shape_2,gamma,"{""centered_and_standardized"":true,""scale"":1.0,""shape"":2.0}",40,exploratory,acceptable,200,68,68,0.34,0.27791545970908793,0.4081150447316374,7,0.10294117647058823,0.05076577178992908,0.19757911309365633,61,0.8970588235294118,0.8024208869063437,0.9492342282100709,0.005803155334147142,0.15856854555119404,0.14160321131740908,0.15964049526443863,0.8870131045562628,0.0,0.0,0.0,0.0,0.0,0.0,0.0,0.0,0.0,0.6764705882352942,1.0
gamma_shape_2,gamma,"{""centered_and_standardized"":true,""scale"":1.0,""shape"":2.0}",40,exploratory,caution,200,7,7,0.035,0.017055542008567192,0.07047061152229073,0,0.0,5.551115123125783e-17,0.35433043506668743,7,1.0,0.6456695649333126,1.0,0.05833531785339328,0.12468661134210074,0.15161103345683438,0.11902814245129707,1.2737410694186821,1.0,1.0,1.0,0.024999999999999998,0.07096442972315775,0.46466814259284445,0.5078899422982084,0.014235166688816426,0.4876024639097563,0.7142857142857143,1.0
gamma_shape_2,gamma,"{""centered_and_standardized"":true,""scale"":1.0,""shape"":2.0}",40,exploratory,insufficient,200,125,125,0.625,0.5561430369897816,0.6891456314159018,6,0.048,0.022182005595288892,0.10077111031703824,119,0.952,0.8992288896829618,0.9778179944047111,0.01532380924396027,0.15861787200511895,0.1685846188938945,0.15851125109428293,1.0635498598999757,0.864,0.864,1.6,0.040000000000000015,0.13675963931296292,0.6341813845743565,1.4366510080776802,0.03531515378388455,1.062449521160192,1.0,0.008
gamma_shape_2,gamma,"{""centered_and_standardized"":true,""scale"":1.0,""shape"":2.0}",50,exploratory,all,200,200,200,1.0,0.9811546736227335,1.0,14,0.07,0.042152171828342806,0.11405480885610647,186,0.93,0.8859451911438936,0.9578478281716571,0.01370460376429624,0.15043916547637887,0.13954709349267058,0.15018958319201064,0.929139628240834,0.55,0.55,0.97,0.0194,0.06592720169280511,0.41716045873501795,1.1119669380534065,0.015464101705356307,0.5712551547197728,0.985,0.4
gamma_shape_2,gamma,"{""centered_and_standardized"":true,""scale"":1.0,""shape"":2.0}",50,exploratory,acceptable,200,70,70,0.35,0.28728824127358077,0.4183653566395992,7,0.1,0.04928930144253951,0.192329148485674,63,0.9,0.807670851514326,0.9507106985574605,0.0015731701883351845,0.14646227598137293,0.12813340137406867,0.14751126901114292,0.8686346625110353,0.0,0.0,0.0,0.0,0.0,0.0,0.0,0.0,0.0,0.9571428571428572,1.0
gamma_shape_2,gamma,"{""centered_and_standardized"":true,""scale"":1.0,""shape"":2.0}",50,exploratory,caution,200,9,9,0.045,0.023852543001492997,0.0832967040018196,0,0.0,0.0,0.2991450484195441,9,1.0,0.7008549515804559,1.0,-0.026417659990248546,0.1070026262614693,0.1289803586423022,0.10998012514053487,1.172760609951011,1.0,1.0,1.0,0.02,0.053588705233927315,0.40198013738334937,0.4846236945563075,0.009423984403084585,0.4617021665350405,1.0,1.0
gamma_shape_2,gamma,"{""centered_and_standardized"":true,""scale"":1.0,""shape"":2.0}",50,exploratory,insufficient,200,121,121,0.605,0.5358834915928536,0.6701589898679203,7,0.05785123966942149,0.02830275348227581,0.11461017776053556,114,0.9421487603305785,0.8853898222394644,0.9716972465177242,0.023707089087504317,0.1553922938517389,0.14693601136007103,0.15421179723505213,0.9528195248000954,0.8347107438016529,0.8347107438016529,1.5289256198347108,0.030578512396694218,0.10498464455748491,0.5909815685434974,1.3084626982542709,0.02485954116895455,0.9098819127697456,1.0,0.008264462809917356
gamma_shape_2,gamma,"{""centered_and_standardized"":true,""scale"":1.0,""shape"":2.0}",80,exploratory,all,200,200,200,1.0,0.9811546736227335,1.0,8,0.04,0.020405632066152306,0.07693206820093293,192,0.96,0.923067931799067,0.9795943679338476,0.002040889516207435,0.10450410991890895,0.11153957085428154,0.10474637355915961,1.0648537707253913,0.73,0.73,1.645,0.020562500000000004,0.07272147742315516,0.5145510609105934,1.2790282433792228,0.014193076753030736,0.7882128697554225,1.0,0.295
gamma_shape_2,gamma,"{""centered_and_standardized"":true,""scale"":1.0,""shape"":2.0}",80,exploratory,acceptable,200,47,47,0.235,0.18157433415232588,0.29841368882762537,5,0.10638297872340426,0.04630478218108157,0.22594269343738355,42,0.8936170212765957,0.7740573065626163,0.9536952178189183,0.004252686932616143,0.11213688266681805,0.10150602035332919,0.11326766779163544,0.8961605931540614,0.0,0.0,0.0,0.0,0.0,0.0,0.0,0.0,0.0,1.0,1.0
gamma_shape_2,gamma,"{""centered_and_standardized"":true,""scale"":1.0,""shape"":2.0}",80,exploratory,caution,200,136,136,0.68,0.6124810156588646,0.7407346668453195,3,0.022058823529411766,0.007529925310275402,0.06284590531741366,133,0.9779411764705882,0.9371540946825863,0.9924700746897246,0.0034019042512756954,0.10227880074149658,0.11273157196181365,0.10260011181451609,1.0987470673093764,0.9485294117647058,0.9485294117647058,2.0955882352941178,0.02619485294117647,0.08833553918796978,0.7259356001036621,1.4257177425341427,0.015844467394305332,0.9397723602907385,1.0,0.08823529411764706
gamma_shape_2,gamma,"{""centered_and_standardized"":true,""scale"":1.0,""shape"":2.0}",80,exploratory,insufficient,200,17,17,0.085,0.05374575017747561,0.13189587071565567,0,0.0,0.0,0.1843181350088518,17,1.0,0.8156818649911483,1.0,-0.01496219769205688,0.10015346976681166,0.129743378084893,0.10207731521114367,1.2710304715256564,1.0,1.0,2.588235294117647,0.032352941176470584,0.1488624797098317,1.261505675545678,1.5288578427490993,0.04022163441062482,1.754913703032004,1.0,0.0
gamma_shape_2,gamma,"{""centered_and_standardized"":true,""scale"":1.0,""shape"":2.0}",100,exploratory,all,200,200,200,1.0,0.9811546736227335,1.0,12,0.06,0.03465219425433187,0.1019316929576627,188,0.94,0.8980683070423372,0.9653478057456681,0.0011115439167732593,0.10447715777579154,0.1000601314691361,0.10473340631825094,0.9553793291615641,0.83,0.83,2.005,0.02005,0.07102729342089704,0.6469725455168606,1.3732697090680153,0.01223059623989427,0.8506922084728947,1.0,0.225
gamma_shape_2,gamma,"{""centered_and_standardized"":true,""scale"":1.0,""shape"":2.0}",100,exploratory,acceptable,200,27,27,0.135,0.09446570454787906,0.18929138370752552,1,0.037037037037037035,0.006568145980785103,0.18283465933575843,26,0.9629629629629629,0.8171653406642414,0.9934318540192149,-0.040607502445480226,0.09547358806962083,0.08893017036143337,0.08805339128330367,1.00995735729597,0.0,0.0,0.0,0.0,0.0,0.0,0.0,0.0,0.0,1.0,1.0
gamma_shape_2,gamma,"{""centered_and_standardized"":true,""scale"":1.0,""shape"":2.0}",100,exploratory,caution,200,158,158,0.79,0.7283538314009754,0.8407158793002101,11,0.06962025316455696,0.039316463407065294,0.12035497683448712,147,0.930379746835443,0.879645023165513,0.9606835365929348,0.00904413023308447,0.10863718727318951,0.10092277259137197,0.10860429729504452,0.9292705270878536,0.9556962025316456,0.9556962025316456,2.151898734177215,0.021518987341772152,0.07520954733580207,0.6736633784101945,1.3597674718406578,0.012419663010353632,0.8785307423321789,1.0,0.11392405063291139
gamma_shape_2,gamma,"{""centered_and_standardized"":true,""scale"":1.0,""shape"":2.0}",100,exploratory,insufficient,200,15,15,0.075,0.04597491718438201,0.12004361023629456,0,0.0,0.0,0.20388330103584862,15,1.0,0.7961166989641515,1.0,-0.007350748496315172,0.06940828980653264,0.1110075749754499,0.07144036366897374,1.553849522516639,1.0,1.0,4.066666666666666,0.04066666666666667,0.1548233470081791,1.2642239108700217,2.017837825266235,0.03225416615619864,2.08870562707298,1.0,0.0
gamma_shape_2,gamma,"{""centered_and_standardized"":true,""scale"":1.0,""shape"":2.0}",200,exploratory,all,200,200,200,1.0,0.9811546736227335,1.0,9,0.045,0.023852543001492997,0.0832967040018196,191,0.955,0.9167032959981803,0.976147456998507,-0.0017710603296193098,0.06750991456290066,0.07069652471450243,0.06765603153165323,1.0449404600597463,0.98,0.98,4.175,0.020875000000000005,0.07432198679776554,1.0064650611087007,1.6531147248050015,0.009141205835013995,1.2474803374437355,1.0,0.09
gamma_shape_2,gamma,"{""centered_and_standardized"":true,""scale"":1.0,""shape"":2.0}",200,exploratory,acceptable,200,4,4,0.02,0.0078044264163494685,0.050287086905826436,0,0.0,0.0,0.4898908364545973,4,1.0,0.5101091635454027,1.0,0.026347657800434025,0.06721601920841526,0.06657503196796181,0.07140302670202225,0.9323838924334603,0.0,0.0,0.0,0.0,0.0,0.0,0.0,0.0,0.0,1.0,1.0
gamma_shape_2,gamma,"{""centered_and_standardized"":true,""scale"":1.0,""shape"":2.0}",200,exploratory,caution,200,187,187,0.935,0.8919809207009312,0.961623645350847,8,0.0427807486631016,0.02183453844814547,0.08213374466656415,179,0.9572192513368984,0.9178662553334359,0.9781654615518546,-0.0012929002880544753,0.06735613495406069,0.0705113191088353,0.06752451405662988,1.0442328996207293,1.0,1.0,4.160427807486631,0.020802139037433158,0.0733690907253231,0.9981763506626778,1.6226685341567382,0.008836115377419119,1.2197628141731989,1.0,0.0748663101604278
gamma_shape_2,gamma,"{""centered_and_standardized"":true,""scale"":1.0,""shape"":2.0}",200,exploratory,insufficient,200,9,9,0.045,0.023852543001492997,0.0832967040018196,1,0.1111111111111111,0.019890887638544907,0.434999705576656,8,0.8888888888888888,0.5650002944233439,0.9801091123614551,-0.024203371473267878,0.07075387121135956,0.07637646018627071,0.0705184053159935,1.0830712896020156,1.0,1.0,6.333333333333333,0.03166666666666667,0.12715304376863237,1.7870650113311737,2.0749373239669007,0.019543065713935985,2.377824582039878,1.0,0.0
gamma_shape_2,gamma,"{""centered_and_standardized"":true,""scale"":1.0,""shape"":2.0}",500,exploratory,all,200,200,200,1.0,0.9811546736227335,1.0,9,0.045,0.023852543001492997,0.0832967040018196,191,0.955,0.9167032959981803,0.976147456998507,-0.0014101685185355986,0.04329505578251186,0.04457101886084784,0.04338067188768843,1.027439569775249,1.0,1.0,9.405,0.018809999999999997,0.06799585801297012,1.4753626069722476,2.1618073976224417,0.005336164772707681,1.7416273736921528,1.0,0.02
gamma_shape_2,gamma,"{""centered_and_standardized"":true,""scale"":1.0,""shape"":2.0}",500,exploratory,acceptable,200,0,0,0.0,1.734723475976807e-18,0.018845326377266575,0,nan,nan,nan,0,nan,nan,nan,nan,nan,nan,nan,nan,nan,nan,nan,nan,nan,nan,nan,nan,nan,nan,nan
gamma_shape_2,gamma,"{""centered_and_standardized"":true,""scale"":1.0,""shape"":2.0}",500,exploratory,caution,200,199,199,0.995,0.9722262956021069,0.9991168312843989,9,0.04522613065326633,0.023973316045364932,0.08370417231267992,190,0.9547738693467337,0.9162958276873201,0.976026683954635,-0.001160662530031451,0.0432525049364313,0.044556965815605906,0.04334597584270216,1.02793777160072,1.0,1.0,9.402010050251256,0.018804020100502514,0.06788530321586693,1.475350203136578,2.161884699506394,0.005311124382608924,1.7366636309735162,1.0,0.020100502512562814
gamma_shape_2,gamma,"{""centered_and_standardized"":true,""scale"":1.0,""shape"":2.0}",500,exploratory,insufficient,200,1,1,0.005,0.0008831687156009814,0.02777370439789293,0,0.0,0.0,0.7934506856227626,1,1.0,0.20654931437723745,1.0,-0.05106186023086086,0.05106186023086086,0.04736757486399152,nan,nan,1.0,1.0,10.0,0.02,0.08999626263650327,1.8999550408673713,1.8999550408673713,0.010319202402360533,2.729412174700787,1.0,0.0
gamma_shape_2,gamma,"{""centered_and_standardized"":true,""scale"":1.0,""shape"":2.0}",750,exploratory,all,200,200,200,1.0,0.9811546736227335,1.0,12,0.06,0.03465219425433187,0.1019316929576627,188,0.94,0.8980683070423372,0.9653478057456681,0.002321715126073189,0.03517467095167675,0.036503763909230776,0.03518603988010467,1.0374501942706882,1.0,1.0,13.5,0.018,0.06585471449697654,1.8031644669755336,2.3878793024806826,0.004254040248742429,2.047469758552852,1.0,0.01
gamma_shape_2,gamma,"{""centered_and_standardized"":true,""scale"":1.0,""shape"":2.0}",750,exploratory,acceptable,200,0,0,0.0,1.734723475976807e-18,0.018845326377266575,0,nan,nan,nan,0,nan,nan,nan,nan,nan,nan,nan,nan,nan,nan,nan,nan,nan,nan,nan,nan,nan,nan,nan
gamma_shape_2,gamma,"{""centered_and_standardized"":true,""scale"":1.0,""shape"":2.0}",750,exploratory,caution,200,199,199,0.995,0.9722262956021069,0.9991168312843989,12,0.06030150753768844,0.034828024751301506,0.10242921537387994,187,0.9396984924623115,0.8975707846261199,0.9651719752486984,0.002260236498718867,0.03524783890042315,0.036492221946244595,0.03526401105212345,1.0348290185227578,1.0,1.0,13.492462311557789,0.01798994974874372,0.0657986649142331,1.8021905997076895,2.3885309314624186,0.0042462616282044376,2.046362923282417,1.0,0.010050251256281407
gamma_shape_2,gamma,"{""centered_and_standardized"":true,""scale"":1.0,""shape"":2.0}",750,exploratory,insufficient,200,1,1,0.005,0.0008831687156009814,0.02777370439789293,0,0.0,0.0,0.7934506856227626,1,1.0,0.20654931437723745,1.0,0.014555961969583357,0.014555961969583357,0.038800614543481625,nan,nan,1.0,1.0,15.0,0.02,0.0770085814629226,1.9847258186239163,1.9847258186239163,0.005801985735802713,2.2677299773695014,1.0,0.0
gamma_shape_2,gamma,"{""centered_and_standardized"":true,""scale"":1.0,""shape"":2.0}",2000,exploratory,all,200,200,200,1.0,0.9811546736227335,1.0,5,0.025,0.010724719651761264,0.05717834040664198,195,0.975,0.942821659593358,0.9892752803482386,0.0017618603253225856,0.021358408718541826,0.022422546827118004,0.02133903096193239,1.05077624504686,1.0,1.0,37.32,0.01866,0.06818761257550539,3.030158835612726,3.656000406371084,0.0027054536815096977,3.4559148468415213,1.0,0.0
gamma_shape_2,gamma,"{""centered_and_standardized"":true,""scale"":1.0,""shape"":2.0}",2000,exploratory,acceptable,200,0,0,0.0,1.734723475976807e-18,0.018845326377266575,0,nan,nan,nan,0,nan,nan,nan,nan,nan,nan,nan,nan,nan,nan,nan,nan,nan,nan,nan,nan,nan,nan,nan
gamma_shape_2,gamma,"{""centered_and_standardized"":true,""scale"":1.0,""shape"":2.0}",2000,exploratory,caution,200,200,200,1.0,0.9811546736227335,1.0,5,0.025,0.010724719651761264,0.05717834040664198,195,0.975,0.942821659593358,0.9892752803482386,0.0017618603253225856,0.021358408718541826,0.022422546827118004,0.02133903096193239,1.05077624504686,1.0,1.0,37.32,0.01866,0.06818761257550539,3.030158835612726,3.656000406371084,0.0027054536815096977,3.4559148468415213,1.0,0.0
gamma_shape_2,gamma,"{""centered_and_standardized"":true,""scale"":1.0,""shape"":2.0}",2000,exploratory,insufficient,200,0,0,0.0,1.734723475976807e-18,0.018845326377266575,0,nan,nan,nan,0,nan,nan,nan,nan,nan,nan,nan,nan,nan,nan,nan,nan,nan,nan,nan,nan,nan,nan,nan
gamma_shape_4,gamma,"{""centered_and_standardized"":true,""scale"":1.0,""shape"":4.0}",5,exploratory,all,200,200,200,1.0,0.9811546736227335,1.0,5,0.025,0.010724719651761264,0.05717834040664198,195,0.975,0.942821659593358,0.9892752803482386,0.035423377453147505,0.4422662117739506,0.4364592429429777,0.44195157242455363,0.9875725535912342,0.295,0.295,0.36,0.07200000000000001,0.12551715264834734,0.0,0.9610377681475447,0.07597194065505491,1.9820212581772294,0.06,0.585
gamma_shape_4,gamma,"{""centered_and_standardized"":true,""scale"":1.0,""shape"":4.0}",5,exploratory,acceptable,200,104,104,0.52,0.4510378507281424,0.588208336216767,3,0.028846153846153848,0.009858182902777006,0.08140040102511037,101,0.9711538461538461,0.9185995989748896,0.9901418170972229,0.05063113945499233,0.44569264335320463,0.4245568834922287,0.44495178844206096,0.9541637869998404,0.0,0.0,0.0,0.0,0.0,0.0,0.0,0.0,0.0,0.0,1.0
gamma_shape_4,gamma,"{""centered_and_standardized"":true,""scale"":1.0,""shape"":4.0}",5,exploratory,caution,200,0,0,0.0,1.734723475976807e-18,0.018845326377266575,0,nan,nan,nan,0,nan,nan,nan,nan,nan,nan,nan,nan,nan,nan,nan,nan,nan,nan,nan,nan,nan,nan,nan
gamma_shape_4,gamma,"{""centered_and_standardized"":true,""scale"":1.0,""shape"":4.0}",5,exploratory,insufficient,200,96,96,0.48,0.411791663783233,0.5489621492718576,2,0.020833333333333332,0.005731969852430421,0.07280713517784211,94,0.9791666666666666,0.9271928648221579,0.9942680301475697,0.01894830195114894,0.4385240331225544,0.449353465681289,0.44041430004517784,1.0202971739001077,0.6145833333333334,0.6145833333333334,0.75,0.15,0.26149406801739034,0.8594323309060984,0.9877679626528832,0.15827487636469773,4.129210954535895,0.125,0.13541666666666666
gamma_shape_4,gamma,"{""centered_and_standardized"":true,""scale"":1.0,""shape"":4.0}",8,exploratory,all,200,200,200,1.0,0.9811546736227335,1.0,16,0.08,0.049840585889759974,0.12598948826714396,184,0.92,0.874010511732856,0.9501594141102401,0.00011673919416186784,0.35344247264573503,0.32991087934031343,0.35432938689016685,0.9310852882845347,0.18,0.18,0.225,0.028125,0.07145683237411891,0.0,0.8301785336157285,0.03440524818053919,0.4378600960028253,0.105,0.75
gamma_shape_4,gamma,"{""centered_and_standardized"":true,""scale"":1.0,""shape"":4.0}",8,exploratory,acceptable,200,140,140,0.7,0.6332093162728074,0.7592525531762859,12,0.08571428571428572,0.04971124458699671,0.14384532143337403,128,0.9142857142857143,0.8561546785666259,0.9502887554130033,-0.030787790657962992,0.35819516731539874,0.3069468094810836,0.35815097271650376,0.8570319023649531,0.0,0.0,0.0,0.0,0.0,0.0,0.0,0.0,0.0,0.0,1.0
gamma_shape_4,gamma,"{""centered_and_standardized"":true,""scale"":1.0,""shape"":4.0}",8,exploratory,caution,200,0,0,0.0,1.734723475976807e-18,0.018845326377266575,0,nan,nan,nan,0,nan,nan,nan,nan,nan,nan,nan,nan,nan,nan,nan,nan,nan,nan,nan,nan,nan,nan,nan
gamma_shape_4,gamma,"{""centered_and_standardized"":true,""scale"":1.0,""shape"":4.0}",8,exploratory,insufficient,200,60,60,0.3,0.24074744682371402,0.36679068372719265,4,0.06666666666666667,0.026228698724506214,0.1592535731319717,56,0.9333333333333333,0.8407464268680283,0.9737713012754938,0.07222730884911986,0.34209617043679696,0.3834937090118496,0.3372063780142572,1.1372670685239392,0.6,0.6,0.75,0.09375,0.23818944124706307,0.7688416441469075,1.004736658321906,0.11468416060179729,1.4595336533427514,0.35,0.16666666666666666
gamma_shape_4,gamma,"{""centered_and_standardized"":true,""scale"":1.0,""shape"":4.0}",10,exploratory,all,200,200,200,1.0,0.9811546736227335,1.0,11,0.055,0.03098534170345884,0.0957869987723084,189,0.945,0.9042130012276914,0.9690146582965411,-0.008755044971442747,0.2989922659925904,0.31581943898637144,0.29961403029008044,1.0540876162594963,0.245,0.245,0.33,0.03300000000000001,0.08667969657677743,0.0,0.8354750155022851,0.03597633346319626,0.5200192975031053,0.21,0.7
gamma_shape_4,gamma,"{""centered_and_standardized"":true,""scale"":1.0,""shape"":4.0}",10,exploratory,acceptable,200,125,125,0.625,0.5561430369897816,0.6891456314159018,8,0.064,0.0327835795958678,0.12121544371779289,117,0.936,0.8787845562822072,0.9672164204041322,-0.02625158129546555,0.2897263892628005,0.28879162328715263,0.2896957440274334,0.9968790679223952,0.0,0.0,0.0,0.0,0.0,0.0,0.0,0.0,0.0,0.008,1.0
gamma_shape_4,gamma,"{""centered_and_standardized"":true,""scale"":1.0,""shape"":4.0}",10,exploratory,caution,200,0,0,0.0,1.734723475976807e-18,0.018845326377266575,0,nan,nan,nan,0,nan,nan,nan,nan,nan,nan,nan,nan,nan,nan,nan,nan,nan,nan,nan,nan,nan,nan,nan
gamma_shape_4,gamma,"{""centered_and_standardized"":true,""scale"":1.0,""shape"":4.0}",10,exploratory,insufficient,200,75,75,0.375,0.31085436858409826,0.44385696301021843,3,0.04,0.013696064260143935,0.11112987082403747,72,0.96,0.8888701291759625,0.9863039357398561,0.02040584890192859,0.31382803030256995,0.36086579848506933,0.31527278075445136,1.1446145069089484,0.6533333333333333,0.6533333333333333,0.88,0.088,0.23114585753807304,0.7566404905207427,1.2859555956433881,0.09593688923519002,1.3867181266749475,0.5466666666666666,0.2
gamma_shape_4,gamma,"{""centered_and_standardized"":true,""scale"":1.0,""shape"":4.0}",15,exploratory,all,200,200,200,1.0,0.9811546736227335,1.0,14,0.07,0.042152171828342806,0.11405480885610647,186,0.93,0.8859451911438936,0.9578478281716571,-0.0023180089895149243,0.2576393804467839,0.24872522069214,0.25827545030933474,0.9630230840532599,0.23,0.23,0.28,0.018666666666666668,0.05130161188376934,0.0,0.7495954889766182,0.018062118157775062,0.2754934577500493,0.26,0.72
gamma_shape_4,gamma,"{""centered_and_standardized"":true,""scale"":1.0,""shape"":4.0}",15,exploratory,acceptable,200,138,138,0.69,0.6228282243374195,0.750010551639219,12,0.08695652173913043,0.05044201073627726,0.14584375121354387,126,0.9130434782608695,0.854156248786456,0.9495579892637227,-0.009723671307259622,0.26147520998615975,0.23723984539728643,0.26224624189549917,0.9046453580517757,0.0,0.0,0.0,0.0,0.0,0.0,0.0,0.0,0.0,0.050724637681159424,1.0
gamma_shape_4,gamma,"{""centered_and_standardized"":true,""scale"":1.0,""shape"":4.0}",15,exploratory,caution,200,0,0,0.0,1.734723475976807e-18,0.018845326377266575,0,nan,nan,nan,0,nan,nan,nan,nan,nan,nan,nan,nan,nan,nan,nan,nan,nan,nan,nan,nan,nan,nan,nan
gamma_shape_4,gamma,"{""centered_and_standardized"":true,""scale"":1.0,""shape"":4.0}",15,exploratory,insufficient,200,62,62,0.31,0.2499894483607809,0.37717177566258037,2,0.03225806451612903,0.008891371499816635,0.11020469594985441,60,0.967741935483871,0.8897953040501456,0.9911086285001833,0.014165561975787794,0.2488894261887892,0.27428944312262055,0.2505144727992378,1.0949045779979187,0.7419354838709677,0.7419354838709677,0.9032258064516129,0.06021505376344088,0.1654890705928043,0.696038900096271,1.1562154091023684,0.05826489728314538,0.8886885733872557,0.7258064516129032,0.0967741935483871
gamma_shape_4,gamma,"{""centered_and_standardized"":true,""scale"":1.0,""shape"":4.0}",20,exploratory,all,200,200,200,1.0,0.9811546736227335,1.0,10,0.05,0.02738264560076393,0.08957814813877599,190,0.95,0.9104218518612239,0.972617354399236,0.0025947146710740836,0.2096051031085387,0.21814271067393812,0.21011498815207733,1.0382063297457413,0.25,0.25,0.305,0.01525,0.04760140529613402,0.0,0.7550040840832505,0.01674791535103012,0.28788041380947577,0.325,0.725
gamma_shape_4,gamma,"{""centered_and_standardized"":true,""scale"":1.0,""shape"":4.0}",20,exploratory,acceptable,200,136,136,0.68,0.6124810156588646,0.7407346668453195,7,0.051470588235294115,0.025153173635273883,0.10243029818455737,129,0.9485294117647058,0.8975697018154425,0.9748468263647261,0.001098270266879633,0.2025495602643134,0.20938865740242635,0.2032953711472002,1.0299725774415895,0.0,0.0,0.0,0.0,0.0,0.0,0.0,0.0,0.0,0.07352941176470588,1.0
gamma_shape_4,gamma,"{""centered_and_standardized"":true,""scale"":1.0,""shape"":4.0}",20,exploratory,caution,200,0,0,0.0,1.734723475976807e-18,0.018845326377266575,0,nan,nan,nan,0,nan,nan,nan,nan,nan,nan,nan,nan,nan,nan,nan,nan,nan,nan,nan,nan,nan,nan,nan
gamma_shape_4,gamma,"{""centered_and_standardized"":true,""scale"":1.0,""shape"":4.0}",20,exploratory,insufficient,200,64,64,0.32,0.25926533315468053,0.38751898434113546,3,0.046875,0.016069016786292974,0.12899653740093686,61,0.953125,0.8710034625990631,0.983930983213707,0.005774659029987299,0.22386099678511287,0.23674507387590069,0.22555559440203723,1.0496085211432131,0.78125,0.78125,0.953125,0.04765625,0.1487543915504188,0.6836285293209926,1.1224952698416095,0.052337235471969126,0.8996262931546116,0.859375,0.140625
gamma_shape_4,gamma,"{""centered_and_standardized"":true,""scale"":1.0,""shape"":4.0}",30,exploratory,all,200,200,200,1.0,0.9811546736227335,1.0,13,0.065,0.03837635464915299,0.10801907929906895,187,0.935,0.8919809207009312,0.961623645350847,-0.0203944183038156,0.19896409396760595,0.17620020434680328,0.19841274271770737,0.8880488316090309,0.305,0.305,0.41,0.013666666666666667,0.04265443005473169,0.0,0.691896268353642,0.011918184527550254,0.32216422987868115,0.485,0.67
gamma_shape_4,gamma,"{""centered_and_standardized"":true,""scale"":1.0,""shape"":4.0}",30,exploratory,acceptable,200,121,121,0.605,0.5358834915928536,0.6701589898679203,10,0.08264462809917356,0.045509049437406586,0.14546483893197612,111,0.9173553719008265,0.854535161068024,0.9544909505625935,-0.0211865243584008,0.20262383457713593,0.16872719261170535,0.2023510458841014,0.8338340524730746,0.0,0.0,0.0,0.0,0.0,0.0,0.0,0.0,0.0,0.18181818181818182,1.0
gamma_shape_4,gamma,"{""centered_and_standardized"":true,""scale"":1.0,""shape"":4.0}",30,exploratory,caution,200,0,0,0.0,1.734723475976807e-18,0.018845326377266575,0,nan,nan,nan,0,nan,nan,nan,nan,nan,nan,nan,nan,nan,nan,nan,nan,nan,nan,nan,nan,nan,nan,nan
gamma_shape_4,gamma,"{""centered_and_standardized"":true,""scale"":1.0,""shape"":4.0}",30,exploratory,insufficient,200,79,79,0.395,0.32984101013207967,0.46411650840714636,3,0.0379746835443038,0.012998086889435871,0.10580062767684709,76,0.9620253164556962,0.8941993723231529,0.9870019131105641,-0.0191811925746408,0.19322432423737468,0.1876462096625862,0.19349849217407508,0.96975541025806,0.7721518987341772,0.7721518987341772,1.0379746835443038,0.03459915611814345,0.10798589887273843,0.5848666521526709,1.0572834007979128,0.030172619057089248,0.8156056452624839,0.9493670886075949,0.16455696202531644
gamma_shape_4,gamma,"{""centered_and_standardized"":true,""scale"":1.0,""shape"":4.0}",40,exploratory,all,200,200,200,1.0,0.9811546736227335,1.0,12,0.06,0.03465219425433187,0.1019316929576627,188,0.94,0.8980683070423372,0.9653478057456681,0.0005615787594384758,0.1497697841795311,0.1585617979837163,0.15014456311048516,1.056060870262996,0.4,0.4,0.525,0.013125,0.04477363957084586,0.0,0.7164071728025383,0.011283541076256154,0.3378318073210487,0.625,0.635
gamma_shape_4,gamma,"{""centered_and_standardized"":true,""scale"":1.0,""shape"":4.0}",40,exploratory,acceptable,200,109,109,0.545,0.47578611372488105,0.6125178069011651,8,0.07339449541284404,0.03765708283283439,0.13817774798251642,101,0.926605504587156,0.8618222520174836,0.9623429171671656,-0.016260696446984683,0.1484824916176579,0.15223464964526492,0.14827114075162445,1.0267314925449984,0.0,0.0,0.0,0.0,0.0,0.0,0.0,0.0,0.0,0.3761467889908257,1.0
gamma_shape_4,gamma,"{""centered_and_standardized"":true,""scale"":1.0,""shape"":4.0}",40,exploratory,caution,200,18,18,0.09,0.05768744886219316,0.13776571876716542,2,0.1111111111111111,0.03101952264561239,0.32799765130178804,16,0.8888888888888888,0.672002348698212,0.9689804773543876,0.01850364747925778,0.18470433368008382,0.14712347721275956,0.18910306968345691,0.7780068163834265,1.0,1.0,1.0,0.025000000000000005,0.06773333095952533,0.4621955145036354,0.49898346823939904,0.013289129141332297,0.5182000465050165,0.6111111111111112,1.0
gamma_shape_4,gamma,"{""centered_and_standardized"":true,""scale"":1.0,""shape"":4.0}",40,exploratory,insufficient,200,73,73,0.365,0.301405264649268,0.433682973472594,2,0.0273972602739726,0.007545758679607641,0.09450148171690531,71,0.9726027397260274,0.9054985182830946,0.9924542413203923,0.021255698766881992,0.1418559335865678,0.17082959172027007,0.1412250462198901,1.209626736140593,0.8493150684931506,0.8493150684931506,1.1917808219178083,0.029794520547945208,0.10596613639585914,0.5584523749474088,1.0530725219311403,0.027637039598729443,0.7977912414673897,1.0,0.0
gamma_shape_4,gamma,"{""centered_and_standardized"":true,""scale"":1.0,""shape"":4.0}",50,exploratory,all,200,200,200,1.0,0.9811546736227335,1.0,8,0.04,0.020405632066152306,0.07693206820093293,192,0.96,0.923067931799067,0.9795943679338476,0.005296344698316333,0.13878383655444868,0.14056665760943696,0.1390307511684406,1.011047242628615,0.41,0.41,0.52,0.0104,0.036999762130338974,0.0,0.6884490538822164,0.008809799683583076,0.3044395545053258,0.785,0.645
gamma_shape_4,gamma,"{""centered_and_standardized"":true,""scale"":1.0,""shape"":4.0}",50,exploratory,acceptable,200,108,108,0.54,0.4708228918895333,0.6076694820002854,4,0.037037037037037035,0.014495541339902766,0.09138164361061299,104,0.9629629629629629,0.9086183563893868,0.9855044586600972,0.003942889730858587,0.13064295507162116,0.13562804967037675,0.13119222593807922,1.0338116355643754,0.0,0.0,0.0,0.0,0.0,0.0,0.0,0.0,0.0,0.6296296296296297,1.0
gamma_shape_4,gamma,"{""centered_and_standardized"":true,""scale"":1.0,""shape"":4.0}",50,exploratory,caution,200,17,17,0.085,0.05374575017747561,0.13189587071565567,1,0.058823529411764705,0.010460400984997592,0.26982030637575405,16,0.9411764705882353,0.7301796936242461,0.9895395990150025,-0.0011165906325898863,0.13684600533100402,0.1345376144447179,0.1410529379362166,0.9538093740773773,1.0,1.0,1.0,0.02,0.05824358035645951,0.4278247904017188,0.4655935222333935,0.010827409545920324,0.4853281493337404,0.8235294117647058,1.0
gamma_shape_4,gamma,"{""centered_and_standardized"":true,""scale"":1.0,""shape"":4.0}",50,exploratory,insufficient,200,75,75,0.375,0.31085436858409826,0.44385696301021843,3,0.04,0.013696064260143935,0.11112987082403747,72,0.96,0.8888701291759625,0.9863039357398561,0.0086989185264609,0.15013486102457593,0.14904483615902003,0.15089196055950743,0.9877586294615149,0.8666666666666667,0.8666666666666667,1.16,0.023200000000000002,0.08546415413343977,0.5426666720763739,0.9221568615916855,0.021038586325812934,0.7018310981652209,1.0,0.05333333333333334
gamma_shape_4,gamma,"{""centered_and_standardized"":true,""scale"":1.0,""shape"":4.0}",80,exploratory,all,200,200,200,1.0,0.9811546736227335,1.0,13,0.065,0.03837635464915299,0.10801907929906895,187,0.935,0.8919809207009312,0.961623645350847,-0.0018470417143365036,0.11369443323505982,0.11208526920480671,0.11396469781157405,0.9835086773109799,0.545,0.545,0.98,0.01225,0.04244618180700885,0.34291451646677074,0.9656744412448882,0.007695043545440163,0.44602898789567647,0.885,0.635
gamma_shape_4,gamma,"{""centered_and_standardized"":true,""scale"":1.0,""shape"":4.0}",80,exploratory,acceptable,200,87,87,0.435,0.36815725502699076,0.504292637402054,6,0.06896551724137931,0.031988839442576765,0.14239694240580283,81,0.9310344827586207,0.8576030575941972,0.9680111605574232,0.009008941232109078,0.1143032282400406,0.10882335228782082,0.11460822172430782,0.9495248303354483,0.0,0.0,0.0,0.0,0.0,0.0,0.0,0.0,0.0,0.7471264367816092,1.0
gamma_shape_4,gamma,"{""centered_and_standardized"":true,""scale"":1.0,""shape"":4.0}",80,exploratory,caution,200,107,107,0.535,0.4658664687236316,0.6028143584299599,7,0.06542056074766354,0.03204830428813078,0.1289154633356414,100,0.9345794392523364,0.8710845366643586,0.9679516957118693,-0.01302717522737794,0.11523969256342333,0.11415136946324961,0.11503983317130687,0.9922769037161743,0.9626168224299065,0.9626168224299065,1.7570093457943925,0.021962616822429913,0.07431370580638001,0.5069005516104323,1.0620132007446113,0.01289650761980404,0.7865285838488546,0.9906542056074766,0.37383177570093457
gamma_shape_4,gamma,"{""centered_and_standardized"":true,""scale"":1.0,""shape"":4.0}",80,exploratory,insufficient,200,6,6,0.03,0.013820314340111346,0.06389429245451925,0,0.0,2.7755575615628914e-17,0.3903342879021653,6,1.0,0.6096657120978346,1.0,0.0401202532114417,0.06786016692683385,0.12253760989220373,0.05995365747896511,2.043872134659947,1.0,1.0,1.3333333333333333,0.016666666666666666,0.08961164001985145,0.6065940270987815,0.9831180668152995,0.026513732294833402,0.8412065178846437,1.0,0.0
gamma_shape_4,gamma,"{""centered_and_standardized"":true,""scale"":1.0,""shape"":4.0}",100,exploratory,all,200,200,200,1.0,0.9811546736227335,1.0,8,0.04,0.020405632066152306,0.07693206820093293,192,0.96,0.923067931799067,0.9795943679338476,-0.008058315198983736,0.09100782147663788,0.09849146699996007,0.09087783575346403,1.0837787474071292,0.575,0.575,1.01,0.0101,0.0354916279469534,0.32180250151418976,0.9486254075345284,0.005905053933580064,0.4175560258654308,0.955,0.645
gamma_shape_4,gamma,"{""centered_and_standardized"":true,""scale"":1.0,""shape"":4.0}",100,exploratory,acceptable,200,82,82,0.41,0.34415674908482885,0.4792354096630791,4,0.04878048780487805,0.019131065567745804,0.1188146192257594,78,0.9512195121951219,0.8811853807742406,0.9808689344322542,-0.0023346363554132684,0.0872495330449045,0.09521489452134996,0.08775502519117699,1.0850078877411455,0.0,0.0,0.0,0.0,0.0,0.0,0.0,0.0,0.0,0.8902439024390244,1.0
gamma_shape_4,gamma,"{""centered_and_standardized"":true,""scale"":1.0,""shape"":4.0}",100,exploratory,caution,200,114,114,0.57,0.5007048776415268,0.6366567766656557,4,0.03508771929824561,0.013727941234497623,0.08675841508863581,110,0.9649122807017544,0.9132415849113642,0.9862720587655025,-0.010670615066528482,0.09424925054783331,0.10070477685976845,0.09405669299290441,1.0706816671447885,0.9736842105263158,0.9736842105263158,1.7105263157894737,0.017105263157894738,0.05935601688666458,0.40515073005561797,1.0213608394089981,0.009597078368891815,0.6918392708191566,1.0,0.41228070175438597
gamma_shape_4,gamma,"{""centered_and_standardized"":true,""scale"":1.0,""shape"":4.0}",100,exploratory,insufficient,200,4,4,0.02,0.0078044264163494685,0.050287086905826436,0,0.0,0.0,0.4898908364545973,4,1.0,0.5101091635454027,1.0,-0.05094318526715292,0.07001473155857733,0.10258187180692764,0.05545994963402183,1.849656779060595,1.0,1.0,1.75,0.017499999999999998,0.08293491607772974,0.762449756595464,1.0865210086955037,0.021735963165586507,1.1603820749255698,1.0,0.0
gamma_shape_4,gamma,"{""centered_and_standardized"":true,""scale"":1.0,""shape"":4.0}",200,exploratory,all,200,200,200,1.0,0.9811546736227335,1.0,9,0.045,0.023852543001492997,0.0832967040018196,191,0.955,0.9167032959981803,0.976147456998507,0.0035994837440270944,0.07303337871338747,0.07130776173317624,0.07312767195183392,0.9751132482399224,0.835,0.835,2.065,0.010324999999999999,0.03839339735210321,0.48726452397960845,1.082753926958149,0.004665028097229977,0.5978937632512854,1.0,0.575
gamma_shape_4,gamma,"{""centered_and_standardized"":true,""scale"":1.0,""shape"":4.0}",200,exploratory,acceptable,200,33,33,0.165,0.11996855328217307,0.2226578153905955,0,0.0,0.0,0.10426999754245206,33,1.0,0.895730002457548,1.0,0.011908382038185476,0.062258888907776325,0.06934009234647003,0.06205689667899885,1.1173631950231881,0.0,0.0,0.0,0.0,0.0,0.0,0.0,0.0,0.0,1.0,1.0
gamma_shape_4,gamma,"{""centered_and_standardized"":true,""scale"":1.0,""shape"":4.0}",200,exploratory,caution,200,167,167,0.835,0.7773421846094045,0.8800314467178268,9,0.05389221556886228,0.028608758616566768,0.09923760239828343,158,0.9461077844311377,0.9007623976017166,0.9713912413834332,0.0019576056379957984,0.07497949005284325,0.07169658262995052,0.07517935643982886,0.9536738012293862,1.0,1.0,2.4730538922155687,0.01236526946107784,0.045980116589345164,0.5320111493157046,1.1336901745967478,0.005586859996682608,0.7160404350314796,1.0,0.49101796407185627
gamma_shape_4,gamma,"{""centered_and_standardized"":true,""scale"":1.0,""shape"":4.0}",200,exploratory,insufficient,200,0,0,0.0,1.734723475976807e-18,0.018845326377266575,0,nan,nan,nan,0,nan,nan,nan,nan,nan,nan,nan,nan,nan,nan,nan,nan,nan,nan,nan,nan,nan,nan,nan
gamma_shape_4,gamma,"{""centered_and_standardized"":true,""scale"":1.0,""shape"":4.0}",500,exploratory,all,200,200,200,1.0,0.9811546736227335,1.0,10,0.05,0.02738264560076393,0.08957814813877599,190,0.95,0.9104218518612239,0.972617354399236,0.0026882278423035278,0.045150816118872165,0.04486098368195496,0.045183819170608874,0.9928550641672205,0.975,0.975,4.885,0.009770000000000001,0.0364897864781108,0.7837842260187242,1.3092648923522292,0.0028160953386818736,0.8701473885732642,1.0,0.495
gamma_shape_4,gamma,"{""centered_and_standardized"":true,""scale"":1.0,""shape"":4.0}",500,exploratory,acceptable,200,5,5,0.025,0.010724719651761264,0.05717834040664198,1,0.2,0.03622410863243014,0.6244653702374747,4,0.8,0.37553462976252533,0.9637758913675698,-0.01290815150902839,0.04851471188107752,0.042851007982300064,0.052285955254780574,0.8195510204125446,0.0,0.0,0.0,0.0,0.0,0.0,0.0,0.0,0.0,1.0,1.0
gamma_shape_4,gamma,"{""centered_and_standardized"":true,""scale"":1.0,""shape"":4.0}",500,exploratory,caution,200,195,195,0.975,0.942821659593358,0.9892752803482386,9,0.046153846153846156,0.024468892331212376,0.08537469335878062,186,0.9538461538461539,0.9146253066412194,0.9755311076687877,0.003088135005158191,0.04506126046102137,0.04491252152040765,0.04507103329616823,0.9964830676341725,1.0,1.0,5.01025641025641,0.010020512820512821,0.03742542202883159,0.7878469202221601,1.3094035439939744,0.002888302911468588,0.8924588600751427,1.0,0.48205128205128206
gamma_shape_4,gamma,"{""centered_and_standardized"":true,""scale"":1.0,""shape"":4.0}",500,exploratory,insufficient,200,0,0,0.0,1.734723475976807e-18,0.018845326377266575,0,nan,nan,nan,0,nan,nan,nan,nan,nan,nan,nan,nan,nan,nan,nan,nan,nan,nan,nan,nan,nan,nan,nan
gamma_shape_4,gamma,"{""centered_and_standardized"":true,""scale"":1.0,""shape"":4.0}",750,exploratory,all,200,200,200,1.0,0.9811546736227335,1.0,7,0.035,0.017055542008567192,0.07047061152229073,193,0.965,0.9295293884777092,0.9829444579914328,0.000123815934493674,0.03343706503260106,0.03651090514211888,0.033520742661097405,1.0892033482447785,0.995,0.995,7.005,0.009340000000000001,0.03515593150805938,0.8853156118073222,1.498093355743937,0.0022386364242099168,1.0310065736874878,1.0,0.52
gamma_shape_4,gamma,"{""centered_and_standardized"":true,""scale"":1.0,""shape"":4.0}",750,exploratory,acceptable,200,1,1,0.005,0.0008831687156009814,0.02777370439789293,0,0.0,0.0,0.7934506856227626,1,1.0,0.20654931437723745,1.0,-0.011205478582236755,0.011205478582236755,0.03527207667497082,nan,nan,0.0,0.0,0.0,0.0,0.0,0.0,0.0,0.0,0.0,1.0,1.0
gamma_shape_4,gamma,"{""centered_and_standardized"":true,""scale"":1.0,""shape"":4.0}",750,exploratory,caution,200,199,199,0.995,0.9722262956021069,0.9991168312843989,7,0.035175879396984924,0.017141766602341124,0.0708158872442793,192,0.964824120603015,0.9291841127557207,0.9828582333976589,0.00018074706271845056,0.033511559608290505,0.036517130410798015,0.03359558950865831,1.086962037126533,1.0,1.0,7.040201005025126,0.009386934673366834,0.03533259448046169,0.8864495703341586,1.4999136693793187,0.0022498858534773037,1.0361875112437062,1.0,0.5175879396984925
gamma_shape_4,gamma,"{""centered_and_standardized"":true,""scale"":1.0,""shape"":4.0}",750,exploratory,insufficient,200,0,0,0.0,1.734723475976807e-18,0.018845326377266575,0,nan,nan,nan,0,nan,nan,nan,nan,nan,nan,nan,nan,nan,nan,nan,nan,nan,nan,nan,nan,nan,nan,nan
gamma_shape_4,gamma,"{""centered_and_standardized"":true,""scale"":1.0,""shape"":4.0}",2000,exploratory,all,200,200,200,1.0,0.9811546736227335,1.0,12,0.06,0.03465219425433187,0.1019316929576627,188,0.94,0.8980683070423372,0.9653478057456681,-0.0019233502225700172,0.025827567323714076,0.022323493060508338,0.025820484987841723,0.8645652113436274,1.0,1.0,18.32,0.00916,0.03440616469253828,1.5403385392018167,1.9951398708214325,0.0013374814822298014,1.6495907944715045,1.0,0.53
gamma_shape_4,gamma,"{""centered_and_standardized"":true,""scale"":1.0,""shape"":4.0}",2000,exploratory,acceptable,200,0,0,0.0,1.734723475976807e-18,0.018845326377266575,0,nan,nan,nan,0,nan,nan,nan,nan,nan,nan,nan,nan,nan,nan,nan,nan,nan,nan,nan,nan,nan,nan,nan
gamma_shape_4,gamma,"{""centered_and_standardized"":true,""scale"":1.0,""shape"":4.0}",2000,exploratory,caution,200,200,200,1.0,0.9811546736227335,1.0,12,0.06,0.03465219425433187,0.1019316929576627,188,0.94,0.8980683070423372,0.9653478057456681,-0.0019233502225700172,0.025827567323714076,0.022323493060508338,0.025820484987841723,0.8645652113436274,1.0,1.0,18.32,0.00916,0.03440616469253828,1.5403385392018167,1.9951398708214325,0.0013374814822298014,1.6495907944715045,1.0,0.53
gamma_shape_4,gamma,"{""centered_and_standardized"":true,""scale"":1.0,""shape"":4.0}",2000,exploratory,insufficient,200,0,0,0.0,1.734723475976807e-18,0.018845326377266575,0,nan,nan,nan,0,nan,nan,nan,nan,nan,nan,nan,nan,nan,nan,nan,nan,nan,nan,nan,nan,nan,nan,nan
lognormal_sigma_0.25,lognormal,"{""centered_and_standardized"":true,""mu"":0.0,""severity"":""mild"",""sigma"":0.25}",5,exploratory,all,200,200,200,1.0,0.9811546736227335,1.0,12,0.06,0.03465219425433187,0.1019316929576627,188,0.94,0.8980683070423372,0.9653478057456681,-0.006871281101302486,0.4208860656504461,0.4197138570367392,0.4218860092236192,0.9948513291756763,0.24,0.24,0.32,0.064,0.09481585563999673,0.0,0.9553039407276717,0.06814832476726719,1.8380020800488324,0.085,0.68
lognormal_sigma_0.25,lognormal,"{""centered_and_standardized"":true,""mu"":0.0,""severity"":""mild"",""sigma"":0.25}",5,exploratory,acceptable,200,124,124,0.62,0.5510671801561923,0.6844099415132637,7,0.056451612903225805,0.027611270948101965,0.11194798459604759,117,0.9435483870967742,0.8880520154039525,0.9723887290518981,-0.008329143170769625,0.4152949413123587,0.41248112756238864,0.4168958429224051,0.9894105076004843,0.0,0.0,0.0,0.0,0.0,0.0,0.0,0.0,0.0,0.0,1.0
lognormal_sigma_0.25,lognormal,"{""centered_and_standardized"":true,""mu"":0.0,""severity"":""mild"",""sigma"":0.25}",5,exploratory,caution,200,0,0,0.0,1.734723475976807e-18,0.018845326377266575,0,nan,nan,nan,0,nan,nan,nan,nan,nan,nan,nan,nan,nan,nan,nan,nan,nan,nan,nan,nan,nan,nan,nan
lognormal_sigma_0.25,lognormal,"{""centered_and_standardized"":true,""mu"":0.0,""severity"":""mild"",""sigma"":0.25}",5,exploratory,insufficient,200,76,76,0.38,0.31559005848673627,0.44893281984380773,5,0.06578947368421052,0.028426532219532126,0.14493526533703452,71,0.9342105263157895,0.8550647346629656,0.9715734677804679,-0.004492664040592942,0.4298523293721671,0.43151462617910075,0.43268488793845844,0.9972953486660154,0.631578947368421,0.631578947368421,0.8421052631578947,0.16842105263157894,0.2495154095789388,0.8461780815279757,1.1059917241170587,0.17933769675596625,4.836847579075874,0.2236842105263158,0.15789473684210525
lognormal_sigma_0.25,lognormal,"{""centered_and_standardized"":true,""mu"":0.0,""severity"":""mild"",""sigma"":0.25}",8,exploratory,all,200,200,200,1.0,0.9811546736227335,1.0,8,0.04,0.020405632066152306,0.07693206820093293,192,0.96,0.923067931799067,0.9795943679338476,0.031066550332024226,0.35555210618962046,0.3412168411513639,0.35508109296221213,0.9609546887017055,0.18,0.18,0.23,0.02875,0.05859957552030656,0.0,0.8412173770556566,0.029824882577800926,0.3984199959561434,0.135,0.765
lognormal_sigma_0.25,lognormal,"{""centered_and_standardized"":true,""mu"":0.0,""severity"":""mild"",""sigma"":0.25}",8,exploratory,acceptable,200,144,144,0.72,0.6540769541334929,0.7776311022605097,4,0.027777777777777776,0.01085411795640967,0.06924153934534726,140,0.9722222222222222,0.9307584606546526,0.9891458820435903,0.05367743968099891,0.35113668576906026,0.33436095430877927,0.34822086730442164,0.9601979252336829,0.0,0.0,0.0,0.0,0.0,0.0,0.0,0.0,0.0,0.006944444444444444,1.0
lognormal_sigma_0.25,lognormal,"{""centered_and_standardized"":true,""mu"":0.0,""severity"":""mild"",""sigma"":0.25}",8,exploratory,caution,200,0,0,0.0,1.734723475976807e-18,0.018845326377266575,0,nan,nan,nan,0,nan,nan,nan,nan,nan,nan,nan,nan,nan,nan,nan,nan,nan,nan,nan,nan,nan,nan,nan
lognormal_sigma_0.25,lognormal,"{""centered_and_standardized"":true,""mu"":0.0,""severity"":""mild"",""sigma"":0.25}",8,exploratory,insufficient,200,56,56,0.28,0.22236889773949026,0.3459230458665071,4,0.07142857142857142,0.028126036578876953,0.16975448060863452,52,0.9285714285714286,0.8302455193913656,0.9718739634211231,-0.027075736565339275,0.36666197117178306,0.35884626446086715,0.36897013215433283,0.972561823271833,0.6428571428571429,0.6428571428571429,0.8214285714285714,0.10267857142857142,0.2092841982868092,0.7387572475958404,0.9201557272050016,0.10651743777786045,1.4229285569862264,0.4642857142857143,0.16071428571428573
lognormal_sigma_0.25,lognormal,"{""centered_and_standardized"":true,""mu"":0.0,""severity"":""mild"",""sigma"":0.25}",10,exploratory,all,200,200,200,1.0,0.9811546736227335,1.0,14,0.07,0.042152171828342806,0.11405480885610647,186,0.93,0.8859451911438936,0.9578478281716571,-0.03745473593060299,0.31683584023254396,0.30067178923820664,0.31540369348113,0.9532919095514499,0.18,0.18,0.21,0.021000000000000005,0.05231964502259159,0.0,0.7996544493208765,0.023342661905130947,0.3028602435264546,0.145,0.8
lognormal_sigma_0.25,lognormal,"{""centered_and_standardized"":true,""mu"":0.0,""severity"":""mild"",""sigma"":0.25}",10,exploratory,acceptable,200,151,151,0.755,0.6909575644379659,0.8094313191096282,11,0.0728476821192053,0.04116107175903339,0.12572872001578092,140,0.9271523178807947,0.8742712799842192,0.9588389282409666,-0.022482788642454024,0.31095259300851813,0.292139722885044,0.3111708205723512,0.9388403525359402,0.0,0.0,0.0,0.0,0.0,0.0,0.0,0.0,0.0,0.0,1.0
lognormal_sigma_0.25,lognormal,"{""centered_and_standardized"":true,""mu"":0.0,""severity"":""mild"",""sigma"":0.25}",10,exploratory,caution,200,0,0,0.0,1.734723475976807e-18,0.018845326377266575,0,nan,nan,nan,0,nan,nan,nan,nan,nan,nan,nan,nan,nan,nan,nan,nan,nan,nan,nan,nan,nan,nan,nan
lognormal_sigma_0.25,lognormal,"{""centered_and_standardized"":true,""mu"":0.0,""severity"":""mild"",""sigma"":0.25}",10,exploratory,insufficient,200,49,49,0.245,0.1905686808903718,0.30904243556203415,3,0.061224489795918366,0.02104014667296747,0.16520487835726402,46,0.9387755102040817,0.834795121642736,0.9789598533270324,-0.08359277757367434,0.3343153573934236,0.32696448351019775,0.327050304508723,0.9997375908313121,0.7346938775510204,0.7346938775510204,0.8571428571428571,0.08571428571428572,0.21354957152078202,0.7812542620297354,1.0318241830820158,0.09527617104135078,1.2361642592916513,0.5918367346938775,0.1836734693877551
lognormal_sigma_0.25,lognormal,"{""centered_and_standardized"":true,""mu"":0.0,""severity"":""mild"",""sigma"":0.25}",15,exploratory,all,200,200,200,1.0,0.9811546736227335,1.0,13,0.065,0.03837635464915299,0.10801907929906895,187,0.935,0.8919809207009312,0.961623645350847,0.011240347753805762,0.269633174148396,0.25218808718520974,0.2700748140974303,0.9337712145725374,0.18,0.18,0.255,0.017,0.043049993919664596,0.0,0.7082520268081878,0.014805386482356332,0.21602891147143885,0.165,0.805
lognormal_sigma_0.25,lognormal,"{""centered_and_standardized"":true,""mu"":0.0,""severity"":""mild"",""sigma"":0.25}",15,exploratory,acceptable,200,148,148,0.74,0.6750925439746589,0.7958616993642531,11,0.07432432432432433,0.042005703115514985,0.12818140534219336,137,0.9256756756756757,0.8718185946578065,0.957994296884485,-0.017481208831437205,0.2703100140483913,0.24159976430151406,0.2706601005306281,0.8926316210917628,0.0,0.0,0.0,0.0,0.0,0.0,0.0,0.0,0.0,0.02027027027027027,1.0
lognormal_sigma_0.25,lognormal,"{""centered_and_standardized"":true,""mu"":0.0,""severity"":""mild"",""sigma"":0.25}",15,exploratory,caution,200,0,0,0.0,1.734723475976807e-18,0.018845326377266575,0,nan,nan,nan,0,nan,nan,nan,nan,nan,nan,nan,nan,nan,nan,nan,nan,nan,nan,nan,nan,nan,nan,nan
lognormal_sigma_0.25,lognormal,"{""centered_and_standardized"":true,""mu"":0.0,""severity"":""mild"",""sigma"":0.25}",15,exploratory,insufficient,200,52,52,0.26,0.20413830063574687,0.32490745602534116,2,0.038461538461538464,0.010611711001315298,0.12981189157455764,50,0.9615384615384616,0.8701881084254424,0.9893882889986847,0.09298631649642033,0.2676974172108712,0.2823240830849591,0.25347790678144844,1.1138015406146704,0.6923076923076923,0.6923076923076923,0.9807692307692307,0.06538461538461539,0.16557689969101766,0.671216051605671,1.182011048448938,0.05694379416290897,0.8308804287363033,0.5769230769230769,0.25
lognormal_sigma_0.25,lognormal,"{""centered_and_standardized"":true,""mu"":0.0,""severity"":""mild"",""sigma"":0.25}",20,confirmatory_10000,all,10000,10000,10000,1.0,0.9996160016293234,1.0,553,0.0553,0.050988580601897746,0.059952947548982005,9447,0.9447,0.9400470524510179,0.9490114193981022,0.0008342920546267032,0.22429310868789817,0.21859335357776905,0.22430277246396754,0.9745459281511303,0.2042,0.2042,0.2603,0.013014999999999997,0.03768445307224681,0.0,0.6893652851587189,0.01246891730274246,0.22324396942046779,0.2358,0.7919
lognormal_sigma_0.25,lognormal,"{""centered_and_standardized"":true,""mu"":0.0,""severity"":""mild"",""sigma"":0.25}",20,confirmatory_10000,acceptable,10000,7388,7388,0.7388,0.7300995657828826,0.7473170365952821,458,0.06199242014076881,0.05671810293083445,0.0677219928078324,6930,0.9380075798592312,0.9322780071921676,0.9432818970691655,-0.002237244177010349,0.2246357769882729,0.2117906662789146,0.2246398394097613,0.942801004645446,0.0,0.0,0.0,0.0,0.0,0.0,0.0,0.0,0.0,0.04385489983757444,1.0
lognormal_sigma_0.25,lognormal,"{""centered_and_standardized"":true,""mu"":0.0,""severity"":""mild"",""sigma"":0.25}",20,confirmatory_10000,caution,10000,0,0,0.0,0.0,0.00038399837067659573,0,nan,nan,nan,0,nan,nan,nan,nan,nan,nan,nan,nan,nan,nan,nan,nan,nan,nan,nan,nan,nan,nan,nan
lognormal_sigma_0.25,lognormal,"{""centered_and_standardized"":true,""mu"":0.0,""severity"":""mild"",""sigma"":0.25}",20,confirmatory_10000,insufficient,10000,2612,2612,0.2612,0.2526829634047178,0.26990043421711724,95,0.03637059724349158,0.02984503269315615,0.044257875251457635,2517,0.9636294027565084,0.9557421247485424,0.9701549673068438,0.009522082896638395,0.22332103005088472,0.23783464521786735,0.223160656277014,1.0657552688079488,0.7817764165390505,0.7817764165390505,0.9965543644716692,0.04982771822358345,0.14427432263494186,0.6493231851278687,1.1152731433465055,0.04773704939794204,0.8546859472452824,0.7787136294027565,0.20329249617151607
lognormal_sigma_0.25,lognormal,"{""centered_and_standardized"":true,""mu"":0.0,""severity"":""mild"",""sigma"":0.25}",30,exploratory,all,200,200,200,1.0,0.9811546736227335,1.0,10,0.05,0.02738264560076393,0.08957814813877599,190,0.95,0.9104218518612239,0.972617354399236,0.009005993284011636,0.17873154094315782,0.17931137741999892,0.1789524397468242,1.002005771330542,0.24,0.24,0.315,0.0105,0.03130181141437329,0.0,0.6517472026188985,0.009023649280435732,0.21198111390704977,0.375,0.74
lognormal_sigma_0.25,lognormal,"{""centered_and_standardized"":true,""mu"":0.0,""severity"":""mild"",""sigma"":0.25}",30,exploratory,acceptable,200,137,137,0.685,0.6176504391426966,0.745376790097715,8,0.058394160583941604,0.02988313170702593,0.11099483836536854,129,0.9416058394160584,0.8890051616346314,0.970116868292974,0.010232439718697339,0.183085927939683,0.1757220180678645,0.1834705923624873,0.9577666687895477,0.0,0.0,0.0,0.0,0.0,0.0,0.0,0.0,0.0,0.145985401459854,1.0
lognormal_sigma_0.25,lognormal,"{""centered_and_standardized"":true,""mu"":0.0,""severity"":""mild"",""sigma"":0.25}",30,exploratory,caution,200,0,0,0.0,1.734723475976807e-18,0.018845326377266575,0,nan,nan,nan,0,nan,nan,nan,nan,nan,nan,nan,nan,nan,nan,nan,nan,nan,nan,nan,nan,nan,nan,nan
lognormal_sigma_0.25,lognormal,"{""centered_and_standardized"":true,""mu"":0.0,""severity"":""mild"",""sigma"":0.25}",30,exploratory,insufficient,200,63,63,0.315,0.2546232099022851,0.3823495608573036,2,0.031746031746031744,0.008749527561580449,0.10856477046607432,61,0.9682539682539683,0.8914352295339257,0.9912504724384196,0.006338958973663361,0.16887537131311017,0.18711680966194189,0.17011185333631915,1.0999633828690534,0.7619047619047619,0.7619047619047619,1.0,0.033333333333333326,0.09937082988689934,0.5951375642427754,0.9569776177441943,0.028646505652176923,0.6729559171652375,0.873015873015873,0.1746031746031746
lognormal_sigma_0.25,lognormal,"{""centered_and_standardized"":true,""mu"":0.0,""severity"":""mild"",""sigma"":0.25}",40,exploratory,all,200,200,200,1.0,0.9811546736227335,1.0,15,0.075,0.04597491718438201,0.12004361023629456,185,0.925,0.8799563897637055,0.954025082815618,0.009818309407350621,0.16328190712189714,0.1557695552199172,0.16339544778090664,0.9533286106525144,0.295,0.295,0.365,0.009125,0.03226868199017675,0.0,0.6020254603607134,0.008284953637304516,0.22511258045595678,0.425,0.815
lognormal_sigma_0.25,lognormal,"{""centered_and_standardized"":true,""mu"":0.0,""severity"":""mild"",""sigma"":0.25}",40,exploratory,acceptable,200,139,139,0.695,0.6280144790202163,0.7546358436926496,13,0.09352517985611511,0.05547239293226588,0.153440755022583,126,0.9064748201438849,0.846559244977417,0.9445276070677341,0.008814025377261971,0.17092516442626482,0.15044511137815159,0.1713151123633326,0.8781777001615654,0.0,0.0,0.0,0.0,0.0,0.0,0.0,0.0,0.0,0.19424460431654678,1.0
lognormal_sigma_0.25,lognormal,"{""centered_and_standardized"":true,""mu"":0.0,""severity"":""mild"",""sigma"":0.25}",40,exploratory,caution,200,20,20,0.1,0.06567044866909588,0.1494058124327174,2,0.1,0.027866481213768224,0.3010336452284873,18,0.9,0.6989663547715128,0.9721335187862319,-0.03586350561802111,0.148057838998996,0.15483417154547008,0.14738039808903672,1.0505750666511995,1.0,1.0,1.0,0.025000000000000005,0.07500716794589718,0.4787299361287156,0.5409712572403579,0.01609444264565716,0.5904263571313743,0.9,1.0
lognormal_sigma_0.25,lognormal,"{""centered_and_standardized"":true,""mu"":0.0,""severity"":""mild"",""sigma"":0.25}",40,exploratory,insufficient,200,41,41,0.205,0.15486176203836208,0.26625698052422514,0,0.0,-6.938893903907228e-18,0.08566757018443186,41,1.0,0.9143324298155681,0.9999999999999999,0.03550688942417396,0.14252355560085142,0.17427700320758457,0.13974451803967725,1.2471115550887129,0.9512195121951219,0.9512195121951219,1.2926829268292683,0.03231707317073171,0.1208193424174977,0.6011873918577634,0.9708086093674401,0.03256346035482341,0.8100972914283874,0.975609756097561,0.0975609756097561
lognormal_sigma_0.25,lognormal,"{""centered_and_standardized"":true,""mu"":0.0,""severity"":""mild"",""sigma"":0.25}",50,exploratory,all,200,200,200,1.0,0.9811546736227335,1.0,12,0.06,0.03465219425433187,0.1019316929576627,188,0.94,0.8980683070423372,0.9653478057456681,0.007564932865583585,0.14856186383019404,0.1409544454855972,0.1487414510881191,0.9476473737108521,0.395,0.395,0.59,0.011800000000000001,0.039272147424554336,0.0,0.8635600697611698,0.008548516928381595,0.3306520204211351,0.52,0.705
lognormal_sigma_0.25,lognormal,"{""centered_and_standardized"":true,""mu"":0.0,""severity"":""mild"",""sigma"":0.25}",50,exploratory,acceptable,200,116,116,0.58,0.5107207393958046,0.6462640083838327,6,0.05172413793103448,0.02391865346304596,0.1082681454676646,110,0.9482758620689655,0.8917318545323354,0.976081346536954,0.0032852957447911265,0.13337382965766414,0.13407885143998408,0.13391181690405915,1.001247347245274,0.0,0.0,0.0,0.0,0.0,0.0,0.0,0.0,0.0,0.20689655172413793,1.0
lognormal_sigma_0.25,lognormal,"{""centered_and_standardized"":true,""mu"":0.0,""severity"":""mild"",""sigma"":0.25}",50,exploratory,caution,200,20,20,0.1,0.06567044866909588,0.1494058124327174,0,0.0,0.0,0.16112515805281938,20,1.0,0.8388748419471806,1.0,0.04551601222458397,0.13878394014779888,0.14176917233300296,0.13451384070488162,1.0539374356579354,1.0,1.0,1.0,0.020000000000000004,0.06210646967261992,0.44991123742017625,0.4811161372997564,0.011866434795826403,0.4505512283729963,0.85,1.0
lognormal_sigma_0.25,lognormal,"{""centered_and_standardized"":true,""mu"":0.0,""severity"":""mild"",""sigma"":0.25}",50,exploratory,insufficient,200,64,64,0.32,0.25926533315468053,0.38751898434113546,6,0.09375,0.04367825258519838,0.18982879599645597,58,0.90625,0.810171204003544,0.9563217474148016,0.0034620628473322895,0.17524227592309888,0.15316185755345677,0.1765931401829314,0.8673148764147783,0.921875,0.921875,1.53125,0.030625,0.10331718892903857,0.5666457922655699,1.1407788494566682,0.023005854527496733,0.8924903049494858,0.984375,0.078125
lognormal_sigma_0.25,lognormal,"{""centered_and_standardized"":true,""mu"":0.0,""severity"":""mild"",""sigma"":0.25}",80,exploratory,all,200,200,200,1.0,0.9811546736227335,1.0,12,0.06,0.03465219425433187,0.1019316929576627,188,0.94,0.8980683070423372,0.9653478057456681,0.005704875946423631,0.11474291038664938,0.11150319601435013,0.11488858432619385,0.9705332924789825,0.405,0.405,0.655,0.0081875,0.02888592149282884,0.0,0.7554733182383315,0.005248054584613573,0.29160117586094075,0.67,0.8
lognormal_sigma_0.25,lognormal,"{""centered_and_standardized"":true,""mu"":0.0,""severity"":""mild"",""sigma"":0.25}",80,exploratory,acceptable,200,119,119,0.595,0.525797100813387,0.6606222871749323,9,0.07563025210084033,0.04029724166083566,0.13750477266215505,110,0.9243697478991597,0.862495227337845,0.9597027583391644,0.005862147782122803,0.11448512383608145,0.10871185608678419,0.11481838930160171,0.9468157213146663,0.0,0.0,0.0,0.0,0.0,0.0,0.0,0.0,0.0,0.453781512605042,1.0
lognormal_sigma_0.25,lognormal,"{""centered_and_standardized"":true,""mu"":0.0,""severity"":""mild"",""sigma"":0.25}",80,exploratory,caution,200,80,80,0.4,0.33460578566807336,0.46916327960737997,3,0.0375,0.012834568919911402,0.10454720090045115,77,0.9625,0.8954527990995489,0.9871654310800886,0.008319707380302499,0.11314267594954037,0.11554280329270923,0.11354828378050263,1.01756538668662,1.0,1.0,1.625,0.020312500000000004,0.0712839712990592,0.44738638567334577,1.0959308684061475,0.012813191510533497,0.7134028255991176,0.9875,0.5125
lognormal_sigma_0.25,lognormal,"{""centered_and_standardized"":true,""mu"":0.0,""severity"":""mild"",""sigma"":0.25}",80,exploratory,insufficient,200,1,1,0.005,0.0008831687156009814,0.02777370439789293,0,0.0,0.0,0.7934506856227626,1,1.0,0.20654931437723745,1.0,-0.2221969872120873,0.2221969872120873,0.12050406512597342,nan,nan,1.0,1.0,1.0,0.0125,0.07446659464103278,0.6179591913616055,0.6179591913616055,0.024555596080034853,1.2480091242587292,1.0,0.0
lognormal_sigma_0.25,lognormal,"{""centered_and_standardized"":true,""mu"":0.0,""severity"":""mild"",""sigma"":0.25}",100,exploratory,all,200,200,200,1.0,0.9811546736227335,1.0,12,0.06,0.03465219425433187,0.1019316929576627,188,0.94,0.8980683070423372,0.9653478057456681,-0.004007538868364551,0.10036806311885603,0.09977797555904047,0.10053968803812369,0.9924237632526333,0.52,0.52,0.845,0.00845,0.030518733882762102,0.3180577118003009,0.7805449021264921,0.005118590434079276,0.3342055901148147,0.775,0.78
lognormal_sigma_0.25,lognormal,"{""centered_and_standardized"":true,""mu"":0.0,""severity"":""mild"",""sigma"":0.25}",100,exploratory,acceptable,200,96,96,0.48,0.411791663783233,0.5489621492718576,5,0.052083333333333336,0.02244960047424143,0.11618478031492638,91,0.9479166666666666,0.8838152196850738,0.9775503995257587,-0.004681900867559759,0.10121004406496312,0.0975525510137964,0.10163241666309651,0.9598566502376447,0.0,0.0,0.0,0.0,0.0,0.0,0.0,0.0,0.0,0.5625,1.0
lognormal_sigma_0.25,lognormal,"{""centered_and_standardized"":true,""mu"":0.0,""severity"":""mild"",""sigma"":0.25}",100,exploratory,caution,200,102,102,0.51,0.44118587678458643,0.5784372166878682,7,0.06862745098039216,0.03363822087686714,0.13492955038674817,95,0.9313725490196079,0.8650704496132519,0.9663617791231328,-0.004323206762580472,0.10004508322741267,0.10133646377964868,0.10044522241221268,1.0088729094926832,1.0,1.0,1.6176470588235294,0.016176470588235296,0.057547954579275466,0.44432909878312954,0.9612610802991828,0.009390683487052031,0.6327218853783871,0.9705882352941176,0.5882352941176471
lognormal_sigma_0.25,lognormal,"{""centered_and_standardized"":true,""mu"":0.0,""severity"":""mild"",""sigma"":0.25}",100,exploratory,insufficient,200,2,2,0.01,0.0027466581335444384,0.0357217617161768,0,0.0,0.0,0.6576197724933469,2,1.0,0.34238022750665303,1.0,0.04446089969801744,0.07230596036126868,0.12711545447973582,0.0806396962024063,1.5763384594192293,1.0,1.0,2.0,0.02,0.116927704733161,0.9190444475069245,0.9677073028297966,0.03293418556827409,1.1517428571837383,1.0,0.0
lognormal_sigma_0.25,lognormal,"{""centered_and_standardized"":true,""mu"":0.0,""severity"":""mild"",""sigma"":0.25}",200,exploratory,all,200,200,200,1.0,0.9811546736227335,1.0,5,0.025,0.010724719651761264,0.05717834040664198,195,0.975,0.942821659593358,0.9892752803482386,0.004690547563429508,0.06800039467429306,0.07072336272387046,0.06800866364714263,1.0399169595628701,0.69,0.69,1.24,0.0062,0.02307925776649511,0.27444550852859784,0.728382848361218,0.002785001293686239,0.34526687287431757,0.965,0.865
lognormal_sigma_0.25,lognormal,"{""centered_and_standardized"":true,""mu"":0.0,""severity"":""mild"",""sigma"":0.25}",200,exploratory,acceptable,200,62,62,0.31,0.2499894483607809,0.37717177566258037,1,0.016129032258064516,0.002852867168621827,0.08586720260689992,61,0.9838709677419355,0.9141327973931,0.9971471328313782,0.0022668973948201405,0.06005557936057994,0.06920038965453973,0.06050268858532868,1.1437572655460497,0.0,0.0,0.0,0.0,0.0,0.0,0.0,0.0,0.0,0.8870967741935484,1.0
lognormal_sigma_0.25,lognormal,"{""centered_and_standardized"":true,""mu"":0.0,""severity"":""mild"",""sigma"":0.25}",200,exploratory,caution,200,138,138,0.69,0.6228282243374195,0.750010551639219,4,0.028985507246376812,0.011328415842255957,0.07215534778473306,134,0.9710144927536232,0.927844652215267,0.988671584157744,0.0057794338710655995,0.07128210099170067,0.07140759700139586,0.07130624695441022,1.0014213347541687,1.0,1.0,1.7971014492753623,0.008985507246376812,0.033448199661587116,0.4568756354703145,0.7656584140315011,0.004036233758965563,0.5003867722816197,1.0,0.8043478260869565
lognormal_sigma_0.25,lognormal,"{""centered_and_standardized"":true,""mu"":0.0,""severity"":""mild"",""sigma"":0.25}",200,exploratory,insufficient,200,0,0,0.0,1.734723475976807e-18,0.018845326377266575,0,nan,nan,nan,0,nan,nan,nan,nan,nan,nan,nan,nan,nan,nan,nan,nan,nan,nan,nan,nan,nan,nan,nan
lognormal_sigma_0.25,lognormal,"{""centered_and_standardized"":true,""mu"":0.0,""severity"":""mild"",""sigma"":0.25}",500,exploratory,all,200,200,200,1.0,0.9811546736227335,1.0,19,0.095,0.06166310271738653,0.1436016116481994,181,0.905,0.8563983883518006,0.9383368972826135,0.0006757884804378636,0.05060827609114826,0.04474483699516703,0.050730749685628795,0.8820062244781397,0.935,0.935,3.205,0.00641,0.024356938739983885,0.5037397759072864,0.9346023301246174,0.001889553304484965,0.5658614399068194,1.0,0.89
lognormal_sigma_0.25,lognormal,"{""centered_and_standardized"":true,""mu"":0.0,""severity"":""mild"",""sigma"":0.25}",500,exploratory,acceptable,200,13,13,0.065,0.03837635464915299,0.10801907929906895,0,0.0,0.0,0.22809537235419838,13,1.0,0.7719046276458016,0.9999999999999999,-0.023123121796353802,0.050517836347120745,0.043289922737743965,0.04674919728242312,0.9260035520229183,0.0,0.0,0.0,0.0,0.0,0.0,0.0,0.0,0.0,1.0,1.0
lognormal_sigma_0.25,lognormal,"{""centered_and_standardized"":true,""mu"":0.0,""severity"":""mild"",""sigma"":0.25}",500,exploratory,caution,200,187,187,0.935,0.8919809207009312,0.961623645350847,19,0.10160427807486631,0.06601504103570477,0.1532321764151241,168,0.8983957219251337,0.8467678235848759,0.9339849589642952,0.00233025817882445,0.0506145573384487,0.04484598076707344,0.05069662133921544,0.8845950594420314,1.0,1.0,3.427807486631016,0.006855614973262032,0.02605020186094533,0.5564475088426911,0.9507033682513358,0.0020209126251176097,0.6051994009698602,1.0,0.8823529411764706
lognormal_sigma_0.25,lognormal,"{""centered_and_standardized"":true,""mu"":0.0,""severity"":""mild"",""sigma"":0.25}",500,exploratory,insufficient,200,0,0,0.0,1.734723475976807e-18,0.018845326377266575,0,nan,nan,nan,0,nan,nan,nan,nan,nan,nan,nan,nan,nan,nan,nan,nan,nan,nan,nan,nan,nan,nan,nan
lognormal_sigma_0.25,lognormal,"{""centered_and_standardized"":true,""mu"":0.0,""severity"":""mild"",""sigma"":0.25}",750,exploratory,all,200,200,200,1.0,0.9811546736227335,1.0,9,0.045,0.023852543001492997,0.0832967040018196,191,0.955,0.9167032959981803,0.976147456998507,-0.0018128420836227741,0.036892844790189956,0.03657722484212157,0.03694074571204135,0.9901593521486146,0.99,0.99,4.945,0.006593333333333333,0.02517947737681119,0.6907263854477628,1.072653996556237,0.0016060717579128075,0.7240734897225346,1.0,0.94
lognormal_sigma_0.25,lognormal,"{""centered_and_standardized"":true,""mu"":0.0,""severity"":""mild"",""sigma"":0.25}",750,exploratory,acceptable,200,2,2,0.01,0.0027466581335444384,0.0357217617161768,0,0.0,0.0,0.6576197724933469,2,1.0,0.34238022750665303,1.0,-0.030515297981974093,0.03127264418692372,0.03500735522969353,0.009674178364415456,3.6186385976158073,0.0,0.0,0.0,0.0,0.0,0.0,0.0,0.0,0.0,1.0,1.0
lognormal_sigma_0.25,lognormal,"{""centered_and_standardized"":true,""mu"":0.0,""severity"":""mild"",""sigma"":0.25}",750,exploratory,caution,200,198,198,0.99,0.9642782382838231,0.9972533418664555,9,0.045454545454545456,0.02409531843733931,0.08411564549597723,189,0.9545454545454546,0.9158843545040228,0.9759046815626607,-0.0015229182866697305,0.036945253163044395,0.03659308211093398,0.037007423136032766,0.9888038401491577,1.0,1.0,4.994949494949495,0.00665993265993266,0.02543381553213251,0.693476594735107,1.0736484864647005,0.0016222947049624316,0.7313873633560956,1.0,0.9393939393939394
lognormal_sigma_0.25,lognormal,"{""centered_and_standardized"":true,""mu"":0.0,""severity"":""mild"",""sigma"":0.25}",750,exploratory,insufficient,200,0,0,0.0,1.734723475976807e-18,0.018845326377266575,0,nan,nan,nan,0,nan,nan,nan,nan,nan,nan,nan,nan,nan,nan,nan,nan,nan,nan,nan,nan,nan,nan,nan
lognormal_sigma_0.25,lognormal,"{""centered_and_standardized"":true,""mu"":0.0,""severity"":""mild"",""sigma"":0.25}",2000,exploratory,all,200,200,200,1.0,0.9811546736227335,1.0,7,0.035,0.017055542008567192,0.07047061152229073,193,0.965,0.9295293884777092,0.9829444579914328,-0.002875519729017062,0.021517088871601125,0.022340727952863335,0.021377593581436614,1.0450534513044099,1.0,1.0,12.285,0.0061425,0.023566531387384907,1.0238957693929547,1.4487645432890275,0.0009254670968942098,1.1075718153775893,1.0,0.99
lognormal_sigma_0.25,lognormal,"{""centered_and_standardized"":true,""mu"":0.0,""severity"":""mild"",""sigma"":0.25}",2000,exploratory,acceptable,200,0,0,0.0,1.734723475976807e-18,0.018845326377266575,0,nan,nan,nan,0,nan,nan,nan,nan,nan,nan,nan,nan,nan,nan,nan,nan,nan,nan,nan,nan,nan,nan,nan
lognormal_sigma_0.25,lognormal,"{""centered_and_standardized"":true,""mu"":0.0,""severity"":""mild"",""sigma"":0.25}",2000,exploratory,caution,200,200,200,1.0,0.9811546736227335,1.0,7,0.035,0.017055542008567192,0.07047061152229073,193,0.965,0.9295293884777092,0.9829444579914328,-0.002875519729017062,0.021517088871601125,0.022340727952863335,0.021377593581436614,1.0450534513044099,1.0,1.0,12.285,0.0061425,0.023566531387384907,1.0238957693929547,1.4487645432890275,0.0009254670968942098,1.1075718153775893,1.0,0.99
lognormal_sigma_0.25,lognormal,"{""centered_and_standardized"":true,""mu"":0.0,""severity"":""mild"",""sigma"":0.25}",2000,exploratory,insufficient,200,0,0,0.0,1.734723475976807e-18,0.018845326377266575,0,nan,nan,nan,0,nan,nan,nan,nan,nan,nan,nan,nan,nan,nan,nan,nan,nan,nan,nan,nan,nan,nan,nan
lognormal_sigma_0.50,lognormal,"{""centered_and_standardized"":true,""mu"":0.0,""severity"":""moderate"",""sigma"":0.5}",5,exploratory,all,200,200,200,1.0,0.9811546736227335,1.0,21,0.105,0.06970748792681017,0.1551803199112304,179,0.895,0.8448196800887696,0.9302925120731899,0.024232976283618157,0.44577084045296483,0.39354167780255644,0.44622864664205525,0.8819283135765106,0.275,0.275,0.315,0.063,0.10225838556672119,0.0,0.9434665553710005,0.06752269892700306,1.4924831416537165,0.065,0.575
lognormal_sigma_0.50,lognormal,"{""centered_and_standardized"":true,""mu"":0.0,""severity"":""moderate"",""sigma"":0.5}",5,exploratory,acceptable,200,103,103,0.515,0.44610849192745716,0.5833261482812249,10,0.0970873786407767,0.05359377103943983,0.16955423801859704,93,0.9029126213592233,0.8304457619814031,0.9464062289605603,0.05807035356419582,0.4546911579796187,0.37616498740191845,0.45317295282679226,0.8300693698851284,0.0,0.0,0.0,0.0,0.0,0.0,0.0,0.0,0.0,0.0,1.0
lognormal_sigma_0.50,lognormal,"{""centered_and_standardized"":true,""mu"":0.0,""severity"":""moderate"",""sigma"":0.5}",5,exploratory,caution,200,0,0,0.0,1.734723475976807e-18,0.018845326377266575,0,nan,nan,nan,0,nan,nan,nan,nan,nan,nan,nan,nan,nan,nan,nan,nan,nan,nan,nan,nan,nan,nan,nan
lognormal_sigma_0.50,lognormal,"{""centered_and_standardized"":true,""mu"":0.0,""severity"":""moderate"",""sigma"":0.5}",5,exploratory,insufficient,200,97,97,0.485,0.41667385171877513,0.5538915080725428,11,0.1134020618556701,0.06451358102935628,0.1917446992742115,86,0.8865979381443299,0.8082553007257883,0.9354864189706437,-0.011697434643180805,0.43609905450162295,0.41199321503210007,0.4382067965717151,0.9401798836880317,0.5670103092783505,0.5670103092783505,0.6494845360824743,0.12989690721649483,0.21084203209633237,0.7184127897449656,0.9728362398404655,0.1392220596433053,3.0772848281519933,0.13402061855670103,0.12371134020618557
lognormal_sigma_0.50,lognormal,"{""centered_and_standardized"":true,""mu"":0.0,""severity"":""moderate"",""sigma"":0.5}",8,exploratory,all,200,200,200,1.0,0.9811546736227335,1.0,18,0.09,0.05768744886219316,0.13776571876716542,182,0.91,0.8622342812328346,0.9423125511378069,0.006144058875919813,0.36619159963966347,0.32651296474343605,0.36705884975450503,0.889538462188865,0.315,0.315,0.395,0.049375,0.1207673030948627,0.0,0.9329639506300684,0.06106233884303016,0.8076192329268942,0.27,0.62
lognormal_sigma_0.50,lognormal,"{""centered_and_standardized"":true,""mu"":0.0,""severity"":""moderate"",""sigma"":0.5}",8,exploratory,acceptable,200,115,115,0.575,0.5057093264785485,0.6414638745648614,11,0.09565217391304348,0.054252518982852306,0.16319229427615742,104,0.9043478260869565,0.8368077057238427,0.9457474810171477,-0.01052554941969041,0.36902353755705447,0.2874256525580234,0.3704877317530076,0.7758034286264597,0.0,0.0,0.0,0.0,0.0,0.0,0.0,0.0,0.0,0.008695652173913044,1.0
lognormal_sigma_0.50,lognormal,"{""centered_and_standardized"":true,""mu"":0.0,""severity"":""moderate"",""sigma"":0.5}",8,exploratory,caution,200,0,0,0.0,1.734723475976807e-18,0.018845326377266575,0,nan,nan,nan,0,nan,nan,nan,nan,nan,nan,nan,nan,nan,nan,nan,nan,nan,nan,nan,nan,nan,nan,nan
lognormal_sigma_0.50,lognormal,"{""centered_and_standardized"":true,""mu"":0.0,""severity"":""moderate"",""sigma"":0.5}",8,exploratory,insufficient,200,85,85,0.425,0.3585361254351385,0.49429067352145145,7,0.08235294117647059,0.040463723499160636,0.16035984533375294,78,0.9176470588235294,0.839640154666247,0.9595362765008394,0.028697058334686578,0.3623249245887713,0.3793957988766414,0.3633302566733245,1.0442174630607812,0.7411764705882353,0.7411764705882353,0.9294117647058824,0.1161764705882353,0.2841583602232063,0.851308950094538,1.3797834941524578,0.14367609139536508,1.9002805480632807,0.6235294117647059,0.10588235294117647
lognormal_sigma_0.50,lognormal,"{""centered_and_standardized"":true,""mu"":0.0,""severity"":""moderate"",""sigma"":0.5}",10,exploratory,all,200,200,200,1.0,0.9811546736227335,1.0,13,0.065,0.03837635464915299,0.10801907929906895,187,0.935,0.8919809207009312,0.961623645350847,-0.018701141322838295,0.28924631174217635,0.28374182586719265,0.2893654401608334,0.9805657016590681,0.26,0.26,0.335,0.0335,0.08477947928955015,0.0,0.9007979417425266,0.043080406859157545,0.6923715997569488,0.255,0.65
lognormal_sigma_0.50,lognormal,"{""centered_and_standardized"":true,""mu"":0.0,""severity"":""moderate"",""sigma"":0.5}",10,exploratory,acceptable,200,123,123,0.615,0.5459986722024608,0.6796669027307678,11,0.08943089430894309,0.05067093036620061,0.15305945133198043,112,0.9105691056910569,0.8469405486680196,0.9493290696337994,-0.01429180969784481,0.29124873033278803,0.2557859836285201,0.2920876349632899,0.8757165761593015,0.0,0.0,0.0,0.0,0.0,0.0,0.0,0.0,0.0,0.016260162601626018,1.0
lognormal_sigma_0.50,lognormal,"{""centered_and_standardized"":true,""mu"":0.0,""severity"":""moderate"",""sigma"":0.5}",10,exploratory,caution,200,0,0,0.0,1.734723475976807e-18,0.018845326377266575,0,nan,nan,nan,0,nan,nan,nan,nan,nan,nan,nan,nan,nan,nan,nan,nan,nan,nan,nan,nan,nan,nan,nan
lognormal_sigma_0.50,lognormal,"{""centered_and_standardized"":true,""mu"":0.0,""severity"":""moderate"",""sigma"":0.5}",10,exploratory,insufficient,200,77,77,0.385,0.32033309726923215,0.45400132779753916,2,0.025974025974025976,0.007152159807893181,0.08984582779753134,75,0.974025974025974,0.9101541722024686,0.9928478401921068,-0.02574461911341228,0.2860185615644537,0.3283985608718255,0.28672550313501405,1.1453413012835079,0.6753246753246753,0.6753246753246753,0.8701298701298701,0.08701298701298699,0.22020643971311718,0.8081689100462005,1.365955078464686,0.11189716067313646,1.7983677915764904,0.6363636363636364,0.09090909090909091
lognormal_sigma_0.50,lognormal,"{""centered_and_standardized"":true,""mu"":0.0,""severity"":""moderate"",""sigma"":0.5}",15,exploratory,all,200,200,200,1.0,0.9811546736227335,1.0,7,0.035,0.017055542008567192,0.07047061152229073,193,0.965,0.9295293884777092,0.9829444579914328,0.004463997283669117,0.23035633022216753,0.24661830148110298,0.23089102391887656,1.0681155867183134,0.405,0.405,0.585,0.039,0.11412111755488223,0.0,1.2107971038861742,0.04735630463604689,0.7108584627381205,0.49,0.5
lognormal_sigma_0.50,lognormal,"{""centered_and_standardized"":true,""mu"":0.0,""severity"":""moderate"",""sigma"":0.5}",15,exploratory,acceptable,200,96,96,0.48,0.411791663783233,0.5489621492718576,5,0.052083333333333336,0.02244960047424143,0.11618478031492638,91,0.9479166666666666,0.8838152196850738,0.9775503995257587,-0.02321894610402291,0.22699684692976224,0.21480006615096328,0.22699156278212423,0.9462909701059556,0.0,0.0,0.0,0.0,0.0,0.0,0.0,0.0,0.0,0.09375,1.0
lognormal_sigma_0.50,lognormal,"{""centered_and_standardized"":true,""mu"":0.0,""severity"":""moderate"",""sigma"":0.5}",15,exploratory,caution,200,0,0,0.0,1.734723475976807e-18,0.018845326377266575,0,nan,nan,nan,0,nan,nan,nan,nan,nan,nan,nan,nan,nan,nan,nan,nan,nan,nan,nan,nan,nan,nan,nan
lognormal_sigma_0.50,lognormal,"{""centered_and_standardized"":true,""mu"":0.0,""severity"":""moderate"",""sigma"":0.5}",15,exploratory,insufficient,200,104,104,0.52,0.4510378507281424,0.588208336216767,2,0.019230769230769232,0.0052897115850640206,0.0674231291576782,102,0.9807692307692307,0.9325768708423217,0.9947102884149359,0.030017483487692516,0.23341447942084625,0.2759889802473858,0.23259724072340449,1.1865531138246865,0.7788461538461539,0.7788461538461539,1.125,0.075,0.21946368760554272,0.7846924843130232,1.3214996540024246,0.09106981660778249,1.367035505265616,0.8557692307692307,0.038461538461538464
lognormal_sigma_0.50,lognormal,"{""centered_and_standardized"":true,""mu"":0.0,""severity"":""moderate"",""sigma"":0.5}",20,exploratory,all,200,200,200,1.0,0.9811546736227335,1.0,10,0.05,0.02738264560076393,0.08957814813877599,190,0.95,0.9104218518612239,0.972617354399236,-0.0068772146261994235,0.21907414793594415,0.20849888997962288,0.21951565279486315,0.9498133154744304,0.445,0.445,0.62,0.031,0.09395218516299217,0.0,1.0984287817135518,0.03444261717055068,0.6619057541563464,0.535,0.51
lognormal_sigma_0.50,lognormal,"{""centered_and_standardized"":true,""mu"":0.0,""severity"":""moderate"",""sigma"":0.5}",20,exploratory,acceptable,200,95,95,0.475,0.4069162264657108,0.5440260398531525,8,0.08421052631578947,0.0432881153842945,0.15745213124326723,87,0.9157894736842105,0.8425478687567327,0.9567118846157054,-0.016618103154828458,0.2251720713747841,0.18092505500108708,0.22574930870045432,0.8014423434676191,0.0,0.0,0.0,0.0,0.0,0.0,0.0,0.0,0.0,0.1368421052631579,1.0
lognormal_sigma_0.50,lognormal,"{""centered_and_standardized"":true,""mu"":0.0,""severity"":""moderate"",""sigma"":0.5}",20,exploratory,caution,200,0,0,0.0,1.734723475976807e-18,0.018845326377266575,0,nan,nan,nan,0,nan,nan,nan,nan,nan,nan,nan,nan,nan,nan,nan,nan,nan,nan,nan,nan,nan,nan,nan
lognormal_sigma_0.50,lognormal,"{""centered_and_standardized"":true,""mu"":0.0,""severity"":""moderate"",""sigma"":0.5}",20,exploratory,insufficient,200,105,105,0.525,0.4559739601468475,0.5930837735342891,2,0.01904761904761905,0.0052391820659629385,0.06680559669441896,103,0.9809523809523809,0.933194403305581,0.994760817934037,0.0019359702330363682,0.213406890473997,0.2334466454363934,0.21442160699257454,1.088727244938882,0.8476190476190476,0.8476190476190476,1.180952380952381,0.05904761904761905,0.17895654316760415,0.7265712104370264,1.268341683440836,0.06560498508676318,1.2607728650597074,0.8952380952380953,0.06666666666666667
lognormal_sigma_0.50,lognormal,"{""centered_and_standardized"":true,""mu"":0.0,""severity"":""moderate"",""sigma"":0.5}",30,exploratory,all,200,200,200,1.0,0.9811546736227335,1.0,9,0.045,0.023852543001492997,0.0832967040018196,191,0.955,0.9167032959981803,0.976147456998507,-0.004249854958481489,0.17093778283913988,0.17480433967824838,0.1713137658410028,1.020375326058066,0.535,0.535,0.825,0.0275,0.08759789646771733,0.5220156675677361,1.1063642487478116,0.02542184349613589,0.6602086118979607,0.715,0.455
lognormal_sigma_0.50,lognormal,"{""centered_and_standardized"":true,""mu"":0.0,""severity"":""moderate"",""sigma"":0.5}",30,exploratory,acceptable,200,83,83,0.415,0.34894285449757567,0.4842608509865596,5,0.060240963855421686,0.026003401041882007,0.13338428093238414,78,0.9397590361445783,0.8666157190676159,0.973996598958118,-0.010104743679047875,0.17668271360061968,0.15417321548387203,0.17746583530902044,0.8687487099441474,0.0,0.0,0.0,0.0,0.0,0.0,0.0,0.0,0.0,0.3253012048192771,1.0
lognormal_sigma_0.50,lognormal,"{""centered_and_standardized"":true,""mu"":0.0,""severity"":""moderate"",""sigma"":0.5}",30,exploratory,caution,200,0,0,0.0,1.734723475976807e-18,0.018845326377266575,0,nan,nan,nan,0,nan,nan,nan,nan,nan,nan,nan,nan,nan,nan,nan,nan,nan,nan,nan,nan,nan,nan,nan
lognormal_sigma_0.50,lognormal,"{""centered_and_standardized"":true,""mu"":0.0,""severity"":""moderate"",""sigma"":0.5}",30,exploratory,insufficient,200,117,117,0.585,0.5157391490134403,0.6510571455024242,4,0.03418803418803419,0.013373841819450491,0.08461784858429258,113,0.9658119658119658,0.9153821514157074,0.9866261581805496,-9.638689175490787e-05,0.16674234880930813,0.18944009444861795,0.1674594955332589,1.1312591970097838,0.9145299145299145,0.9145299145299145,1.4102564102564104,0.047008547008546994,0.14973999396190998,0.662518755083491,1.372958027948954,0.04345614272843741,1.1285617297401038,0.9914529914529915,0.06837606837606838
lognormal_sigma_0.50,lognormal,"{""centered_and_standardized"":true,""mu"":0.0,""severity"":""moderate"",""sigma"":0.5}",40,exploratory,all,200,200,200,1.0,0.9811546736227335,1.0,11,0.055,0.03098534170345884,0.0957869987723084,189,0.945,0.9042130012276914,0.9690146582965411,0.012130119467196457,0.1659435743671154,0.1580255467489344,0.16591494483634114,0.952449141364638,0.65,0.65,1.135,0.028374999999999997,0.09836367052603565,0.5436851533846585,1.328808655716633,0.02676392775125536,0.7995216377449611,0.88,0.315
lognormal_sigma_0.50,lognormal,"{""centered_and_standardized"":true,""mu"":0.0,""severity"":""moderate"",""sigma"":0.5}",40,exploratory,acceptable,200,54,54,0.27,0.21323449814685846,0.33543435198668425,4,0.07407407407407407,0.02918152776550481,0.1755411583859995,50,0.9259259259259259,0.8244588416140005,0.9708184722344951,-0.023183608129774786,0.1696820426423529,0.13696639144135836,0.1696691485896241,0.8072557243311019,0.0,0.0,0.0,0.0,0.0,0.0,0.0,0.0,0.0,0.5740740740740741,1.0
lognormal_sigma_0.50,lognormal,"{""centered_and_standardized"":true,""mu"":0.0,""severity"":""moderate"",""sigma"":0.5}",40,exploratory,caution,200,8,8,0.04,0.020405632066152306,0.07693206820093293,0,0.0,0.0,0.32440756488388023,8,1.0,0.6755924351161198,1.0,-0.08003768440538862,0.11255971344702678,0.13738277948398023,0.08460772113567205,1.623761728125039,1.0,1.0,1.0,0.025,0.0649083876622724,0.469746532356895,0.5181773385394383,0.013259754239666795,0.5875527632799834,0.875,1.0
lognormal_sigma_0.50,lognormal,"{""centered_and_standardized"":true,""mu"":0.0,""severity"":""moderate"",""sigma"":0.5}",40,exploratory,insufficient,200,138,138,0.69,0.6228282243374195,0.750010551639219,7,0.050724637681159424,0.024785423632257546,0.10099908936579352,131,0.9492753623188406,0.8990009106342065,0.9752145763677424,0.03129159570790028,0.1670574122407499,0.16746276794262094,0.16469844315013735,1.0167841586089776,0.8840579710144928,0.8840579710144928,1.5869565217391304,0.03967391304347826,0.13879323915876052,0.6833102911345299,1.3837015051494033,0.03801961968357781,1.12466598146922,1.0,0.007246376811594203
lognormal_sigma_0.50,lognormal,"{""centered_and_standardized"":true,""mu"":0.0,""severity"":""moderate"",""sigma"":0.5}",50,confirmatory_10000,all,10000,10000,10000,1.0,0.9996160016293234,1.0,573,0.0573,0.05291244988627403,0.06202754227112302,9427,0.9427,0.9379724577288768,0.9470875501137259,0.0015572449969386204,0.1409227683741433,0.1390532567327429,0.1409212103020807,0.9867446953845086,0.7084,0.7084,1.3226,0.026452,0.09151478932853392,0.5434022370675837,1.3200993795509504,0.023002061997298717,0.8347826594603044,0.9336,0.3087
lognormal_sigma_0.50,lognormal,"{""centered_and_standardized"":true,""mu"":0.0,""severity"":""moderate"",""sigma"":0.5}",50,confirmatory_10000,acceptable,10000,2541,2541,0.2541,0.24566275758583964,0.26272609281285897,258,0.10153482880755609,0.09038610546902545,0.11388652496100302,2283,0.898465171192444,0.8861134750389971,0.9096138945309745,-0.018074179217399042,0.14134099982459902,0.12190919474430213,0.1402081978153347,0.8694869247578961,0.0,0.0,0.0,0.0,0.0,0.0,0.0,0.0,0.0,0.7445887445887446,1.0
lognormal_sigma_0.50,lognormal,"{""centered_and_standardized"":true,""mu"":0.0,""severity"":""moderate"",""sigma"":0.5}",50,confirmatory_10000,caution,10000,470,470,0.047,0.04302305617019257,0.051324846353640416,33,0.07021276595744681,0.050429226824068356,0.09696492267588658,437,0.9297872340425531,0.9030350773241134,0.9495707731759315,-0.007888634857175596,0.13685844198413843,0.12471994170500386,0.1367764834533892,0.9118522318751237,1.0,1.0,1.0,0.019999999999999997,0.053431771199649127,0.4293137866006043,0.4826772824843685,0.009839766262472165,0.48226901109840575,0.9680851063829787,1.0
lognormal_sigma_0.50,lognormal,"{""centered_and_standardized"":true,""mu"":0.0,""severity"":""moderate"",""sigma"":0.5}",50,confirmatory_10000,insufficient,10000,6989,6989,0.6989,0.689833962776364,0.7078132826717808,282,0.04034912004578624,0.035982658711545094,0.04522059209352287,6707,0.9596508799542137,0.9547794079064771,0.964017341288455,0.009329889504030577,0.14103981576914174,0.14625024050376378,0.14074095695440464,1.0391448492931874,0.9463442552582629,0.9463442552582629,1.8251538131349263,0.036503076262698525,0.1273479697841614,0.8177310593616643,1.4015075161388801,0.03225009727137291,1.1619917240501925,1.0,0.01087423093432537
lognormal_sigma_0.50,lognormal,"{""centered_and_standardized"":true,""mu"":0.0,""severity"":""moderate"",""sigma"":0.5}",80,exploratory,all,200,200,200,1.0,0.9811546736227335,1.0,11,0.055,0.03098534170345884,0.0957869987723084,189,0.945,0.9042130012276914,0.9690146582965411,0.005131415428593933,0.1132299169470637,0.11197496097417697,0.11339743187266062,0.9874558808344002,0.875,0.875,2.12,0.026500000000000003,0.09463651988950905,0.7836950995129015,1.4847451783629642,0.01975516271132865,1.0375699436374024,0.995,0.175
lognormal_sigma_0.50,lognormal,"{""centered_and_standardized"":true,""mu"":0.0,""severity"":""moderate"",""sigma"":0.5}",80,exploratory,acceptable,200,23,23,0.115,0.07786373232561955,0.16664716898487572,2,0.08695652173913043,0.024180004484220363,0.26795981075743663,21,0.9130434782608695,0.7320401892425634,0.9758199955157796,0.006990728604300664,0.10614266085266653,0.0977758788896267,0.1082925469249216,0.9028865020361371,0.0,0.0,0.0,0.0,0.0,0.0,0.0,0.0,0.0,0.9565217391304348,1.0
lognormal_sigma_0.50,lognormal,"{""centered_and_standardized"":true,""mu"":0.0,""severity"":""moderate"",""sigma"":0.5}",80,exploratory,caution,200,137,137,0.685,0.6176504391426966,0.745376790097715,8,0.058394160583941604,0.02988313170702593,0.11099483836536854,129,0.9416058394160584,0.8890051616346314,0.970116868292974,-0.006006532807245288,0.11300643054370184,0.10884318706121907,0.11326080530121901,0.9609960548289302,0.9854014598540146,0.9854014598540146,2.2116788321167884,0.027645985401459856,0.09072047698588256,0.7341951637750622,1.442309516161281,0.016462976209950297,1.0101330457869593,1.0,0.08759124087591241
lognormal_sigma_0.50,lognormal,"{""centered_and_standardized"":true,""mu"":0.0,""severity"":""moderate"",""sigma"":0.5}",80,exploratory,insufficient,200,40,40,0.2,0.15045200926098115,0.2608551865653788,1,0.025,0.0044268315026814095,0.1288136896347409,39,0.975,0.8711863103652591,0.9955731684973186,0.04220978306031189,0.11784806190516527,0.13086575882467424,0.11143124778709884,1.1744080895038265,1.0,1.0,3.025,0.03781249999999999,0.16246496577089753,1.169990390680427,1.876943417434223,0.04239012003756347,1.7281440363666767,1.0,0.0
lognormal_sigma_0.50,lognormal,"{""centered_and_standardized"":true,""mu"":0.0,""severity"":""moderate"",""sigma"":0.5}",100,exploratory,all,200,200,200,1.0,0.9811546736227335,1.0,5,0.025,0.010724719651761264,0.05717834040664198,195,0.975,0.942821659593358,0.9892752803482386,0.00025896523910606817,0.0909556410928303,0.09937000317036933,0.09118351688970197,1.0897803304797944,0.92,0.92,2.635,0.026350000000000002,0.09387836956662475,0.9317346154462063,1.6278975312702115,0.01737821887442357,1.1843648341902877,1.0,0.14
lognormal_sigma_0.50,lognormal,"{""centered_and_standardized"":true,""mu"":0.0,""severity"":""moderate"",""sigma"":0.5}",100,exploratory,acceptable,200,14,14,0.07,0.042152171828342806,0.11405480885610647,1,0.07142857142857142,0.012722215247890939,0.31468704424151117,13,0.9285714285714286,0.6853129557584889,0.9872777847521093,-0.02641670070651151,0.07896259692499646,0.08866468204436602,0.07722170625339284,1.1481834104186273,0.0,0.0,0.0,0.0,0.0,0.0,0.0,0.0,0.0,1.0,1.0
lognormal_sigma_0.50,lognormal,"{""centered_and_standardized"":true,""mu"":0.0,""severity"":""moderate"",""sigma"":0.5}",100,exploratory,caution,200,153,153,0.765,0.7015863111723746,0.8184256658476741,4,0.026143790849673203,0.01021273959970401,0.06528680567187906,149,0.9738562091503268,0.9347131943281209,0.9897872604002961,0.004112264936464383,0.0918054610099444,0.09787734942095223,0.09201450786983105,1.0637164908757115,0.9869281045751634,0.9869281045751634,2.679738562091503,0.02679738562091503,0.09107055072022567,0.8780560012194719,1.4564947868206093,0.015448016519270292,1.1301186997086103,1.0,0.0915032679738562
lognormal_sigma_0.50,lognormal,"{""centered_and_standardized"":true,""mu"":0.0,""severity"":""moderate"",""sigma"":0.5}",100,exploratory,insufficient,200,33,33,0.165,0.11996855328217307,0.2226578153905955,0,0.0,0.0,0.10426999754245206,33,1.0,0.895730002457548,1.0,-0.006289384168687142,0.09174624369101894,0.1108321401226378,0.09294957587656845,1.192389949899463,1.0,1.0,3.5454545454545454,0.035454545454545454,0.14672362585243698,1.261359095451562,1.779129888428483,0.033699916588980555,1.9383274479587913,1.0,0.0
lognormal_sigma_0.50,lognormal,"{""centered_and_standardized"":true,""mu"":0.0,""severity"":""moderate"",""sigma"":0.5}",200,exploratory,all,200,200,200,1.0,0.9811546736227335,1.0,10,0.05,0.02738264560076393,0.08957814813877599,190,0.95,0.9104218518612239,0.972617354399236,0.0034432781637062904,0.06987906468931471,0.07063646975190525,0.06996932218893266,1.009534858164999,0.985,0.985,4.835,0.024175000000000006,0.08917868630453238,1.2455094904468678,1.898113614962601,0.012013440087771533,1.523608174880706,1.0,0.08
lognormal_sigma_0.50,lognormal,"{""centered_and_standardized"":true,""mu"":0.0,""severity"":""moderate"",""sigma"":0.5}",200,exploratory,acceptable,200,3,3,0.015,0.00511423779325831,0.04316572879269026,1,0.3333333333333333,0.06149194472039621,0.7923403991979522,2,0.6666666666666666,0.2076596008020477,0.9385080552796037,-0.052659110364392143,0.10111414715744314,0.05961602517502978,0.10571959740990196,0.5639070393342795,0.0,0.0,0.0,0.0,0.0,0.0,0.0,0.0,0.0,1.0,1.0
lognormal_sigma_0.50,lognormal,"{""centered_and_standardized"":true,""mu"":0.0,""severity"":""moderate"",""sigma"":0.5}",200,exploratory,caution,200,158,158,0.79,0.7283538314009754,0.8407158793002101,9,0.056962025316455694,0.030254078914574406,0.10470181545172955,149,0.9430379746835443,0.8952981845482706,0.9697459210854258,0.0024028931135841344,0.0681618937975794,0.06915707382227167,0.06833612316927698,1.0120134215246759,1.0,1.0,4.620253164556962,0.02310126582278481,0.08159034552892679,1.087257439807655,1.8551320872020676,0.01021194350222132,1.3867959718143286,1.0,0.08227848101265822
lognormal_sigma_0.50,lognormal,"{""centered_and_standardized"":true,""mu"":0.0,""severity"":""moderate"",""sigma"":0.5}",200,exploratory,insufficient,200,39,39,0.195,0.1460552053440051,0.25544044374612745,0,0.0,-6.938893903907228e-18,0.08966685370757144,39,1.0,0.9103331462924287,1.0,0.011973739792003614,0.07370586190115626,0.07747764643428304,0.07367749097916763,1.0515782419380961,1.0,1.0,6.076923076923077,0.030384615384615375,0.12678109403425758,1.6537411457202884,2.2245091736844946,0.020235921646239444,2.195073626396853,1.0,0.0
lognormal_sigma_0.50,lognormal,"{""centered_and_standardized"":true,""mu"":0.0,""severity"":""moderate"",""sigma"":0.5}",500,exploratory,all,200,200,200,1.0,0.9811546736227335,1.0,8,0.04,0.020405632066152306,0.07693206820093293,192,0.96,0.923067931799067,0.9795943679338476,-0.0012299313890603261,0.045730651877069005,0.04463585891289608,0.04582882494521515,0.9739690896778355,1.0,1.0,12.52,0.025040000000000003,0.0906704356210906,2.0398205499695843,2.675340585851975,0.007585281763913844,2.472146785866998,1.0,0.0
lognormal_sigma_0.50,lognormal,"{""centered_and_standardized"":true,""mu"":0.0,""severity"":""moderate"",""sigma"":0.5}",500,exploratory,acceptable,200,0,0,0.0,1.734723475976807e-18,0.018845326377266575,0,nan,nan,nan,0,nan,nan,nan,nan,nan,nan,nan,nan,nan,nan,nan,nan,nan,nan,nan,nan,nan,nan,nan
lognormal_sigma_0.50,lognormal,"{""centered_and_standardized"":true,""mu"":0.0,""severity"":""moderate"",""sigma"":0.5}",500,exploratory,caution,200,173,173,0.865,0.8107086162924745,0.9055342954521209,6,0.03468208092485549,0.01599023570343839,0.07358976960943533,167,0.9653179190751445,0.9264102303905647,0.9840097642965616,-0.0018698252101696726,0.045224720736248544,0.044295450865573446,0.04531721447958317,0.977453079900353,1.0,1.0,12.184971098265896,0.02436994219653179,0.08718118303494388,1.9678910315378972,2.59545568714813,0.007081817517203488,2.365209352683848,1.0,0.0
lognormal_sigma_0.50,lognormal,"{""centered_and_standardized"":true,""mu"":0.0,""severity"":""moderate"",""sigma"":0.5}",500,exploratory,insufficient,200,27,27,0.135,0.09446570454787906,0.18929138370752552,2,0.07407407407407407,0.020554654060988622,0.23369592683023144,25,0.9259259259259259,0.7663040731697686,0.9794453459390113,0.00287012902026993,0.04884816458856679,0.04681699195685223,0.04969269009202202,0.9421303590156921,1.0,1.0,14.666666666666666,0.029333333333333336,0.11302749848788264,2.3302660007531246,3.135293493606432,0.010811182307650559,3.1573384873738455,1.0,0.0
lognormal_sigma_0.50,lognormal,"{""centered_and_standardized"":true,""mu"":0.0,""severity"":""moderate"",""sigma"":0.5}",750,exploratory,all,200,200,200,1.0,0.9811546736227335,1.0,15,0.075,0.04597491718438201,0.12004361023629456,185,0.925,0.8799563897637055,0.954025082815618,-0.002152942287476548,0.038576174971732644,0.0362981813531052,0.038612702819820655,0.9400580301898118,1.0,1.0,17.85,0.023799999999999998,0.08681281490079469,2.3876422794885324,3.0974856683592895,0.0060615665200869535,2.8938013075023092,1.0,0.0
lognormal_sigma_0.50,lognormal,"{""centered_and_standardized"":true,""mu"":0.0,""severity"":""moderate"",""sigma"":0.5}",750,exploratory,acceptable,200,0,0,0.0,1.734723475976807e-18,0.018845326377266575,0,nan,nan,nan,0,nan,nan,nan,nan,nan,nan,nan,nan,nan,nan,nan,nan,nan,nan,nan,nan,nan,nan,nan
lognormal_sigma_0.50,lognormal,"{""centered_and_standardized"":true,""mu"":0.0,""severity"":""moderate"",""sigma"":0.5}",750,exploratory,caution,200,171,171,0.855,0.7995133246921847,0.8971064935799559,14,0.08187134502923976,0.04939360712875908,0.13272257421326822,157,0.9181286549707602,0.8672774257867318,0.950606392871241,-0.0023254030181954887,0.039299087997780424,0.03598339917569797,0.03934544221474137,0.9145506353520215,1.0,1.0,17.614035087719298,0.023485380116959064,0.08423432411156286,2.3258449115039213,2.979277248330979,0.005680967145509339,2.8011880457818195,1.0,0.0
lognormal_sigma_0.50,lognormal,"{""centered_and_standardized"":true,""mu"":0.0,""severity"":""moderate"",""sigma"":0.5}",750,exploratory,insufficient,200,29,29,0.145,0.10289350642004402,0.20048667530781522,1,0.034482758620689655,0.006113214292762653,0.17175521879320288,28,0.9655172413793104,0.8282447812067973,0.9938867857072374,-0.0011360186684096893,0.034002394847072175,0.03815431074402366,0.034584935402733795,1.1032060722313137,1.0,1.0,19.24137931034483,0.0256551724137931,0.10201701920971341,2.729865655222691,3.1369078959099173,0.008305790418458397,3.439900195578304,1.0,0.0
lognormal_sigma_0.50,lognormal,"{""centered_and_standardized"":true,""mu"":0.0,""severity"":""moderate"",""sigma"":0.5}",2000,exploratory,all,200,200,200,1.0,0.9811546736227335,1.0,14,0.07,0.042152171828342806,0.11405480885610647,186,0.93,0.8859451911438936,0.9578478281716571,-0.0006370148846922294,0.02434853223835384,0.022282653972387406,0.02440127754705641,0.9131757109608969,1.0,1.0,46.195,0.023097500000000003,0.08479224239369298,3.798335038317556,4.428494030635447,0.0036635932498767167,4.573711374027423,1.0,0.0
lognormal_sigma_0.50,lognormal,"{""centered_and_standardized"":true,""mu"":0.0,""severity"":""moderate"",""sigma"":0.5}",2000,exploratory,acceptable,200,0,0,0.0,1.734723475976807e-18,0.018845326377266575,0,nan,nan,nan,0,nan,nan,nan,nan,nan,nan,nan,nan,nan,nan,nan,nan,nan,nan,nan,nan,nan,nan,nan
lognormal_sigma_0.50,lognormal,"{""centered_and_standardized"":true,""mu"":0.0,""severity"":""moderate"",""sigma"":0.5}",2000,exploratory,caution,200,178,178,0.89,0.839073090026985,0.926227555398747,14,0.07865168539325842,0.04742689159231053,0.12767871428655334,164,0.9213483146067416,0.8723212857134466,0.9525731084076894,-0.0014625689846855113,0.025091773543033186,0.022166985395915502,0.02511977213081063,0.8824516910615844,1.0,1.0,45.752808988764045,0.022876404494382017,0.08333416916735914,3.734907589539418,4.390791738795631,0.003535259359127927,4.498837726869339,1.0,0.0
lognormal_sigma_0.50,lognormal,"{""centered_and_standardized"":true,""mu"":0.0,""severity"":""moderate"",""sigma"":0.5}",2000,exploratory,insufficient,200,22,22,0.11,0.07377244460125303,0.1609269099730149,0,0.0,0.0,0.14865487460862087,22,1.0,0.8513451253913791,1.0,0.006042468287980691,0.01719133068415873,0.02321851790929645,0.016473166360823337,1.4094751064078963,1.0,1.0,49.77272727272727,0.02488636363636364,0.09658938031584864,4.049496284885362,4.8264103746707265,0.004701931093207829,5.179507246488285,1.0,0.0
lognormal_sigma_1.00,lognormal,"{""centered_and_standardized"":true,""mu"":0.0,""severity"":""severe"",""sigma"":1.0}",5,exploratory,all,200,200,200,1.0,0.9811546736227335,1.0,31,0.155,0.11139636927689314,0.21160690592342077,169,0.845,0.7883930940765792,0.8886036307231068,-0.01709809798133264,0.39526931225112805,0.31043946033207204,0.395890300338885,0.7841552573183369,0.395,0.395,0.49,0.098,0.1947697467493294,0.0,0.9981829097179437,0.1386903800578303,3.8811939289217934,0.19,0.47
lognormal_sigma_1.00,lognormal,"{""centered_and_standardized"":true,""mu"":0.0,""severity"":""severe"",""sigma"":1.0}",5,exploratory,acceptable,200,88,88,0.44,0.37297819251185865,0.5092832466534134,22,0.25,0.17128323377232502,0.34963029956012115,66,0.75,0.6503697004398789,0.828716766227675,-0.0913341597521082,0.3151135362951928,0.20739311495940055,0.30331512875127004,0.6837546014049,0.0,0.0,0.0,0.0,0.0,0.0,0.0,0.0,0.0,0.0,1.0
lognormal_sigma_1.00,lognormal,"{""centered_and_standardized"":true,""mu"":0.0,""severity"":""severe"",""sigma"":1.0}",5,exploratory,caution,200,0,0,0.0,1.734723475976807e-18,0.018845326377266575,0,nan,nan,nan,0,nan,nan,nan,nan,nan,nan,nan,nan,nan,nan,nan,nan,nan,nan,nan,nan,nan,nan,nan
lognormal_sigma_1.00,lognormal,"{""centered_and_standardized"":true,""mu"":0.0,""severity"":""severe"",""sigma"":1.0}",5,exploratory,insufficient,200,112,112,0.56,0.4907167533465867,0.6270218074881414,9,0.08035714285714286,0.042850577836899786,0.1456955527371424,103,0.9196428571428571,0.8543044472628575,0.9571494221631002,0.04123023626713386,0.44830504457391784,0.3914044459820282,0.4484113883766412,0.8728691021854016,0.7053571428571429,0.7053571428571429,0.875,0.17500000000000002,0.347803119195231,0.9511952522132539,1.4699527836643236,0.24766139296041126,6.930703444503202,0.3392857142857143,0.05357142857142857
lognormal_sigma_1.00,lognormal,"{""centered_and_standardized"":true,""mu"":0.0,""severity"":""severe"",""sigma"":1.0}",8,exploratory,all,200,200,200,1.0,0.9811546736227335,1.0,42,0.21,0.15928412069979,0.2716461685990246,158,0.79,0.7283538314009754,0.8407158793002101,-0.03622083028062941,0.34543505766221316,0.2491980858978021,0.34439289021411074,0.7235866156902206,0.49,0.49,0.61,0.07625,0.1632233868839417,0.0,1.2598545675984083,0.10026412905851734,1.8912210766283928,0.45,0.4
lognormal_sigma_1.00,lognormal,"{""centered_and_standardized"":true,""mu"":0.0,""severity"":""severe"",""sigma"":1.0}",8,exploratory,acceptable,200,77,77,0.385,0.32033309726923215,0.45400132779753916,25,0.3246753246753247,0.23059379328779073,0.4354191610320238,52,0.6753246753246753,0.5645808389679762,0.7694062067122093,-0.09527068219703529,0.3189196582711813,0.1699513519662179,0.3063529076727338,0.5547567779176134,0.0,0.0,0.0,0.0,0.0,0.0,0.0,0.0,0.0,0.012987012987012988,1.0
lognormal_sigma_1.00,lognormal,"{""centered_and_standardized"":true,""mu"":0.0,""severity"":""severe"",""sigma"":1.0}",8,exploratory,caution,200,0,0,0.0,1.734723475976807e-18,0.018845326377266575,0,nan,nan,nan,0,nan,nan,nan,nan,nan,nan,nan,nan,nan,nan,nan,nan,nan,nan,nan,nan,nan,nan,nan
lognormal_sigma_1.00,lognormal,"{""centered_and_standardized"":true,""mu"":0.0,""severity"":""severe"",""sigma"":1.0}",8,exploratory,insufficient,200,123,123,0.615,0.5459986722024608,0.6796669027307678,17,0.13821138211382114,0.08811645646024345,0.21022021652132195,106,0.8617886178861789,0.7897797834786779,0.9118835435397565,0.0007453371792344137,0.3610443882262625,0.29880782990375315,0.3625202860721348,0.8242513353978098,0.7967479674796748,0.7967479674796748,0.991869918699187,0.12398373983739837,0.2654038811121002,0.8943295082016364,1.4229306726323934,0.1630311041601908,3.075156222159988,0.7235772357723578,0.024390243902439025
lognormal_sigma_1.00,lognormal,"{""centered_and_standardized"":true,""mu"":0.0,""severity"":""severe"",""sigma"":1.0}",10,exploratory,all,200,200,200,1.0,0.9811546736227335,1.0,41,0.205,0.15486176203836208,0.26625698052422514,159,0.795,0.7337430194757748,0.8451382379616379,-0.006722408329544241,0.33698376448968376,0.2598201494498646,0.337762169539083,0.7692399353202295,0.645,0.645,0.9,0.09,0.2220012328195952,0.8614389735679306,1.4094621329072923,0.13376797396419463,2.5200817816249885,0.665,0.28
lognormal_sigma_1.00,lognormal,"{""centered_and_standardized"":true,""mu"":0.0,""severity"":""severe"",""sigma"":1.0}",10,exploratory,acceptable,200,49,49,0.245,0.1905686808903718,0.30904243556203415,17,0.3469387755102041,0.22924392834538948,0.48688805713027256,32,0.6530612244897959,0.5131119428697273,0.7707560716546102,-0.11857042866882389,0.2714539110805129,0.13919153916156898,0.24671954747174135,0.5641690761349651,0.0,0.0,0.0,0.0,0.0,0.0,0.0,0.0,0.0,0.02040816326530612,1.0
lognormal_sigma_1.00,lognormal,"{""centered_and_standardized"":true,""mu"":0.0,""severity"":""severe"",""sigma"":1.0}",10,exploratory,caution,200,0,0,0.0,1.734723475976807e-18,0.018845326377266575,0,nan,nan,nan,0,nan,nan,nan,nan,nan,nan,nan,nan,nan,nan,nan,nan,nan,nan,nan,nan,nan,nan,nan
lognormal_sigma_1.00,lognormal,"{""centered_and_standardized"":true,""mu"":0.0,""severity"":""severe"",""sigma"":1.0}",10,exploratory,insufficient,200,151,151,0.755,0.6909575644379659,0.8094313191096282,24,0.15894039735099338,0.10919505608725422,0.2256084210662797,127,0.8410596026490066,0.7743915789337202,0.8908049439127458,0.02957264462823525,0.3556631474235889,0.2989645329209009,0.35561103940369826,0.8407065579916071,0.8543046357615894,0.8543046357615894,1.1920529801324504,0.119205298013245,0.29404136797297376,0.9354347030314917,1.4292261007116345,0.1771761244558869,3.337856664403958,0.8741721854304636,0.046357615894039736
lognormal_sigma_1.00,lognormal,"{""centered_and_standardized"":true,""mu"":0.0,""severity"":""severe"",""sigma"":1.0}",15,exploratory,all,200,200,200,1.0,0.9811546736227335,1.0,31,0.155,0.11139636927689314,0.21160690592342077,169,0.845,0.7883930940765792,0.8886036307231068,-0.00444661445970918,0.2591767068949523,0.2172065574866221,0.25978884548407477,0.8360888516283006,0.755,0.755,1.295,0.08633333333333333,0.21860732603614003,0.8949157836568582,1.5546990616362788,0.11032754594038735,2.5112015041940055,0.825,0.155
lognormal_sigma_1.00,lognormal,"{""centered_and_standardized"":true,""mu"":0.0,""severity"":""severe"",""sigma"":1.0}",15,exploratory,acceptable,200,27,27,0.135,0.09446570454787906,0.18929138370752552,6,0.2222222222222222,0.10607239452360037,0.4075692886663257,21,0.7777777777777778,0.5924307113336742,0.8939276054763996,-0.10315078127986944,0.19793312925304815,0.12181769358756017,0.17214829021089784,0.7076323176856537,0.0,0.0,0.0,0.0,0.0,0.0,0.0,0.0,0.0,0.07407407407407407,1.0
lognormal_sigma_1.00,lognormal,"{""centered_and_standardized"":true,""mu"":0.0,""severity"":""severe"",""sigma"":1.0}",15,exploratory,caution,200,0,0,0.0,1.734723475976807e-18,0.018845326377266575,0,nan,nan,nan,0,nan,nan,nan,nan,nan,nan,nan,nan,nan,nan,nan,nan,nan,nan,nan,nan,nan,nan,nan
lognormal_sigma_1.00,lognormal,"{""centered_and_standardized"":true,""mu"":0.0,""severity"":""severe"",""sigma"":1.0}",15,exploratory,insufficient,200,173,173,0.865,0.8107086162924745,0.9055342954521209,25,0.14450867052023122,0.09983706982288384,0.20462467336645448,148,0.8554913294797688,0.7953753266335455,0.9001629301771161,0.010958082096038371,0.26747286546697707,0.23209383682346993,0.2680240593183031,0.8659440402991482,0.8728323699421965,0.8728323699421965,1.4971098265895955,0.09980732177263969,0.25272523241172257,0.9486432399079204,1.6423130524388763,0.1275462958848409,2.9031231262358443,0.9421965317919075,0.023121387283236993
lognormal_sigma_1.00,lognormal,"{""centered_and_standardized"":true,""mu"":0.0,""severity"":""severe"",""sigma"":1.0}",20,exploratory,all,200,200,200,1.0,0.9811546736227335,1.0,26,0.13,0.0902820227966932,0.18366351872248407,174,0.87,0.8163364812775159,0.9097179772033067,-0.021130021960934515,0.2101812406411358,0.18553583181619943,0.20964117726583315,0.8850161701817425,0.83,0.83,1.625,0.08125,0.20150077598598312,1.1449527184361026,1.6302509895307786,0.09285045323695884,2.6447632965686285,0.96,0.115
lognormal_sigma_1.00,lognormal,"{""centered_and_standardized"":true,""mu"":0.0,""severity"":""severe"",""sigma"":1.0}",20,exploratory,acceptable,200,22,22,0.11,0.07377244460125303,0.1609269099730149,5,0.22727272727272727,0.10123039985248516,0.4343995317522171,17,0.7727272727272727,0.5656004682477829,0.8987696001475147,-0.0946859953365128,0.16588050974724128,0.11381482245674966,0.1394068946209597,0.816421761392838,0.0,0.0,0.0,0.0,0.0,0.0,0.0,0.0,0.0,0.6363636363636364,1.0
lognormal_sigma_1.00,lognormal,"{""centered_and_standardized"":true,""mu"":0.0,""severity"":""severe"",""sigma"":1.0}",20,exploratory,caution,200,0,0,0.0,1.734723475976807e-18,0.018845326377266575,0,nan,nan,nan,0,nan,nan,nan,nan,nan,nan,nan,nan,nan,nan,nan,nan,nan,nan,nan,nan,nan,nan,nan
lognormal_sigma_1.00,lognormal,"{""centered_and_standardized"":true,""mu"":0.0,""severity"":""severe"",""sigma"":1.0}",20,exploratory,insufficient,200,178,178,0.89,0.839073090026985,0.926227555398747,21,0.11797752808988764,0.07847260283108948,0.17362314649908045,157,0.8820224719101124,0.8263768535009196,0.9215273971689105,-0.012038834240357427,0.2150237931201106,0.1944002262314123,0.215292116070643,0.9029602652408529,0.9325842696629213,0.9325842696629213,1.8258426966292134,0.09129213483146068,0.2264053662763855,1.1967938226715091,1.6334551287575132,0.10432635195163917,2.971644153447897,1.0,0.0056179775280898875
lognormal_sigma_1.00,lognormal,"{""centered_and_standardized"":true,""mu"":0.0,""severity"":""severe"",""sigma"":1.0}",30,confirmatory_10000,all,10000,10000,10000,1.0,0.9996160016293234,1.0,1128,0.1128,0.10674778186658007,0.11914958647167187,8872,0.8872,0.880850413528328,0.8932522181334198,0.0007163802385950795,0.1815461609348718,0.16150633157291594,0.18155382543118445,0.8895782349358029,0.9237,0.9237,2.4554,0.08184666666666666,0.21271324511186948,1.2281656378287895,1.9092649595953053,0.08189606868363608,2.952010179310279,0.9922,0.0554
lognormal_sigma_1.00,lognormal,"{""centered_and_standardized"":true,""mu"":0.0,""severity"":""severe"",""sigma"":1.0}",30,confirmatory_10000,acceptable,10000,460,460,0.046,0.04206559125734039,0.05028307926323395,176,0.3826086956521739,0.33933981581774275,0.4278220065114051,284,0.6173913043478261,0.5721779934885949,0.6606601841822572,-0.10524465617200106,0.18028036658041327,0.08995289103869182,0.146530711972147,0.6138842146333823,0.0,0.0,0.0,0.0,0.0,0.0,0.0,0.0,0.0,0.8347826086956521,1.0
lognormal_sigma_1.00,lognormal,"{""centered_and_standardized"":true,""mu"":0.0,""severity"":""severe"",""sigma"":1.0}",30,confirmatory_10000,caution,10000,0,0,0.0,0.0,0.00038399837067659573,0,nan,nan,nan,0,nan,nan,nan,nan,nan,nan,nan,nan,nan,nan,nan,nan,nan,nan,nan,nan,nan,nan,nan
lognormal_sigma_1.00,lognormal,"{""centered_and_standardized"":true,""mu"":0.0,""severity"":""severe"",""sigma"":1.0}",30,confirmatory_10000,insufficient,10000,9540,9540,0.954,0.949716920736766,0.9579344087426596,952,0.09979035639412998,0.09393612831177015,0.1059667584925168,8588,0.90020964360587,0.8940332415074831,0.9060638716882298,0.00582561260220873,0.18160697208540993,0.16495649746869614,0.18152302468290235,0.9087359455190557,0.9682389937106918,0.9682389937106918,2.5737945492662475,0.08579315164220824,0.22296985860782967,1.2596926660097538,1.9191950444678698,0.08584493572708184,3.09435029277807,0.9997903563941299,0.009853249475890986
lognormal_sigma_1.00,lognormal,"{""centered_and_standardized"":true,""mu"":0.0,""severity"":""severe"",""sigma"":1.0}",40,exploratory,all,200,200,200,1.0,0.9811546736227335,1.0,19,0.095,0.06166310271738653,0.1436016116481994,181,0.905,0.8563983883518006,0.9383368972826135,0.0006394682779306582,0.14403926554604946,0.14157047436096776,0.14439929668729623,0.9804097222685618,0.965,0.965,3.165,0.079125,0.2081230670490742,1.4149041934866424,2.0517561373815547,0.07129226874088769,3.0453974440569453,1.0,0.03
lognormal_sigma_1.00,lognormal,"{""centered_and_standardized"":true,""mu"":0.0,""severity"":""severe"",""sigma"":1.0}",40,exploratory,acceptable,200,5,5,0.025,0.010724719651761264,0.05717834040664198,3,0.6,0.2307242812760128,0.882379225767352,2,0.4,0.11762077423264783,0.769275718723987,-0.13380003671505852,0.16083615722079395,0.0724269916505744,0.09978614410704106,0.7258221299029415,0.0,0.0,0.0,0.0,0.0,0.0,0.0,0.0,0.0,1.0,1.0
lognormal_sigma_1.00,lognormal,"{""centered_and_standardized"":true,""mu"":0.0,""severity"":""severe"",""sigma"":1.0}",40,exploratory,caution,200,1,1,0.005,0.0008831687156009814,0.02777370439789293,1,1.0,0.20654931437723745,1.0,0,0.0,0.0,0.7934506856227626,-0.17898190692919425,0.17898190692919425,0.0628985571361473,nan,nan,1.0,1.0,1.0,0.025,0.028622365706808678,0.4550559982616777,0.4550559982616777,0.005434713390207548,0.7672162321757452,1.0,1.0
lognormal_sigma_1.00,lognormal,"{""centered_and_standardized"":true,""mu"":0.0,""severity"":""severe"",""sigma"":1.0}",40,exploratory,insufficient,200,194,194,0.97,0.9361057075454807,0.9861796856598887,15,0.07731958762886598,0.047413985139115086,0.12363943825564973,179,0.9226804123711341,0.8763605617443504,0.9525860148608849,0.0050302873509825725,0.14337763081387733,0.1437580482309512,0.14366009823189585,1.000681817709029,0.9896907216494846,0.9896907216494846,3.2577319587628866,0.08144329896907215,0.21441232496962906,1.4478593320338458,2.0706277968769125,0.07346917028240893,3.135630271026873,1.0,0.0
lognormal_sigma_1.00,lognormal,"{""centered_and_standardized"":true,""mu"":0.0,""severity"":""severe"",""sigma"":1.0}",50,exploratory,all,200,200,200,1.0,0.9811546736227335,1.0,19,0.095,0.06166310271738653,0.1436016116481994,181,0.905,0.8563983883518006,0.9383368972826135,0.01011154332912808,0.14330868213821235,0.13388075643507824,0.14331023755697822,0.9342023202065314,1.0,1.0,4.28,0.08560000000000001,0.23035162667827014,1.6519852785534699,2.3693570246537514,0.07330907331366147,3.775597020479995,1.0,0.0
lognormal_sigma_1.00,lognormal,"{""centered_and_standardized"":true,""mu"":0.0,""severity"":""severe"",""sigma"":1.0}",50,exploratory,acceptable,200,0,0,0.0,1.734723475976807e-18,0.018845326377266575,0,nan,nan,nan,0,nan,nan,nan,nan,nan,nan,nan,nan,nan,nan,nan,nan,nan,nan,nan,nan,nan,nan,nan
lognormal_sigma_1.00,lognormal,"{""centered_and_standardized"":true,""mu"":0.0,""severity"":""severe"",""sigma"":1.0}",50,exploratory,caution,200,0,0,0.0,1.734723475976807e-18,0.018845326377266575,0,nan,nan,nan,0,nan,nan,nan,nan,nan,nan,nan,nan,nan,nan,nan,nan,nan,nan,nan,nan,nan,nan,nan
lognormal_sigma_1.00,lognormal,"{""centered_and_standardized"":true,""mu"":0.0,""severity"":""severe"",""sigma"":1.0}",50,exploratory,insufficient,200,200,200,1.0,0.9811546736227335,1.0,19,0.095,0.06166310271738653,0.1436016116481994,181,0.905,0.8563983883518006,0.9383368972826135,0.01011154332912808,0.14330868213821235,0.13388075643507824,0.14331023755697822,0.9342023202065314,1.0,1.0,4.28,0.08560000000000001,0.23035162667827014,1.6519852785534699,2.3693570246537514,0.07330907331366147,3.775597020479995,1.0,0.0
lognormal_sigma_1.00,lognormal,"{""centered_and_standardized"":true,""mu"":0.0,""severity"":""severe"",""sigma"":1.0}",80,exploratory,all,200,200,200,1.0,0.9811546736227335,1.0,12,0.06,0.03465219425433187,0.1019316929576627,188,0.94,0.8980683070423372,0.9653478057456681,0.005413883263941842,0.11344855472082653,0.10622297570864482,0.11360366808895349,0.9350312141811348,1.0,1.0,6.29,0.078625,0.21595293246566818,1.9905949769516444,2.6516736404055115,0.05635584262669346,4.389441191953541,1.0,0.0
lognormal_sigma_1.00,lognormal,"{""centered_and_standardized"":true,""mu"":0.0,""severity"":""severe"",""sigma"":1.0}",80,exploratory,acceptable,200,0,0,0.0,1.734723475976807e-18,0.018845326377266575,0,nan,nan,nan,0,nan,nan,nan,nan,nan,nan,nan,nan,nan,nan,nan,nan,nan,nan,nan,nan,nan,nan,nan
lognormal_sigma_1.00,lognormal,"{""centered_and_standardized"":true,""mu"":0.0,""severity"":""severe"",""sigma"":1.0}",80,exploratory,caution,200,25,25,0.125,0.08611974475712644,0.17801425002582347,4,0.16,0.0640345145667644,0.3465362160717886,21,0.84,0.6534637839282114,0.9359654854332355,-0.04123720391951717,0.10190030801554231,0.0769555658649414,0.09510501753852244,0.8091640993995972,1.0,1.0,5.24,0.0655,0.13301440403753928,1.8274244661506294,2.2610834643526507,0.02206258572948299,2.7423529641874156,1.0,0.0
lognormal_sigma_1.00,lognormal,"{""centered_and_standardized"":true,""mu"":0.0,""severity"":""severe"",""sigma"":1.0}",80,exploratory,insufficient,200,175,175,0.875,0.8219857499741765,0.9138802552428735,8,0.045714285714285714,0.023343439021955972,0.08760096364357534,167,0.9542857142857143,0.9123990363564247,0.976656560978044,0.012078324290150275,0.11500367930281472,0.11040403425774534,0.1146958260851849,0.9625810984241743,1.0,1.0,6.44,0.0805,0.22780129366968668,2.020683587832553,2.679839633959726,0.06125487932629495,4.624739510205844,1.0,0.0
lognormal_sigma_1.00,lognormal,"{""centered_and_standardized"":true,""mu"":0.0,""severity"":""severe"",""sigma"":1.0}",100,exploratory,all,200,200,200,1.0,0.9811546736227335,1.0,21,0.105,0.06970748792681017,0.1551803199112304,179,0.895,0.8448196800887696,0.9302925120731899,-0.0036947419990772125,0.0945912136585545,0.09400434480563527,0.09475621501717164,0.9920652148104467,1.0,1.0,7.865,0.07865,0.2112292559763004,2.2639981246975576,2.923012267301425,0.04993379415899863,4.903456792535773,1.0,0.0
lognormal_sigma_1.00,lognormal,"{""centered_and_standardized"":true,""mu"":0.0,""severity"":""severe"",""sigma"":1.0}",100,exploratory,acceptable,200,0,0,0.0,1.734723475976807e-18,0.018845326377266575,0,nan,nan,nan,0,nan,nan,nan,nan,nan,nan,nan,nan,nan,nan,nan,nan,nan,nan,nan,nan,nan,nan,nan
lognormal_sigma_1.00,lognormal,"{""centered_and_standardized"":true,""mu"":0.0,""severity"":""severe"",""sigma"":1.0}",100,exploratory,caution,200,29,29,0.145,0.10289350642004402,0.20048667530781522,10,0.3448275862068966,0.19940718526674994,0.5265489590952386,19,0.6551724137931034,0.47345104090476137,0.80059281473325,-0.06497612165831301,0.10933470628493938,0.06583083850933126,0.08948927844142719,0.7356282188867918,1.0,1.0,6.758620689655173,0.06758620689655173,0.13040564385409217,1.9439214244555207,2.6640089615421854,0.019463530734086673,3.3465103262699545,1.0,0.0
lognormal_sigma_1.00,lognormal,"{""centered_and_standardized"":true,""mu"":0.0,""severity"":""severe"",""sigma"":1.0}",100,exploratory,insufficient,200,171,171,0.855,0.7995133246921847,0.8971064935799559,11,0.06432748538011696,0.036295758204863575,0.11150361955710891,160,0.935672514619883,0.888496380442891,0.9637042417951364,0.006698006598103129,0.09185646310831874,0.09878230786173361,0.09188098617000238,1.0751115326403016,1.0,1.0,8.052631578947368,0.08052631578947368,0.22493618434790294,2.297456769191202,2.9495849876428,0.05510126573398368,5.167500345294304,1.0,0.0
lognormal_sigma_1.00,lognormal,"{""centered_and_standardized"":true,""mu"":0.0,""severity"":""severe"",""sigma"":1.0}",200,exploratory,all,200,200,200,1.0,0.9811546736227335,1.0,15,0.075,0.04597491718438201,0.12004361023629456,185,0.925,0.8799563897637055,0.954025082815618,0.005008123100204225,0.07516348006475418,0.07022119109494718,0.0751846466635811,0.9339831230325089,1.0,1.0,16.06,0.0803,0.22215155089787217,3.2267652425501243,3.900736202195772,0.03905018628692288,7.100757542911124,1.0,0.0
lognormal_sigma_1.00,lognormal,"{""centered_and_standardized"":true,""mu"":0.0,""severity"":""severe"",""sigma"":1.0}",200,exploratory,acceptable,200,0,0,0.0,1.734723475976807e-18,0.018845326377266575,0,nan,nan,nan,0,nan,nan,nan,nan,nan,nan,nan,nan,nan,nan,nan,nan,nan,nan,nan,nan,nan,nan,nan
lognormal_sigma_1.00,lognormal,"{""centered_and_standardized"":true,""mu"":0.0,""severity"":""severe"",""sigma"":1.0}",200,exploratory,caution,200,3,3,0.015,0.00511423779325831,0.04316572879269026,0,0.0,5.551115123125783e-17,0.5614970317550454,3,1.0,0.4385029682449546,1.0,-0.03292547388436426,0.07929885332325715,0.050656361801596994,0.08835344906572831,0.5733376833304207,1.0,1.0,18.0,0.09000000000000001,0.17928303983193442,3.6647359742124728,3.728145084360609,0.019699550309893763,6.1682874434701205,1.0,0.0
lognormal_sigma_1.00,lognormal,"{""centered_and_standardized"":true,""mu"":0.0,""severity"":""severe"",""sigma"":1.0}",200,exploratory,insufficient,200,197,197,0.985,0.9568342712073097,0.9948857622067417,15,0.07614213197969544,0.04668336108731292,0.12181501080963134,182,0.9238578680203046,0.8781849891903688,0.9533166389126873,0.005585792089816941,0.07509874456269114,0.07051913265779007,0.075081527499312,0.9392341233126386,1.0,1.0,16.03045685279188,0.08015228426395939,0.22280437086334332,3.226130100848809,3.902420291084253,0.03934486602261368,7.114957595186875,1.0,0.0
lognormal_sigma_1.00,lognormal,"{""centered_and_standardized"":true,""mu"":0.0,""severity"":""severe"",""sigma"":1.0}",500,exploratory,all,200,200,200,1.0,0.9811546736227335,1.0,7,0.035,0.017055542008567192,0.07047061152229073,193,0.965,0.9295293884777092,0.9829444579914328,0.002395795048727648,0.04076130747595715,0.044293287298024564,0.04079294885905036,1.0858074382185199,1.0,1.0,39.385,0.07876999999999999,0.21669083908058367,4.891232590914411,5.6234938976245745,0.02445312071251575,10.89313252215562,1.0,0.0
lognormal_sigma_1.00,lognormal,"{""centered_and_standardized"":true,""mu"":0.0,""severity"":""severe"",""sigma"":1.0}",500,exploratory,acceptable,200,0,0,0.0,1.734723475976807e-18,0.018845326377266575,0,nan,nan,nan,0,nan,nan,nan,nan,nan,nan,nan,nan,nan,nan,nan,nan,nan,nan,nan,nan,nan,nan,nan
lognormal_sigma_1.00,lognormal,"{""centered_and_standardized"":true,""mu"":0.0,""severity"":""severe"",""sigma"":1.0}",500,exploratory,caution,200,1,1,0.005,0.0008831687156009814,0.02777370439789293,0,0.0,0.0,0.7934506856227626,1,1.0,0.20654931437723745,1.0,-0.0245104956186685,0.0245104956186685,0.0313924048887658,nan,nan,1.0,1.0,31.0,0.062,0.13450218018360593,4.284545279668566,4.284545279668566,0.009992797712591824,6.649857378922537,1.0,0.0
lognormal_sigma_1.00,lognormal,"{""centered_and_standardized"":true,""mu"":0.0,""severity"":""severe"",""sigma"":1.0}",500,exploratory,insufficient,200,199,199,0.995,0.9722262956021069,0.9991168312843989,7,0.035175879396984924,0.017141766602341124,0.0708158872442793,192,0.964824120603015,0.9291841127557207,0.9828582333976589,0.002531002539518583,0.04082663882024764,0.044358115852844965,0.04085087960906999,1.0858546077180742,1.0,1.0,39.42713567839196,0.07885427135678391,0.21710384741674943,4.895467495046051,5.624414898694267,0.024525785652213854,10.914455512825132,1.0,0.0
lognormal_sigma_1.00,lognormal,"{""centered_and_standardized"":true,""mu"":0.0,""severity"":""severe"",""sigma"":1.0}",750,exploratory,all,200,200,200,1.0,0.9811546736227335,1.0,9,0.045,0.023852543001492997,0.0832967040018196,191,0.955,0.9167032959981803,0.976147456998507,0.0005763831782101048,0.0349927533715767,0.036133625158660025,0.03507580550199722,1.0301581001925264,1.0,1.0,59.51,0.07934666666666666,0.21633633445826284,6.092322295630046,6.768544155008957,0.0200121989923154,13.43541204038327,1.0,0.0
lognormal_sigma_1.00,lognormal,"{""centered_and_standardized"":true,""mu"":0.0,""severity"":""severe"",""sigma"":1.0}",750,exploratory,acceptable,200,0,0,0.0,1.734723475976807e-18,0.018845326377266575,0,nan,nan,nan,0,nan,nan,nan,nan,nan,nan,nan,nan,nan,nan,nan,nan,nan,nan,nan,nan,nan,nan,nan
lognormal_sigma_1.00,lognormal,"{""centered_and_standardized"":true,""mu"":0.0,""severity"":""severe"",""sigma"":1.0}",750,exploratory,caution,200,0,0,0.0,1.734723475976807e-18,0.018845326377266575,0,nan,nan,nan,0,nan,nan,nan,nan,nan,nan,nan,nan,nan,nan,nan,nan,nan,nan,nan,nan,nan,nan,nan
lognormal_sigma_1.00,lognormal,"{""centered_and_standardized"":true,""mu"":0.0,""severity"":""severe"",""sigma"":1.0}",750,exploratory,insufficient,200,200,200,1.0,0.9811546736227335,1.0,9,0.045,0.023852543001492997,0.0832967040018196,191,0.955,0.9167032959981803,0.976147456998507,0.0005763831782101048,0.0349927533715767,0.036133625158660025,0.03507580550199722,1.0301581001925264,1.0,1.0,59.51,0.07934666666666666,0.21633633445826284,6.092322295630046,6.768544155008957,0.0200121989923154,13.43541204038327,1.0,0.0
lognormal_sigma_1.00,lognormal,"{""centered_and_standardized"":true,""mu"":0.0,""severity"":""severe"",""sigma"":1.0}",2000,exploratory,all,200,200,200,1.0,0.9811546736227335,1.0,6,0.03,0.013820314340111346,0.06389429245451925,194,0.97,0.9361057075454807,0.9861796856598887,0.0006361741533512257,0.02341907840059408,0.022242977215441228,0.02346918252135946,0.9477525344224387,1.0,1.0,157.38,0.07869,0.216178070858249,9.809439897994242,10.524191178843173,0.012371877520775936,21.87889622327485,1.0,0.0
lognormal_sigma_1.00,lognormal,"{""centered_and_standardized"":true,""mu"":0.0,""severity"":""severe"",""sigma"":1.0}",2000,exploratory,acceptable,200,0,0,0.0,1.734723475976807e-18,0.018845326377266575,0,nan,nan,nan,0,nan,nan,nan,nan,nan,nan,nan,nan,nan,nan,nan,nan,nan,nan,nan,nan,nan,nan,nan
lognormal_sigma_1.00,lognormal,"{""centered_and_standardized"":true,""mu"":0.0,""severity"":""severe"",""sigma"":1.0}",2000,exploratory,caution,200,0,0,0.0,1.734723475976807e-18,0.018845326377266575,0,nan,nan,nan,0,nan,nan,nan,nan,nan,nan,nan,nan,nan,nan,nan,nan,nan,nan,nan,nan,nan,nan,nan
lognormal_sigma_1.00,lognormal,"{""centered_and_standardized"":true,""mu"":0.0,""severity"":""severe"",""sigma"":1.0}",2000,exploratory,insufficient,200,200,200,1.0,0.9811546736227335,1.0,6,0.03,0.013820314340111346,0.06389429245451925,194,0.97,0.9361057075454807,0.9861796856598887,0.0006361741533512257,0.02341907840059408,0.022242977215441228,0.02346918252135946,0.9477525344224387,1.0,1.0,157.38,0.07869,0.216178070858249,9.809439897994242,10.524191178843173,0.012371877520775936,21.87889622327485,1.0,0.0
mixture_distinct_means,normal_mixture,"{""centered_and_standardized"":true,""means"":[-1.0,3.0],""sds"":[1.0,1.0],""weights"":[0.7,0.3]}",5,exploratory,all,200,200,200,1.0,0.9811546736227335,1.0,17,0.085,0.05374575017747561,0.13189587071565567,183,0.915,0.8681041292843443,0.9462542498225244,0.02182286789698249,0.43437466667319835,0.42077199377293584,0.43491478225431657,0.9674814720988013,0.315,0.315,0.41,0.08199999999999999,0.13817051263927088,0.0,0.9862416718639572,0.09549741207545313,2.39780087429192,0.14,0.56
mixture_distinct_means,normal_mixture,"{""centered_and_standardized"":true,""means"":[-1.0,3.0],""sds"":[1.0,1.0],""weights"":[0.7,0.3]}",5,exploratory,acceptable,200,97,97,0.485,0.41667385171877513,0.5538915080725428,9,0.09278350515463918,0.04958321848144811,0.1670088367716433,88,0.9072164948453608,0.8329911632283566,0.9504167815185518,0.13473250007732637,0.46963412703132984,0.42852997922979474,0.45222973707892045,0.9475935439314338,0.0,0.0,0.0,0.0,0.0,0.0,0.0,0.0,0.0,0.0,1.0
mixture_distinct_means,normal_mixture,"{""centered_and_standardized"":true,""means"":[-1.0,3.0],""sds"":[1.0,1.0],""weights"":[0.7,0.3]}",5,exploratory,caution,200,0,0,0.0,1.734723475976807e-18,0.018845326377266575,0,nan,nan,nan,0,nan,nan,nan,nan,nan,nan,nan,nan,nan,nan,nan,nan,nan,nan,nan,nan,nan,nan,nan
mixture_distinct_means,normal_mixture,"{""centered_and_standardized"":true,""means"":[-1.0,3.0],""sds"":[1.0,1.0],""weights"":[0.7,0.3]}",5,exploratory,insufficient,200,103,103,0.515,0.44610849192745716,0.5833261482812249,8,0.07766990291262135,0.039880356912350534,0.14582900197980858,95,0.9223300970873787,0.8541709980201915,0.9601196430876495,-0.08450950415635104,0.3983255915870877,0.41346592979900065,0.3911609959392436,1.057022387434614,0.6116504854368932,0.6116504854368932,0.7961165048543689,0.15922330097087378,0.26829225755198227,0.8613095817296245,1.5121197492277787,0.18543186810767598,4.655924027751301,0.27184466019417475,0.14563106796116504
mixture_distinct_means,normal_mixture,"{""centered_and_standardized"":true,""means"":[-1.0,3.0],""sds"":[1.0,1.0],""weights"":[0.7,0.3]}",8,exploratory,all,200,200,200,1.0,0.9811546736227335,1.0,14,0.07,0.042152171828342806,0.11405480885610647,186,0.93,0.8859451911438936,0.9578478281716571,0.003616102414192529,0.33350763421426177,0.3444700577699672,0.33432488920244186,1.0303452387039669,0.245,0.245,0.33,0.04125,0.0862508674176188,0.0,0.8985407252043563,0.03722761801840024,0.7445385604664252,0.21,0.705
mixture_distinct_means,normal_mixture,"{""centered_and_standardized"":true,""means"":[-1.0,3.0],""sds"":[1.0,1.0],""weights"":[0.7,0.3]}",8,exploratory,acceptable,200,130,130,0.65,0.5816346433604008,0.7127117587264192,9,0.06923076923076923,0.03684711914499425,0.12634191819174667,121,0.9307692307692308,0.8736580818082533,0.9631528808550058,0.08731149599198222,0.34932070006721516,0.35184841231504116,0.3395415861002705,1.036245416522076,0.0,0.0,0.0,0.0,0.0,0.0,0.0,0.0,0.0,0.023076923076923078,1.0
mixture_distinct_means,normal_mixture,"{""centered_and_standardized"":true,""means"":[-1.0,3.0],""sds"":[1.0,1.0],""weights"":[0.7,0.3]}",8,exploratory,caution,200,0,0,0.0,1.734723475976807e-18,0.018845326377266575,0,nan,nan,nan,0,nan,nan,nan,nan,nan,nan,nan,nan,nan,nan,nan,nan,nan,nan,nan,nan,nan,nan,nan
mixture_distinct_means,normal_mixture,"{""centered_and_standardized"":true,""means"":[-1.0,3.0],""sds"":[1.0,1.0],""weights"":[0.7,0.3]}",8,exploratory,insufficient,200,70,70,0.35,0.28728824127358077,0.4183653566395992,5,0.07142857142857142,0.03089421703784702,0.1565541221709532,65,0.9285714285714286,0.8434458778290468,0.969105782962153,-0.15181819994455975,0.3019513849572088,0.3307673993291157,0.2628939035743306,1.2581782796480654,0.7,0.7,0.9428571428571428,0.11785714285714285,0.24643104976462515,0.7794879845925075,1.466800112743586,0.10636462290971498,2.1272530299040717,0.5571428571428572,0.15714285714285714
mixture_distinct_means,normal_mixture,"{""centered_and_standardized"":true,""means"":[-1.0,3.0],""sds"":[1.0,1.0],""weights"":[0.7,0.3]}",10,exploratory,all,200,200,200,1.0,0.9811546736227335,1.0,9,0.045,0.023852543001492997,0.0832967040018196,191,0.955,0.9167032959981803,0.976147456998507,0.011282345084034582,0.3009256377261841,0.31002679200355254,0.301468679890782,1.0283880637811895,0.29,0.29,0.415,0.0415,0.08889442445695024,0.0,0.897866747542116,0.03561925507620792,0.7570128656498327,0.285,0.73
mixture_distinct_means,normal_mixture,"{""centered_and_standardized"":true,""means"":[-1.0,3.0],""sds"":[1.0,1.0],""weights"":[0.7,0.3]}",10,exploratory,acceptable,200,131,131,0.655,0.5867558925905368,0.7174020562325106,6,0.04580152671755725,0.02115788476371245,0.096324223181733,125,0.9541984732824428,0.903675776818267,0.9788421152362876,0.09097117281840625,0.31179564175108904,0.31714254441628237,0.2993742268204339,1.0593515272993288,0.0,0.0,0.0,0.0,0.0,0.0,0.0,0.0,0.0,0.06870229007633588,1.0
mixture_distinct_means,normal_mixture,"{""centered_and_standardized"":true,""means"":[-1.0,3.0],""sds"":[1.0,1.0],""weights"":[0.7,0.3]}",10,exploratory,caution,200,0,0,0.0,1.734723475976807e-18,0.018845326377266575,0,nan,nan,nan,0,nan,nan,nan,nan,nan,nan,nan,nan,nan,nan,nan,nan,nan,nan,nan,nan,nan,nan,nan
mixture_distinct_means,normal_mixture,"{""centered_and_standardized"":true,""means"":[-1.0,3.0],""sds"":[1.0,1.0],""weights"":[0.7,0.3]}",10,exploratory,insufficient,200,69,69,0.345,0.2825979437674894,0.4132441074094632,3,0.043478260869565216,0.014895903896212308,0.12021202749379145,66,0.9565217391304348,0.8797879725062087,0.9851040961037877,-0.14001093655658411,0.2791260553117923,0.296517175104022,0.2432401432467155,1.2190305890556405,0.8405797101449275,0.8405797101449275,1.2028985507246377,0.12028985507246376,0.2576649984259428,0.8160983320476498,1.43404097049898,0.10324421761219686,2.1942401902893707,0.6956521739130435,0.21739130434782608
mixture_distinct_means,normal_mixture,"{""centered_and_standardized"":true,""means"":[-1.0,3.0],""sds"":[1.0,1.0],""weights"":[0.7,0.3]}",15,exploratory,all,200,200,200,1.0,0.9811546736227335,1.0,15,0.075,0.04597491718438201,0.12004361023629456,185,0.925,0.8799563897637055,0.954025082815618,0.01019105254464084,0.2747100695690532,0.2526261999013456,0.2752098601180514,0.9179402213023237,0.28,0.28,0.495,0.033,0.06561402259063254,0.0,1.2467186142559585,0.021127798171569605,0.7263722104921082,0.4,0.76
mixture_distinct_means,normal_mixture,"{""centered_and_standardized"":true,""means"":[-1.0,3.0],""sds"":[1.0,1.0],""weights"":[0.7,0.3]}",15,exploratory,acceptable,200,135,135,0.675,0.6073198511602996,0.7360842846076571,8,0.05925925925925926,0.03033036094206136,0.11257694491042357,127,0.9407407407407408,0.8874230550895765,0.9696696390579387,0.11791542811736515,0.2772307476992169,0.2631259608652761,0.2518385129201613,1.044820181846822,0.0,0.0,0.0,0.0,0.0,0.0,0.0,0.0,0.0,0.2074074074074074,1.0
mixture_distinct_means,normal_mixture,"{""centered_and_standardized"":true,""means"":[-1.0,3.0],""sds"":[1.0,1.0],""weights"":[0.7,0.3]}",15,exploratory,caution,200,0,0,0.0,1.734723475976807e-18,0.018845326377266575,0,nan,nan,nan,0,nan,nan,nan,nan,nan,nan,nan,nan,nan,nan,nan,nan,nan,nan,nan,nan,nan,nan,nan
mixture_distinct_means,normal_mixture,"{""centered_and_standardized"":true,""means"":[-1.0,3.0],""sds"":[1.0,1.0],""weights"":[0.7,0.3]}",15,exploratory,insufficient,200,65,65,0.325,0.2639157153923429,0.3926801488397004,7,0.1076923076923077,0.053154219531127755,0.20601313581449843,58,0.8923076923076924,0.7939868641855017,0.9468457804688724,-0.21354418902947883,0.26939946479573307,0.230819004053182,0.16551868345531764,1.3945193330122905,0.8615384615384616,0.8615384615384616,1.523076923076923,0.10153846153846154,0.20188930027886934,0.7214597993680136,1.6348866334575551,0.06500860975867573,2.2349914168987945,0.8,0.26153846153846155
mixture_distinct_means,normal_mixture,"{""centered_and_standardized"":true,""means"":[-1.0,3.0],""sds"":[1.0,1.0],""weights"":[0.7,0.3]}",20,exploratory,all,200,200,200,1.0,0.9811546736227335,1.0,15,0.075,0.04597491718438201,0.12004361023629456,185,0.925,0.8799563897637055,0.954025082815618,0.0011591000132659256,0.23213043420883792,0.21613390715614308,0.2327100444697833,0.9287691369257051,0.235,0.235,0.465,0.023249999999999996,0.052133729076293704,0.0,1.1514688226559997,0.013703814093567,0.5614872387229835,0.555,0.76
mixture_distinct_means,normal_mixture,"{""centered_and_standardized"":true,""means"":[-1.0,3.0],""sds"":[1.0,1.0],""weights"":[0.7,0.3]}",20,exploratory,acceptable,200,140,140,0.7,0.6332093162728074,0.7592525531762859,6,0.04285714285714286,0.01978754110755173,0.09034384208734014,134,0.9571428571428572,0.9096561579126599,0.9802124588924483,0.08624436351341126,0.20615836797706652,0.2226505226758639,0.18792401538994155,1.1847901515613373,0.0,0.0,0.0,0.0,0.0,0.0,0.0,0.0,0.0,0.4,1.0
mixture_distinct_means,normal_mixture,"{""centered_and_standardized"":true,""means"":[-1.0,3.0],""sds"":[1.0,1.0],""weights"":[0.7,0.3]}",20,exploratory,caution,200,0,0,0.0,1.734723475976807e-18,0.018845326377266575,0,nan,nan,nan,0,nan,nan,nan,nan,nan,nan,nan,nan,nan,nan,nan,nan,nan,nan,nan,nan,nan,nan,nan
mixture_distinct_means,normal_mixture,"{""centered_and_standardized"":true,""means"":[-1.0,3.0],""sds"":[1.0,1.0],""weights"":[0.7,0.3]}",20,exploratory,insufficient,200,60,60,0.3,0.24074744682371402,0.36679068372719265,9,0.15,0.08097440580167739,0.2611458906977855,51,0.85,0.7388541093022145,0.9190255941983225,-0.1973731814870732,0.2836291452178727,0.20092847094346114,0.20540819858876952,0.9781910961875633,0.7833333333333333,0.7833333333333333,1.55,0.0775,0.17377909692097904,0.7088625027390394,1.5744928010746553,0.04567938031189,1.8716241290766116,0.9166666666666666,0.2
mixture_distinct_means,normal_mixture,"{""centered_and_standardized"":true,""means"":[-1.0,3.0],""sds"":[1.0,1.0],""weights"":[0.7,0.3]}",30,exploratory,all,200,200,200,1.0,0.9811546736227335,1.0,11,0.055,0.03098534170345884,0.0957869987723084,189,0.945,0.9042130012276914,0.9690146582965411,-0.0058891402270128115,0.18975437980229862,0.1801349729407407,0.19013891425775306,0.9473861447244252,0.265,0.265,0.63,0.021,0.046564166004250736,0.0,0.9472365274846621,0.008416548483912038,0.45527179445010924,0.765,0.855
mixture_distinct_means,normal_mixture,"{""centered_and_standardized"":true,""means"":[-1.0,3.0],""sds"":[1.0,1.0],""weights"":[0.7,0.3]}",30,exploratory,acceptable,200,142,142,0.71,0.6436252189922268,0.7684597439293211,5,0.035211267605633804,0.015132189304854042,0.07977538315512533,137,0.9647887323943662,0.9202246168448748,0.984867810695146,0.04207902197163281,0.18584737956027228,0.18310788312032336,0.1816617897329304,1.0079603607864864,0.0,0.0,0.0,0.0,0.0,0.0,0.0,0.0,0.0,0.676056338028169,1.0
mixture_distinct_means,normal_mixture,"{""centered_and_standardized"":true,""means"":[-1.0,3.0],""sds"":[1.0,1.0],""weights"":[0.7,0.3]}",30,exploratory,caution,200,0,0,0.0,1.734723475976807e-18,0.018845326377266575,0,nan,nan,nan,0,nan,nan,nan,nan,nan,nan,nan,nan,nan,nan,nan,nan,nan,nan,nan,nan,nan,nan,nan
mixture_distinct_means,normal_mixture,"{""centered_and_standardized"":true,""means"":[-1.0,3.0],""sds"":[1.0,1.0],""weights"":[0.7,0.3]}",30,exploratory,insufficient,200,58,58,0.29,0.23154025607067882,0.3563747810077731,6,0.10344827586206896,0.048281407423628964,0.2078810299248423,52,0.896551724137931,0.7921189700751577,0.951718592576371,-0.12332843388576586,0.19899625907648977,0.17285646870796925,0.15753569878133603,1.0972526865031327,0.9137931034482759,0.9137931034482759,2.1724137931034484,0.07241379310344827,0.1605660896698301,0.7590042352706717,1.913101594783529,0.02902258097900703,1.569902739483135,0.9827586206896551,0.5
mixture_distinct_means,normal_mixture,"{""centered_and_standardized"":true,""means"":[-1.0,3.0],""sds"":[1.0,1.0],""weights"":[0.7,0.3]}",40,exploratory,all,200,200,200,1.0,0.9811546736227335,1.0,11,0.055,0.03098534170345884,0.0957869987723084,189,0.945,0.9042130012276914,0.9690146582965411,0.0029863530081501565,0.15815340387238416,0.15703997105423187,0.15852200789501597,0.9906509079687812,0.255,0.255,0.57,0.014249999999999999,0.03248655618697071,0.0,0.7987081465278347,0.004827752775973092,0.31864077828895665,0.9,0.94
mixture_distinct_means,normal_mixture,"{""centered_and_standardized"":true,""means"":[-1.0,3.0],""sds"":[1.0,1.0],""weights"":[0.7,0.3]}",40,exploratory,acceptable,200,147,147,0.735,0.6698242380737758,0.7913184585289088,7,0.047619047619047616,0.023255417425864768,0.09502412561344212,140,0.9523809523809523,0.9049758743865579,0.9767445825741352,0.043919937797825416,0.15541256499436423,0.1586343753104801,0.14958717964873777,1.0604810899101584,0.0,0.0,0.0,0.0,0.0,0.0,0.0,0.0,0.0,0.8707482993197279,1.0
mixture_distinct_means,normal_mixture,"{""centered_and_standardized"":true,""means"":[-1.0,3.0],""sds"":[1.0,1.0],""weights"":[0.7,0.3]}",40,exploratory,caution,200,21,21,0.105,0.06970748792681017,0.1551803199112304,1,0.047619047619047616,0.008455987809826399,0.22669360074122563,20,0.9523809523809523,0.7733063992587743,0.9915440121901737,-0.05777563358408369,0.14467670831362286,0.1536556265019237,0.1359153869031904,1.1305241444912286,1.0,1.0,1.0,0.025000000000000005,0.059512101688767846,0.39482928531367956,0.4324433867128579,0.008435659634152519,0.4384175871557124,0.9523809523809523,1.0
mixture_distinct_means,normal_mixture,"{""centered_and_standardized"":true,""means"":[-1.0,3.0],""sds"":[1.0,1.0],""weights"":[0.7,0.3]}",40,exploratory,insufficient,200,32,32,0.16,0.1156741203158702,0.21714070162067106,3,0.09375,0.032401551298366194,0.24218154728387864,29,0.90625,0.7578184527161212,0.9675984487016337,-0.14517724841826707,0.17787292471925203,0.15193665261454387,0.10441774111961441,1.455084653100231,0.9375,0.9375,2.90625,0.07265625,0.163986159435313,0.9965976947095038,1.705557092040532,0.024637553214919228,1.7037933227350428,1.0,0.625
mixture_distinct_means,normal_mixture,"{""centered_and_standardized"":true,""means"":[-1.0,3.0],""sds"":[1.0,1.0],""weights"":[0.7,0.3]}",50,exploratory,all,200,200,200,1.0,0.9811546736227335,1.0,15,0.075,0.04597491718438201,0.12004361023629456,185,0.925,0.8799563897637055,0.954025082815618,-0.005130986877657743,0.14940447788692426,0.1408941338521637,0.14969104190451088,0.9412329025142413,0.24,0.24,0.62,0.0124,0.02807022584255379,0.0,0.6795975116840046,0.003978919514224775,0.35993563872227663,0.96,0.935
mixture_distinct_means,normal_mixture,"{""centered_and_standardized"":true,""means"":[-1.0,3.0],""sds"":[1.0,1.0],""weights"":[0.7,0.3]}",50,exploratory,acceptable,200,151,151,0.755,0.6909575644379659,0.8094313191096282,10,0.06622516556291391,0.03636670105392742,0.11760665338406232,141,0.9337748344370861,0.8823933466159377,0.9636332989460725,0.0320631218366665,0.14571496750117308,0.1425239955531976,0.14261664240812863,0.999350378375436,0.0,0.0,0.0,0.0,0.0,0.0,0.0,0.0,0.0,0.9470198675496688,1.0
mixture_distinct_means,normal_mixture,"{""centered_and_standardized"":true,""means"":[-1.0,3.0],""sds"":[1.0,1.0],""weights"":[0.7,0.3]}",50,exploratory,caution,200,20,20,0.1,0.06567044866909588,0.1494058124327174,0,0.0,0.0,0.16112515805281938,20,1.0,0.8388748419471806,1.0,-0.06622208606302586,0.10799346241174503,0.13801577932156317,0.08752276841297794,1.5769128630659046,1.0,1.0,1.0,0.020000000000000004,0.04904274712703927,0.35644475678444654,0.39024625578939,0.006392157663264437,0.40232274428088965,1.0,1.0
mixture_distinct_means,normal_mixture,"{""centered_and_standardized"":true,""means"":[-1.0,3.0],""sds"":[1.0,1.0],""weights"":[0.7,0.3]}",50,exploratory,insufficient,200,29,29,0.145,0.10289350642004402,0.20048667530781522,5,0.1724137931034483,0.07597857252891227,0.34548439890195237,24,0.8275862068965517,0.6545156010980476,0.9240214274710877,-0.15666507074509214,0.18799552720516513,0.13439268467133242,0.10575457468489324,1.2707978361387147,0.9655172413793104,0.9655172413793104,3.586206896551724,0.07172413793103448,0.15976518020586114,0.7345595676495069,2.2163445477120107,0.023032439640678148,2.2048507882357757,1.0,0.5517241379310345
mixture_distinct_means,normal_mixture,"{""centered_and_standardized"":true,""means"":[-1.0,3.0],""sds"":[1.0,1.0],""weights"":[0.7,0.3]}",80,exploratory,all,200,200,200,1.0,0.9811546736227335,1.0,15,0.075,0.04597491718438201,0.12004361023629456,185,0.925,0.8799563897637055,0.954025082815618,0.002502387400001982,0.11188512830598751,0.11121265130998519,0.11213783690474852,0.99174956802895,0.3,0.3,0.725,0.009062500000000001,0.021267057446179193,0.0,0.6181681874641562,0.0022412956852376526,0.2599932757990121,1.0,0.96
mixture_distinct_means,normal_mixture,"{""centered_and_standardized"":true,""means"":[-1.0,3.0],""sds"":[1.0,1.0],""weights"":[0.7,0.3]}",80,exploratory,acceptable,200,140,140,0.7,0.6332093162728074,0.7592525531762859,11,0.07857142857142857,0.04443737597511909,0.13521499290767183,129,0.9214285714285714,0.8647850070923281,0.9555626240248808,0.038748482350851016,0.10935448842302424,0.11228691294216353,0.10262645456438658,1.0941322431802034,0.0,0.0,0.0,0.0,0.0,0.0,0.0,0.0,0.0,1.0,1.0
mixture_distinct_means,normal_mixture,"{""centered_and_standardized"":true,""means"":[-1.0,3.0],""sds"":[1.0,1.0],""weights"":[0.7,0.3]}",80,exploratory,caution,200,57,57,0.285,0.22695003004617292,0.3511534602960517,4,0.07017543859649122,0.027626420229066015,0.1670017009603369,53,0.9298245614035088,0.832998299039663,0.972373579770934,-0.0808641149787723,0.11751512363129099,0.10875496745263907,0.08602694281800798,1.26419658644284,1.0,1.0,1.9649122807017543,0.02456140350877193,0.05843952757155227,0.3118782016296004,0.8880943068232624,0.006038199118070738,0.6618175047015163,1.0,0.8947368421052632
mixture_distinct_means,normal_mixture,"{""centered_and_standardized"":true,""means"":[-1.0,3.0],""sds"":[1.0,1.0],""weights"":[0.7,0.3]}",80,exploratory,insufficient,200,3,3,0.015,0.00511423779325831,0.04316572879269026,0,0.0,5.551115123125783e-17,0.5614970317550454,3,1.0,0.4385029682449546,1.0,-0.10501849844290821,0.11877284169714604,0.10777643509790502,0.06794964580053602,1.5861221030390542,1.0,1.0,11.0,0.13749999999999998,0.3074528058857863,2.6415589918064533,3.1935784669834972,0.03469392910583282,4.758352463938664,1.0,0.3333333333333333
mixture_distinct_means,normal_mixture,"{""centered_and_standardized"":true,""means"":[-1.0,3.0],""sds"":[1.0,1.0],""weights"":[0.7,0.3]}",100,exploratory,all,200,200,200,1.0,0.9811546736227335,1.0,12,0.06,0.03465219425433187,0.1019316929576627,188,0.94,0.8980683070423372,0.9653478057456681,-0.000274329915126601,0.09848147776689131,0.09966325094356727,0.09872822554286383,1.0094706999499095,0.2,0.2,0.505,0.00505,0.011755353682410697,0.0,0.2984460192706077,0.0010666611054367214,0.1515564401382568,1.0,0.99
mixture_distinct_means,normal_mixture,"{""centered_and_standardized"":true,""means"":[-1.0,3.0],""sds"":[1.0,1.0],""weights"":[0.7,0.3]}",100,exploratory,acceptable,200,160,160,0.8,0.7391448134346212,0.8495479907390189,5,0.03125,0.013420516687644407,0.07106029128564172,155,0.96875,0.9289397087143583,0.9865794833123556,0.021102763849606996,0.09193104662123114,0.10048949182553638,0.08975713249370225,1.1195711029715343,0.0,0.0,0.0,0.0,0.0,0.0,0.0,0.0,0.0,1.0,1.0
mixture_distinct_means,normal_mixture,"{""centered_and_standardized"":true,""means"":[-1.0,3.0],""sds"":[1.0,1.0],""weights"":[0.7,0.3]}",100,exploratory,caution,200,39,39,0.195,0.1460552053440051,0.25544044374612745,7,0.1794871794871795,0.08977265473219115,0.32668045661881623,32,0.8205128205128205,0.6733195433811838,0.9102273452678089,-0.08744090859361738,0.12269033048376374,0.0962552543937098,0.08718902382074896,1.1039836228881288,1.0,1.0,2.3076923076923075,0.02307692307692308,0.0542890952977577,0.2973932122295988,1.2970652815478623,0.005042645003902757,0.7045228621190188,1.0,0.9487179487179487
mixture_distinct_means,normal_mixture,"{""centered_and_standardized"":true,""means"":[-1.0,3.0],""sds"":[1.0,1.0],""weights"":[0.7,0.3]}",100,exploratory,insufficient,200,1,1,0.005,0.0008831687156009814,0.02777370439789293,0,0.0,0.0,0.7934506856227626,1,1.0,0.20654931437723745,1.0,-0.02111276381136264,0.02111276381136264,0.10037657527295432,nan,nan,1.0,1.0,11.0,0.11,0.2337960198695894,2.3291890486782116,2.3291890486782116,0.016669065935136812,2.8348964050096286,1.0,1.0
mixture_distinct_means,normal_mixture,"{""centered_and_standardized"":true,""means"":[-1.0,3.0],""sds"":[1.0,1.0],""weights"":[0.7,0.3]}",200,exploratory,all,200,200,200,1.0,0.9811546736227335,1.0,10,0.05,0.02738264560076393,0.08957814813877599,190,0.95,0.9104218518612239,0.972617354399236,-0.0009015820286585047,0.06795818381473247,0.07081997409413163,0.06812272326004289,1.0395939960267384,0.25,0.25,0.445,0.002225,0.0056613725997202834,0.0,0.22491004261659123,0.0003759203499163752,0.08873692565229453,1.0,1.0
mixture_distinct_means,normal_mixture,"{""centered_and_standardized"":true,""means"":[-1.0,3.0],""sds"":[1.0,1.0],""weights"":[0.7,0.3]}",200,exploratory,acceptable,200,150,150,0.75,0.6856590168795417,0.8049183199318249,6,0.04,0.01845916060207442,0.08451346421655606,144,0.96,0.915486535783444,0.9815408393979256,0.016765923255099367,0.06424659759155234,0.0711159113902545,0.06222816686332195,1.1428251059757812,0.0,0.0,0.0,0.0,0.0,0.0,0.0,0.0,0.0,1.0,1.0
mixture_distinct_means,normal_mixture,"{""centered_and_standardized"":true,""means"":[-1.0,3.0],""sds"":[1.0,1.0],""weights"":[0.7,0.3]}",200,exploratory,caution,200,50,50,0.25,0.19508168006817497,0.31434098312045833,4,0.08,0.03154951408859298,0.18838246918342838,46,0.92,0.8116175308165717,0.968450485911407,-0.05390409787993212,0.07804090647420292,0.06993216220576298,0.05700636658918008,1.2267430181918706,1.0,1.0,1.78,0.008900000000000002,0.022645490398881134,0.20136840084863505,0.558446429845993,0.0015036813996655008,0.35494770260917813,1.0,1.0
mixture_distinct_means,normal_mixture,"{""centered_and_standardized"":true,""means"":[-1.0,3.0],""sds"":[1.0,1.0],""weights"":[0.7,0.3]}",200,exploratory,insufficient,200,0,0,0.0,1.734723475976807e-18,0.018845326377266575,0,nan,nan,nan,0,nan,nan,nan,nan,nan,nan,nan,nan,nan,nan,nan,nan,nan,nan,nan,nan,nan,nan,nan
mixture_distinct_means,normal_mixture,"{""centered_and_standardized"":true,""means"":[-1.0,3.0],""sds"":[1.0,1.0],""weights"":[0.7,0.3]}",500,exploratory,all,200,200,200,1.0,0.9811546736227335,1.0,13,0.065,0.03837635464915299,0.10801907929906895,187,0.935,0.8919809207009312,0.961623645350847,-0.002849242868881505,0.0463652079828778,0.044714627874074854,0.046393708705024614,0.9638080059168042,0.345,0.345,0.78,0.0015600000000000002,0.004131939814406859,0.0,0.2718017473737774,0.00018331700684377837,0.09925423558260682,1.0,1.0
mixture_distinct_means,normal_mixture,"{""centered_and_standardized"":true,""means"":[-1.0,3.0],""sds"":[1.0,1.0],""weights"":[0.7,0.3]}",500,exploratory,acceptable,200,131,131,0.655,0.5867558925905368,0.7174020562325106,7,0.05343511450381679,0.026122137223314273,0.10619220420203965,124,0.9465648854961832,0.8938077957979604,0.9738778627766858,0.010936771947175355,0.04425494620240863,0.044929637230974,0.043046864805046756,1.0437377364055211,0.0,0.0,0.0,0.0,0.0,0.0,0.0,0.0,0.0,1.0,1.0
mixture_distinct_means,normal_mixture,"{""centered_and_standardized"":true,""means"":[-1.0,3.0],""sds"":[1.0,1.0],""weights"":[0.7,0.3]}",500,exploratory,caution,200,69,69,0.345,0.2825979437674894,0.4132441074094632,6,0.08695652173913043,0.040463621201533975,0.1770149833894218,63,0.9130434782608695,0.8229850166105782,0.959536378798466,-0.029022691287772066,0.05012780300545048,0.04430642170373011,0.04117093522476947,1.0761577666827993,1.0,1.0,2.260869565217391,0.004521739130434783,0.011976637143208287,0.2284190885133153,0.5096042101869396,0.0005313536430254446,0.2876934364713241,1.0,1.0
mixture_distinct_means,normal_mixture,"{""centered_and_standardized"":true,""means"":[-1.0,3.0],""sds"":[1.0,1.0],""weights"":[0.7,0.3]}",500,exploratory,insufficient,200,0,0,0.0,1.734723475976807e-18,0.018845326377266575,0,nan,nan,nan,0,nan,nan,nan,nan,nan,nan,nan,nan,nan,nan,nan,nan,nan,nan,nan,nan,nan,nan,nan
mixture_distinct_means,normal_mixture,"{""centered_and_standardized"":true,""means"":[-1.0,3.0],""sds"":[1.0,1.0],""weights"":[0.7,0.3]}",750,exploratory,all,200,200,200,1.0,0.9811546736227335,1.0,13,0.065,0.03837635464915299,0.10801907929906895,187,0.935,0.8919809207009312,0.961623645350847,-0.0028077969228316535,0.03846771472181782,0.03658105483024121,0.038461379864282295,0.9511113475211721,0.395,0.395,1.025,0.0013666666666666666,0.0036116199035614877,0.0,0.2861722986935798,0.0001303108777351584,0.10597556266267842,1.0,1.0
mixture_distinct_means,normal_mixture,"{""centered_and_standardized"":true,""means"":[-1.0,3.0],""sds"":[1.0,1.0],""weights"":[0.7,0.3]}",750,exploratory,acceptable,200,121,121,0.605,0.5358834915928536,0.6701589898679203,5,0.04132231404958678,0.017777486075125137,0.09309480708330535,116,0.9586776859504132,0.9069051929166947,0.9822225139248748,0.011415894551961417,0.034996659553601185,0.036781402126189924,0.03321993218312722,1.107208826418725,0.0,0.0,0.0,0.0,0.0,0.0,0.0,0.0,0.0,1.0,1.0
mixture_distinct_means,normal_mixture,"{""centered_and_standardized"":true,""means"":[-1.0,3.0],""sds"":[1.0,1.0],""weights"":[0.7,0.3]}",750,exploratory,caution,200,79,79,0.395,0.32984101013207967,0.46411650840714636,8,0.10126582278481013,0.05221180794058543,0.18729941147963136,71,0.8987341772151899,0.8127005885203687,0.9477881920594146,-0.024593450953843823,0.043247346800105856,0.03627419378201595,0.0358011099346151,1.0132142229183638,1.0,1.0,2.5949367088607596,0.0034599156118143466,0.009143341528003768,0.19528174929113057,0.5844227558492721,0.0003299009562915402,0.2682925637029834,1.0,1.0
mixture_distinct_means,normal_mixture,"{""centered_and_standardized"":true,""means"":[-1.0,3.0],""sds"":[1.0,1.0],""weights"":[0.7,0.3]}",750,exploratory,insufficient,200,0,0,0.0,1.734723475976807e-18,0.018845326377266575,0,nan,nan,nan,0,nan,nan,nan,nan,nan,nan,nan,nan,nan,nan,nan,nan,nan,nan,nan,nan,nan,nan,nan
mixture_distinct_means,normal_mixture,"{""centered_and_standardized"":true,""means"":[-1.0,3.0],""sds"":[1.0,1.0],""weights"":[0.7,0.3]}",2000,exploratory,all,200,200,200,1.0,0.9811546736227335,1.0,10,0.05,0.02738264560076393,0.08957814813877599,190,0.95,0.9104218518612239,0.972617354399236,-0.00032338260843971104,0.023321817994724978,0.02234595283264616,0.02337809433511088,0.9558500582780789,0.57,0.57,1.37,0.0006850000000000001,0.001899647859859281,0.06155179257640572,0.24048287695169254,4.44369976878615e-05,0.0873212453606752,1.0,1.0
mixture_distinct_means,normal_mixture,"{""centered_and_standardized"":true,""means"":[-1.0,3.0],""sds"":[1.0,1.0],""weights"":[0.7,0.3]}",2000,exploratory,acceptable,200,86,86,0.43,0.36334322333434416,0.4992951223584731,4,0.046511627906976744,0.01823396823832083,0.1135699781371198,82,0.9534883720930233,0.8864300218628802,0.9817660317616792,0.010026843586518244,0.02432685452588175,0.022443970895407107,0.022294343850899616,1.0067114352190927,0.0,0.0,0.0,0.0,0.0,0.0,0.0,0.0,0.0,1.0,1.0
mixture_distinct_means,normal_mixture,"{""centered_and_standardized"":true,""means"":[-1.0,3.0],""sds"":[1.0,1.0],""weights"":[0.7,0.3]}",2000,exploratory,caution,200,114,114,0.57,0.5007048776415268,0.6366567766656557,6,0.05263157894736842,0.024342161507909528,0.11008810589736981,108,0.9473684210526315,0.8899118941026302,0.9756578384920905,-0.008131447983583433,0.022533989087676565,0.022272009381791413,0.021108498653321803,1.0551204871354747,1.0,1.0,2.4035087719298245,0.0012017543859649123,0.0033327155436127724,0.12344496311299302,0.31079615226133717,7.795964506642369e-05,0.15319516729943014,1.0,1.0
mixture_distinct_means,normal_mixture,"{""centered_and_standardized"":true,""means"":[-1.0,3.0],""sds"":[1.0,1.0],""weights"":[0.7,0.3]}",2000,exploratory,insufficient,200,0,0,0.0,1.734723475976807e-18,0.018845326377266575,0,nan,nan,nan,0,nan,nan,nan,nan,nan,nan,nan,nan,nan,nan,nan,nan,nan,nan,nan,nan,nan,nan,nan
mixture_distinct_variances,normal_mixture,"{""centered_and_standardized"":true,""means"":[0.0,0.0],""sds"":[1.0,5.0],""weights"":[0.9,0.1]}",5,exploratory,all,200,200,200,1.0,0.9811546736227335,1.0,8,0.04,0.020405632066152306,0.07693206820093293,192,0.96,0.923067931799067,0.9795943679338476,-0.02740335038829049,0.4321043916805634,0.34371763538162287,0.43231672469310417,0.7950597692597329,0.24,0.24,0.285,0.057,0.1227593455502204,0.0,0.9742673489401446,0.09491354219860532,0.657280443500209,0.11,0.65
mixture_distinct_variances,normal_mixture,"{""centered_and_standardized"":true,""means"":[0.0,0.0],""sds"":[1.0,5.0],""weights"":[0.9,0.1]}",5,exploratory,acceptable,200,121,121,0.605,0.5358834915928536,0.6701589898679203,5,0.04132231404958678,0.017777486075125137,0.09309480708330535,116,0.9586776859504132,0.9069051929166947,0.9822225139248748,-0.04815496295614125,0.3445202748965043,0.2642380257747299,0.34255673060886477,0.7713701181847158,0.0,0.0,0.0,0.0,0.0,0.0,0.0,0.0,0.0,0.0,1.0
mixture_distinct_variances,normal_mixture,"{""centered_and_standardized"":true,""means"":[0.0,0.0],""sds"":[1.0,5.0],""weights"":[0.9,0.1]}",5,exploratory,caution,200,0,0,0.0,1.734723475976807e-18,0.018845326377266575,0,nan,nan,nan,0,nan,nan,nan,nan,nan,nan,nan,nan,nan,nan,nan,nan,nan,nan,nan,nan,nan,nan,nan
mixture_distinct_variances,normal_mixture,"{""centered_and_standardized"":true,""means"":[0.0,0.0],""sds"":[1.0,5.0],""weights"":[0.9,0.1]}",5,exploratory,insufficient,200,79,79,0.395,0.32984101013207967,0.46411650840714636,3,0.0379746835443038,0.012998086889435871,0.10580062767684709,76,0.9620253164556962,0.8941993723231529,0.9870019131105641,0.004380765063734091,0.5393484168313434,0.465452227311168,0.5427768626764652,0.857538814414445,0.6075949367088608,0.6075949367088608,0.7215189873417721,0.14430379746835442,0.3107831532916972,0.8444335447859673,0.9937088725053835,0.24028744860406412,1.664001122785339,0.27848101265822783,0.11392405063291139
mixture_distinct_variances,normal_mixture,"{""centered_and_standardized"":true,""means"":[0.0,0.0],""sds"":[1.0,5.0],""weights"":[0.9,0.1]}",8,exploratory,all,200,200,200,1.0,0.9811546736227335,1.0,7,0.035,0.017055542008567192,0.07047061152229073,193,0.965,0.9295293884777092,0.9829444579914328,-0.00013609724479576757,0.33512074206129666,0.3077306425939846,0.3359616711167389,0.9159694960769953,0.4,0.4,0.455,0.056875,0.15999203840084653,0.0,0.9595643042992444,0.09958432894783825,0.5776007704095766,0.335,0.565
mixture_distinct_variances,normal_mixture,"{""centered_and_standardized"":true,""means"":[0.0,0.0],""sds"":[1.0,5.0],""weights"":[0.9,0.1]}",8,exploratory,acceptable,200,105,105,0.525,0.4559739601468475,0.5930837735342891,7,0.06666666666666667,0.03266588465602071,0.1312556486825412,98,0.9333333333333333,0.8687443513174588,0.9673341153439793,-0.0075310808403894714,0.24428612938093097,0.21679851654618343,0.24534110011283095,0.8836616304666404,0.0,0.0,0.0,0.0,0.0,0.0,0.0,0.0,0.0,0.009523809523809525,1.0
mixture_distinct_variances,normal_mixture,"{""centered_and_standardized"":true,""means"":[0.0,0.0],""sds"":[1.0,5.0],""weights"":[0.9,0.1]}",8,exploratory,caution,200,0,0,0.0,1.734723475976807e-18,0.018845326377266575,0,nan,nan,nan,0,nan,nan,nan,nan,nan,nan,nan,nan,nan,nan,nan,nan,nan,nan,nan,nan,nan,nan,nan
mixture_distinct_variances,normal_mixture,"{""centered_and_standardized"":true,""means"":[0.0,0.0],""sds"":[1.0,5.0],""weights"":[0.9,0.1]}",8,exploratory,insufficient,200,95,95,0.475,0.4069162264657108,0.5440260398531525,0,0.0,0.0,0.038864853539472964,95,1.0,0.9611351464605271,1.0,0.008037305676649897,0.41288755301262486,0.4082345713836595,0.41499930337380975,0.983699413625143,0.8421052631578947,0.8421052631578947,0.9578947368421052,0.11973684210526316,0.3368253440017822,0.8919847086087229,0.9720950649343336,0.20965121883755422,1.2160016219148981,0.6947368421052632,0.08421052631578947
mixture_distinct_variances,normal_mixture,"{""centered_and_standardized"":true,""means"":[0.0,0.0],""sds"":[1.0,5.0],""weights"":[0.9,0.1]}",10,exploratory,all,200,200,200,1.0,0.9811546736227335,1.0,7,0.035,0.017055542008567192,0.07047061152229073,193,0.965,0.9295293884777092,0.9829444579914328,0.01513070706768622,0.33033138559819664,0.28468274479828387,0.33081274366583113,0.8605555567286571,0.4,0.4,0.49,0.049,0.14434139456179879,0.0,0.9516054848725283,0.09740254268088566,0.41650834675565934,0.375,0.56
mixture_distinct_variances,normal_mixture,"{""centered_and_standardized"":true,""means"":[0.0,0.0],""sds"":[1.0,5.0],""weights"":[0.9,0.1]}",10,exploratory,acceptable,200,105,105,0.525,0.4559739601468475,0.5930837735342891,6,0.05714285714285714,0.026449634437321692,0.11909654798560422,99,0.9428571428571428,0.8809034520143957,0.9735503655626783,0.009100940792659514,0.23828425796296204,0.18824567024612762,0.23925241838889114,0.7868078053871332,0.0,0.0,0.0,0.0,0.0,0.0,0.0,0.0,0.0,0.009523809523809525,1.0
mixture_distinct_variances,normal_mixture,"{""centered_and_standardized"":true,""means"":[0.0,0.0],""sds"":[1.0,5.0],""weights"":[0.9,0.1]}",10,exploratory,caution,200,0,0,0.0,1.734723475976807e-18,0.018845326377266575,0,nan,nan,nan,0,nan,nan,nan,nan,nan,nan,nan,nan,nan,nan,nan,nan,nan,nan,nan,nan,nan,nan,nan
mixture_distinct_variances,normal_mixture,"{""centered_and_standardized"":true,""means"":[0.0,0.0],""sds"":[1.0,5.0],""weights"":[0.9,0.1]}",10,exploratory,insufficient,200,95,95,0.475,0.4069162264657108,0.5440260398531525,1,0.010526315789473684,0.001860576262347903,0.05723870141313616,94,0.9894736842105263,0.9427612985868637,0.9981394237376521,0.02179518558218942,0.40861678308763305,0.39127109035593016,0.41019976067843616,0.9538549942320796,0.8421052631578947,0.8421052631578947,1.0315789473684212,0.10315789473684207,0.30387662013010264,0.8633422989548104,0.9685941618553784,0.20505798459133825,0.8768596773803352,0.7789473684210526,0.07368421052631578
mixture_distinct_variances,normal_mixture,"{""centered_and_standardized"":true,""means"":[0.0,0.0],""sds"":[1.0,5.0],""weights"":[0.9,0.1]}",15,exploratory,all,200,200,200,1.0,0.9811546736227335,1.0,9,0.045,0.023852543001492997,0.0832967040018196,191,0.955,0.9167032959981803,0.976147456998507,-0.026488438397375528,0.24609765636611494,0.23179552887390772,0.24528195057228644,0.9450166566805568,0.49,0.49,0.68,0.04533333333333333,0.12444725818936592,0.0,0.9308159533531182,0.07847482679123591,0.5120589356748387,0.485,0.49
mixture_distinct_variances,normal_mixture,"{""centered_and_standardized"":true,""means"":[0.0,0.0],""sds"":[1.0,5.0],""weights"":[0.9,0.1]}",15,exploratory,acceptable,200,87,87,0.435,0.36815725502699076,0.504292637402054,4,0.04597701149425287,0.018022688467086906,0.11233033507987294,83,0.9540229885057471,0.8876696649201269,0.981977311532913,-0.013271850449782603,0.15509916179702699,0.14972359025646195,0.15542611696868208,0.9633103700752611,0.0,0.0,0.0,0.0,0.0,0.0,0.0,0.0,0.0,0.022988505747126436,1.0
mixture_distinct_variances,normal_mixture,"{""centered_and_standardized"":true,""means"":[0.0,0.0],""sds"":[1.0,5.0],""weights"":[0.9,0.1]}",15,exploratory,caution,200,0,0,0.0,1.734723475976807e-18,0.018845326377266575,0,nan,nan,nan,0,nan,nan,nan,nan,nan,nan,nan,nan,nan,nan,nan,nan,nan,nan,nan,nan,nan,nan,nan
mixture_distinct_variances,normal_mixture,"{""centered_and_standardized"":true,""means"":[0.0,0.0],""sds"":[1.0,5.0],""weights"":[0.9,0.1]}",15,exploratory,insufficient,200,113,113,0.565,0.49570736259794607,0.6318427449730093,5,0.04424778761061947,0.019045868604199254,0.09941772266211095,108,0.9557522123893806,0.9005822773378891,0.9809541313958008,-0.036664041507469186,0.29777881327245703,0.2949836586059235,0.296829384848298,0.9937818614443519,0.8672566371681416,0.8672566371681416,1.2035398230088497,0.08023598820058997,0.2202606339634795,0.7828513919926029,1.222078214389129,0.13889349874555026,0.9062990011944048,0.8407079646017699,0.09734513274336283
mixture_distinct_variances,normal_mixture,"{""centered_and_standardized"":true,""means"":[0.0,0.0],""sds"":[1.0,5.0],""weights"":[0.9,0.1]}",20,exploratory,all,200,200,200,1.0,0.9811546736227335,1.0,4,0.02,0.0078044264163494685,0.050287086905826436,196,0.98,0.9497129130941735,0.9921955735836505,-0.006553475822808352,0.21776027279138296,0.20353363875552474,0.21820784053091036,0.932751262559207,0.59,0.59,0.935,0.04675,0.10342807131224088,0.36003870878925126,0.9107346395372982,0.06627739369217302,0.4693812489941229,0.535,0.49
mixture_distinct_variances,normal_mixture,"{""centered_and_standardized"":true,""means"":[0.0,0.0],""sds"":[1.0,5.0],""weights"":[0.9,0.1]}",20,exploratory,acceptable,200,78,78,0.39,0.3250834313746962,0.4590625404283025,3,0.038461538461538464,0.013165825413161053,0.1070844604750183,75,0.9615384615384616,0.8929155395249817,0.986834174586839,-0.003268450576323605,0.14119267992409357,0.1353742802257122,0.14206847751701765,0.9528804882807055,0.0,0.0,0.0,0.0,0.0,0.0,0.0,0.0,0.0,0.0,1.0
mixture_distinct_variances,normal_mixture,"{""centered_and_standardized"":true,""means"":[0.0,0.0],""sds"":[1.0,5.0],""weights"":[0.9,0.1]}",20,exploratory,caution,200,0,0,0.0,1.734723475976807e-18,0.018845326377266575,0,nan,nan,nan,0,nan,nan,nan,nan,nan,nan,nan,nan,nan,nan,nan,nan,nan,nan,nan,nan,nan,nan,nan
mixture_distinct_variances,normal_mixture,"{""centered_and_standardized"":true,""means"":[0.0,0.0],""sds"":[1.0,5.0],""weights"":[0.9,0.1]}",20,exploratory,insufficient,200,122,122,0.61,0.5409374595716976,0.6749165686253038,1,0.00819672131147541,0.0014483909512207002,0.044970800906824746,121,0.9918032786885246,0.9550291990931754,0.9985516090487794,-0.008653737865642866,0.25493406730124174,0.2471109335532738,0.25583782249970455,0.9658889805222571,0.9672131147540983,0.9672131147540983,1.5327868852459017,0.0766393442622951,0.1695542152659687,0.6987165316254046,1.163202538437746,0.1086514650691361,0.7694774573674147,0.8770491803278688,0.16393442622950818
mixture_distinct_variances,normal_mixture,"{""centered_and_standardized"":true,""means"":[0.0,0.0],""sds"":[1.0,5.0],""weights"":[0.9,0.1]}",30,exploratory,all,200,200,200,1.0,0.9811546736227335,1.0,5,0.025,0.010724719651761264,0.05717834040664198,195,0.975,0.942821659593358,0.9892752803482386,-0.006616283027303263,0.17471299861242667,0.16890705189943703,0.17502578900588933,0.9650409397311934,0.75,0.75,1.275,0.0425,0.10445264512524367,0.6145039875004248,1.1480317441338297,0.05965482152509881,0.6297296171554201,0.75,0.31
mixture_distinct_variances,normal_mixture,"{""centered_and_standardized"":true,""means"":[0.0,0.0],""sds"":[1.0,5.0],""weights"":[0.9,0.1]}",30,exploratory,acceptable,200,47,47,0.235,0.18157433415232588,0.29841368882762537,1,0.02127659574468085,0.0037657680385967812,0.11112981041629329,46,0.9787234042553191,0.8888701895837066,0.996234231961403,-0.022988948058811833,0.11862520462620683,0.11443050692114512,0.11763447713229414,0.9727633403976815,0.0,0.0,0.0,0.0,0.0,0.0,0.0,0.0,0.0,0.06382978723404255,1.0
mixture_distinct_variances,normal_mixture,"{""centered_and_standardized"":true,""means"":[0.0,0.0],""sds"":[1.0,5.0],""weights"":[0.9,0.1]}",30,exploratory,caution,200,0,0,0.0,1.734723475976807e-18,0.018845326377266575,0,nan,nan,nan,0,nan,nan,nan,nan,nan,nan,nan,nan,nan,nan,nan,nan,nan,nan,nan,nan,nan,nan,nan
mixture_distinct_variances,normal_mixture,"{""centered_and_standardized"":true,""means"":[0.0,0.0],""sds"":[1.0,5.0],""weights"":[0.9,0.1]}",30,exploratory,insufficient,200,153,153,0.765,0.7015863111723746,0.8184256658476741,4,0.026143790849673203,0.01021273959970401,0.06528680567187906,149,0.9738562091503268,0.9347131943281209,0.9897872604002961,-0.001586771547035931,0.18862324096151806,0.18564167682740906,0.1892359986754446,0.9810061411507643,0.9803921568627451,0.9803921568627451,1.6666666666666667,0.05555555555555555,0.1365394053924754,0.7247470414235768,1.2051668682725842,0.0779801588563383,0.8231759701378042,0.9607843137254902,0.09803921568627451
mixture_distinct_variances,normal_mixture,"{""centered_and_standardized"":true,""means"":[0.0,0.0],""sds"":[1.0,5.0],""weights"":[0.9,0.1]}",40,exploratory,all,200,200,200,1.0,0.9811546736227335,1.0,13,0.065,0.03837635464915299,0.10801907929906895,187,0.935,0.8919809207009312,0.961623645350847,0.0005140422259723309,0.16750103760010443,0.15368078306465927,0.16792057633741303,0.9151992353567148,0.86,0.86,1.89,0.04724999999999999,0.09403627627377141,0.5441569357579308,1.1728026944316916,0.057767730190799685,0.5957957846318308,0.885,0.205
mixture_distinct_variances,normal_mixture,"{""centered_and_standardized"":true,""means"":[0.0,0.0],""sds"":[1.0,5.0],""weights"":[0.9,0.1]}",40,exploratory,acceptable,200,28,28,0.14,0.09866982633455634,0.1948988086570756,3,0.10714285714285714,0.03711836682929999,0.27195851548672156,25,0.8928571428571429,0.7280414845132785,0.9628816331707,0.05518535039451543,0.1060789629147523,0.1006755356240457,0.09225669850162053,1.09125448080366,0.0,0.0,0.0,0.0,0.0,0.0,0.0,0.0,0.0,0.2857142857142857,1.0
mixture_distinct_variances,normal_mixture,"{""centered_and_standardized"":true,""means"":[0.0,0.0],""sds"":[1.0,5.0],""weights"":[0.9,0.1]}",40,exploratory,caution,200,11,11,0.055,0.03098534170345884,0.0957869987723084,3,0.2727272727272727,0.09746059290024889,0.5656453011761291,8,0.7272727272727273,0.43435469882387084,0.902539407099751,-0.01658281690588984,0.1742048085326401,0.10804540602969702,0.1818778657486817,0.5940547277973552,1.0,1.0,1.0,0.025,0.0559346078968621,0.5379338060931415,0.5491531705605951,0.013330367350411683,0.4129160940956323,0.7272727272727273,1.0
mixture_distinct_variances,normal_mixture,"{""centered_and_standardized"":true,""means"":[0.0,0.0],""sds"":[1.0,5.0],""weights"":[0.9,0.1]}",40,exploratory,insufficient,200,161,161,0.805,0.7445595562538726,0.8539447946559949,7,0.043478260869565216,0.02121799617304005,0.08701605458297229,154,0.9565217391304348,0.9129839454170278,0.97878200382696,-0.007825902980665697,0.17556337272228653,0.16601703198218573,0.17593609895623388,0.9436211952356882,1.0,1.0,2.279503105590062,0.056987577639751555,0.11299363085645217,0.6443250112567356,1.2753613012240153,0.0708503850764311,0.7119073285174796,1.0,0.012422360248447204
mixture_distinct_variances,normal_mixture,"{""centered_and_standardized"":true,""means"":[0.0,0.0],""sds"":[1.0,5.0],""weights"":[0.9,0.1]}",50,exploratory,all,200,200,200,1.0,0.9811546736227335,1.0,8,0.04,0.020405632066152306,0.07693206820093293,192,0.96,0.923067931799067,0.9795943679338476,0.010953811474169557,0.14519898567671347,0.13827322204879752,0.1451485444484799,0.9526325088149763,0.925,0.925,2.29,0.0458,0.08768806224406653,0.5563248789014148,1.3160238012206147,0.051894674355977874,0.6974207366148313,0.935,0.16
mixture_distinct_variances,normal_mixture,"{""centered_and_standardized"":true,""means"":[0.0,0.0],""sds"":[1.0,5.0],""weights"":[0.9,0.1]}",50,exploratory,acceptable,200,14,14,0.07,0.042152171828342806,0.11405480885610647,0,0.0,1.3877787807814457e-17,0.2153108027376358,14,1.0,0.7846891972623643,1.0,0.016402502130841882,0.08737998637695861,0.09346511348150625,0.08906656076440499,1.0493850068909265,0.0,0.0,0.0,0.0,0.0,0.0,0.0,0.0,0.0,0.2857142857142857,1.0
mixture_distinct_variances,normal_mixture,"{""centered_and_standardized"":true,""means"":[0.0,0.0],""sds"":[1.0,5.0],""weights"":[0.9,0.1]}",50,exploratory,caution,200,12,12,0.06,0.03465219425433187,0.1019316929576627,1,0.08333333333333333,0.014865094404917095,0.35387991114111694,11,0.9166666666666666,0.646120088858883,0.9851349055950829,0.045466944138667385,0.0865928454404052,0.10374001532230515,0.07697280184696081,1.3477489818879602,1.0,1.0,1.0,0.019999999999999997,0.049651796715484774,0.48791792644647064,0.5114973566704091,0.010845881855470819,0.5126075818987293,0.75,1.0
mixture_distinct_variances,normal_mixture,"{""centered_and_standardized"":true,""means"":[0.0,0.0],""sds"":[1.0,5.0],""weights"":[0.9,0.1]}",50,exploratory,insufficient,200,174,174,0.87,0.8163364812775159,0.9097179772033067,7,0.040229885057471264,0.019621735027703077,0.08070053481311339,167,0.9597701149425287,0.9192994651868867,0.980378264972297,0.008135195030678825,0.1519920515439619,0.14426007262730317,0.1522122036796151,0.9477562845811626,0.9942528735632183,0.9942528735632183,2.5632183908045976,0.051264367816091956,0.09736661430015797,0.6210076899381822,1.3442498039456365,0.05890105913178118,0.7662807835642617,1.0,0.034482758620689655
mixture_distinct_variances,normal_mixture,"{""centered_and_standardized"":true,""means"":[0.0,0.0],""sds"":[1.0,5.0],""weights"":[0.9,0.1]}",80,exploratory,all,200,200,200,1.0,0.9811546736227335,1.0,11,0.055,0.03098534170345884,0.0957869987723084,189,0.945,0.9042130012276914,0.9690146582965411,-0.003538700857781116,0.10739488133180852,0.11010028985297389,0.10760591665427795,1.0231806324062087,0.97,0.97,3.455,0.043187500000000004,0.06643073620400909,0.47603619051699375,1.2888425625336775,0.041899246557021694,0.6708589435174167,0.975,0.065
mixture_distinct_variances,normal_mixture,"{""centered_and_standardized"":true,""means"":[0.0,0.0],""sds"":[1.0,5.0],""weights"":[0.9,0.1]}",80,exploratory,acceptable,200,6,6,0.03,0.013820314340111346,0.06389429245451925,0,0.0,2.7755575615628914e-17,0.3903342879021653,6,1.0,0.6096657120978346,1.0,-0.02801508790741415,0.06329786679765118,0.06975139159544917,0.062178209597958514,1.121798006833238,0.0,0.0,0.0,0.0,0.0,0.0,0.0,0.0,0.0,0.16666666666666666,1.0
mixture_distinct_variances,normal_mixture,"{""centered_and_standardized"":true,""means"":[0.0,0.0],""sds"":[1.0,5.0],""weights"":[0.9,0.1]}",80,exploratory,caution,200,66,66,0.33,0.26857425870603957,0.39783315226223115,2,0.030303030303030304,0.008349910198653748,0.10392521911709715,64,0.9696969696969697,0.8960747808829028,0.9916500898013463,-0.0035561763048018833,0.10362149239048409,0.10120790119236316,0.10435403066124625,0.969851385241687,1.0,1.0,3.4696969696969697,0.043371212121212116,0.0562396819490516,0.4470967437638935,1.1501679035128531,0.029292934334081786,0.6246057800882162,1.0,0.10606060606060606
mixture_distinct_variances,normal_mixture,"{""centered_and_standardized"":true,""means"":[0.0,0.0],""sds"":[1.0,5.0],""weights"":[0.9,0.1]}",80,exploratory,insufficient,200,128,128,0.64,0.5714152816600309,0.7033080269543346,9,0.0703125,0.03742976830393997,0.12823480349360633,119,0.9296875,0.8717651965063937,0.96257023169606,-0.0023823594374594867,0.11089208874729972,0.11657678236192273,0.11130212139781204,1.0473904800543576,1.0,1.0,3.609375,0.0451171875,0.07479943931378447,0.5988184810897619,1.3300728475617327,0.050363403479335475,0.7261547438879772,1.0,0.0
mixture_distinct_variances,normal_mixture,"{""centered_and_standardized"":true,""means"":[0.0,0.0],""sds"":[1.0,5.0],""weights"":[0.9,0.1]}",100,exploratory,all,200,200,200,1.0,0.9811546736227335,1.0,12,0.06,0.03465219425433187,0.1019316929576627,188,0.94,0.8980683070423372,0.9653478057456681,0.005346943424346841,0.0953080328173435,0.09652765995061988,0.09539671894491937,1.0118551352521201,0.97,0.97,4.23,0.042300000000000004,0.058868429717080055,0.5369695135095229,1.1114085493139172,0.0358491629627442,0.7073583871718603,0.975,0.07
mixture_distinct_variances,normal_mixture,"{""centered_and_standardized"":true,""means"":[0.0,0.0],""sds"":[1.0,5.0],""weights"":[0.9,0.1]}",100,exploratory,acceptable,200,6,6,0.03,0.013820314340111346,0.06389429245451925,0,0.0,2.7755575615628914e-17,0.3903342879021653,6,1.0,0.6096657120978346,1.0,0.011312473910634729,0.03182704436995818,0.06022644854398145,0.03258813319013831,1.848109807106316,0.0,0.0,0.0,0.0,0.0,0.0,0.0,0.0,0.0,0.3333333333333333,1.0
mixture_distinct_variances,normal_mixture,"{""centered_and_standardized"":true,""means"":[0.0,0.0],""sds"":[1.0,5.0],""weights"":[0.9,0.1]}",100,exploratory,caution,200,57,57,0.285,0.22695003004617292,0.3511534602960517,6,0.10526315789473684,0.04914465852374461,0.2112281058338703,51,0.8947368421052632,0.7887718941661297,0.9508553414762553,0.00011906920160629188,0.09542393786728039,0.08614782287904402,0.0962720923825092,0.8948369225918625,1.0,1.0,3.8947368421052633,0.03894736842105263,0.04928879782928555,0.4884066918322465,1.1029403735394743,0.02297696786825883,0.5915014003031428,0.9824561403508771,0.14035087719298245
mixture_distinct_variances,normal_mixture,"{""centered_and_standardized"":true,""means"":[0.0,0.0],""sds"":[1.0,5.0],""weights"":[0.9,0.1]}",100,exploratory,insufficient,200,137,137,0.685,0.6176504391426966,0.745376790097715,6,0.043795620437956206,0.020224162577653616,0.09225307923267126,131,0.9562043795620438,0.9077469207673288,0.9797758374223464,0.0072607802694452635,0.09709728615400566,0.10243611237047134,0.09718075466942508,1.0540781733885805,1.0,1.0,4.554744525547445,0.04554744525547445,0.06543229538063308,0.5748762446006019,1.1457384669230828,0.04277478411721232,0.7865408585189263,1.0,0.0
mixture_distinct_variances,normal_mixture,"{""centered_and_standardized"":true,""means"":[0.0,0.0],""sds"":[1.0,5.0],""weights"":[0.9,0.1]}",200,exploratory,all,200,200,200,1.0,0.9811546736227335,1.0,10,0.05,0.02738264560076393,0.08957814813877599,190,0.95,0.9104218518612239,0.972617354399236,0.002821550369880469,0.0685555528708404,0.06925522082560365,0.06866935330519423,1.008531717457795,1.0,1.0,8.67,0.04335,0.03985421058014713,0.4512542266833177,1.153935517554854,0.026249532804226386,0.67915540708483,1.0,0.0
mixture_distinct_variances,normal_mixture,"{""centered_and_standardized"":true,""means"":[0.0,0.0],""sds"":[1.0,5.0],""weights"":[0.9,0.1]}",200,exploratory,acceptable,200,0,0,0.0,1.734723475976807e-18,0.018845326377266575,0,nan,nan,nan,0,nan,nan,nan,nan,nan,nan,nan,nan,nan,nan,nan,nan,nan,nan,nan,nan,nan,nan,nan
mixture_distinct_variances,normal_mixture,"{""centered_and_standardized"":true,""means"":[0.0,0.0],""sds"":[1.0,5.0],""weights"":[0.9,0.1]}",200,exploratory,caution,200,172,172,0.86,0.8051011913429243,0.9013301736654437,6,0.03488372093023256,0.016083766122096478,0.07400567539492195,166,0.9651162790697675,0.9259943246050782,0.9839162338779036,0.00017085393254788218,0.06272429983843004,0.06889791658284461,0.06290720349675104,1.0952309553293522,1.0,1.0,8.755813953488373,0.04377906976744186,0.03417977677756221,0.41866426683415714,1.0375559881668455,0.02566219598643652,0.6115147072401924,1.0,0.0
mixture_distinct_variances,normal_mixture,"{""centered_and_standardized"":true,""means"":[0.0,0.0],""sds"":[1.0,5.0],""weights"":[0.9,0.1]}",200,exploratory,insufficient,200,28,28,0.14,0.09866982633455634,0.1948988086570756,4,0.14285714285714285,0.05699005319749392,0.31489802163525293,24,0.8571428571428571,0.685101978364747,0.9430099468025059,0.01910439991349493,0.09696587506644865,0.07145008974540902,0.09680971777012172,0.7380466691894497,1.0,1.0,8.142857142857142,0.04071428571428572,0.07471144679602593,1.0489983726086418,1.6198214492763725,0.029857458970649824,1.0946625632733182,1.0,0.0
mixture_distinct_variances,normal_mixture,"{""centered_and_standardized"":true,""means"":[0.0,0.0],""sds"":[1.0,5.0],""weights"":[0.9,0.1]}",500,exploratory,all,200,200,200,1.0,0.9811546736227335,1.0,9,0.045,0.023852543001492997,0.0832967040018196,191,0.955,0.9167032959981803,0.976147456998507,0.0018147094054222774,0.044991662281354726,0.04449349393525293,0.045067860665201756,0.9872555137636628,1.0,1.0,21.645,0.043289999999999995,0.0275525615715053,0.5091326185443132,1.2711946664146003,0.017344781294460293,0.6860286210215315,1.0,0.0
mixture_distinct_variances,normal_mixture,"{""centered_and_standardized"":true,""means"":[0.0,0.0],""sds"":[1.0,5.0],""weights"":[0.9,0.1]}",500,exploratory,acceptable,200,0,0,0.0,1.734723475976807e-18,0.018845326377266575,0,nan,nan,nan,0,nan,nan,nan,nan,nan,nan,nan,nan,nan,nan,nan,nan,nan,nan,nan,nan,nan,nan,nan
mixture_distinct_variances,normal_mixture,"{""centered_and_standardized"":true,""means"":[0.0,0.0],""sds"":[1.0,5.0],""weights"":[0.9,0.1]}",500,exploratory,caution,200,190,190,0.95,0.9104218518612239,0.972617354399236,8,0.042105263157894736,0.021487310070989377,0.08087190111843803,182,0.9578947368421052,0.919128098881562,0.9785126899290106,0.0032611039207675724,0.0434439176748011,0.04448316558159423,0.04343580344722588,1.024112875813173,1.0,1.0,21.694736842105264,0.043389473684210526,0.025737039775539497,0.499077832443797,1.2051645567890144,0.017298180743221526,0.6490185232821267,1.0,0.0
mixture_distinct_variances,normal_mixture,"{""centered_and_standardized"":true,""means"":[0.0,0.0],""sds"":[1.0,5.0],""weights"":[0.9,0.1]}",500,exploratory,insufficient,200,10,10,0.05,0.02738264560076393,0.08957814813877599,1,0.1,0.017876213095072896,0.4041500267952385,9,0.9,0.5958499732047615,0.9821237869049271,-0.025666786386138334,0.06800652778246019,0.04468973265476831,0.06638359818873328,0.6732044341391714,1.0,1.0,20.7,0.0414,0.06204747569485567,1.2813189861709915,2.2652391448675684,0.018230191767996867,1.3892204780702258,1.0,0.0
mixture_distinct_variances,normal_mixture,"{""centered_and_standardized"":true,""means"":[0.0,0.0],""sds"":[1.0,5.0],""weights"":[0.9,0.1]}",750,exploratory,all,200,200,200,1.0,0.9811546736227335,1.0,6,0.03,0.013820314340111346,0.06389429245451925,194,0.97,0.9361057075454807,0.9861796856598887,-0.0014344312262300706,0.03174400181117148,0.03616136315181318,0.03179115356936942,1.1374662159681563,1.0,1.0,32.645,0.04352666666666666,0.019861509202170488,0.42500798253542177,1.1856950193197286,0.013959873003234558,0.7104056972198863,1.0,0.0
mixture_distinct_variances,normal_mixture,"{""centered_and_standardized"":true,""means"":[0.0,0.0],""sds"":[1.0,5.0],""weights"":[0.9,0.1]}",750,exploratory,acceptable,200,0,0,0.0,1.734723475976807e-18,0.018845326377266575,0,nan,nan,nan,0,nan,nan,nan,nan,nan,nan,nan,nan,nan,nan,nan,nan,nan,nan,nan,nan,nan,nan,nan
mixture_distinct_variances,normal_mixture,"{""centered_and_standardized"":true,""means"":[0.0,0.0],""sds"":[1.0,5.0],""weights"":[0.9,0.1]}",750,exploratory,caution,200,196,196,0.98,0.9497129130941735,0.9921955735836505,6,0.030612244897959183,0.014103858876277017,0.06516627312825227,190,0.9693877551020408,0.9348337268717477,0.985896141123723,-0.0014707264679477297,0.03176342005755601,0.036188403927203995,0.03181060589240791,1.1376207057986567,1.0,1.0,32.79081632653061,0.043721088435374145,0.019504973522656916,0.4232320691020602,1.1707712548833213,0.013992279438896672,0.699113220321153,1.0,0.0
mixture_distinct_variances,normal_mixture,"{""centered_and_standardized"":true,""means"":[0.0,0.0],""sds"":[1.0,5.0],""weights"":[0.9,0.1]}",750,exploratory,insufficient,200,4,4,0.02,0.0078044264163494685,0.050287086905826436,0,0.0,0.0,0.4898908364545973,4,1.0,0.5101091635454027,1.0,0.0003440356179352094,0.030777503399367637,0.0348363651576635,0.03553657937002713,0.980295959127844,1.0,1.0,25.5,0.034,0.03733175749833534,1.0337677638826923,1.7589853158543984,0.01237195765579083,1.2637370652578213,1.0,0.0
mixture_distinct_variances,normal_mixture,"{""centered_and_standardized"":true,""means"":[0.0,0.0],""sds"":[1.0,5.0],""weights"":[0.9,0.1]}",2000,exploratory,all,200,200,200,1.0,0.9811546736227335,1.0,8,0.04,0.020405632066152306,0.07693206820093293,192,0.96,0.923067931799067,0.9795943679338476,0.00018487488568871924,0.02212431141852242,0.02231173312885409,0.022179056104098455,1.005982086168722,1.0,1.0,88.075,0.04403749999999999,0.013886923621136504,0.5322588826372114,1.3847825486587617,0.008692098342148472,0.7014094825722452,1.0,0.0
mixture_distinct_variances,normal_mixture,"{""centered_and_standardized"":true,""means"":[0.0,0.0],""sds"":[1.0,5.0],""weights"":[0.9,0.1]}",2000,exploratory,acceptable,200,0,0,0.0,1.734723475976807e-18,0.018845326377266575,0,nan,nan,nan,0,nan,nan,nan,nan,nan,nan,nan,nan,nan,nan,nan,nan,nan,nan,nan,nan,nan,nan,nan
mixture_distinct_variances,normal_mixture,"{""centered_and_standardized"":true,""means"":[0.0,0.0],""sds"":[1.0,5.0],""weights"":[0.9,0.1]}",2000,exploratory,caution,200,200,200,1.0,0.9811546736227335,1.0,8,0.04,0.020405632066152306,0.07693206820093293,192,0.96,0.923067931799067,0.9795943679338476,0.00018487488568871924,0.02212431141852242,0.02231173312885409,0.022179056104098455,1.005982086168722,1.0,1.0,88.075,0.04403749999999999,0.013886923621136504,0.5322588826372114,1.3847825486587617,0.008692098342148472,0.7014094825722452,1.0,0.0
mixture_distinct_variances,normal_mixture,"{""centered_and_standardized"":true,""means"":[0.0,0.0],""sds"":[1.0,5.0],""weights"":[0.9,0.1]}",2000,exploratory,insufficient,200,0,0,0.0,1.734723475976807e-18,0.018845326377266575,0,nan,nan,nan,0,nan,nan,nan,nan,nan,nan,nan,nan,nan,nan,nan,nan,nan,nan,nan,nan,nan,nan,nan
normal,normal,"{""mean"":0.0,""sd"":1.0}",3,confirmatory_5000,all,5000,5000,5000,1.0,0.9992322980549431,1.0000000000000002,260,0.052,0.04618252452365877,0.058505336419112416,4740,0.948,0.9414946635808875,0.9538174754763412,-0.0013470249898272627,0.5792178879516621,0.5109627858562419,0.5792742519555454,0.8820740506440706,0.2884,0.2884,0.2884,0.09613333333333332,0.14880521646392128,0.0,0.9984972451977565,0.12996936203363893,16.271744001917973,0.05,0.3868
normal,normal,"{""mean"":0.0,""sd"":1.0}",3,confirmatory_5000,acceptable,5000,1934,1934,0.3868,0.37339262649632116,0.4003811812240398,108,0.055842812823164424,0.04646205245335585,0.06698451347700789,1826,0.9441571871768356,0.933015486522992,0.9535379475466441,-0.013998826099853513,0.582852987503428,0.49878707658728144,0.5828355538515155,0.8557938397738062,0.0,0.0,0.0,0.0,0.0,0.0,0.0,0.0,0.0,0.0,1.0
normal,normal,"{""mean"":0.0,""sd"":1.0}",3,confirmatory_5000,caution,5000,0,0,0.0,0.0,0.0007677019450571244,0,nan,nan,nan,0,nan,nan,nan,nan,nan,nan,nan,nan,nan,nan,nan,nan,nan,nan,nan,nan,nan,nan,nan
normal,normal,"{""mean"":0.0,""sd"":1.0}",3,confirmatory_5000,insufficient,5000,3066,3066,0.6132,0.5996188187759601,0.6266073735036788,152,0.04957599478147423,0.04244033189455532,0.0578389375563674,2914,0.9504240052185258,0.9421610624436325,0.9575596681054446,0.006633595801689621,0.5769131253739542,0.5186430930076342,0.5769690853158793,0.8989096750715634,0.4703196347031963,0.4703196347031963,0.4703196347031963,0.1567732115677321,0.2426699550944574,0.0,0.9994261925890229,0.21195264519510593,26.53578604357138,0.08153946510110893,0.0
normal,normal,"{""mean"":0.0,""sd"":1.0}",4,confirmatory_5000,all,5000,5000,5000,1.0,0.9992322980549431,1.0000000000000002,248,0.0496,0.04392008579235035,0.05597146011975712,4752,0.9504,0.944028539880243,0.9560799142076497,0.01522778294390855,0.5002890846485694,0.4646384687975852,0.5001072927942342,0.929077570937878,0.1674,0.1674,0.1674,0.04185,0.07704007225683052,0.0,0.9733610363113735,0.05709730786596965,0.9001857515046094,0.0504,0.4486
normal,normal,"{""mean"":0.0,""sd"":1.0}",4,confirmatory_5000,acceptable,5000,2243,2243,0.4486,0.43485908232652537,0.46241983743342663,117,0.0521622826571556,0.043702073805976224,0.062153841344143285,2126,0.9478377173428444,0.9378461586558567,0.9562979261940238,0.00046640655328821737,0.5078007673253179,0.467586328841132,0.5079137877309954,0.9206017637953513,0.0,0.0,0.0,0.0,0.0,0.0,0.0,0.0,0.0,0.0,1.0
normal,normal,"{""mean"":0.0,""sd"":1.0}",4,confirmatory_5000,caution,5000,0,0,0.0,0.0,0.0007677019450571244,0,nan,nan,nan,0,nan,nan,nan,nan,nan,nan,nan,nan,nan,nan,nan,nan,nan,nan,nan,nan,nan,nan,nan
normal,normal,"{""mean"":0.0,""sd"":1.0}",4,confirmatory_5000,insufficient,5000,2757,2757,0.5514,0.5375801625665735,0.5651409176734747,131,0.047515415306492566,0.04018458274225034,0.05610542984479966,2626,0.9524845846935074,0.9438945701552003,0.9598154172577497,0.027237129060760715,0.49409359791502055,0.4622401916566077,0.4934317924979002,0.9367863982103966,0.30359085963003263,0.30359085963003263,0.30359085963003263,0.07589771490750816,0.13971721482921748,0.0,0.9855423690017086,0.1035497059593211,1.6325457952568176,0.09140369967355821,0.0
normal,normal,"{""mean"":0.0,""sd"":1.0}",5,confirmatory_5000,all,5000,5000,5000,1.0,0.9992322980549431,1.0000000000000002,265,0.053,0.04712629144933971,0.059560034089541365,4735,0.947,0.9404399659104586,0.9528737085506603,0.011426081653936646,0.44657100480001327,0.4183257594453383,0.4464694547009092,0.9369638953813213,0.2,0.2,0.2578,0.05156,0.07682239470572487,0.0,0.9348207185249282,0.05188462742843062,1.4572195491863185,0.0516,0.6856
normal,normal,"{""mean"":0.0,""sd"":1.0}",5,confirmatory_5000,acceptable,5000,3152,3152,0.6304,0.6169252372320743,0.6436745461006549,165,0.052347715736040606,0.04510277350386281,0.06068247051959559,2987,0.9476522842639594,0.9393175294804045,0.9548972264961372,0.009853553573533921,0.44235978603667186,0.4196470765687597,0.4423201991582869,0.9487404766215222,0.0,0.0,0.0,0.0,0.0,0.0,0.0,0.0,0.0,0.0,1.0
normal,normal,"{""mean"":0.0,""sd"":1.0}",5,confirmatory_5000,caution,5000,0,0,0.0,0.0,0.0007677019450571244,0,nan,nan,nan,0,nan,nan,nan,nan,nan,nan,nan,nan,nan,nan,nan,nan,nan,nan,nan,nan,nan,nan,nan
normal,normal,"{""mean"":0.0,""sd"":1.0}",5,confirmatory_5000,insufficient,5000,1848,1848,0.3696,0.35632545389934517,0.3830747627679258,100,0.05411255411255411,0.04469185686675389,0.0653831486634205,1748,0.9458874458874459,0.9346168513365795,0.9553081431332461,0.014108229115749094,0.4536635856960731,0.41607208435171045,0.45356689560526653,0.9173334482369557,0.5411255411255411,0.5411255411255411,0.6975108225108225,0.13950216450216452,0.20785279952847638,0.26221771284276474,0.9881845240872706,0.14038048546653306,3.9426935854608183,0.1396103896103896,0.14935064935064934
normal,normal,"{""mean"":0.0,""sd"":1.0}",8,confirmatory_5000,all,5000,5000,5000,1.0,0.9992322980549431,1.0000000000000002,247,0.0494,0.04373172063796704,0.055760132354918446,4753,0.9506,0.9442398676450816,0.956268279362033,-0.0011448438316066425,0.35166136723975133,0.33907248579312577,0.35169467492472295,0.9641103774622154,0.1386,0.1386,0.1798,0.022475,0.040545484483236485,0.0,0.7731887475030679,0.020654060826306504,0.2978553046954724,0.084,0.8152
normal,normal,"{""mean"":0.0,""sd"":1.0}",8,confirmatory_5000,acceptable,5000,3860,3860,0.772,0.7601648602330703,0.7834175099088186,177,0.045854922279792744,0.03969563755889655,0.0529172355712326,3683,0.9541450777202073,0.9470827644287675,0.9603043624411035,-0.002517032580633521,0.3499430861263962,0.3389196716398078,0.3499793709421158,0.9683989965678943,0.0,0.0,0.0,0.0,0.0,0.0,0.0,0.0,0.0,0.006476683937823834,1.0
normal,normal,"{""mean"":0.0,""sd"":1.0}",8,confirmatory_5000,caution,5000,0,0,0.0,0.0,0.0007677019450571244,0,nan,nan,nan,0,nan,nan,nan,nan,nan,nan,nan,nan,nan,nan,nan,nan,nan,nan,nan,nan,nan,nan,nan
normal,normal,"{""mean"":0.0,""sd"":1.0}",8,confirmatory_5000,insufficient,5000,1140,1140,0.228,0.21658249009118133,0.2398351397669298,70,0.06140350877192982,0.048886352107602615,0.07686661628803093,1070,0.9385964912280702,0.9231333837119691,0.9511136478923974,0.0035013391256247146,0.3574180740723182,0.3395899091543604,0.3575577817454691,0.9497483385667178,0.6078947368421053,0.6078947368421053,0.7885964912280702,0.09857456140350877,0.17783107229489686,0.7284396064553444,0.9535347445015753,0.09058798608029169,1.3063829153310191,0.34649122807017546,0.18947368421052632
normal,normal,"{""mean"":0.0,""sd"":1.0}",10,confirmatory_5000,all,5000,5000,5000,1.0,0.9992322980549431,1.0000000000000002,250,0.05,0.044296896700570555,0.05639403504998087,4750,0.95,0.9436059649500191,0.9557031032994295,-0.007967510438886148,0.31392003221518416,0.30792690979689735,0.31385029202559206,0.9811267270440784,0.1204,0.1204,0.1568,0.01568,0.02987580657593976,0.0,0.6386055340379007,0.013156824420236768,0.17228194113701087,0.076,0.854
normal,normal,"{""mean"":0.0,""sd"":1.0}",10,confirmatory_5000,acceptable,5000,4036,4036,0.8072,0.7960311083763296,0.8178972155486275,203,0.050297324083250744,0.04397182082511351,0.05747806600790457,3833,0.9497026759167493,0.9425219339920955,0.9560281791748865,-0.009974955449891817,0.3161647435321776,0.3074592491247767,0.31604650595683437,0.9728291353639248,0.0,0.0,0.0,0.0,0.0,0.0,0.0,0.0,0.0,0.010901883052527254,1.0
normal,normal,"{""mean"":0.0,""sd"":1.0}",10,confirmatory_5000,caution,5000,0,0,0.0,0.0,0.0007677019450571244,0,nan,nan,nan,0,nan,nan,nan,nan,nan,nan,nan,nan,nan,nan,nan,nan,nan,nan,nan,nan,nan,nan,nan
normal,normal,"{""mean"":0.0,""sd"":1.0}",10,confirmatory_5000,insufficient,5000,964,964,0.1928,0.18210278445137268,0.2039688916236705,47,0.0487551867219917,0.03686093212194839,0.06423151223346601,917,0.9512448132780082,0.9357684877665339,0.9631390678780515,0.00043710373582222774,0.30434234193817344,0.30988487501751905,0.30450000471537814,1.0176843028530467,0.6244813278008299,0.6244813278008299,0.8132780082987552,0.08132780082987552,0.15495750298723943,0.659757485552575,0.8865026129322524,0.06824079056139402,0.8935785328683137,0.34854771784232363,0.24273858921161826
normal,normal,"{""mean"":0.0,""sd"":1.0}",15,confirmatory_5000,all,5000,5000,5000,1.0,0.9992322980549431,1.0000000000000002,243,0.0486,0.042978532307529155,0.05491454900846843,4757,0.9514,0.9450854509915316,0.9570214676924709,0.0042820457027762625,0.25563983828115683,0.2543614403377801,0.2556295372077999,0.9950393178978022,0.1128,0.1128,0.1542,0.010280000000000001,0.02063142193442014,0.0,0.5084240793679788,0.0073800430076006104,0.12098123994355534,0.0752,0.9118
normal,normal,"{""mean"":0.0,""sd"":1.0}",15,confirmatory_5000,acceptable,5000,4250,4250,0.85,0.839834123136507,0.8596284855019531,215,0.05058823529411765,0.04439577169938974,0.05759238724364933,4035,0.9494117647058824,0.9424076127563508,0.9556042283006103,0.004622758902493222,0.2572526175194962,0.25437110024746096,0.25724134477988747,0.9888422114458992,0.0,0.0,0.0,0.0,0.0,0.0,0.0,0.0,0.0,0.013176470588235295,1.0
normal,normal,"{""mean"":0.0,""sd"":1.0}",15,confirmatory_5000,caution,5000,0,0,0.0,0.0,0.0007677019450571244,0,nan,nan,nan,0,nan,nan,nan,nan,nan,nan,nan,nan,nan,nan,nan,nan,nan,nan,nan,nan,nan,nan,nan
normal,normal,"{""mean"":0.0,""sd"":1.0}",15,confirmatory_5000,insufficient,5000,750,750,0.15,0.1403715144980469,0.1601658768634931,28,0.037333333333333336,0.025954161442393,0.05342785996342066,722,0.9626666666666667,0.9465721400365794,0.974045838557607,0.002351337571046822,0.24630136119367602,0.2543067008495886,0.24645449511360154,1.031860671611478,0.752,0.752,1.028,0.06853333333333332,0.13754281289613426,0.6219011603690305,0.9763443191137804,0.04920028671733741,0.8065415996237022,0.4266666666666667,0.412
normal,normal,"{""mean"":0.0,""sd"":1.0}",20,confirmatory_5000,all,5000,5000,5000,1.0,0.9992322980549431,1.0000000000000002,243,0.0486,0.042978532307529155,0.05491454900846843,4757,0.9514,0.9450854509915316,0.9570214676924709,0.00017811609433745622,0.22328635737311409,0.2203052631551439,0.2233086183097581,0.9865506527363482,0.094,0.094,0.1298,0.006490000000000001,0.01380177469821096,0.0,0.0,0.004466191525409965,0.08608730092430877,0.0844,0.9406
normal,normal,"{""mean"":0.0,""sd"":1.0}",20,confirmatory_5000,acceptable,5000,4420,4420,0.884,0.8748276952665284,0.8925827096396679,219,0.04954751131221719,0.04353194878801135,0.05634537795020318,4201,0.9504524886877828,0.9436546220497969,0.9564680512119886,-0.001456607736277683,0.22437417537734716,0.22005820198031067,0.2243948327410466,0.9806741059597374,0.0,0.0,0.0,0.0,0.0,0.0,0.0,0.0,0.0,0.027149321266968326,1.0
normal,normal,"{""mean"":0.0,""sd"":1.0}",20,confirmatory_5000,caution,5000,0,0,0.0,0.0,0.0007677019450571244,0,nan,nan,nan,0,nan,nan,nan,nan,nan,nan,nan,nan,nan,nan,nan,nan,nan,nan,nan,nan,nan,nan,nan
normal,normal,"{""mean"":0.0,""sd"":1.0}",20,confirmatory_5000,insufficient,5000,580,580,0.116,0.10741729036033222,0.12517230473347168,24,0.041379310344827586,0.02796214115691898,0.0608315853547424,556,0.9586206896551724,0.9391684146452576,0.972037858843081,0.012635839079370062,0.2148155624205806,0.2221880396943904,0.21462871354568555,1.0352204792351598,0.8103448275862069,0.8103448275862069,1.1189655172413793,0.05594827586206897,0.11898081636388759,0.592411980252902,0.9969977864625102,0.03850165108112039,0.7421319045199033,0.5206896551724138,0.4879310344827586
normal,normal,"{""mean"":0.0,""sd"":1.0}",30,confirmatory_5000,all,5000,5000,5000,1.0,0.9992322980549431,1.0000000000000002,237,0.0474,0.04184958432057469,0.05364533948009102,4763,0.9526,0.946354660519909,0.9581504156794253,-0.0004331590300720478,0.1823236987945326,0.18063221282357816,0.1823414193045917,0.9906263399312562,0.0984,0.0984,0.1276,0.004253333333333334,0.009755669482801816,0.0,0.0,0.002634065203952878,0.06565744833300323,0.078,0.977
normal,normal,"{""mean"":0.0,""sd"":1.0}",30,confirmatory_5000,acceptable,5000,4486,4486,0.8972,0.8884748673840587,0.905315270190788,220,0.049041462327240305,0.04309875453229187,0.05575584042199722,4266,0.9509585376727597,0.9442441595780029,0.9569012454677082,0.00029911546217125133,0.1828227147349133,0.1805381421713983,0.18284285045428672,0.9873951413623109,0.0,0.0,0.0,0.0,0.0,0.0,0.0,0.0,0.0,0.03744984395898351,1.0
normal,normal,"{""mean"":0.0,""sd"":1.0}",30,confirmatory_5000,caution,5000,0,0,0.0,0.0,0.0007677019450571244,0,nan,nan,nan,0,nan,nan,nan,nan,nan,nan,nan,nan,nan,nan,nan,nan,nan,nan,nan,nan,nan,nan,nan
normal,normal,"{""mean"":0.0,""sd"":1.0}",30,confirmatory_5000,insufficient,5000,514,514,0.1028,0.09468472980921208,0.1115251326159413,17,0.033073929961089495,0.020750590305207865,0.05232478474659339,497,0.9669260700389105,0.9476752152534066,0.979249409694792,-0.006824177263930881,0.17790906793568317,0.18145322633657207,0.17795132867238345,1.01967896328909,0.9571984435797666,0.9571984435797666,1.2412451361867705,0.041374837872892346,0.0948995085875663,0.5271895330528081,0.8674072966918226,0.025623202373082472,0.6386911316440003,0.43190661478599224,0.7762645914396887
normal,normal,"{""mean"":0.0,""sd"":1.0}",40,exploratory,all,200,200,200,1.0,0.9811546736227335,1.0,9,0.045,0.023852543001492997,0.0832967040018196,191,0.955,0.9167032959981803,0.976147456998507,-0.007167762072038956,0.1603167349759217,0.15745878782493278,0.16055831827737502,0.9806952982212507,0.11,0.11,0.125,0.003125,0.008209892452590486,0.0,0.0754147267088694,0.0020632326715153103,0.06382974754393145,0.1,0.99
normal,normal,"{""mean"":0.0,""sd"":1.0}",40,exploratory,acceptable,200,178,178,0.89,0.839073090026985,0.926227555398747,9,0.05056179775280899,0.026825714697326877,0.09328693157346127,169,0.949438202247191,0.9067130684265386,0.9731742853026731,-0.007559670746494056,0.16208675237149595,0.1578501371585348,0.16236709589348855,0.972180578151642,0.0,0.0,0.0,0.0,0.0,0.0,0.0,0.0,0.0,0.05056179775280899,1.0
normal,normal,"{""mean"":0.0,""sd"":1.0}",40,exploratory,caution,200,17,17,0.085,0.05374575017747561,0.13189587071565567,0,0.0,0.0,0.1843181350088518,17,1.0,0.8156818649911483,1.0,-0.005446655753213776,0.15318871897740763,0.156990239551124,0.15780347718201737,0.9948465164049881,1.0,1.0,1.0,0.025,0.07721625797688272,0.4756472177293335,0.5510272545051337,0.01694928175377816,0.550151105204977,0.47058823529411764,1.0
normal,normal,"{""mean"":0.0,""sd"":1.0}",40,exploratory,insufficient,200,5,5,0.025,0.010724719651761264,0.05717834040664198,0,0.0,0.0,0.43448246478317476,5,1.0,0.5655175352168251,1.0,0.0009324252545569262,0.11394670570291823,0.14511981567965,0.1273920244937459,1.1391593489180667,1.0,1.0,1.6,0.039999999999999994,0.06586042098221814,0.58732108575085,0.7873539586851939,0.024901748897766657,0.6826761440603354,0.6,0.6
normal,normal,"{""mean"":0.0,""sd"":1.0}",50,exploratory,all,200,200,200,1.0,0.9811546736227335,1.0,5,0.025,0.010724719651761264,0.05717834040664198,195,0.975,0.942821659593358,0.9892752803482386,-0.013035832703659725,0.1324182256741557,0.1409836709526228,0.1321056892114187,1.0672036291109008,0.05,0.05,0.055,0.0011,0.002804393300180105,0.0,0.0,0.0006582562498945066,0.02272692016187366,0.05,0.995
normal,normal,"{""mean"":0.0,""sd"":1.0}",50,exploratory,acceptable,200,190,190,0.95,0.9104218518612239,0.972617354399236,5,0.02631578947368421,0.011291765010824347,0.06011431552996262,185,0.9736842105263158,0.9398856844700374,0.9887082349891756,-0.010983855602399601,0.13071875755861118,0.1409713129911669,0.13060061121535502,1.0794077583504647,0.0,0.0,0.0,0.0,0.0,0.0,0.0,0.0,0.0,0.042105263157894736,1.0
normal,normal,"{""mean"":0.0,""sd"":1.0}",50,exploratory,caution,200,8,8,0.04,0.020405632066152306,0.07693206820093293,0,0.0,0.0,0.32440756488388023,8,1.0,0.6755924351161198,1.0,-0.03435588095419961,0.168798507772979,0.14158859182852293,0.1766760058743375,0.8014024945143325,1.0,1.0,1.0,0.02,0.06149946385137117,0.43775194504539516,0.47474749633642066,0.011553640301118833,0.5018840652976557,0.125,1.0
normal,normal,"{""mean"":0.0,""sd"":1.0}",50,exploratory,insufficient,200,2,2,0.01,0.0027466581335444384,0.0357217617161768,0,0.0,0.0,0.6576197724933469,2,1.0,0.34238022750665303,1.0,-0.12269346432121198,0.12721837243599435,0.1397379937873312,0.04755687328079613,2.9383343383880245,1.0,1.0,1.5,0.03,0.03444147461252573,0.24592716429436307,0.4345866046042737,0.019611063784975326,0.2651557549967433,0.5,0.5
normal,normal,"{""mean"":0.0,""sd"":1.0}",80,exploratory,all,200,200,200,1.0,0.9811546736227335,1.0,12,0.06,0.03465219425433187,0.1019316929576627,188,0.94,0.8980683070423372,0.9653478057456681,-0.004744368819791256,0.11299700932935552,0.11159868539537776,0.11318067151196688,0.9860224710150987,0.125,0.125,0.15,0.001875,0.00522312406450324,0.0,0.3414833629848119,0.0009415051070120558,0.05489559939166705,0.08,1.0
normal,normal,"{""mean"":0.0,""sd"":1.0}",80,exploratory,acceptable,200,175,175,0.875,0.8219857499741765,0.9138802552428735,9,0.05142857142857143,0.027289573931240256,0.09483791800893845,166,0.9485714285714286,0.9051620819910615,0.9727104260687598,-0.006838141095484274,0.10897606669101388,0.11150751208716844,0.10907339651926906,1.0223163085186346,0.0,0.0,0.0,0.0,0.0,0.0,0.0,0.0,0.0,0.04,1.0
normal,normal,"{""mean"":0.0,""sd"":1.0}",80,exploratory,caution,200,25,25,0.125,0.08611974475712644,0.17801425002582347,3,0.12,0.04166817150440358,0.2995579392092732,22,0.88,0.7004420607907267,0.9583318284955964,0.00991203711005988,0.13789891645302207,0.11223689855284284,0.1403784419259178,0.7995308753467562,1.0,1.0,1.2,0.015000000000000003,0.041784992516025916,0.3621706941774656,0.4130326091501546,0.007532040856096447,0.4391647951333365,0.36,1.0
normal,normal,"{""mean"":0.0,""sd"":1.0}",80,exploratory,insufficient,200,0,0,0.0,1.734723475976807e-18,0.018845326377266575,0,nan,nan,nan,0,nan,nan,nan,nan,nan,nan,nan,nan,nan,nan,nan,nan,nan,nan,nan,nan,nan,nan,nan
normal,normal,"{""mean"":0.0,""sd"":1.0}",100,confirmatory_5000,all,5000,5000,5000,1.0,0.9992322980549431,1.0000000000000002,257,0.0514,0.04561656542843631,0.057872216756668954,4743,0.9486,0.9421277832433311,0.9543834345715637,0.00036588122322422673,0.1008717970525186,0.09987384295139567,0.10088122211655715,0.9900142053790987,0.1024,0.1024,0.1228,0.0012280000000000001,0.0034638586296073014,0.0,0.012708931082181232,0.0005804698403358875,0.03711915425486243,0.0762,0.9998
normal,normal,"{""mean"":0.0,""sd"":1.0}",100,confirmatory_5000,acceptable,5000,4488,4488,0.8976,0.8888890546428595,0.905700468770431,231,0.051470588235294115,0.045381187053315716,0.05832716131368072,4257,0.9485294117647058,0.9416728386863191,0.9546188129466842,0.00042493482121342053,0.10067177940200803,0.09988602361868747,0.10068210001106698,0.9920931685742351,0.0,0.0,0.0,0.0,0.0,0.0,0.0,0.0,0.0,0.043003565062388595,1.0
normal,normal,"{""mean"":0.0,""sd"":1.0}",100,confirmatory_5000,caution,5000,512,512,0.1024,0.09429953122956898,0.11111094535714046,26,0.05078125,0.03488718106757214,0.07336596118345534,486,0.94921875,0.9266340388165446,0.9651128189324278,-0.00015176047164980355,0.10260839003437484,0.09976707178966625,0.10270862822340122,0.9713601818599231,1.0,1.0,1.19921875,0.011992187500000001,0.03382674442975881,0.3347895078607571,0.3984769176161445,0.005668650784530152,0.3624917407701409,0.3671875,0.998046875
normal,normal,"{""mean"":0.0,""sd"":1.0}",100,confirmatory_5000,insufficient,5000,0,0,0.0,0.0,0.0007677019450571244,0,nan,nan,nan,0,nan,nan,nan,nan,nan,nan,nan,nan,nan,nan,nan,nan,nan,nan,nan,nan,nan,nan,nan
normal,normal,"{""mean"":0.0,""sd"":1.0}",200,exploratory,all,200,200,200,1.0,0.9811546736227335,1.0,12,0.06,0.03465219425433187,0.1019316929576627,188,0.94,0.8980683070423372,0.9653478057456681,0.0019216840974977734,0.06888922831921161,0.0705750414654556,0.06903522448536409,1.022304801520823,0.105,0.105,0.115,0.000575,0.0017870394738368958,0.0,0.02532112129813106,0.00020169071290059663,0.02610129829953907,0.07,1.0
normal,normal,"{""mean"":0.0,""sd"":1.0}",200,exploratory,acceptable,200,179,179,0.895,0.8448196800887696,0.9302925120731899,11,0.061452513966480445,0.03465718909747408,0.1066754112184963,168,0.9385474860335196,0.8933245887815037,0.9653428109025258,0.0015957542745803316,0.07056730446148535,0.07065076654280356,0.07074715410477725,0.9986375768298617,0.0,0.0,0.0,0.0,0.0,0.0,0.0,0.0,0.0,0.0335195530726257,1.0
normal,normal,"{""mean"":0.0,""sd"":1.0}",200,exploratory,caution,200,21,21,0.105,0.06970748792681017,0.1551803199112304,1,0.047619047619047616,0.008455987809826399,0.22669360074122563,20,0.9523809523809523,0.7733063992587743,0.9915440121901737,0.004699847826175006,0.05244992965152981,0.06992957532996588,0.05352898166791785,1.3063871785156262,1.0,1.0,1.0952380952380953,0.0054761904761904765,0.017019423560351386,0.2414683431638152,0.27282571824077434,0.0019208639323866346,0.24858379332894348,0.38095238095238093,1.0
normal,normal,"{""mean"":0.0,""sd"":1.0}",200,exploratory,insufficient,200,0,0,0.0,1.734723475976807e-18,0.018845326377266575,0,nan,nan,nan,0,nan,nan,nan,nan,nan,nan,nan,nan,nan,nan,nan,nan,nan,nan,nan,nan,nan,nan,nan
normal,normal,"{""mean"":0.0,""sd"":1.0}",500,exploratory,all,200,200,200,1.0,0.9811546736227335,1.0,9,0.045,0.023852543001492997,0.0832967040018196,191,0.955,0.9167032959981803,0.976147456998507,-0.0005970531281543917,0.046502355142377556,0.04478077201460147,0.046615206194898826,0.9606473009552384,0.245,0.245,0.29,0.00058,0.001955012864075799,0.0,0.16245638847230637,0.00014672935279802548,0.0448128950567396,0.07,1.0
normal,normal,"{""mean"":0.0,""sd"":1.0}",500,exploratory,acceptable,200,151,151,0.755,0.6909575644379659,0.8094313191096282,7,0.046357615894039736,0.02263443345238309,0.09258960897513288,144,0.9536423841059603,0.9074103910248671,0.977365566547617,-0.0033538945570820125,0.04636687407741791,0.04482724410415588,0.04639931025742206,0.9661187602887973,0.0,0.0,0.0,0.0,0.0,0.0,0.0,0.0,0.0,0.046357615894039736,1.0
normal,normal,"{""mean"":0.0,""sd"":1.0}",500,exploratory,caution,200,49,49,0.245,0.1905686808903718,0.30904243556203415,2,0.04081632653061224,0.011265633366185787,0.13713032306080064,47,0.9591836734693877,0.8628696769391992,0.9887343666338142,0.00789851943854093,0.04691739766718569,0.04463756210597464,0.04672702736203905,0.9552835826710028,1.0,1.0,1.183673469387755,0.0023673469387755102,0.007979644343166527,0.16072869723188948,0.2971443140473156,0.0005988953175429611,0.18290977574179432,0.14285714285714285,1.0
normal,normal,"{""mean"":0.0,""sd"":1.0}",500,exploratory,insufficient,200,0,0,0.0,1.734723475976807e-18,0.018845326377266575,0,nan,nan,nan,0,nan,nan,nan,nan,nan,nan,nan,nan,nan,nan,nan,nan,nan,nan,nan,nan,nan,nan,nan
normal,normal,"{""mean"":0.0,""sd"":1.0}",750,confirmatory_5000,all,5000,5000,5000,1.0,0.9992322980549431,1.0000000000000002,234,0.0468,0.04128549558366106,0.053010349459338725,4766,0.9532,0.9469896505406614,0.958714504416339,0.0008497403681062129,0.03681662217396102,0.0365028289419814,0.03681049595060402,0.9916418673349178,0.3176,0.3176,0.3982,0.0005309333333333333,0.0015841353921454253,0.0,0.13907935828095444,0.00011348081937605223,0.04427156532258766,0.0696,1.0
normal,normal,"{""mean"":0.0,""sd"":1.0}",750,confirmatory_5000,acceptable,5000,3412,3412,0.6824,0.6693602101257579,0.6951597322046854,160,0.04689331770222743,0.04029493215104537,0.054510831736046476,3252,0.9531066822977726,0.9454891682639536,0.9597050678489546,0.0007698520869060257,0.036954935569712986,0.036515475887213975,0.03695233129986686,0.9881778659888109,0.0,0.0,0.0,0.0,0.0,0.0,0.0,0.0,0.0,0.0477725674091442,1.0
normal,normal,"{""mean"":0.0,""sd"":1.0}",750,confirmatory_5000,caution,5000,1588,1588,0.3176,0.3048402677953147,0.33063978987424225,74,0.04659949622166247,0.0372815639850346,0.05810573603740918,1514,0.9534005037783375,0.9418942639625908,0.9627184360149653,0.0010213894962265145,0.03651766799428024,0.03647565553068824,0.036514880141887085,0.9989257910461042,1.0,1.0,1.2537783375314862,0.0016717044500419815,0.0049878318392488205,0.13337082211236723,0.16584433223228792,0.00035730736579361535,0.13939409736331126,0.11649874055415617,1.0
normal,normal,"{""mean"":0.0,""sd"":1.0}",750,confirmatory_5000,insufficient,5000,0,0,0.0,0.0,0.0007677019450571244,0,nan,nan,nan,0,nan,nan,nan,nan,nan,nan,nan,nan,nan,nan,nan,nan,nan,nan,nan,nan,nan,nan,nan
normal,normal,"{""mean"":0.0,""sd"":1.0}",2000,confirmatory_5000,all,5000,5000,5000,1.0,0.9992322980549431,1.0000000000000002,238,0.0476,0.04203767154178207,0.05385694517810564,4762,0.9524,0.9461430548218944,0.957962328458218,0.00028933383182215024,0.02238751990983146,0.02235864596093004,0.02238788907338733,0.998693797688499,0.6016,0.6016,0.9746,0.00048730000000000014,0.0012318857764865747,0.0755143428643757,0.159445208846649,6.513579647271419e-05,0.055513408801411764,0.0682,1.0
normal,normal,"{""mean"":0.0,""sd"":1.0}",2000,confirmatory_5000,acceptable,5000,1992,1992,0.3984,0.3849130834554782,0.4120429135797575,92,0.04618473895582329,0.037808851290069584,0.05630757163045949,1900,0.9538152610441767,0.9436924283695406,0.9621911487099305,-0.00018618835114051754,0.0222730866436235,0.022347393923925808,0.022277900968542094,1.0031193672815875,0.0,0.0,0.0,0.0,0.0,0.0,0.0,0.0,0.0,0.05823293172690763,1.0
normal,normal,"{""mean"":0.0,""sd"":1.0}",2000,confirmatory_5000,caution,5000,3008,3008,0.6016,0.5879570864202426,0.6150869165445219,146,0.04853723404255319,0.04141671085630325,0.056809395286924046,2862,0.9514627659574468,0.9431906047130759,0.9585832891436966,0.0006042408093692359,0.022462980660075495,0.022366097442882312,0.02245858578328411,0.9958818270529466,1.0,1.0,1.6200132978723405,0.0008100066489361704,0.0020476824742130567,0.08287872732226326,0.16635485897815608,0.00010827093828576162,0.09227627792787861,0.07480053191489362,1.0
normal,normal,"{""mean"":0.0,""sd"":1.0}",2000,confirmatory_5000,insufficient,5000,0,0,0.0,0.0,0.0007677019450571244,0,nan,nan,nan,0,nan,nan,nan,nan,nan,nan,nan,nan,nan,nan,nan,nan,nan,nan,nan,nan,nan,nan,nan
normal,normal,"{""mean"":0.0,""sd"":1.0}",10000,confirmatory_5000,all,5000,5000,5000,1.0,0.9992322980549431,1.0000000000000002,252,0.0504,0.0446738140627647,0.056816503526230674,4748,0.9496,0.9431834964737694,0.9553261859372354,-9.466815111048039e-06,0.009978445223583654,0.009999291546488032,0.009979438726648452,1.0019893723869027,0.9912,0.9912,4.7378,0.00047378,0.0006421383503224609,0.04499741500977418,0.14290837014667682,2.874914774965026e-05,0.06456339120199533,0.0526,1.0
normal,normal,"{""mean"":0.0,""sd"":1.0}",10000,confirmatory_5000,acceptable,5000,44,44,0.0088,0.006562037439973316,0.011792152950850806,4,0.09090909090909091,0.03592219322731624,0.21159239166598612,40,0.9090909090909091,0.7884076083340138,0.9640778067726837,-0.0029892765649695966,0.01081010998033383,0.010016585487652574,0.010508688486998827,0.9531717968464786,0.0,0.0,0.0,0.0,0.0,0.0,0.0,0.0,0.0,0.18181818181818182,1.0
normal,normal,"{""mean"":0.0,""sd"":1.0}",10000,confirmatory_5000,caution,5000,4956,4956,0.9912,0.9882078470491492,0.9934379625600268,248,0.05004035512510089,0.044311114702097844,0.05646659421675577,4708,0.9499596448748991,0.9435334057832443,0.9556888852979022,1.6988315840077034e-05,0.00997075093301477,0.009999138008673011,0.009971742538576987,1.0027473102108324,1.0,1.0,4.779862792574657,0.0004779862792574657,0.0006478393364835158,0.04593973186542001,0.14348577123058948,2.900438634952609e-05,0.06513659322235202,0.051452784503631964,1.0
normal,normal,"{""mean"":0.0,""sd"":1.0}",10000,confirmatory_5000,insufficient,5000,0,0,0.0,0.0,0.0007677019450571244,0,nan,nan,nan,0,nan,nan,nan,nan,nan,nan,nan,nan,nan,nan,nan,nan,nan,nan,nan,nan,nan,nan,nan
student_t_df_10,student_t,"{""df"":10,""standardized_variance"":true}",5,exploratory,all,200,200,200,1.0,0.9811546736227335,1.0,8,0.04,0.020405632066152306,0.07693206820093293,192,0.96,0.923067931799067,0.9795943679338476,-0.014117622283165536,0.4490399018605717,0.417981688616725,0.4499441910719804,0.9289634068191756,0.195,0.195,0.27,0.054000000000000006,0.07439738266709944,0.0,0.9524010287853504,0.05522544450042636,0.9702616803040023,0.055,0.665
student_t_df_10,student_t,"{""df"":10,""standardized_variance"":true}",5,exploratory,acceptable,200,121,121,0.605,0.5358834915928536,0.6701589898679203,7,0.05785123966942149,0.02830275348227581,0.11461017776053556,114,0.9421487603305785,0.8853898222394644,0.9716972465177242,-0.024046054054006397,0.4667593981754118,0.4210164006753876,0.46807781485747674,0.8994581398897986,0.0,0.0,0.0,0.0,0.0,0.0,0.0,0.0,0.0,0.0,1.0
student_t_df_10,student_t,"{""df"":10,""standardized_variance"":true}",5,exploratory,caution,200,0,0,0.0,1.734723475976807e-18,0.018845326377266575,0,nan,nan,nan,0,nan,nan,nan,nan,nan,nan,nan,nan,nan,nan,nan,nan,nan,nan,nan,nan,nan,nan,nan
student_t_df_10,student_t,"{""df"":10,""standardized_variance"":true}",5,exploratory,insufficient,200,79,79,0.395,0.32984101013207967,0.46411650840714636,1,0.012658227848101266,0.0022379938550498787,0.06827571876965954,78,0.9873417721518988,0.9317242812303406,0.9977620061449501,0.0010892162519198286,0.4204545771248937,0.41333358533700126,0.42313979531569657,0.9768251294554343,0.4936708860759494,0.4936708860759494,0.6835443037974683,0.13670886075949365,0.18834780422050493,0.0,1.0757407967761954,0.13981125189981355,2.4563586843139293,0.13924050632911392,0.1518987341772152
student_t_df_10,student_t,"{""df"":10,""standardized_variance"":true}",8,exploratory,all,200,200,200,1.0,0.9811546736227335,1.0,10,0.05,0.02738264560076393,0.08957814813877599,190,0.95,0.9104218518612239,0.972617354399236,-0.027124429235564244,0.34711392483208897,0.33324568950950345,0.346920902677476,0.9605811784114777,0.195,0.195,0.24,0.03,0.05796586792334125,0.0,0.8546868088231341,0.02864051417330465,0.37227928129324206,0.135,0.775
student_t_df_10,student_t,"{""df"":10,""standardized_variance"":true}",8,exploratory,acceptable,200,143,143,0.715,0.6488465397039482,0.7730499699538271,7,0.04895104895104895,0.02391143972946798,0.09759006920391887,136,0.951048951048951,0.9024099307960811,0.976088560270532,-0.010637524254836663,0.36286949335151353,0.335965328605136,0.36398845996697415,0.9230109345653958,0.0,0.0,0.0,0.0,0.0,0.0,0.0,0.0,0.0,0.0,1.0
student_t_df_10,student_t,"{""df"":10,""standardized_variance"":true}",8,exploratory,caution,200,0,0,0.0,1.734723475976807e-18,0.018845326377266575,0,nan,nan,nan,0,nan,nan,nan,nan,nan,nan,nan,nan,nan,nan,nan,nan,nan,nan,nan,nan,nan,nan,nan
student_t_df_10,student_t,"{""df"":10,""standardized_variance"":true}",8,exploratory,insufficient,200,57,57,0.285,0.22695003004617292,0.3511534602960517,3,0.05263157894736842,0.01806029563366167,0.14369550397163527,54,0.9473684210526315,0.8563044960283646,0.9819397043663383,-0.06848631366089837,0.3040139327983926,0.326422735287127,0.2988323551183105,1.092327285503918,0.6842105263157895,0.6842105263157895,0.8421052631578947,0.10526315789473684,0.20338901025733772,0.8128153377764822,1.4075717209359881,0.10049303218703387,1.3062430922569896,0.47368421052631576,0.21052631578947367
student_t_df_10,student_t,"{""df"":10,""standardized_variance"":true}",10,exploratory,all,200,200,200,1.0,0.9811546736227335,1.0,7,0.035,0.017055542008567192,0.07047061152229073,193,0.965,0.9295293884777092,0.9829444579914328,0.012728217138684685,0.2770210036561345,0.30610400382258723,0.2774228652906116,1.1033841911405933,0.185,0.185,0.24,0.024,0.05150308972994748,0.0,0.785502586254992,0.024340311857670726,0.25334142047645736,0.135,0.785
student_t_df_10,student_t,"{""df"":10,""standardized_variance"":true}",10,exploratory,acceptable,200,148,148,0.74,0.6750925439746589,0.7958616993642531,3,0.02027027027027027,0.006917294269242244,0.057896748595794134,145,0.9797297297297297,0.9421032514042058,0.9930827057307576,0.017767811947087053,0.2629231536808854,0.29999910069258884,0.26321285017140467,1.1397585661081095,0.0,0.0,0.0,0.0,0.0,0.0,0.0,0.0,0.0,0.006756756756756757,1.0
student_t_df_10,student_t,"{""df"":10,""standardized_variance"":true}",10,exploratory,caution,200,0,0,0.0,1.734723475976807e-18,0.018845326377266575,0,nan,nan,nan,0,nan,nan,nan,nan,nan,nan,nan,nan,nan,nan,nan,nan,nan,nan,nan,nan,nan,nan,nan
student_t_df_10,student_t,"{""df"":10,""standardized_variance"":true}",10,exploratory,insufficient,200,52,52,0.26,0.20413830063574687,0.32490745602534116,4,0.07692307692307693,0.030319345184930124,0.1817356238429534,48,0.9230769230769231,0.8182643761570466,0.9696806548150699,-0.0016152450083066568,0.3136968389405743,0.32347949734642867,0.316753169281182,1.0212352352480354,0.7115384615384616,0.7115384615384616,0.9230769230769231,0.09230769230769229,0.19808880665364412,0.7203919392933914,0.9568059318151174,0.09361658406796433,0.974390078755605,0.5,0.17307692307692307
student_t_df_10,student_t,"{""df"":10,""standardized_variance"":true}",15,exploratory,all,200,200,200,1.0,0.9811546736227335,1.0,6,0.03,0.013820314340111346,0.06389429245451925,194,0.97,0.9361057075454807,0.9861796856598887,-0.008360272770169893,0.2496522319686015,0.2637206899202592,0.25013833914388467,1.0542993561996976,0.21,0.21,0.285,0.019,0.04243174818176645,0.0,0.7086009472243515,0.018666755152262175,0.20150387108603524,0.15,0.82
student_t_df_10,student_t,"{""df"":10,""standardized_variance"":true}",15,exploratory,acceptable,200,149,149,0.745,0.6803707417954529,0.8003950482796865,5,0.03355704697986577,0.014417106348108083,0.07614378549035719,144,0.9664429530201343,0.9238562145096428,0.9855828936518919,-0.0009223493277021296,0.26145163617122064,0.25971819901232834,0.2623317992893395,0.9900370436062597,0.0,0.0,0.0,0.0,0.0,0.0,0.0,0.0,0.0,0.006711409395973154,1.0
student_t_df_10,student_t,"{""df"":10,""standardized_variance"":true}",15,exploratory,caution,200,0,0,0.0,1.734723475976807e-18,0.018845326377266575,0,nan,nan,nan,0,nan,nan,nan,nan,nan,nan,nan,nan,nan,nan,nan,nan,nan,nan,nan,nan,nan,nan,nan
student_t_df_10,student_t,"{""df"":10,""standardized_variance"":true}",15,exploratory,insufficient,200,51,51,0.255,0.1996049517203135,0.3196292582045472,1,0.0196078431372549,0.0034696926410608536,0.10304568726144975,50,0.9803921568627451,0.8969543127385502,0.9965303073589391,-0.030090676553065916,0.2114404674452261,0.27541424178852775,0.2113708941817562,1.3029903802729867,0.8235294117647058,0.8235294117647058,1.1176470588235294,0.07450980392156863,0.1663990124775155,0.668913044993656,0.8551455300039622,0.07320296138142031,0.7902112591609225,0.5686274509803921,0.29411764705882354
student_t_df_10,student_t,"{""df"":10,""standardized_variance"":true}",20,exploratory,all,200,200,200,1.0,0.9811546736227335,1.0,9,0.045,0.023852543001492997,0.0832967040018196,191,0.955,0.9167032959981803,0.976147456998507,0.005951586250426261,0.2166690223466828,0.21979474996566878,0.21713077333583594,1.0122689961855957,0.185,0.185,0.255,0.012750000000000001,0.030487404225380564,0.0,0.651664460317241,0.012080340990919071,0.15721178686855755,0.175,0.86
student_t_df_10,student_t,"{""df"":10,""standardized_variance"":true}",20,exploratory,acceptable,200,156,156,0.78,0.7176120008170632,0.8318346164116674,7,0.04487179487179487,0.0219033374935471,0.08971638214820239,149,0.9551282051282052,0.9102836178517977,0.9780966625064529,0.0010841642411023311,0.2146484922688063,0.2168295756377487,0.21533704672207268,1.0069311293081973,0.0,0.0,0.0,0.0,0.0,0.0,0.0,0.0,0.0,0.019230769230769232,1.0
student_t_df_10,student_t,"{""df"":10,""standardized_variance"":true}",20,exploratory,caution,200,0,0,0.0,1.734723475976807e-18,0.018845326377266575,0,nan,nan,nan,0,nan,nan,nan,nan,nan,nan,nan,nan,nan,nan,nan,nan,nan,nan,nan,nan,nan,nan,nan
student_t_df_10,student_t,"{""df"":10,""standardized_variance"":true}",20,exploratory,insufficient,200,44,44,0.22,0.16816538358833258,0.28238799918293667,2,0.045454545454545456,0.012555109949594967,0.15134998437629657,42,0.9545454545454546,0.8486500156237035,0.987444890050405,0.02320880973802929,0.2236857024194615,0.23030764076465832,0.22505050405626015,1.0233598086369269,0.8409090909090909,0.8409090909090909,1.1590909090909092,0.05795454545454544,0.13857911011536622,0.6456429864059294,0.9314981273186912,0.05491064086781396,0.7145990312207163,0.7272727272727273,0.36363636363636365
student_t_df_10,student_t,"{""df"":10,""standardized_variance"":true}",30,exploratory,all,200,200,200,1.0,0.9811546736227335,1.0,10,0.05,0.02738264560076393,0.08957814813877599,190,0.95,0.9104218518612239,0.972617354399236,-0.0008528385130458377,0.19266468140003284,0.18090801267630108,0.19314626458480147,0.9366373875528555,0.22,0.22,0.385,0.012833333333333334,0.023778998245122772,0.0,0.5827804557049195,0.009479644506257321,0.15740873285376153,0.185,0.885
student_t_df_10,student_t,"{""df"":10,""standardized_variance"":true}",30,exploratory,acceptable,200,153,153,0.765,0.7015863111723746,0.8184256658476741,6,0.0392156862745098,0.018094740908342608,0.08290826518333472,147,0.9607843137254902,0.9170917348166654,0.9819052590916575,4.736339478369999e-05,0.17475048831306453,0.1773460285527019,0.17532437664755168,1.0115309231026914,0.0,0.0,0.0,0.0,0.0,0.0,0.0,0.0,0.0,0.05228758169934641,1.0
student_t_df_10,student_t,"{""df"":10,""standardized_variance"":true}",30,exploratory,caution,200,0,0,0.0,1.734723475976807e-18,0.018845326377266575,0,nan,nan,nan,0,nan,nan,nan,nan,nan,nan,nan,nan,nan,nan,nan,nan,nan,nan,nan,nan,nan,nan,nan
student_t_df_10,student_t,"{""df"":10,""standardized_variance"":true}",30,exploratory,insufficient,200,47,47,0.235,0.18157433415232588,0.29841368882762537,4,0.0851063829787234,0.03359412345792552,0.19931537786964587,43,0.9148936170212766,0.8006846221303541,0.9664058765420744,-0.0037832830215122027,0.24196283860315326,0.19250340780206016,0.24454883017420467,0.7871777904843384,0.9361702127659575,0.9361702127659575,1.6382978723404256,0.05460992907801418,0.10118722657499052,0.554750095576032,0.8562429278012648,0.04033891279258435,0.6698243951223896,0.6170212765957447,0.5106382978723404
student_t_df_10,student_t,"{""df"":10,""standardized_variance"":true}",40,exploratory,all,200,200,200,1.0,0.9811546736227335,1.0,10,0.05,0.02738264560076393,0.08957814813877599,190,0.95,0.9104218518612239,0.972617354399236,0.014472630406130697,0.16002622394006916,0.15655266170531118,0.15977036070071596,0.9798604761152652,0.28,0.28,0.38,0.0095,0.0241611757435452,0.0,0.5352410038492337,0.006824565011396738,0.1770599470824469,0.205,0.915
student_t_df_10,student_t,"{""df"":10,""standardized_variance"":true}",40,exploratory,acceptable,200,141,141,0.705,0.6384128547538122,0.7638605614315084,9,0.06382978723404255,0.033941271284132206,0.11685435725018589,132,0.9361702127659575,0.8831456427498142,0.9660587287158678,0.011944399049412755,0.1678288443666538,0.1529760393598744,0.16800006757915478,0.9105712965728321,0.0,0.0,0.0,0.0,0.0,0.0,0.0,0.0,0.0,0.0425531914893617,1.0
student_t_df_10,student_t,"{""df"":10,""standardized_variance"":true}",40,exploratory,caution,200,32,32,0.16,0.1156741203158702,0.21714070162067106,1,0.03125,0.005537860164003122,0.15744263820012558,31,0.96875,0.8425573617998744,0.9944621398359969,0.02709620560572214,0.13396095176096048,0.16158661562268697,0.13329117189158501,1.212282954148806,1.0,1.0,1.0,0.025,0.07866366893116378,0.48303512783133407,0.5455174564788111,0.01703770626504497,0.5830361071417037,0.34375,1.0
student_t_df_10,student_t,"{""df"":10,""standardized_variance"":true}",40,exploratory,insufficient,200,27,27,0.135,0.09446570454787906,0.18929138370752552,0,0.0,0.0,0.12455502974186705,27,1.0,0.8754449702581328,0.9999999999999998,0.012714342069475292,0.14605197418435706,0.16926441079236934,0.14826913757135507,1.1416024505498334,0.8888888888888888,0.8888888888888888,1.6296296296296295,0.040740740740740744,0.08574065714488147,0.5858088168703577,0.8682200028169518,0.030359496362885503,0.6205494069612913,0.8888888888888888,0.37037037037037035
student_t_df_10,student_t,"{""df"":10,""standardized_variance"":true}",50,exploratory,all,200,200,200,1.0,0.9811546736227335,1.0,8,0.04,0.020405632066152306,0.07693206820093293,192,0.96,0.923067931799067,0.9795943679338476,-0.030225644304885085,0.14103057305409114,0.14104844360510907,0.13809920315439658,1.0213559555982028,0.325,0.325,0.435,0.008700000000000001,0.02186096057471567,0.0,0.4971869662362473,0.005836800243966834,0.16653665692662423,0.215,0.94
student_t_df_10,student_t,"{""df"":10,""standardized_variance"":true}",50,exploratory,acceptable,200,135,135,0.675,0.6073198511602996,0.7360842846076571,6,0.044444444444444446,0.02052610893950682,0.0935713584542381,129,0.9555555555555556,0.906428641545762,0.9794738910604933,-0.026478546926638077,0.13134188363808408,0.13883583240092848,0.1291242860807089,1.0752108423209357,0.0,0.0,0.0,0.0,0.0,0.0,0.0,0.0,0.0,0.05925925925925926,1.0
student_t_df_10,student_t,"{""df"":10,""standardized_variance"":true}",50,exploratory,caution,200,40,40,0.2,0.15045200926098115,0.2608551865653788,2,0.05,0.013820667386148344,0.16503877369140962,38,0.95,0.8349612263085903,0.9861793326138516,-0.0399080845129869,0.17349719410479905,0.14286222388504977,0.17099593983106845,0.835471438831748,1.0,1.0,1.0,0.02,0.06372887744352732,0.44447651075341144,0.4971869662362474,0.01254569029028984,0.47123995936450225,0.375,1.0
student_t_df_10,student_t,"{""df"":10,""standardized_variance"":true}",50,exploratory,insufficient,200,25,25,0.125,0.08611974475712644,0.17801425002582347,0,0.0,1.3877787807814457e-17,0.13319225093904846,25,1.0,0.8668077490609515,0.9999999999999999,-0.03496806581445603,0.13342117508514637,0.15009449565977914,0.1314123770739507,1.1421640716179673,1.0,1.0,1.88,0.0376,0.07292148068808166,0.5447718152489434,0.8669392014256198,0.026621297487270934,0.5783093204297903,0.8,0.52
student_t_df_10,student_t,"{""df"":10,""standardized_variance"":true}",80,exploratory,all,200,200,200,1.0,0.9811546736227335,1.0,16,0.08,0.049840585889759974,0.12598948826714396,184,0.92,0.874010511732856,0.9501594141102401,0.006004872323037505,0.11843990111925631,0.11294458294696687,0.11858441297458051,0.9524403765541886,0.37,0.37,0.52,0.006499999999999999,0.0174484151340074,0.0,0.44484048092314754,0.00418592806472424,0.1582958182300531,0.315,0.93
student_t_df_10,student_t,"{""df"":10,""standardized_variance"":true}",80,exploratory,acceptable,200,126,126,0.63,0.5612262992405018,0.6938739159014088,12,0.09523809523809523,0.05532161543536931,0.15910495581212467,114,0.9047619047619048,0.8408950441878753,0.9446783845646307,-0.004379569469190049,0.12451335978860309,0.1114210646479185,0.12493306730488749,0.8918460664701827,0.0,0.0,0.0,0.0,0.0,0.0,0.0,0.0,0.0,0.10317460317460317,1.0
student_t_df_10,student_t,"{""df"":10,""standardized_variance"":true}",80,exploratory,caution,200,73,73,0.365,0.301405264649268,0.433682973472594,3,0.0410958904109589,0.01407394035392058,0.1140009162629833,70,0.958904109589041,0.8859990837370165,0.9859260596460794,0.019351414883514967,0.10044090664410954,0.11565142693820046,0.09924118966446137,1.1653571196518582,1.0,1.0,1.4109589041095891,0.01763698630136986,0.04694177114614624,0.38794587395007274,0.657810679679655,0.011204119318069214,0.43340638836751666,0.6712328767123288,0.821917808219178
student_t_df_10,student_t,"{""df"":10,""standardized_variance"":true}",80,exploratory,insufficient,200,1,1,0.005,0.0008831687156009814,0.02777370439789293,1,1.0,0.20654931437723745,1.0,0,0.0,0.0,0.7934506856227626,0.3401469312288551,0.3401469312288551,0.10730827726700802,nan,nan,1.0,1.0,1.0,0.0125,0.0629337331328047,0.5864760364776977,0.5864760364776977,0.01928490272579564,0.020497295181904907,1.0,0.0
student_t_df_10,student_t,"{""df"":10,""standardized_variance"":true}",100,exploratory,all,200,200,200,1.0,0.9811546736227335,1.0,8,0.04,0.020405632066152306,0.07693206820093293,192,0.96,0.923067931799067,0.9795943679338476,0.001998427023774838,0.10036207434014424,0.09965921000813854,0.10059397593923605,0.9907075356911814,0.44,0.44,0.625,0.00625,0.016247523321054325,0.0,0.41909078428323077,0.0035420499683285977,0.174165180613754,0.3,0.945
student_t_df_10,student_t,"{""df"":10,""standardized_variance"":true}",100,exploratory,acceptable,200,112,112,0.56,0.4907167533465867,0.6270218074881414,5,0.044642857142857144,0.01921725792663493,0.10026896886647468,107,0.9553571428571429,0.8997310311335255,0.9807827420733651,-0.010127133088585405,0.09754984253834596,0.0986443912267357,0.09745880399828556,1.0121650090069954,0.0,0.0,0.0,0.0,0.0,0.0,0.0,0.0,0.0,0.044642857142857144,1.0
student_t_df_10,student_t,"{""df"":10,""standardized_variance"":true}",100,exploratory,caution,200,87,87,0.435,0.36815725502699076,0.504292637402054,3,0.034482758620689655,0.011795820527505975,0.09654082386874399,84,0.9655172413793104,0.903459176131256,0.9882041794724941,0.01988058294833625,0.10229701990403696,0.10090033105148213,0.10092833718009038,0.999722514713006,1.0,1.0,1.4252873563218391,0.014252873563218391,0.03662074951390858,0.3523568262643838,0.6009243621567153,0.007907738793129466,0.386643760788186,0.6206896551724138,0.8850574712643678
student_t_df_10,student_t,"{""df"":10,""standardized_variance"":true}",100,exploratory,insufficient,200,1,1,0.005,0.0008831687156009814,0.02777370439789293,0,0.0,0.0,0.7934506856227626,1,1.0,0.20654931437723745,1.0,-0.19568640582872018,0.19568640582872018,0.1053413827543648,nan,nan,1.0,1.0,1.0,0.01,0.06349945650081865,0.6027968765977448,0.6027968765977448,0.0204367186634562,1.195028934178624,1.0,0.0
student_t_df_10,student_t,"{""df"":10,""standardized_variance"":true}",200,exploratory,all,200,200,200,1.0,0.9811546736227335,1.0,10,0.05,0.02738264560076393,0.08957814813877599,190,0.95,0.9104218518612239,0.972617354399236,0.0006011346331463918,0.07456586657679093,0.0702456710670604,0.07475055399200178,0.9397344543369751,0.63,0.63,1.025,0.005124999999999999,0.012508433982300378,0.2245086546339488,0.4619133779400413,0.00226173070723114,0.18223932633639164,0.385,0.955
student_t_df_10,student_t,"{""df"":10,""standardized_variance"":true}",200,exploratory,acceptable,200,74,74,0.37,0.30612608409859116,0.4387737007594981,2,0.02702702702702703,0.007443352638267217,0.09329292516912502,72,0.972972972972973,0.9067070748308751,0.9925566473617328,0.003984111793007639,0.06901199963894603,0.06868756518226893,0.06936719232694594,0.9902024700455837,0.0,0.0,0.0,0.0,0.0,0.0,0.0,0.0,0.0,0.05405405405405406,1.0
student_t_df_10,student_t,"{""df"":10,""standardized_variance"":true}",200,exploratory,caution,200,126,126,0.63,0.5612262992405018,0.6938739159014088,8,0.06349206349206349,0.032520539972782904,0.12029242901961257,118,0.9365079365079365,0.8797075709803873,0.9674794600272171,-0.001385693222645135,0.07764270735597598,0.07116074912638236,0.07794024389708637,0.9130167621792951,1.0,1.0,1.626984126984127,0.008134920634920636,0.0198546571147625,0.25071786526202555,0.5018250248039785,0.00359004874163673,0.2892687719625264,0.5793650793650794,0.9285714285714286
student_t_df_10,student_t,"{""df"":10,""standardized_variance"":true}",200,exploratory,insufficient,200,0,0,0.0,1.734723475976807e-18,0.018845326377266575,0,nan,nan,nan,0,nan,nan,nan,nan,nan,nan,nan,nan,nan,nan,nan,nan,nan,nan,nan,nan,nan,nan,nan
student_t_df_10,student_t,"{""df"":10,""standardized_variance"":true}",500,exploratory,all,200,200,200,1.0,0.9811546736227335,1.0,7,0.035,0.017055542008567192,0.07047061152229073,193,0.965,0.9295293884777092,0.9829444579914328,0.0005211053407266119,0.044567516827510686,0.04462767577635268,0.04467630092921642,0.9989116119317761,0.9,0.9,2.375,0.004750000000000001,0.009168131446504201,0.1709852008977401,0.464256318275871,0.0013653402596017683,0.2107807677337474,0.715,0.985
student_t_df_10,student_t,"{""df"":10,""standardized_variance"":true}",500,exploratory,acceptable,200,20,20,0.1,0.06567044866909588,0.1494058124327174,1,0.05,0.008881448800795402,0.23613119344674205,19,0.95,0.763868806553258,0.9911185511992047,0.0047533221660467665,0.04432539358160221,0.043847091771602245,0.04521465114842069,0.9697540655056849,0.0,0.0,0.0,0.0,0.0,0.0,0.0,0.0,0.0,0.1,1.0
student_t_df_10,student_t,"{""df"":10,""standardized_variance"":true}",500,exploratory,caution,200,180,180,0.9,0.8505941875672826,0.9343295513309041,6,0.03333333333333333,0.015364790984832809,0.0708043404086727,174,0.9666666666666667,0.9291956595913273,0.9846352090151671,5.0859026802150406e-05,0.044594338262385506,0.044714407332436056,0.044718700880800294,0.999903987632027,1.0,1.0,2.638888888888889,0.005277777777777779,0.010186812718338002,0.1755588993641044,0.4792758029202374,0.001517044732890854,0.23420085303749702,0.7833333333333333,0.9833333333333333
student_t_df_10,student_t,"{""df"":10,""standardized_variance"":true}",500,exploratory,insufficient,200,0,0,0.0,1.734723475976807e-18,0.018845326377266575,0,nan,nan,nan,0,nan,nan,nan,nan,nan,nan,nan,nan,nan,nan,nan,nan,nan,nan,nan,nan,nan,nan,nan
student_t_df_10,student_t,"{""df"":10,""standardized_variance"":true}",750,exploratory,all,200,200,200,1.0,0.9811546736227335,1.0,10,0.05,0.02738264560076393,0.08957814813877599,190,0.95,0.9104218518612239,0.972617354399236,-1.2236537088713555e-05,0.03696159973829554,0.03643525608745155,0.0370543496721947,0.9832922830863305,0.925,0.925,3.505,0.004673333333333333,0.006212008542876239,0.13689941261296085,0.40987780711883975,0.0011070694900198212,0.1750789652943464,0.84,0.985
student_t_df_10,student_t,"{""df"":10,""standardized_variance"":true}",750,exploratory,acceptable,200,15,15,0.075,0.04597491718438201,0.12004361023629456,0,0.0,0.0,0.20388330103584862,15,1.0,0.7961166989641515,1.0,0.007847348648755604,0.01984414683277444,0.03589232974577707,0.018866332902409938,1.9024539602601986,0.0,0.0,0.0,0.0,0.0,0.0,0.0,0.0,0.0,0.4,1.0
student_t_df_10,student_t,"{""df"":10,""standardized_variance"":true}",750,exploratory,caution,200,185,185,0.925,0.8799563897637055,0.954025082815618,10,0.05405405405405406,0.0296228075522613,0.09662838204128929,175,0.9459459459459459,0.9033716179587108,0.9703771924477387,-0.0006495002008058203,0.038013164049141394,0.036479277142181916,0.03811075651576175,0.9571911050124369,1.0,1.0,3.789189189189189,0.005052252252252252,0.0067156849112175575,0.14198836455001407,0.41531793139568063,0.0011968318811025093,0.1892745570749691,0.8756756756756757,0.9837837837837838
student_t_df_10,student_t,"{""df"":10,""standardized_variance"":true}",750,exploratory,insufficient,200,0,0,0.0,1.734723475976807e-18,0.018845326377266575,0,nan,nan,nan,0,nan,nan,nan,nan,nan,nan,nan,nan,nan,nan,nan,nan,nan,nan,nan,nan,nan,nan,nan
student_t_df_10,student_t,"{""df"":10,""standardized_variance"":true}",2000,exploratory,all,200,200,200,1.0,0.9811546736227335,1.0,9,0.045,0.023852543001492997,0.0832967040018196,191,0.955,0.9167032959981803,0.976147456998507,0.003286644523549613,0.022459127011368728,0.02240633514431577,0.02227309605618974,1.0059820640915793,1.0,1.0,9.05,0.004525,0.0047949770866580225,0.18730101256361006,0.4246739837430666,0.0006672828708253957,0.2225600880106218,0.995,0.995
student_t_df_10,student_t,"{""df"":10,""standardized_variance"":true}",2000,exploratory,acceptable,200,0,0,0.0,1.734723475976807e-18,0.018845326377266575,0,nan,nan,nan,0,nan,nan,nan,nan,nan,nan,nan,nan,nan,nan,nan,nan,nan,nan,nan,nan,nan,nan,nan
student_t_df_10,student_t,"{""df"":10,""standardized_variance"":true}",2000,exploratory,caution,200,200,200,1.0,0.9811546736227335,1.0,9,0.045,0.023852543001492997,0.0832967040018196,191,0.955,0.9167032959981803,0.976147456998507,0.003286644523549613,0.022459127011368728,0.02240633514431577,0.02227309605618974,1.0059820640915793,1.0,1.0,9.05,0.004525,0.0047949770866580225,0.18730101256361006,0.4246739837430666,0.0006672828708253957,0.2225600880106218,0.995,0.995
student_t_df_10,student_t,"{""df"":10,""standardized_variance"":true}",2000,exploratory,insufficient,200,0,0,0.0,1.734723475976807e-18,0.018845326377266575,0,nan,nan,nan,0,nan,nan,nan,nan,nan,nan,nan,nan,nan,nan,nan,nan,nan,nan,nan,nan,nan,nan,nan
student_t_df_3,student_t,"{""df"":3,""standardized_variance"":true}",5,exploratory,all,200,200,200,1.0,0.9811546736227335,1.0,7,0.035,0.017055542008567192,0.07047061152229073,193,0.965,0.9295293884777092,0.9829444579914328,0.04398496607453645,0.5240181133479432,0.391167202046161,0.5234791859921413,0.747244995624398,0.295,0.295,0.365,0.07300000000000001,0.15767892284660284,0.0,0.9845096151217706,0.112925712621317,1.2783589226532355,0.125,0.63
student_t_df_3,student_t,"{""df"":3,""standardized_variance"":true}",5,exploratory,acceptable,200,112,112,0.56,0.4907167533465867,0.6270218074881414,5,0.044642857142857144,0.01921725792663493,0.10026896886647468,107,0.9553571428571429,0.8997310311335255,0.9807827420733651,0.022947315612936798,0.37442921237176874,0.3218802128745484,0.37540504788794615,0.8574211100395904,0.0,0.0,0.0,0.0,0.0,0.0,0.0,0.0,0.0,0.0,1.0
student_t_df_3,student_t,"{""df"":3,""standardized_variance"":true}",5,exploratory,caution,200,0,0,0.0,1.734723475976807e-18,0.018845326377266575,0,nan,nan,nan,0,nan,nan,nan,nan,nan,nan,nan,nan,nan,nan,nan,nan,nan,nan,nan,nan,nan,nan,nan
student_t_df_3,student_t,"{""df"":3,""standardized_variance"":true}",5,exploratory,insufficient,200,88,88,0.44,0.37297819251185865,0.5092832466534134,2,0.022727272727272728,0.006254928263812166,0.07912545355267586,86,0.9772727272727273,0.9208745464473241,0.9937450717361879,0.07076015757111785,0.6675677212385303,0.4793506428100317,0.6676110291535575,0.7180088732473232,0.6704545454545454,0.6704545454545454,0.8295454545454546,0.1659090909090909,0.3583611882877337,0.9126910257366841,1.4993742456598345,0.2566493468666296,2.9053611878482624,0.2840909090909091,0.1590909090909091
student_t_df_3,student_t,"{""df"":3,""standardized_variance"":true}",8,exploratory,all,200,200,200,1.0,0.9811546736227335,1.0,1,0.005,0.0008831687156009814,0.02777370439789293,199,0.995,0.9722262956021069,0.9991168312843989,-0.008058099797510137,0.3773813178892883,0.3164584946153962,0.37824206723557685,0.8366559989698328,0.345,0.345,0.445,0.055625,0.12429255546621377,0.0,0.932950270562685,0.08538600250964283,0.6792481347656084,0.26,0.595
student_t_df_3,student_t,"{""df"":3,""standardized_variance"":true}",8,exploratory,acceptable,200,109,109,0.545,0.47578611372488105,0.6125178069011651,0,0.0,0.0,0.034042973751325124,109,1.0,0.9659570262486751,1.0000000000000002,0.008484834176871632,0.253070046256342,0.2617344776395719,0.254096031956067,1.0300612552848742,0.0,0.0,0.0,0.0,0.0,0.0,0.0,0.0,0.0,0.009174311926605505,1.0
student_t_df_3,student_t,"{""df"":3,""standardized_variance"":true}",8,exploratory,caution,200,0,0,0.0,1.734723475976807e-18,0.018845326377266575,0,nan,nan,nan,0,nan,nan,nan,nan,nan,nan,nan,nan,nan,nan,nan,nan,nan,nan,nan,nan,nan,nan,nan
student_t_df_3,student_t,"{""df"":3,""standardized_variance"":true}",8,exploratory,insufficient,200,91,91,0.455,0.387482193098835,0.524213886275119,1,0.01098901098901099,0.0019424713318492125,0.05964935668650616,90,0.989010989010989,0.9403506433134939,0.9980575286681509,-0.027873262470121278,0.48609779408094483,0.3820070424216032,0.48798664992117863,0.7828227318991337,0.7582417582417582,0.7582417582417582,0.978021978021978,0.12225274725274725,0.27317045157409625,0.8366329227190668,0.9785162651325164,0.187661543977237,1.4928530434408975,0.5604395604395604,0.10989010989010989
student_t_df_3,student_t,"{""df"":3,""standardized_variance"":true}",10,exploratory,all,200,200,200,1.0,0.9811546736227335,1.0,10,0.05,0.02738264560076393,0.08957814813877599,190,0.95,0.9104218518612239,0.972617354399236,0.0029572079148530816,0.2900336183984207,0.27199426208640576,0.29074631869000156,0.9355037178524364,0.36,0.36,0.505,0.050499999999999996,0.10145246206932247,0.0,0.9013408364536302,0.05856116095500246,0.46371279436495927,0.245,0.66
student_t_df_3,student_t,"{""df"":3,""standardized_variance"":true}",10,exploratory,acceptable,200,111,111,0.555,0.4857330241280342,0.6221939899704665,8,0.07207207207207207,0.03697008426552741,0.13580252785944805,103,0.9279279279279279,0.8641974721405519,0.9630299157344726,-0.010971276680845177,0.2572029608987865,0.2309963385766964,0.2581342560184799,0.894868980737525,0.0,0.0,0.0,0.0,0.0,0.0,0.0,0.0,0.0,0.009009009009009009,1.0
student_t_df_3,student_t,"{""df"":3,""standardized_variance"":true}",10,exploratory,caution,200,0,0,0.0,1.734723475976807e-18,0.018845326377266575,0,nan,nan,nan,0,nan,nan,nan,nan,nan,nan,nan,nan,nan,nan,nan,nan,nan,nan,nan,nan,nan,nan,nan
student_t_df_3,student_t,"{""df"":3,""standardized_variance"":true}",10,exploratory,insufficient,200,89,89,0.445,0.3778060100295335,0.5142669758719658,2,0.02247191011235955,0.006184398702128599,0.07827634674822494,87,0.9775280898876404,0.921723653251775,0.9938156012978714,0.020328688702746414,0.3263842888496047,0.32312650376705454,0.32759621955185164,0.9863560214738997,0.8089887640449438,0.8089887640449438,1.1348314606741574,0.11348314606741573,0.22798306082993813,0.8018702618434996,1.3031748370992984,0.13159811450562353,1.0420512232920431,0.5393258426966292,0.23595505617977527
student_t_df_3,student_t,"{""df"":3,""standardized_variance"":true}",15,exploratory,all,200,200,200,1.0,0.9811546736227335,1.0,10,0.05,0.02738264560076393,0.08957814813877599,190,0.95,0.9104218518612239,0.972617354399236,0.028016295164268876,0.24291182641367928,0.2302880246418568,0.24189628288850243,0.952011423623255,0.43,0.43,0.585,0.03900000000000001,0.09981713285110719,0.0,0.8892058026833771,0.053253433591690345,0.42574916623970327,0.355,0.62
student_t_df_3,student_t,"{""df"":3,""standardized_variance"":true}",15,exploratory,acceptable,200,104,104,0.52,0.4510378507281424,0.588208336216767,5,0.04807692307692308,0.020708042325852223,0.10764202797232547,99,0.9519230769230769,0.8923579720276744,0.9792919576741477,-0.016882694802649725,0.18829494510444095,0.19290322912994495,0.18844473168495315,1.0236594433026953,0.0,0.0,0.0,0.0,0.0,0.0,0.0,0.0,0.0,0.019230769230769232,1.0
student_t_df_3,student_t,"{""df"":3,""standardized_variance"":true}",15,exploratory,caution,200,0,0,0.0,1.734723475976807e-18,0.018845326377266575,0,nan,nan,nan,0,nan,nan,nan,nan,nan,nan,nan,nan,nan,nan,nan,nan,nan,nan,nan,nan,nan,nan,nan
student_t_df_3,student_t,"{""df"":3,""standardized_variance"":true}",15,exploratory,insufficient,200,96,96,0.48,0.411791663783233,0.5489621492718576,5,0.052083333333333336,0.02244960047424143,0.11618478031492638,91,0.9479166666666666,0.8838152196850738,0.9775503995257587,0.07665686762843069,0.2907231017532317,0.27078821977976136,0.2819068541144686,0.960559191192306,0.8958333333333334,0.8958333333333334,1.21875,0.08124999999999999,0.2079523601064733,0.758182360214239,0.9866111695999233,0.11094465331602155,0.8869774296660484,0.71875,0.20833333333333334
student_t_df_3,student_t,"{""df"":3,""standardized_variance"":true}",20,exploratory,all,200,200,200,1.0,0.9811546736227335,1.0,9,0.045,0.023852543001492997,0.0832967040018196,191,0.955,0.9167032959981803,0.976147456998507,0.0039311038659530975,0.2425728504321473,0.21348819810813466,0.24314963068795817,0.8780116075196142,0.505,0.505,0.68,0.034,0.09338794349183545,0.037766275849178195,0.8906414710628056,0.05350922462972484,0.41935652982452176,0.455,0.555
student_t_df_3,student_t,"{""df"":3,""standardized_variance"":true}",20,exploratory,acceptable,200,92,92,0.46,0.39233051799971463,0.5291771081104667,6,0.06521739130434782,0.030230203323134093,0.13505796127305872,86,0.9347826086956522,0.8649420387269413,0.9697697966768659,-0.0030831243306658563,0.189184802627803,0.17246127557768862,0.190196177433849,0.9067546882621831,0.0,0.0,0.0,0.0,0.0,0.0,0.0,0.0,0.0,0.010869565217391304,1.0
student_t_df_3,student_t,"{""df"":3,""standardized_variance"":true}",20,exploratory,caution,200,0,0,0.0,1.734723475976807e-18,0.018845326377266575,0,nan,nan,nan,0,nan,nan,nan,nan,nan,nan,nan,nan,nan,nan,nan,nan,nan,nan,nan,nan,nan,nan,nan
student_t_df_3,student_t,"{""df"":3,""standardized_variance"":true}",20,exploratory,insufficient,200,108,108,0.54,0.4708228918895333,0.6076694820002854,3,0.027777777777777776,0.009491339899289714,0.07850338875023635,105,0.9722222222222222,0.9214966112497636,0.9905086601007103,0.009906187144554428,0.28013812259883963,0.2484370580414776,0.2812681130277364,0.8832748773657777,0.9351851851851852,0.9351851851851852,1.2592592592592593,0.06296296296296296,0.17294063609599156,0.6936157999940272,0.9371454530131148,0.09909115672171265,0.776586166341707,0.8333333333333334,0.17592592592592593
student_t_df_3,student_t,"{""df"":3,""standardized_variance"":true}",30,exploratory,all,200,200,200,1.0,0.9811546736227335,1.0,5,0.025,0.010724719651761264,0.05717834040664198,195,0.975,0.942821659593358,0.9892752803482386,0.006224321129604065,0.17154537507678785,0.1674784753166712,0.17186261176686463,0.9744904583660081,0.6,0.6,0.97,0.03233333333333333,0.07651102890433226,0.412846013175833,0.9879672676034665,0.03646501933221411,0.4418284754769571,0.54,0.585
student_t_df_3,student_t,"{""df"":3,""standardized_variance"":true}",30,exploratory,acceptable,200,80,80,0.4,0.33460578566807336,0.46916327960737997,3,0.0375,0.012834568919911402,0.10454720090045115,77,0.9625,0.8954527990995489,0.9871654310800886,0.006059972443085359,0.13280564213210705,0.14287739227000992,0.13350433669004327,1.0702078734845,0.0,0.0,0.0,0.0,0.0,0.0,0.0,0.0,0.0,0.1125,1.0
student_t_df_3,student_t,"{""df"":3,""standardized_variance"":true}",30,exploratory,caution,200,0,0,0.0,1.734723475976807e-18,0.018845326377266575,0,nan,nan,nan,0,nan,nan,nan,nan,nan,nan,nan,nan,nan,nan,nan,nan,nan,nan,nan,nan,nan,nan,nan
student_t_df_3,student_t,"{""df"":3,""standardized_variance"":true}",30,exploratory,insufficient,200,120,120,0.6,0.53083672039262,0.6653942143319266,2,0.016666666666666666,0.004582564565921141,0.0587359629721589,118,0.9833333333333333,0.941264037027841,0.9954174354340789,0.006333886920616543,0.19310135627603844,0.18387919734777866,0.19380666708651234,0.9487764281385521,1.0,1.0,1.6166666666666667,0.05388888888888889,0.12751838150722042,0.6319173552323482,1.1096765791271084,0.060775032220356844,0.7363807924615952,0.825,0.30833333333333335
student_t_df_3,student_t,"{""df"":3,""standardized_variance"":true}",40,exploratory,all,200,200,200,1.0,0.9811546736227335,1.0,12,0.06,0.03465219425433187,0.1019316929576627,188,0.94,0.8980683070423372,0.9653478057456681,0.021262104734516053,0.15255670766134266,0.14654525622694184,0.15144686433967006,0.9676347996104117,0.705,0.705,1.255,0.031375,0.07051206434441129,0.4408031212757809,1.0469631823434142,0.031781629141692164,0.48024244740378663,0.6,0.565
student_t_df_3,student_t,"{""df"":3,""standardized_variance"":true}",40,exploratory,acceptable,200,58,58,0.29,0.23154025607067882,0.3563747810077731,5,0.08620689655172414,0.037385383126191135,0.18643629062873543,53,0.9137931034482759,0.8135637093712647,0.962614616873809,0.025548025765670772,0.1405070614799134,0.11957774379762928,0.13937157812030432,0.8579779709060252,0.0,0.0,0.0,0.0,0.0,0.0,0.0,0.0,0.0,0.1206896551724138,1.0
student_t_df_3,student_t,"{""df"":3,""standardized_variance"":true}",40,exploratory,caution,200,32,32,0.16,0.1156741203158702,0.21714070162067106,1,0.03125,0.005537860164003122,0.15744263820012558,31,0.96875,0.8425573617998744,0.9944621398359969,-0.0043572849484313815,0.11724315377388135,0.12914217913080756,0.11903687116389382,1.0848922511832524,1.0,1.0,1.0,0.025,0.06321738421229556,0.4895960855472141,0.5552175387336085,0.013847168212194914,0.5193092955161738,0.46875,1.0
student_t_df_3,student_t,"{""df"":3,""standardized_variance"":true}",40,exploratory,insufficient,200,110,110,0.55,0.48075615138475697,0.6173593159775166,6,0.05454545454545454,0.025235827051103485,0.11391786075998823,104,0.9454545454545454,0.8860821392400117,0.9747641729488964,0.026455168825855552,0.16705441661552387,0.16582720339036391,0.16570126864264767,1.000760010763634,0.990909090909091,0.990909090909091,1.990909090909091,0.04977272727272728,0.10981324158262545,0.6422242152646567,1.2116714050724857,0.053756513141347224,0.7220962911294525,0.8909090909090909,0.20909090909090908
student_t_df_3,student_t,"{""df"":3,""standardized_variance"":true}",50,exploratory,all,200,200,200,1.0,0.9811546736227335,1.0,10,0.05,0.02738264560076393,0.08957814813877599,190,0.95,0.9104218518612239,0.972617354399236,0.002178973612922424,0.13356061199523733,0.13308940096294916,0.133877950682445,0.9941099358372592,0.795,0.795,1.665,0.0333,0.05980331351103737,0.4162474760398631,0.9365857970507343,0.02866653443710189,0.46700996010483137,0.705,0.515
student_t_df_3,student_t,"{""df"":3,""standardized_variance"":true}",50,exploratory,acceptable,200,41,41,0.205,0.15486176203836208,0.26625698052422514,2,0.04878048780487805,0.013480945365169042,0.16138978870370846,39,0.9512195121951219,0.8386102112962914,0.9865190546348308,0.017809819446321155,0.10864805281448875,0.1123493437681601,0.10850986109317949,1.0353837212240422,0.0,0.0,0.0,0.0,0.0,0.0,0.0,0.0,0.0,0.04878048780487805,1.0
student_t_df_3,student_t,"{""df"":3,""standardized_variance"":true}",50,exploratory,caution,200,33,33,0.165,0.11996855328217307,0.2226578153905955,2,0.06060606060606061,0.016780883087191875,0.1960624480864781,31,0.9393939393939394,0.8039375519135219,0.9832191169128082,-0.023019490831297694,0.12479863388063912,0.12088335583676244,0.12455903068315556,0.9704904989527171,1.0,1.0,1.0,0.02,0.05426739419739156,0.44531092949839124,0.5011804469143329,0.010797150192571114,0.4529760951668518,0.5454545454545454,1.0
student_t_df_3,student_t,"{""df"":3,""standardized_variance"":true}",50,exploratory,insufficient,200,126,126,0.63,0.5612262992405018,0.6938739159014088,6,0.047619047619047616,0.02200448838795111,0.10000167947689512,120,0.9523809523809523,0.8999983205231048,0.9779955116120489,0.0036923438310963595,0.1428102852189279,0.14303497107525479,0.14333245729643812,0.9979245020507248,1.0,1.0,2.380952380952381,0.047619047619047616,0.08071300550550439,0.5451854562257622,1.0673493612732217,0.042674610564012165,0.6226490546068267,0.9603174603174603,0.23015873015873015
student_t_df_3,student_t,"{""df"":3,""standardized_variance"":true}",80,exploratory,all,200,200,200,1.0,0.9811546736227335,1.0,5,0.025,0.010724719651761264,0.05717834040664198,195,0.975,0.942821659593358,0.9892752803482386,0.0018265232378357242,0.10206489997030059,0.10489226517840149,0.10230463729896841,1.0252933586174706,0.92,0.92,2.41,0.030125000000000002,0.056138782157491324,0.42377373111648564,0.9880743041671929,0.025468017553666438,0.5660538095441408,0.855,0.395
student_t_df_3,student_t,"{""df"":3,""standardized_variance"":true}",80,exploratory,acceptable,200,16,16,0.08,0.049840585889759974,0.12598948826714396,0,0.0,0.0,0.1936076805344365,16,1.0,0.8063923194655637,1.0000000000000002,-0.012635368180104613,0.08386928382641612,0.0830220104489585,0.08563117339230548,0.9695302208298195,0.0,0.0,0.0,0.0,0.0,0.0,0.0,0.0,0.0,0.0625,1.0
student_t_df_3,student_t,"{""df"":3,""standardized_variance"":true}",80,exploratory,caution,200,119,119,0.595,0.525797100813387,0.6606222871749323,3,0.025210084033613446,0.008610231289265309,0.07150489364635793,116,0.9747899159663865,0.9284951063536421,0.9913897687107348,-0.005501093606058929,0.09369158492663274,0.09613917184147629,0.09392542459940277,1.0235692013266404,1.0,1.0,2.5546218487394956,0.031932773109243695,0.049574836554398385,0.4121249918307901,0.8794195290505287,0.01670296256049692,0.5507070890257091,0.8823529411764706,0.5294117647058824
student_t_df_3,student_t,"{""df"":3,""standardized_variance"":true}",80,exploratory,insufficient,200,65,65,0.325,0.2639157153923429,0.3926801488397004,2,0.03076923076923077,0.008478997236440126,0.10542705523577942,63,0.9692307692307692,0.8945729447642206,0.9915210027635599,0.018801548885689703,0.11937712676381326,0.12630060645171196,0.11880465913122674,1.0630947252010168,1.0,1.0,2.7384615384615385,0.03423076923076923,0.0819746289465362,0.6129261191806858,1.0530222538007674,0.047783861015910076,0.733486435611827,1.0,0.0
student_t_df_3,student_t,"{""df"":3,""standardized_variance"":true}",100,exploratory,all,200,200,200,1.0,0.9811546736227335,1.0,9,0.045,0.023852543001492997,0.0832967040018196,191,0.955,0.9167032959981803,0.976147456998507,-0.004787534784495781,0.0967611117418145,0.09477647968153921,0.09688511694593392,0.9782356946983775,0.925,0.925,2.97,0.029699999999999997,0.04403316460012279,0.3577718253026778,0.931679866242047,0.021590182707874564,0.4781865360534227,0.895,0.37
student_t_df_3,student_t,"{""df"":3,""standardized_variance"":true}",100,exploratory,acceptable,200,15,15,0.075,0.04597491718438201,0.12004361023629456,1,0.06666666666666667,0.011866895493268553,0.2981652987378003,14,0.9333333333333333,0.7018347012621998,0.9881331045067315,0.013485820345780797,0.08207877774443233,0.07320617963316473,0.08380499306822727,0.8735300481865819,0.0,0.0,0.0,0.0,0.0,0.0,0.0,0.0,0.0,0.06666666666666667,1.0
student_t_df_3,student_t,"{""df"":3,""standardized_variance"":true}",100,exploratory,caution,200,123,123,0.615,0.5459986722024608,0.6796669027307678,6,0.04878048780487805,0.022545774253251702,0.1023460313754423,117,0.9512195121951219,0.8976539686245577,0.9774542257467482,-0.0029397858649941,0.0924512812783133,0.08956213525856535,0.0927824636967349,0.9652916261342727,1.0,1.0,2.983739837398374,0.029837398373983748,0.0368116623193612,0.3455956729042145,0.8448755962779935,0.015512311068625212,0.4244333421054424,0.943089430894309,0.4796747967479675
student_t_df_3,student_t,"{""df"":3,""standardized_variance"":true}",100,exploratory,insufficient,200,62,62,0.31,0.2499894483607809,0.37717177566258037,2,0.03225806451612903,0.008891371499816635,0.11020469594985441,60,0.967741935483871,0.8897953040501456,0.9911086285001833,-0.012874203236961188,0.1077765172319227,0.11033968717752958,0.1078783481956468,1.0228158756882235,1.0,1.0,3.661290322580645,0.03661290322580644,0.06901287830230858,0.5968474133572534,1.211527867789396,0.038871327098935676,0.700516227930889,1.0,0.0
student_t_df_3,student_t,"{""df"":3,""standardized_variance"":true}",200,exploratory,all,200,200,200,1.0,0.9811546736227335,1.0,6,0.03,0.013820314340111346,0.06389429245451925,194,0.97,0.9361057075454807,0.9861796856598887,-0.0028368696188669517,0.06689731826398397,0.06856935626810706,0.06700486265769968,1.0233489563048541,1.0,1.0,6.015,0.030075000000000005,0.03678617623796583,0.4356747974185224,1.044330153746326,0.01705309379260739,0.580626032383233,0.99,0.195
student_t_df_3,student_t,"{""df"":3,""standardized_variance"":true}",200,exploratory,acceptable,200,0,0,0.0,1.734723475976807e-18,0.018845326377266575,0,nan,nan,nan,0,nan,nan,nan,nan,nan,nan,nan,nan,nan,nan,nan,nan,nan,nan,nan,nan,nan,nan,nan
student_t_df_3,student_t,"{""df"":3,""standardized_variance"":true}",200,exploratory,caution,200,163,163,0.815,0.7554293723884824,0.8626980719938395,4,0.024539877300613498,0.009583521690912599,0.06139079670928933,159,0.9754601226993865,0.9386092032907107,0.9904164783090874,-0.001669627719036262,0.05830850275992288,0.06471673204165491,0.058464207447200885,1.1069461960995657,1.0,1.0,5.901840490797546,0.029509202453987735,0.029435871471886393,0.38171531323453606,0.9015134283854861,0.012972634930417627,0.4996783469148481,0.9877300613496932,0.2392638036809816
student_t_df_3,student_t,"{""df"":3,""standardized_variance"":true}",200,exploratory,insufficient,200,37,37,0.185,0.13730192800616042,0.2445706276115175,2,0.05405405405405406,0.014950976833157673,0.17704654350813104,35,0.9459459459459459,0.822953456491869,0.9850490231668423,-0.00797904339379675,0.09598276233805496,0.08554172786031518,0.0969699186897164,0.882147051541117,1.0,1.0,6.513513513513513,0.03256756756756756,0.06916724858582932,0.7411766369807261,1.358049525302986,0.035029169320632575,0.9372334035007125,1.0,0.0
student_t_df_3,student_t,"{""df"":3,""standardized_variance"":true}",500,exploratory,all,200,200,200,1.0,0.9811546736227335,1.0,9,0.045,0.023852543001492997,0.0832967040018196,191,0.955,0.9167032959981803,0.976147456998507,0.001561496929412169,0.04815599905591928,0.04522446090056226,0.04825145580549756,0.937266247113099,1.0,1.0,13.955,0.027910000000000004,0.023666375190857566,0.40225830547944547,1.0498136143249643,0.012311078406158717,0.5466979047249229,1.0,0.05
student_t_df_3,student_t,"{""df"":3,""standardized_variance"":true}",500,exploratory,acceptable,200,0,0,0.0,1.734723475976807e-18,0.018845326377266575,0,nan,nan,nan,0,nan,nan,nan,nan,nan,nan,nan,nan,nan,nan,nan,nan,nan,nan,nan,nan,nan,nan,nan
student_t_df_3,student_t,"{""df"":3,""standardized_variance"":true}",500,exploratory,caution,200,164,164,0.82,0.7608852497127511,0.8670537414057983,8,0.04878048780487805,0.024922210615967555,0.09329327058936952,156,0.9512195121951219,0.9067067294106304,0.9750777893840323,-0.0006918179078751964,0.042965343297096,0.04193177120092374,0.043091350139776954,0.9730902156676028,1.0,1.0,13.96951219512195,0.027939024390243906,0.01928140218336686,0.3566188067214086,0.9678754374267498,0.008988236709553909,0.4755587698049228,1.0,0.06097560975609756
student_t_df_3,student_t,"{""df"":3,""standardized_variance"":true}",500,exploratory,insufficient,200,36,36,0.18,0.13294625859420173,0.23911475028724882,1,0.027777777777777776,0.004920407139810443,0.14169718653273855,35,0.9722222222222222,0.8583028134672614,0.9950795928601897,0.011826597854832387,0.06688560926732806,0.060224491754471074,0.0667655572386805,0.9020293433510075,1.0,1.0,13.88888888888889,0.027777777777777776,0.04364236333609299,0.7813842357098835,1.1818005608714608,0.027448468357358393,0.8707761860271456,1.0,0.0
student_t_df_3,student_t,"{""df"":3,""standardized_variance"":true}",750,exploratory,all,200,200,200,1.0,0.9811546736227335,1.0,11,0.055,0.03098534170345884,0.0957869987723084,189,0.945,0.9042130012276914,0.9690146582965411,0.002348276608514014,0.037141434211918394,0.03626301832772366,0.03716014145361169,0.9758579195128215,1.0,1.0,22.08,0.02944,0.020377603256598497,0.47956683400743205,1.0772991910566174,0.009646674552919511,0.5912735959764778,1.0,0.02
student_t_df_3,student_t,"{""df"":3,""standardized_variance"":true}",750,exploratory,acceptable,200,0,0,0.0,1.734723475976807e-18,0.018845326377266575,0,nan,nan,nan,0,nan,nan,nan,nan,nan,nan,nan,nan,nan,nan,nan,nan,nan,nan,nan,nan,nan,nan,nan
student_t_df_3,student_t,"{""df"":3,""standardized_variance"":true}",750,exploratory,caution,200,152,152,0.76,0.6962665902079583,0.8139338400758631,6,0.039473684210526314,0.018214604707815794,0.08343651522247675,146,0.9605263157894737,0.9165634847775233,0.9817853952921842,0.003673135736182297,0.03407885017420638,0.03446025846659512,0.033992321655877955,1.0137659561901753,1.0,1.0,22.157894736842106,0.029543859649122803,0.01810634361426432,0.47956683400743205,0.9176236867848819,0.00788731501509865,0.5732858893014411,1.0,0.02631578947368421
student_t_df_3,student_t,"{""df"":3,""standardized_variance"":true}",750,exploratory,insufficient,200,48,48,0.24,0.1860661599241369,0.30373340979204166,5,0.10416666666666667,0.045321719041813105,0.2216742169438633,43,0.8958333333333334,0.7783257830561368,0.9546782809581869,-0.0018471106291022149,0.045499378802046,0.04197175788796407,0.045942961718136346,0.9135623024363139,1.0,1.0,21.833333333333332,0.029111111111111115,0.027569925457323397,0.4849146562355212,1.3686000599665522,0.015217979756018912,0.648234667114094,1.0,0.0
student_t_df_3,student_t,"{""df"":3,""standardized_variance"":true}",2000,exploratory,all,200,200,200,1.0,0.9811546736227335,1.0,11,0.055,0.03098534170345884,0.0957869987723084,189,0.945,0.9042130012276914,0.9690146582965411,-0.0007343706012646659,0.02130636637039347,0.022062017900598516,0.02134714149433897,1.0334881560816527,1.0,1.0,56.67,0.028335,0.011248075298046285,0.4383139987646195,1.0339505076437967,0.005683764415461173,0.5631269372909438,1.0,0.0
student_t_df_3,student_t,"{""df"":3,""standardized_variance"":true}",2000,exploratory,acceptable,200,0,0,0.0,1.734723475976807e-18,0.018845326377266575,0,nan,nan,nan,0,nan,nan,nan,nan,nan,nan,nan,nan,nan,nan,nan,nan,nan,nan,nan,nan,nan,nan,nan
student_t_df_3,student_t,"{""df"":3,""standardized_variance"":true}",2000,exploratory,caution,200,133,133,0.665,0.5970219120796653,0.7267591302158368,8,0.06015037593984962,0.030791181931100718,0.11420477902757886,125,0.9398496240601504,0.885795220972421,0.9692088180688992,-0.0006448587444635264,0.020950775549749615,0.021070092211101506,0.02102002065017237,1.0023820890456034,1.0,1.0,56.00751879699248,0.02800375939849624,0.010676872124235647,0.4397620484837214,1.0096966776693672,0.004669100103933119,0.5487197732108228,1.0,0.0
student_t_df_3,student_t,"{""df"":3,""standardized_variance"":true}",2000,exploratory,insufficient,200,67,67,0.335,0.2732408697841632,0.40297808792033485,3,0.04477611940298507,0.015343975122038639,0.12357833089093759,64,0.9552238805970149,0.8764216691090624,0.9846560248779613,-0.0009120583170042413,0.021995214912380365,0.024031064418555254,0.02214215817160759,1.085308136285006,1.0,1.0,57.985074626865675,0.028992537313432837,0.012381956225162931,0.42254995238387155,1.1356498194265134,0.00769794879506164,0.5917262331514825,1.0,0.0
student_t_df_30,student_t,"{""df"":30,""standardized_variance"":true}",5,exploratory,all,200,200,200,1.0,0.9811546736227335,1.0,7,0.035,0.017055542008567192,0.07047061152229073,193,0.965,0.9295293884777092,0.9829444579914328,0.04555612732955385,0.4403489628794841,0.4222390601208491,0.439085216682727,0.9616335145848225,0.205,0.205,0.29,0.05800000000000001,0.0744173885429832,0.0,0.932199432144838,0.05774431107374772,1.7969502769674437,0.045,0.7
student_t_df_30,student_t,"{""df"":30,""standardized_variance"":true}",5,exploratory,acceptable,200,129,129,0.645,0.5765211307549043,0.7080137245956883,4,0.031007751937984496,0.012123038313399205,0.07701674474692846,125,0.9689922480620154,0.9229832552530715,0.9878769616866008,0.03752240799908494,0.44797122286979696,0.41677026346444324,0.4481373500638337,0.9300056409158431,0.0,0.0,0.0,0.0,0.0,0.0,0.0,0.0,0.0,0.0,1.0
student_t_df_30,student_t,"{""df"":30,""standardized_variance"":true}",5,exploratory,caution,200,0,0,0.0,1.734723475976807e-18,0.018845326377266575,0,nan,nan,nan,0,nan,nan,nan,nan,nan,nan,nan,nan,nan,nan,nan,nan,nan,nan,nan,nan,nan,nan,nan
student_t_df_30,student_t,"{""df"":30,""standardized_variance"":true}",5,exploratory,insufficient,200,71,71,0.355,0.2919862754043116,0.42347886924509565,3,0.04225352112676056,0.014473260620475319,0.11702416040484681,68,0.9577464788732394,0.882975839595153,0.9855267393795246,0.0601526032961805,0.4261513301732234,0.4321753244684034,0.42488738099948486,1.0171526474892587,0.5774647887323944,0.5774647887323944,0.8169014084507042,0.16338028169014085,0.2096264465999527,0.2708183903901422,1.3389213279725094,0.16266003119365557,5.061831766105477,0.1267605633802817,0.15492957746478872
student_t_df_30,student_t,"{""df"":30,""standardized_variance"":true}",8,exploratory,all,200,200,200,1.0,0.9811546736227335,1.0,12,0.06,0.03465219425433187,0.1019316929576627,188,0.94,0.8980683070423372,0.9653478057456681,0.010773660667010474,0.36641180101696136,0.3517100858018402,0.3671724584326591,0.957887983491946,0.155,0.155,0.215,0.026875,0.04502239414358223,0.0,0.7599500095928167,0.02686539215292346,0.2814169447794123,0.105,0.79
student_t_df_30,student_t,"{""df"":30,""standardized_variance"":true}",8,exploratory,acceptable,200,149,149,0.745,0.6803707417954529,0.8003950482796865,8,0.053691275167785234,0.027454242692336622,0.10236301352720209,141,0.9463087248322147,0.8976369864727979,0.9725457573076633,0.02114970613402653,0.35575242199712315,0.3502645177621121,0.35632090453617055,0.9830029989906369,0.0,0.0,0.0,0.0,0.0,0.0,0.0,0.0,0.0,0.0,1.0
student_t_df_30,student_t,"{""df"":30,""standardized_variance"":true}",8,exploratory,caution,200,0,0,0.0,1.734723475976807e-18,0.018845326377266575,0,nan,nan,nan,0,nan,nan,nan,nan,nan,nan,nan,nan,nan,nan,nan,nan,nan,nan,nan,nan,nan,nan,nan
student_t_df_30,student_t,"{""df"":30,""standardized_variance"":true}",8,exploratory,insufficient,200,51,51,0.255,0.1996049517203135,0.3196292582045472,4,0.0784313725490196,0.03092219678848919,0.18499946312595889,47,0.9215686274509803,0.8150005368740411,0.9690778032115107,-0.019540668246428593,0.3959132779653476,0.35593341203555595,0.3993654913394804,0.8912472903999483,0.6078431372549019,0.6078431372549019,0.8431372549019608,0.1053921568627451,0.17655840840620482,0.6808768802192833,0.922683455305754,0.1053544790310724,1.103595861880048,0.4117647058823529,0.17647058823529413
student_t_df_30,student_t,"{""df"":30,""standardized_variance"":true}",10,exploratory,all,200,200,200,1.0,0.9811546736227335,1.0,7,0.035,0.017055542008567192,0.07047061152229073,193,0.965,0.9295293884777092,0.9829444579914328,0.03073840049497604,0.316447717686319,0.3128336045468623,0.31574162320958865,0.990789878657221,0.16,0.16,0.26,0.026000000000000002,0.038772856892904925,0.0,0.7648265042197642,0.019372918720569204,0.32100703870356123,0.085,0.79
student_t_df_30,student_t,"{""df"":30,""standardized_variance"":true}",10,exploratory,acceptable,200,146,146,0.73,0.6645656480133157,0.7867655018531416,5,0.03424657534246575,0.014715123499648312,0.07765890255182872,141,0.9657534246575342,0.9223410974481712,0.9852848765003517,0.016901958403375127,0.3148095638508012,0.3144026012253912,0.315437629803564,0.9967187536286735,0.0,0.0,0.0,0.0,0.0,0.0,0.0,0.0,0.0,0.0,1.0
student_t_df_30,student_t,"{""df"":30,""standardized_variance"":true}",10,exploratory,caution,200,0,0,0.0,1.734723475976807e-18,0.018845326377266575,0,nan,nan,nan,0,nan,nan,nan,nan,nan,nan,nan,nan,nan,nan,nan,nan,nan,nan,nan,nan,nan,nan,nan
student_t_df_30,student_t,"{""df"":30,""standardized_variance"":true}",10,exploratory,insufficient,200,54,54,0.27,0.21323449814685846,0.33543435198668425,2,0.037037037037037035,0.01021636794844559,0.12535176917275476,52,0.9629629629629629,0.8746482308272452,0.9897836320515545,0.06814804022411926,0.3208349243237326,0.30859150241602473,0.31645764082360645,0.9751431553774166,0.5925925925925926,0.5925925925925926,0.9629629629629629,0.0962962962962963,0.14360317367742567,0.6983306683801871,1.1372473737342192,0.07175155081692298,1.188914958161338,0.3148148148148148,0.2222222222222222
student_t_df_30,student_t,"{""df"":30,""standardized_variance"":true}",15,exploratory,all,200,200,200,1.0,0.9811546736227335,1.0,10,0.05,0.02738264560076393,0.08957814813877599,190,0.95,0.9104218518612239,0.972617354399236,0.020614931824795405,0.2505077199687563,0.2503320781194839,0.25028454630760943,1.000189911093496,0.135,0.135,0.16,0.010666666666666668,0.02458883296812109,0.0,0.6175844588479341,0.008549003381170062,0.11950474105351264,0.1,0.875
student_t_df_30,student_t,"{""df"":30,""standardized_variance"":true}",15,exploratory,acceptable,200,161,161,0.805,0.7445595562538726,0.8539447946559949,8,0.049689440993788817,0.025390547575837065,0.09497637323791658,153,0.9503105590062112,0.9050236267620834,0.974609452424163,0.020718482463271227,0.2411074385457495,0.24840896647601482,0.24096511892865782,1.0308918053386842,0.0,0.0,0.0,0.0,0.0,0.0,0.0,0.0,0.0,0.012422360248447204,1.0
student_t_df_30,student_t,"{""df"":30,""standardized_variance"":true}",15,exploratory,caution,200,0,0,0.0,1.734723475976807e-18,0.018845326377266575,0,nan,nan,nan,0,nan,nan,nan,nan,nan,nan,nan,nan,nan,nan,nan,nan,nan,nan,nan,nan,nan,nan,nan
student_t_df_30,student_t,"{""df"":30,""standardized_variance"":true}",15,exploratory,insufficient,200,39,39,0.195,0.1460552053440051,0.25544044374612745,2,0.05128205128205128,0.014177955415274113,0.16885640047613612,37,0.9487179487179487,0.8311435995238639,0.9858220445847259,0.020187453548010627,0.28606271718342,0.2582710774681637,0.28907973086943556,0.8934250654357128,0.6923076923076923,0.6923076923076923,0.8205128205128205,0.054700854700854715,0.12609657932369794,0.6360751486092191,0.7858001709909175,0.043841042980359304,0.6128448259154494,0.46153846153846156,0.358974358974359
student_t_df_30,student_t,"{""df"":30,""standardized_variance"":true}",20,exploratory,all,200,200,200,1.0,0.9811546736227335,1.0,6,0.03,0.013820314340111346,0.06389429245451925,194,0.97,0.9361057075454807,0.9861796856598887,0.0032052206435843945,0.20443192116970102,0.21566000040125866,0.20491973414233589,1.052412064186374,0.14,0.14,0.165,0.00825,0.021135403812184535,0.0,0.602551919035927,0.006132932104484072,0.11150340502375578,0.11,0.91
student_t_df_30,student_t,"{""df"":30,""standardized_variance"":true}",20,exploratory,acceptable,200,165,165,0.825,0.7663556885175099,0.8713948493372666,6,0.03636363636363636,0.016770425100627574,0.07705403561738483,159,0.9636363636363636,0.9229459643826151,0.9832295748993723,0.0062055259149288045,0.21470706266526735,0.21347359303264224,0.21527069380239416,0.9916519023653003,0.0,0.0,0.0,0.0,0.0,0.0,0.0,0.0,0.0,0.01818181818181818,1.0
student_t_df_30,student_t,"{""df"":30,""standardized_variance"":true}",20,exploratory,caution,200,0,0,0.0,1.734723475976807e-18,0.018845326377266575,0,nan,nan,nan,0,nan,nan,nan,nan,nan,nan,nan,nan,nan,nan,nan,nan,nan,nan,nan,nan,nan,nan,nan
student_t_df_30,student_t,"{""df"":30,""standardized_variance"":true}",20,exploratory,insufficient,200,35,35,0.175,0.12860515066273331,0.23364431148248993,0,0.0,6.938893903907228e-18,0.09890099232440402,35,1.0,0.9010990076755959,0.9999999999999999,-0.010939075635610649,0.14659242072589357,0.2259673494247362,0.14831788251907696,1.523534084945366,0.8,0.8,0.9428571428571428,0.04714285714285715,0.12077373606962595,0.609212117000936,0.699640993319486,0.035045326311337555,0.6371623144214614,0.5428571428571428,0.4857142857142857
student_t_df_30,student_t,"{""df"":30,""standardized_variance"":true}",30,exploratory,all,200,200,200,1.0,0.9811546736227335,1.0,9,0.045,0.023852543001492997,0.0832967040018196,191,0.955,0.9167032959981803,0.976147456998507,0.008591916955981639,0.17369825712108958,0.18061276608193963,0.1739209763657788,1.0384760358180551,0.15,0.15,0.19,0.006333333333333333,0.01550883616792304,0.0,0.5243020430454077,0.005446306982554996,0.10069230439471123,0.115,0.945
student_t_df_30,student_t,"{""df"":30,""standardized_variance"":true}",30,exploratory,acceptable,200,169,169,0.845,0.7883930940765792,0.8886036307231068,8,0.047337278106508875,0.024178901084667415,0.09061681376334063,161,0.9526627218934911,0.9093831862366594,0.9758210989153325,0.014333294064834039,0.1700935916926935,0.17831385314875706,0.16999228515640513,1.0489526214951195,0.0,0.0,0.0,0.0,0.0,0.0,0.0,0.0,0.0,0.029585798816568046,1.0
student_t_df_30,student_t,"{""df"":30,""standardized_variance"":true}",30,exploratory,caution,200,0,0,0.0,1.734723475976807e-18,0.018845326377266575,0,nan,nan,nan,0,nan,nan,nan,nan,nan,nan,nan,nan,nan,nan,nan,nan,nan,nan,nan,nan,nan,nan,nan
student_t_df_30,student_t,"{""df"":30,""standardized_variance"":true}",30,exploratory,insufficient,200,31,31,0.155,0.11139636927689314,0.21160690592342077,1,0.03225806451612903,0.005717221525416816,0.16194105164724906,30,0.967741935483871,0.838058948352751,0.9942827784745831,-0.022707848572923413,0.19216404671775283,0.19314554949187043,0.1939718715336572,0.9957399903643072,0.967741935483871,0.967741935483871,1.2258064516129032,0.04086021505376345,0.10005700753498735,0.5499547883626135,0.6834005698256673,0.03513746440358063,0.6496277702884595,0.5806451612903226,0.6451612903225806
student_t_df_30,student_t,"{""df"":30,""standardized_variance"":true}",40,exploratory,all,200,200,200,1.0,0.9811546736227335,1.0,10,0.05,0.02738264560076393,0.08957814813877599,190,0.95,0.9104218518612239,0.972617354399236,0.006475186772988132,0.1549781162031453,0.15711738225774088,0.15523135095633606,1.0121498092349615,0.08,0.08,0.095,0.002375,0.006879527202112487,0.0,0.0,0.0014797894007075557,0.05551519722377519,0.1,0.98
student_t_df_30,student_t,"{""df"":30,""standardized_variance"":true}",40,exploratory,acceptable,200,184,184,0.92,0.874010511732856,0.9501594141102401,10,0.05434782608695652,0.029785256960549615,0.09713804831175568,174,0.9456521739130435,0.9028619516882443,0.9702147430394503,0.0061594867435826005,0.15488326925023238,0.1575358681462802,0.1551830112644192,1.0151618199871888,0.0,0.0,0.0,0.0,0.0,0.0,0.0,0.0,0.0,0.059782608695652176,1.0
student_t_df_30,student_t,"{""df"":30,""standardized_variance"":true}",40,exploratory,caution,200,11,11,0.055,0.03098534170345884,0.0957869987723084,0,0.0,0.0,0.2588329669680317,11,1.0,0.7411670330319684,1.0,-0.003428809005551167,0.15453416388539526,0.1504196885319715,0.16203689760118778,0.9283051623352536,1.0,1.0,1.0,0.025,0.07281575527248868,0.4874316749936075,0.5192117595627367,0.015507340056897053,0.5561478879071359,0.36363636363636365,1.0
student_t_df_30,student_t,"{""df"":30,""standardized_variance"":true}",40,exploratory,insufficient,200,5,5,0.025,0.010724719651761264,0.05717834040664198,0,0.0,0.0,0.43448246478317476,5,1.0,0.5655175352168251,1.0,0.0398817385678981,0.15938019278443913,0.1564520277561864,0.172523522964286,0.9068446149721476,1.0,1.0,1.6,0.04,0.11498642648502448,0.5909462176324289,1.0949427995965777,0.02507542790312871,0.9970825355553086,1.0,0.2
student_t_df_30,student_t,"{""df"":30,""standardized_variance"":true}",50,exploratory,all,200,200,200,1.0,0.9811546736227335,1.0,13,0.065,0.03837635464915299,0.10801907929906895,187,0.935,0.8919809207009312,0.961623645350847,0.006106491542009071,0.14911917057958982,0.14194963715960834,0.14936797432570006,0.95033515584863,0.12,0.12,0.14,0.0028000000000000004,0.008896869172557522,0.0,0.4022535247212116,0.0017806742893355476,0.06848037085859453,0.095,0.98
student_t_df_30,student_t,"{""df"":30,""standardized_variance"":true}",50,exploratory,acceptable,200,175,175,0.875,0.8219857499741765,0.9138802552428735,13,0.07428571428571429,0.043924003825929425,0.1229358452128389,162,0.9257142857142857,0.877064154787161,0.9560759961740705,0.009893884072765443,0.1516148919966106,0.14162639545114322,0.1517258500788161,0.9334361638282035,0.0,0.0,0.0,0.0,0.0,0.0,0.0,0.0,0.0,0.045714285714285714,1.0
student_t_df_30,student_t,"{""df"":30,""standardized_variance"":true}",50,exploratory,caution,200,19,19,0.095,0.06166310271738653,0.1436016116481994,0,0.0,0.0,0.16817922405261626,19,1.0,0.8318207759473837,1.0,-0.012075303404753258,0.13826105139049244,0.14182864863599526,0.1415069299846916,1.002273518698614,1.0,1.0,1.0,0.020000000000000004,0.06296079980607068,0.44468076596568085,0.4896052615086456,0.01234229839751734,0.4928247567810214,0.2631578947368421,1.0
student_t_df_30,student_t,"{""df"":30,""standardized_variance"":true}",50,exploratory,insufficient,200,6,6,0.03,0.013820314340111346,0.06389429245451925,0,0.0,2.7755575615628914e-17,0.3903342879021653,6,1.0,0.6096657120978346,1.0,-0.04678343994030446,0.10112776606706922,0.1517606506479495,0.0982128391834864,1.5452221105676647,0.8333333333333334,0.8333333333333334,1.5,0.03,0.09718643969936021,0.6891429814377332,1.0275398615212286,0.020271864719046673,0.72206729881325,1.0,0.3333333333333333
student_t_df_30,student_t,"{""df"":30,""standardized_variance"":true}",80,exploratory,all,200,200,200,1.0,0.9811546736227335,1.0,11,0.055,0.03098534170345884,0.0957869987723084,189,0.945,0.9042130012276914,0.9690146582965411,0.013043847708240708,0.11929087455841075,0.11258372561860432,0.11887314631339976,0.9470913247453392,0.15,0.15,0.195,0.0024375000000000004,0.006496489588854079,0.0,0.3444825551091452,0.001398789523305447,0.0577489529639775,0.09,0.99
student_t_df_30,student_t,"{""df"":30,""standardized_variance"":true}",80,exploratory,acceptable,200,170,170,0.85,0.7939442071583334,0.89286406437758,8,0.047058823529411764,0.02403552873041038,0.09009983895054807,162,0.9529411764705882,0.9099001610494518,0.9759644712695895,0.014529633812176184,0.12042845899500966,0.11219070423574282,0.11990192222559747,0.9356872863527086,0.0,0.0,0.0,0.0,0.0,0.0,0.0,0.0,0.0,0.03529411764705882,1.0
student_t_df_30,student_t,"{""df"":30,""standardized_variance"":true}",80,exploratory,caution,200,30,30,0.15,0.10713593562241995,0.20605579284166659,3,0.1,0.03459988874733419,0.25621082579184085,27,0.9,0.7437891742081593,0.9654001112526658,0.0046243931192729995,0.11262773718123123,0.11481084678815279,0.11445653671775897,1.0030955861548345,1.0,1.0,1.3,0.016250000000000004,0.043309930592360525,0.38523662798038855,0.6833487457087096,0.00932526348870298,0.38499301975984984,0.4,0.9333333333333333
student_t_df_30,student_t,"{""df"":30,""standardized_variance"":true}",80,exploratory,insufficient,200,0,0,0.0,1.734723475976807e-18,0.018845326377266575,0,nan,nan,nan,0,nan,nan,nan,nan,nan,nan,nan,nan,nan,nan,nan,nan,nan,nan,nan,nan,nan,nan,nan
student_t_df_30,student_t,"{""df"":30,""standardized_variance"":true}",100,exploratory,all,200,200,200,1.0,0.9811546736227335,1.0,12,0.06,0.03465219425433187,0.1019316929576627,188,0.94,0.8980683070423372,0.9653478057456681,-0.008368826089179368,0.09770874086043385,0.09958680778934484,0.09759397373283513,1.0204196425279815,0.185,0.185,0.21,0.0021000000000000003,0.006341329214845655,0.0,0.32964556345150825,0.0010694906748156094,0.06469878285267362,0.085,1.0
student_t_df_30,student_t,"{""df"":30,""standardized_variance"":true}",100,exploratory,acceptable,200,163,163,0.815,0.7554293723884824,0.8626980719938395,7,0.04294478527607362,0.02095572063528206,0.08598088221394433,156,0.9570552147239264,0.9140191177860557,0.979044279364718,-0.015038609156070939,0.09250082456678341,0.09892599449851071,0.09155142834448472,1.0805510769998843,0.0,0.0,0.0,0.0,0.0,0.0,0.0,0.0,0.0,0.018404907975460124,1.0
student_t_df_30,student_t,"{""df"":30,""standardized_variance"":true}",100,exploratory,caution,200,37,37,0.185,0.13730192800616042,0.2445706276115175,5,0.13513513513513514,0.059132944257320186,0.2797741178400979,32,0.8648648648648649,0.7202258821599021,0.9408670557426799,0.0210142722865862,0.11794478703511903,0.10249795823274925,0.11765849906897663,0.8711479327359123,1.0,1.0,1.135135135135135,0.011351351351351352,0.03427745521538191,0.33305059267800746,0.42005758896995715,0.00578103067467897,0.3497231505549925,0.3783783783783784,1.0
student_t_df_30,student_t,"{""df"":30,""standardized_variance"":true}",100,exploratory,insufficient,200,0,0,0.0,1.734723475976807e-18,0.018845326377266575,0,nan,nan,nan,0,nan,nan,nan,nan,nan,nan,nan,nan,nan,nan,nan,nan,nan,nan,nan,nan,nan,nan,nan
student_t_df_30,student_t,"{""df"":30,""standardized_variance"":true}",200,exploratory,all,200,200,200,1.0,0.9811546736227335,1.0,14,0.07,0.042152171828342806,0.11405480885610647,186,0.93,0.8859451911438936,0.9578478281716571,-0.00146276169477348,0.07510813296251452,0.07062559304007789,0.07528232934024778,0.9381430364737626,0.22,0.22,0.27,0.00135,0.004016251669434343,0.0,0.2537541382759408,0.0005506243712179988,0.05886624710515931,0.135,0.995
student_t_df_30,student_t,"{""df"":30,""standardized_variance"":true}",200,exploratory,acceptable,200,156,156,0.78,0.7176120008170632,0.8318346164116674,12,0.07692307692307693,0.04454835847715382,0.12963335273912036,144,0.9230769230769231,0.8703666472608796,0.9554516415228461,-0.0014541889863155081,0.07509267053310369,0.07048448717597086,0.07532038846373848,0.93579558753742,0.0,0.0,0.0,0.0,0.0,0.0,0.0,0.0,0.0,0.04487179487179487,1.0
student_t_df_30,student_t,"{""df"":30,""standardized_variance"":true}",200,exploratory,caution,200,44,44,0.22,0.16816538358833258,0.28238799918293667,2,0.045454545454545456,0.012555109949594967,0.15134998437629657,42,0.9545454545454546,0.8486500156237035,0.987444890050405,-0.0014931558429426546,0.075162928671835,0.0711258774673664,0.07601688897638499,0.935658883507611,1.0,1.0,1.2272727272727273,0.006136363636363637,0.01825568940651974,0.2533658187329378,0.2988204289989572,0.0025028380509909036,0.26757385047799687,0.45454545454545453,0.9772727272727273
student_t_df_30,student_t,"{""df"":30,""standardized_variance"":true}",200,exploratory,insufficient,200,0,0,0.0,1.734723475976807e-18,0.018845326377266575,0,nan,nan,nan,0,nan,nan,nan,nan,nan,nan,nan,nan,nan,nan,nan,nan,nan,nan,nan,nan,nan,nan,nan
student_t_df_30,student_t,"{""df"":30,""standardized_variance"":true}",500,exploratory,all,200,200,200,1.0,0.9811546736227335,1.0,7,0.035,0.017055542008567192,0.07047061152229073,193,0.965,0.9295293884777092,0.9829444579914328,-0.0008895983096408868,0.04556498013260685,0.04464111957430838,0.045670614782432783,0.9774582581594587,0.455,0.455,0.66,0.00132,0.003548025983676828,0.0,0.19580663299254167,0.0003567230409108043,0.08125606892946113,0.15,1.0
student_t_df_30,student_t,"{""df"":30,""standardized_variance"":true}",500,exploratory,acceptable,200,109,109,0.545,0.47578611372488105,0.6125178069011651,3,0.027522935779816515,0.00940385586167223,0.07781106428866252,106,0.9724770642201835,0.9221889357113375,0.9905961441383277,-0.0028488792788361117,0.044574057772678595,0.044622216070918076,0.04468838878279701,0.9985192414924476,0.0,0.0,0.0,0.0,0.0,0.0,0.0,0.0,0.0,0.03669724770642202,1.0
student_t_df_30,student_t,"{""df"":30,""standardized_variance"":true}",500,exploratory,caution,200,91,91,0.455,0.387482193098835,0.524213886275119,4,0.04395604395604396,0.01722436644411733,0.10763093384266353,87,0.9560439560439561,0.8923690661573366,0.9827756335558827,0.0014572327413731735,0.04672425548744083,0.04466376223221544,0.04696026211915458,0.9510969533962115,1.0,1.0,1.4505494505494505,0.002901098901098901,0.007797859304784236,0.16462937714506826,0.3277296649377773,0.0007840066833204491,0.1785847668779366,0.2857142857142857,1.0
student_t_df_30,student_t,"{""df"":30,""standardized_variance"":true}",500,exploratory,insufficient,200,0,0,0.0,1.734723475976807e-18,0.018845326377266575,0,nan,nan,nan,0,nan,nan,nan,nan,nan,nan,nan,nan,nan,nan,nan,nan,nan,nan,nan,nan,nan,nan,nan
student_t_df_30,student_t,"{""df"":30,""standardized_variance"":true}",750,exploratory,all,200,200,200,1.0,0.9811546736227335,1.0,8,0.04,0.020405632066152306,0.07693206820093293,192,0.96,0.923067931799067,0.9795943679338476,0.001830172767216439,0.033221158466713,0.036533644227272274,0.033253946567651446,1.0986258173281374,0.68,0.68,1.22,0.0016266666666666665,0.0035879927764413348,0.12055602136791499,0.27154068201111453,0.00035937120683116747,0.09918313075072334,0.28,1.0
student_t_df_30,student_t,"{""df"":30,""standardized_variance"":true}",750,exploratory,acceptable,200,64,64,0.32,0.25926533315468053,0.38751898434113546,5,0.078125,0.03383117690855046,0.17019537354162906,59,0.921875,0.8298046264583709,0.9661688230914496,-0.0007339329995761498,0.03599941502790884,0.036212095810546935,0.03627645840789443,0.9982257750570963,0.0,0.0,0.0,0.0,0.0,0.0,0.0,0.0,0.0,0.046875,1.0
student_t_df_30,student_t,"{""df"":30,""standardized_variance"":true}",750,exploratory,caution,200,136,136,0.68,0.6124810156588646,0.7407346668453195,3,0.022058823529411766,0.007529925310275402,0.06284590531741366,133,0.9779411764705882,0.9371540946825863,0.9924700746897246,0.0030368107751188337,0.0318299444548206,0.03668496112926067,0.03180188063698025,1.1535469096315711,1.0,1.0,1.7941176470588236,0.002392156862745098,0.005276459965354904,0.13400036781279678,0.28326093728247315,0.0005284870688693639,0.14585754522165195,0.3897058823529412,1.0
student_t_df_30,student_t,"{""df"":30,""standardized_variance"":true}",750,exploratory,insufficient,200,0,0,0.0,1.734723475976807e-18,0.018845326377266575,0,nan,nan,nan,0,nan,nan,nan,nan,nan,nan,nan,nan,nan,nan,nan,nan,nan,nan,nan,nan,nan,nan,nan
student_t_df_30,student_t,"{""df"":30,""standardized_variance"":true}",2000,exploratory,all,200,200,200,1.0,0.9811546736227335,1.0,10,0.05,0.02738264560076393,0.08957814813877599,190,0.95,0.9104218518612239,0.972617354399236,0.0035864126531677575,0.022097272269710908,0.022364613306385808,0.021859006539120655,1.023130363512188,0.915,0.915,2.81,0.0014050000000000002,0.0026203645028741013,0.08600591334827694,0.25111712817473675,0.00019263694456905867,0.117970877321051,0.375,1.0
student_t_df_30,student_t,"{""df"":30,""standardized_variance"":true}",2000,exploratory,acceptable,200,17,17,0.085,0.05374575017747561,0.13189587071565567,0,0.0,0.0,0.1843181350088518,17,1.0,0.8156818649911483,1.0,0.004827353480419234,0.015314600342358388,0.022343169490712137,0.014981179681439506,1.4914158941964732,0.0,0.0,0.0,0.0,0.0,0.0,0.0,0.0,0.0,0.058823529411764705,1.0
student_t_df_30,student_t,"{""df"":30,""standardized_variance"":true}",2000,exploratory,caution,200,183,183,0.915,0.8681041292843443,0.9462542498225244,10,0.0546448087431694,0.02994949812583783,0.09765311732780205,173,0.9453551912568307,0.902346882672198,0.9700505018741622,0.0034711339970842875,0.022624369040546814,0.02236660535483637,0.022417839552421465,0.9977145791651649,1.0,1.0,3.07103825136612,0.0015355191256830603,0.0028637863419389083,0.0887059408410108,0.2514778649799209,0.00021053217985689474,0.12892992056945465,0.40437158469945356,1.0
student_t_df_30,student_t,"{""df"":30,""standardized_variance"":true}",2000,exploratory,insufficient,200,0,0,0.0,1.734723475976807e-18,0.018845326377266575,0,nan,nan,nan,0,nan,nan,nan,nan,nan,nan,nan,nan,nan,nan,nan,nan,nan,nan,nan,nan,nan,nan,nan
student_t_df_5,student_t,"{""df"":5,""standardized_variance"":true}",5,exploratory,all,200,200,200,1.0,0.9811546736227335,1.0,8,0.04,0.020405632066152306,0.07693206820093293,192,0.96,0.923067931799067,0.9795943679338476,-0.023849865353557435,0.40223067436339255,0.4007049047747914,0.40253056230476914,0.9954645492766449,0.265,0.265,0.35,0.07,0.08965161269731314,0.0,0.9575378835125531,0.069966765706874,1.9589045168301669,0.065,0.655
student_t_df_5,student_t,"{""df"":5,""standardized_variance"":true}",5,exploratory,acceptable,200,114,114,0.57,0.5007048776415268,0.6366567766656557,7,0.06140350877192982,0.030059281919865344,0.12134294102648693,107,0.9385964912280702,0.8786570589735132,0.9699407180801347,-0.006259177323626787,0.4156431583643383,0.39318974311431104,0.4174308971326741,0.9419277437657941,0.0,0.0,0.0,0.0,0.0,0.0,0.0,0.0,0.0,0.0,1.0
student_t_df_5,student_t,"{""df"":5,""standardized_variance"":true}",5,exploratory,caution,200,0,0,0.0,1.734723475976807e-18,0.018845326377266575,0,nan,nan,nan,0,nan,nan,nan,nan,nan,nan,nan,nan,nan,nan,nan,nan,nan,nan,nan,nan,nan,nan,nan
student_t_df_5,student_t,"{""df"":5,""standardized_variance"":true}",5,exploratory,insufficient,200,86,86,0.43,0.36334322333434416,0.4992951223584731,1,0.011627906976744186,0.0020555686652495644,0.06296406589291725,85,0.9883720930232558,0.9370359341070826,0.9979444313347503,-0.047167754137418985,0.38372940864271143,0.41066686325496315,0.3830530255770137,1.0720888123422423,0.6162790697674418,0.6162790697674418,0.813953488372093,0.1627906976744186,0.2084921225518911,0.5422128649684977,0.9837804771344789,0.1627134086206372,4.555591899605041,0.1511627906976744,0.19767441860465115
student_t_df_5,student_t,"{""df"":5,""standardized_variance"":true}",8,exploratory,all,200,200,200,1.0,0.9811546736227335,1.0,10,0.05,0.02738264560076393,0.08957814813877599,190,0.95,0.9104218518612239,0.972617354399236,0.007774216231931658,0.37584927488198405,0.3513501777356726,0.3767118235219043,0.93267626816402,0.29,0.29,0.32,0.04,0.11244648018400624,0.0,0.9054803050856041,0.06535595624693952,0.4209873452448745,0.235,0.69
student_t_df_5,student_t,"{""df"":5,""standardized_variance"":true}",8,exploratory,acceptable,200,126,126,0.63,0.5612262992405018,0.6938739159014088,8,0.06349206349206349,0.032520539972782904,0.12029242901961257,118,0.9365079365079365,0.8797075709803873,0.9674794600272171,0.026312000659773842,0.3074369227247371,0.3195899403715548,0.30753169136910413,1.0392097768811026,0.0,0.0,0.0,0.0,0.0,0.0,0.0,0.0,0.0,0.015873015873015872,1.0
student_t_df_5,student_t,"{""df"":5,""standardized_variance"":true}",8,exploratory,caution,200,0,0,0.0,1.734723475976807e-18,0.018845326377266575,0,nan,nan,nan,0,nan,nan,nan,nan,nan,nan,nan,nan,nan,nan,nan,nan,nan,nan,nan,nan,nan,nan,nan
student_t_df_5,student_t,"{""df"":5,""standardized_variance"":true}",8,exploratory,insufficient,200,74,74,0.37,0.30612608409859116,0.4387737007594981,2,0.02702702702702703,0.007443352638267217,0.09329292516912502,72,0.972972972972973,0.9067070748308751,0.9925566473617328,-0.02379011941547532,0.46995306468638354,0.40542841973403554,0.4725543177990418,0.8579509369893173,0.7837837837837838,0.7837837837837838,0.8648648648648649,0.10810810810810811,0.30390940590271953,0.8533222365424533,0.9610471552189435,0.17663771958632304,1.137803635796958,0.6081081081081081,0.16216216216216217
student_t_df_5,student_t,"{""df"":5,""standardized_variance"":true}",10,exploratory,all,200,200,200,1.0,0.9811546736227335,1.0,20,0.1,0.06567044866909588,0.1494058124327174,180,0.9,0.8505941875672826,0.9343295513309041,-0.01605201613945598,0.34301645041650625,0.30147833062140555,0.3435004817156631,0.8776649427553295,0.25,0.25,0.325,0.0325,0.06681558693162805,0.0,0.863060090128213,0.039761365027330194,0.29486890307568003,0.185,0.71
student_t_df_5,student_t,"{""df"":5,""standardized_variance"":true}",10,exploratory,acceptable,200,133,133,0.665,0.5970219120796653,0.7267591302158368,15,0.11278195488721804,0.06954903484743884,0.17775510172302267,118,0.8872180451127819,0.8222448982769773,0.9304509651525611,-0.018329326839885512,0.3345891167166198,0.2831984775010082,0.3353497767231704,0.8444868527071874,0.0,0.0,0.0,0.0,0.0,0.0,0.0,0.0,0.0,0.007518796992481203,1.0
student_t_df_5,student_t,"{""df"":5,""standardized_variance"":true}",10,exploratory,caution,200,0,0,0.0,1.734723475976807e-18,0.018845326377266575,0,nan,nan,nan,0,nan,nan,nan,nan,nan,nan,nan,nan,nan,nan,nan,nan,nan,nan,nan,nan,nan,nan,nan
student_t_df_5,student_t,"{""df"":5,""standardized_variance"":true}",10,exploratory,insufficient,200,67,67,0.335,0.2732408697841632,0.40297808792033485,5,0.07462686567164178,0.03229604916632263,0.16309036792776987,62,0.9253731343283582,0.83690963207223,0.9677039508336773,-0.01153138445054361,0.359159952869197,0.33776520323353776,0.36168407081744236,0.9338680646624952,0.746268656716418,0.746268656716418,0.9701492537313433,0.09701492537313433,0.1994495132287404,0.7256163658784203,0.9473310632725734,0.11869064187262743,0.8802056808229253,0.5373134328358209,0.13432835820895522
student_t_df_5,student_t,"{""df"":5,""standardized_variance"":true}",15,exploratory,all,200,200,200,1.0,0.9811546736227335,1.0,9,0.045,0.023852543001492997,0.0832967040018196,191,0.955,0.9167032959981803,0.976147456998507,0.012965297973401428,0.24748701854098148,0.24266827190153925,0.2477673681872924,0.9794198230256914,0.28,0.28,0.395,0.026333333333333334,0.052061622681602186,0.0,0.7696564696689544,0.02368572697390456,0.28578609314929065,0.2,0.775
student_t_df_5,student_t,"{""df"":5,""standardized_variance"":true}",15,exploratory,acceptable,200,134,134,0.67,0.602166847737769,0.7314257412939605,9,0.06716417910447761,0.03573460604589504,0.1227188738255402,125,0.9328358208955224,0.8772811261744599,0.9642653939541049,0.026889744646152566,0.25188595575148026,0.23164944775972546,0.2513863190846854,0.9214878860678528,0.0,0.0,0.0,0.0,0.0,0.0,0.0,0.0,0.0,0.007462686567164179,1.0
student_t_df_5,student_t,"{""df"":5,""standardized_variance"":true}",15,exploratory,caution,200,0,0,0.0,1.734723475976807e-18,0.018845326377266575,0,nan,nan,nan,0,nan,nan,nan,nan,nan,nan,nan,nan,nan,nan,nan,nan,nan,nan,nan,nan,nan,nan,nan
student_t_df_5,student_t,"{""df"":5,""standardized_variance"":true}",15,exploratory,insufficient,200,66,66,0.33,0.26857425870603957,0.39783315226223115,0,0.0,0.0,0.05500255701354129,66,1.0,0.9449974429864586,0.9999999999999999,-0.015305548301578167,0.23830618256494607,0.26503982394704007,0.2396365219189301,1.1060076395062353,0.8484848484848485,0.8484848484848485,1.196969696969697,0.07979797979797978,0.15776249297455208,0.6672058192157606,0.9029075330400322,0.07177493022395322,0.8660184640887595,0.5909090909090909,0.3181818181818182
student_t_df_5,student_t,"{""df"":5,""standardized_variance"":true}",20,confirmatory_10000,all,10000,10000,10000,1.0,0.9996160016293234,1.0,482,0.0482,0.044172692916622396,0.05257428801112097,9518,0.9518,0.9474257119888789,0.9558273070833776,0.0017891934553252511,0.22475287477408595,0.21778172304065782,0.22475699116268447,0.9689652896404108,0.3128,0.3128,0.4189,0.020945,0.05297087939239292,0.0,0.7386892153078539,0.022653789598341963,0.258384285635582,0.2592,0.7646
student_t_df_5,student_t,"{""df"":5,""standardized_variance"":true}",20,confirmatory_10000,acceptable,10000,6507,6507,0.6507,0.641299639792801,0.6599846230982769,356,0.05471031197172276,0.049442882980748996,0.06050319132442295,6151,0.9452896880282773,0.939496808675577,0.950557117019251,0.0023037823625695927,0.21247555282430325,0.2037005098720673,0.2124793906022903,0.9586836130067085,0.0,0.0,0.0,0.0,0.0,0.0,0.0,0.0,0.0,0.021976333179652682,1.0
student_t_df_5,student_t,"{""df"":5,""standardized_variance"":true}",20,confirmatory_10000,caution,10000,0,0,0.0,0.0,0.00038399837067659573,0,nan,nan,nan,0,nan,nan,nan,nan,nan,nan,nan,nan,nan,nan,nan,nan,nan,nan,nan,nan,nan,nan,nan
student_t_df_5,student_t,"{""df"":5,""standardized_variance"":true}",20,confirmatory_10000,insufficient,10000,3493,3493,0.3493,0.34001537690172307,0.3587003602071988,126,0.036072144288577156,0.030380389732798496,0.042783195700947865,3367,0.9639278557114228,0.9572168042990521,0.9696196102672014,0.0008305819410283895,0.245995370841285,0.24401317282251248,0.24602918862630802,0.9918057860733848,0.8955052963068996,0.8955052963068996,1.1992556541654738,0.059962782708273696,0.15164866702660443,0.6570002606581438,0.9247932615071703,0.06485482278368726,0.7397202566148925,0.7011165187517893,0.3260807328943601
student_t_df_5,student_t,"{""df"":5,""standardized_variance"":true}",30,exploratory,all,200,200,200,1.0,0.9811546736227335,1.0,12,0.06,0.03465219425433187,0.1019316929576627,188,0.94,0.8980683070423372,0.9653478057456681,0.00029697586560516686,0.19523831572264197,0.18331268180533286,0.19572802310012405,0.9365684019173884,0.39,0.39,0.635,0.021166666666666667,0.04569044178032801,0.0,0.7212763260084216,0.019413886921224036,0.25923918957502484,0.315,0.745
student_t_df_5,student_t,"{""df"":5,""standardized_variance"":true}",30,exploratory,acceptable,200,118,118,0.59,0.5207645903369208,0.6558432509151711,9,0.07627118644067797,0.040643209517551585,0.13861809473879955,109,0.923728813559322,0.8613819052612005,0.9593567904824484,0.006729970183316003,0.19751245923588628,0.17252884403722704,0.1982395539645453,0.8703048437451764,0.0,0.0,0.0,0.0,0.0,0.0,0.0,0.0,0.0,0.03389830508474576,1.0
student_t_df_5,student_t,"{""df"":5,""standardized_variance"":true}",30,exploratory,caution,200,0,0,0.0,1.734723475976807e-18,0.018845326377266575,0,nan,nan,nan,0,nan,nan,nan,nan,nan,nan,nan,nan,nan,nan,nan,nan,nan,nan,nan,nan,nan,nan,nan
student_t_df_5,student_t,"{""df"":5,""standardized_variance"":true}",30,exploratory,insufficient,200,82,82,0.41,0.34415674908482885,0.4792354096630791,3,0.036585365853658534,0.012519573081569195,0.10212734643608476,79,0.9634146341463414,0.8978726535639152,0.9874804269184307,-0.00896025985988115,0.1919184831380464,0.1988308873740705,0.19288896149789544,1.0308049036608034,0.9512195121951219,0.9512195121951219,1.548780487804878,0.05162601626016259,0.11144010190323907,0.5922727139731438,1.008907737097778,0.047350943710302525,0.6322907062805485,0.7195121951219512,0.3780487804878049
student_t_df_5,student_t,"{""df"":5,""standardized_variance"":true}",40,exploratory,all,200,200,200,1.0,0.9811546736227335,1.0,9,0.045,0.023852543001492997,0.0832967040018196,191,0.955,0.9167032959981803,0.976147456998507,0.027806292442613404,0.15691032325626078,0.15660640501953957,0.15481439574740227,1.0115752108418985,0.465,0.465,0.755,0.018875000000000003,0.04458714048220964,0.0,0.7268151758766248,0.01689669687611787,0.3219894444316626,0.385,0.745
student_t_df_5,student_t,"{""df"":5,""standardized_variance"":true}",40,exploratory,acceptable,200,106,106,0.53,0.4609168291500183,0.5979524512673458,2,0.018867924528301886,0.0051896087795957335,0.06619927211185865,104,0.9811320754716981,0.9338007278881413,0.9948103912204043,0.02104788827935912,0.13598880227217794,0.14732642670368967,0.13498831408661938,1.091401338705165,0.0,0.0,0.0,0.0,0.0,0.0,0.0,0.0,0.0,0.02830188679245283,1.0
student_t_df_5,student_t,"{""df"":5,""standardized_variance"":true}",40,exploratory,caution,200,30,30,0.15,0.10713593562241995,0.20605579284166659,2,0.06666666666666667,0.018477023791270378,0.2132345836261692,28,0.9333333333333333,0.7867654163738308,0.9815229762087295,0.06570135920185473,0.18395680911192086,0.15379427472714244,0.1747612332268443,0.8800251170550722,1.0,1.0,1.0,0.02500000000000001,0.07558824542881006,0.5037002932479513,0.5390622951020299,0.01658226486563762,0.5162904298514225,0.5,1.0
student_t_df_5,student_t,"{""df"":5,""standardized_variance"":true}",40,exploratory,insufficient,200,64,64,0.32,0.25926533315468053,0.38751898434113546,5,0.078125,0.03383117690855046,0.17019537354162906,59,0.921875,0.8298046264583709,0.9661688230914496,0.021236586794608936,0.17449541182699208,0.1732945551797271,0.174567492397328,0.992708051194872,0.984375,0.984375,1.890625,0.047265625000000006,0.10390282396215038,0.6021801100668494,1.0965102451631519,0.04502924108210071,0.7642058748560914,0.921875,0.203125
student_t_df_5,student_t,"{""df"":5,""standardized_variance"":true}",50,exploratory,all,200,200,200,1.0,0.9811546736227335,1.0,8,0.04,0.020405632066152306,0.07693206820093293,192,0.96,0.923067931799067,0.9795943679338476,-0.011206654025034367,0.13682022258054582,0.13832669355334087,0.13670267855522858,1.0118799061969819,0.52,0.52,0.735,0.0147,0.040665552353705794,0.0587384261568767,0.6400949216545287,0.01252925366889909,0.29469380968491654,0.395,0.775
student_t_df_5,student_t,"{""df"":5,""standardized_variance"":true}",50,exploratory,acceptable,200,96,96,0.48,0.411791663783233,0.5489621492718576,6,0.0625,0.028956674311051346,0.12970946506441489,90,0.9375,0.8702905349355852,0.9710433256889488,-0.009827751969278235,0.1385009610377969,0.13094418751658513,0.13887705369039546,0.9428784960293338,0.0,0.0,0.0,0.0,0.0,0.0,0.0,0.0,0.0,0.03125,1.0
student_t_df_5,student_t,"{""df"":5,""standardized_variance"":true}",50,exploratory,caution,200,50,50,0.25,0.19508168006817497,0.31434098312045833,1,0.02,0.003539259271646236,0.10495443589637815,49,0.98,0.8950455641036219,0.9964607407283539,-0.011296898473051632,0.11941160634136733,0.13521087011656177,0.12008292973690819,1.1259791080447292,1.0,1.0,1.0,0.02,0.06241621297300046,0.46704591980206195,0.5069983727313266,0.012954058705401214,0.49238311330921347,0.48,1.0
student_t_df_5,student_t,"{""df"":5,""standardized_variance"":true}",50,exploratory,insufficient,200,54,54,0.27,0.21323449814685846,0.33543435198668425,1,0.018518518518518517,0.003276487718229061,0.09771437488781931,53,0.9814814814814815,0.9022856251121808,0.9967235122817709,-0.013574475783399653,0.14841611416335965,0.15433617043051692,0.1491818020751162,1.0345509189707025,1.0,1.0,1.7962962962962963,0.035925925925925924,0.09282036707576179,0.5668200035482154,0.9462503912169815,0.03441014441684735,0.6355482642874563,0.9629629629629629,0.16666666666666666
student_t_df_5,student_t,"{""df"":5,""standardized_variance"":true}",80,exploratory,all,200,200,200,1.0,0.9811546736227335,1.0,12,0.06,0.03465219425433187,0.1019316929576627,188,0.94,0.8980683070423372,0.9653478057456681,-0.009848566287725263,0.11699251203163788,0.1104866229667229,0.11686978371365113,0.9453822832207173,0.645,0.645,1.08,0.013500000000000002,0.03451890101360645,0.32670654101848773,0.7091576817266699,0.009956608687699271,0.30148361003853724,0.58,0.785
student_t_df_5,student_t,"{""df"":5,""standardized_variance"":true}",80,exploratory,acceptable,200,71,71,0.355,0.2919862754043116,0.42347886924509565,8,0.11267605633802817,0.05821271729792871,0.2069004851081131,63,0.8873239436619719,0.7930995148918869,0.9417872827020712,-0.020321954381873834,0.11742962257223447,0.10365637566820825,0.11648103121824796,0.8898991928908112,0.0,0.0,0.0,0.0,0.0,0.0,0.0,0.0,0.0,0.1267605633802817,1.0
student_t_df_5,student_t,"{""df"":5,""standardized_variance"":true}",80,exploratory,caution,200,117,117,0.585,0.5157391490134403,0.6510571455024242,4,0.03418803418803419,0.013373841819450491,0.08461784858429258,113,0.9658119658119658,0.9153821514157074,0.9866261581805496,-0.006729569377241957,0.11768374086067226,0.11204597960659107,0.11799651382190147,0.9495702540475741,1.0,1.0,1.6837606837606838,0.021047008547008556,0.0489932475029542,0.38532789645718596,0.7536680066515401,0.013219097548748743,0.4382566960669442,0.811965811965812,0.7350427350427351
student_t_df_5,student_t,"{""df"":5,""standardized_variance"":true}",80,exploratory,insufficient,200,12,12,0.06,0.03465219425433187,0.1019316929576627,0,0.0,2.7755575615628914e-17,0.24249400665524085,12,1.0,0.7575059933447592,1.0,0.021708760058774878,0.10723516410541012,0.1356951922442198,0.10968439098742162,1.2371422316579306,1.0,1.0,1.5833333333333333,0.01979166666666667,0.09763085373963731,0.604835702561141,1.0024298926740325,0.03705727702802091,0.7517240473229152,1.0,0.0
student_t_df_5,student_t,"{""df"":5,""standardized_variance"":true}",100,exploratory,all,200,200,200,1.0,0.9811546736227335,1.0,12,0.06,0.03465219425433187,0.1019316929576627,188,0.94,0.8980683070423372,0.9653478057456681,-0.0022748853806028517,0.09962260546415048,0.09907621849950728,0.09984655773449601,0.992284769225223,0.755,0.755,1.56,0.015600000000000001,0.03547440301109324,0.3360724427378998,0.7752140091628598,0.010027979214160264,0.3668071579760324,0.665,0.72
student_t_df_5,student_t,"{""df"":5,""standardized_variance"":true}",100,exploratory,acceptable,200,49,49,0.245,0.1905686808903718,0.30904243556203415,4,0.08163265306122448,0.032202817667763686,0.19189127596571287,45,0.9183673469387755,0.808108724034287,0.9677971823322362,-0.019326897616962286,0.09942643522279289,0.09271656343526084,0.09854062882799162,0.9408968111732164,0.0,0.0,0.0,0.0,0.0,0.0,0.0,0.0,0.0,0.10204081632653061,1.0
student_t_df_5,student_t,"{""df"":5,""standardized_variance"":true}",100,exploratory,caution,200,136,136,0.68,0.6124810156588646,0.7407346668453195,8,0.058823529411764705,0.03010508522265045,0.11178029689521635,128,0.9411764705882353,0.8882197031047836,0.9698949147773495,0.0021150808864294885,0.10176303030400448,0.09957739004083949,0.102117171068579,0.9751287564944991,1.0,1.0,1.9926470588235294,0.019926470588235295,0.044534101235926986,0.37935051568601186,0.7772970973565869,0.011409237724700335,0.4683915952039807,0.8308823529411765,0.6985294117647058
student_t_df_5,student_t,"{""df"":5,""standardized_variance"":true}",100,exploratory,insufficient,200,15,15,0.075,0.04597491718438201,0.12004361023629456,0,0.0,0.0,0.20388330103584862,15,1.0,0.7961166989641515,1.0,0.0136259937704114,0.07838382872070411,0.11530713640130022,0.0798996484348965,1.443149483883578,1.0,1.0,2.7333333333333334,0.027333333333333338,0.06921618894217187,0.6117325353628165,0.9026310345290153,0.030262634151520477,0.6440116431643397,1.0,0.0
student_t_df_5,student_t,"{""df"":5,""standardized_variance"":true}",200,exploratory,all,200,200,200,1.0,0.9811546736227335,1.0,9,0.045,0.023852543001492997,0.0832967040018196,191,0.955,0.9167032959981803,0.976147456998507,0.003791479097637821,0.07077768151069701,0.07030832853062101,0.07085341146240696,0.9923068922083567,0.915,0.915,2.78,0.013900000000000001,0.024665669457190155,0.27282661242741496,0.7138843677052691,0.006662704564170167,0.36223836519479535,0.85,0.72
student_t_df_5,student_t,"{""df"":5,""standardized_variance"":true}",200,exploratory,acceptable,200,17,17,0.085,0.05374575017747561,0.13189587071565567,1,0.058823529411764705,0.010460400984997592,0.26982030637575405,16,0.9411764705882353,0.7301796936242461,0.9895395990150025,0.007959927403364006,0.07363456565356262,0.06558327465910505,0.07545599290740349,0.8691592560392938,0.0,0.0,0.0,0.0,0.0,0.0,0.0,0.0,0.0,0.11764705882352941,1.0
student_t_df_5,student_t,"{""df"":5,""standardized_variance"":true}",200,exploratory,caution,200,179,179,0.895,0.8448196800887696,0.9302925120731899,8,0.0446927374301676,0.022817820091771385,0.08569946558659279,171,0.9553072625698324,0.9143005344134072,0.9771821799082285,0.002522794401041962,0.06984414392128487,0.07056913070130402,0.0699943557428625,1.0082117329653417,1.0,1.0,3.0335195530726256,0.015167597765363128,0.02682681500378843,0.29621738118213675,0.7264682932642956,0.007040600523234578,0.3953880401792134,0.9162011173184358,0.7094972067039106
student_t_df_5,student_t,"{""df"":5,""standardized_variance"":true}",200,exploratory,insufficient,200,4,4,0.02,0.0078044264163494685,0.050287086905826436,0,0.0,0.0,0.4898908364545973,4,1.0,0.5101091635454027,1.0,0.04284921397096619,0.09555444498521741,0.07871891034649878,0.09862113917075653,0.7981951030823295,1.0,1.0,3.25,0.01625,0.03278350143997562,0.42781197330337795,0.6678308691732353,0.01806835479376099,0.41830346171996635,1.0,0.0
student_t_df_5,student_t,"{""df"":5,""standardized_variance"":true}",500,exploratory,all,200,200,200,1.0,0.9811546736227335,1.0,8,0.04,0.020405632066152306,0.07693206820093293,192,0.96,0.923067931799067,0.9795943679338476,-0.0012560783299112737,0.04383621314772723,0.04454821880890715,0.043928171732052594,1.014115021235954,1.0,1.0,6.295,0.012590000000000004,0.014337639284543876,0.2796030052012606,0.6817086359779295,0.004162426964870944,0.34362343173476007,0.995,0.63
student_t_df_5,student_t,"{""df"":5,""standardized_variance"":true}",500,exploratory,acceptable,200,0,0,0.0,1.734723475976807e-18,0.018845326377266575,0,nan,nan,nan,0,nan,nan,nan,nan,nan,nan,nan,nan,nan,nan,nan,nan,nan,nan,nan,nan,nan,nan,nan
student_t_df_5,student_t,"{""df"":5,""standardized_variance"":true}",500,exploratory,caution,200,196,196,0.98,0.9497129130941735,0.9921955735836505,8,0.04081632653061224,0.0208249653645253,0.07846103333555769,188,0.9591836734693877,0.9215389666644423,0.9791750346354747,-0.0013703762366456236,0.04406638507279716,0.04437603013662486,0.04415786360387532,1.0049406043441467,1.0,1.0,6.239795918367347,0.012479591836734695,0.014039801975632446,0.2635714981870943,0.6794851262290712,0.003978715071903579,0.33814972812293487,0.9948979591836735,0.6428571428571429
student_t_df_5,student_t,"{""df"":5,""standardized_variance"":true}",500,exploratory,insufficient,200,4,4,0.02,0.0078044264163494685,0.050287086905826436,0,0.0,0.0,0.4898908364545973,4,1.0,0.5101091635454027,1.0,0.004344519100071857,0.030499357056021793,0.052985463750738974,0.03485849364922543,1.520015875726642,1.0,1.0,9.0,0.018,0.02893166742120383,0.5243882606937635,0.6840971714001014,0.013164309720271819,0.6118349087141915,1.0,0.0
student_t_df_5,student_t,"{""df"":5,""standardized_variance"":true}",750,exploratory,all,200,200,200,1.0,0.9811546736227335,1.0,8,0.04,0.020405632066152306,0.07693206820093293,192,0.96,0.923067931799067,0.9795943679338476,-0.002036657995616953,0.0345078345608217,0.03663845720837169,0.03453412368628788,1.0609349043050817,1.0,1.0,9.84,0.013119999999999998,0.013405125754998526,0.2981626024576869,0.7357431127605596,0.0038371738238279934,0.3952771052667112,1.0,0.445
student_t_df_5,student_t,"{""df"":5,""standardized_variance"":true}",750,exploratory,acceptable,200,0,0,0.0,1.734723475976807e-18,0.018845326377266575,0,nan,nan,nan,0,nan,nan,nan,nan,nan,nan,nan,nan,nan,nan,nan,nan,nan,nan,nan,nan,nan,nan,nan
student_t_df_5,student_t,"{""df"":5,""standardized_variance"":true}",750,exploratory,caution,200,195,195,0.975,0.942821659593358,0.9892752803482386,8,0.041025641025641026,0.020932505662650078,0.07885281545886824,187,0.958974358974359,0.9211471845411318,0.97906749433735,-0.0027582116502107797,0.0342999999535666,0.03635987490122429,0.034276922726862856,1.0607683540018902,1.0,1.0,9.830769230769231,0.013107692307692308,0.01291973970566582,0.28573863610768535,0.7305353245360151,0.003569415482369271,0.3839544765740783,1.0,0.4564102564102564
student_t_df_5,student_t,"{""df"":5,""standardized_variance"":true}",750,exploratory,insufficient,200,5,5,0.025,0.010724719651761264,0.05717834040664198,0,0.0,0.0,0.43448246478317476,5,1.0,0.5655175352168251,1.0,0.02610393453354229,0.041815259981369944,0.04750316718712045,0.036522263230427295,1.300663293712444,1.0,1.0,10.2,0.013600000000000001,0.03233518167897388,0.6885833575881763,0.8596890950839425,0.014279749140718178,0.8368596242793945,1.0,0.0
student_t_df_5,student_t,"{""df"":5,""standardized_variance"":true}",2000,exploratory,all,200,200,200,1.0,0.9811546736227335,1.0,9,0.045,0.023852543001492997,0.0832967040018196,191,0.955,0.9167032959981803,0.976147456998507,0.0004546959007262605,0.021359374448734262,0.022333821815498332,0.021408121515284116,1.0432406131268137,1.0,1.0,26.205,0.013102500000000001,0.008122775317981093,0.31849482644048305,0.70553945740126,0.0021526964691637117,0.3837066716325053,1.0,0.435
student_t_df_5,student_t,"{""df"":5,""standardized_variance"":true}",2000,exploratory,acceptable,200,0,0,0.0,1.734723475976807e-18,0.018845326377266575,0,nan,nan,nan,0,nan,nan,nan,nan,nan,nan,nan,nan,nan,nan,nan,nan,nan,nan,nan,nan,nan,nan,nan
student_t_df_5,student_t,"{""df"":5,""standardized_variance"":true}",2000,exploratory,caution,200,199,199,0.995,0.9722262956021069,0.9991168312843989,9,0.04522613065326633,0.023973316045364932,0.08370417231267992,190,0.9547738693467337,0.9162958276873201,0.976026683954635,0.0005127131580104165,0.02139853595849521,0.022327674010180404,0.021446345879155643,1.0410945592312466,1.0,1.0,26.21608040201005,0.013108040201005026,0.008125798298532041,0.3177160978652267,0.7084580485960679,0.0021481741381747205,0.384143815876771,1.0,0.4371859296482412
student_t_df_5,student_t,"{""df"":5,""standardized_variance"":true}",2000,exploratory,insufficient,200,1,1,0.005,0.0008831687156009814,0.02777370439789293,0,0.0,0.0,0.7934506856227626,1,1.0,0.20654931437723745,1.0,-0.011090738298820802,0.011090738298820802,0.02355723507376596,nan,nan,1.0,1.0,24.0,0.012,0.007521202188342722,0.3192735550157394,0.3192735550157394,0.0030526403359730087,0.2967149670236436,1.0,0.0
