policy,scenario,distribution_family,n,level,total_replications,conditional_denominator,classification_rate,classification_ci95_lower,classification_ci95_upper,type_i_error,type_i_ci95_lower,type_i_ci95_upper,ci_coverage,coverage_ci95_lower,coverage_ci95_upper,denominator_sufficient,confirmatory_cell,operating_region
v2,bimodal_asymmetric,bimodal,5,acceptable,200,75,0.375,0.31085436858409826,0.44385696301021843,0.25333333333333335,0.16860049363552168,0.36210326865599607,0.7466666666666667,0.6378967313440042,0.8313995063644785,False,False,false_safe
v3_default,bimodal_asymmetric,bimodal,5,acceptable,200,0,0.0,1.734723475976807e-18,0.018845326377266575,,,,,,,False,False,false_safe
v3_scenario_context,bimodal_asymmetric,bimodal,5,acceptable,200,0,0.0,1.734723475976807e-18,0.018845326377266575,,,,,,,False,False,false_safe
v2,bimodal_asymmetric,bimodal,8,acceptable,200,85,0.425,0.3585361254351385,0.49429067352145145,0.25882352941176473,0.1775809987247225,0.36092275229146714,0.7411764705882353,0.639077247708533,0.8224190012752776,False,False,false_safe
v2,bimodal_asymmetric,bimodal,8,insufficient,200,115,0.575,0.5057093264785485,0.6414638745648614,0.05217391304347826,0.024128549061825502,0.10917054519277662,0.9478260869565217,0.8908294548072233,0.9758714509381745,False,False,false_insufficient
v3_default,bimodal_asymmetric,bimodal,8,acceptable,200,0,0.0,1.734723475976807e-18,0.018845326377266575,,,,,,,False,False,false_safe
v3_scenario_context,bimodal_asymmetric,bimodal,8,acceptable,200,0,0.0,1.734723475976807e-18,0.018845326377266575,,,,,,,False,False,false_safe
v2,bimodal_asymmetric,bimodal,10,acceptable,200,74,0.37,0.30612608409859116,0.4387737007594981,0.1891891891891892,0.11617969566734553,0.2928755726060837,0.8108108108108109,0.7071244273939165,0.8838203043326546,False,False,false_safe
v2,bimodal_asymmetric,bimodal,10,insufficient,200,126,0.63,0.5612262992405018,0.6938739159014088,0.047619047619047616,0.02200448838795111,0.10000167947689512,0.9523809523809523,0.8999983205231048,0.9779955116120489,False,False,false_insufficient
v3_default,bimodal_asymmetric,bimodal,10,acceptable,200,0,0.0,1.734723475976807e-18,0.018845326377266575,,,,,,,False,False,false_safe
v3_scenario_context,bimodal_asymmetric,bimodal,10,acceptable,200,0,0.0,1.734723475976807e-18,0.018845326377266575,,,,,,,False,False,false_safe
v2,bimodal_asymmetric,bimodal,15,acceptable,200,66,0.33,0.26857425870603957,0.39783315226223115,0.12121212121212122,0.06271845599597657,0.22137439022640315,0.8787878787878788,0.7786256097735968,0.9372815440040234,False,False,false_safe
v2,bimodal_asymmetric,bimodal,15,insufficient,200,134,0.67,0.602166847737769,0.7314257412939605,0.04477611940298507,0.020680488853388614,0.09424472273553466,0.9552238805970149,0.9057552772644654,0.9793195111466114,False,False,false_insufficient
v3_default,bimodal_asymmetric,bimodal,15,acceptable,200,0,0.0,1.734723475976807e-18,0.018845326377266575,,,,,,,False,False,false_safe
v3_default,bimodal_asymmetric,bimodal,15,insufficient,200,2,0.01,0.0027466581335444384,0.0357217617161768,0.0,0.0,0.6576197724933469,1.0,0.34238022750665303,1.0,False,False,false_insufficient
v3_scenario_context,bimodal_asymmetric,bimodal,15,acceptable,200,0,0.0,1.734723475976807e-18,0.018845326377266575,,,,,,,False,False,false_safe
v3_scenario_context,bimodal_asymmetric,bimodal,15,insufficient,200,2,0.01,0.0027466581335444384,0.0357217617161768,0.0,0.0,0.6576197724933469,1.0,0.34238022750665303,1.0,False,False,false_insufficient
v2,bimodal_asymmetric,bimodal,20,acceptable,200,55,0.275,0.21779700329307355,0.34068339357669647,0.10909090909090909,0.05096725000782336,0.21825549086553508,0.8909090909090909,0.7817445091344648,0.9490327499921767,False,False,false_safe
v2,bimodal_asymmetric,bimodal,20,insufficient,200,145,0.725,0.6593166064233035,0.7822029967069265,0.020689655172413793,0.007060912231321711,0.05905950138643182,0.9793103448275862,0.9409404986135681,0.9929390877686783,False,False,false_insufficient
v3_default,bimodal_asymmetric,bimodal,20,acceptable,200,0,0.0,1.734723475976807e-18,0.018845326377266575,,,,,,,False,False,false_safe
v3_scenario_context,bimodal_asymmetric,bimodal,20,acceptable,200,0,0.0,1.734723475976807e-18,0.018845326377266575,,,,,,,False,False,false_safe
v2,bimodal_asymmetric,bimodal,30,acceptable,200,42,0.21,0.15928412069979,0.2716461685990246,0.09523809523809523,0.03766224880557388,0.22065105808571023,0.9047619047619048,0.7793489419142897,0.9623377511944261,False,False,false_safe
v2,bimodal_asymmetric,bimodal,30,insufficient,200,158,0.79,0.7283538314009754,0.8407158793002101,0.04430379746835443,0.021623955563445332,0.08861639292761016,0.9556962025316456,0.9113836070723899,0.9783760444365547,False,False,false_insufficient
v3_default,bimodal_asymmetric,bimodal,30,acceptable,200,0,0.0,1.734723475976807e-18,0.018845326377266575,,,,,,,False,False,false_safe
v3_scenario_context,bimodal_asymmetric,bimodal,30,acceptable,200,0,0.0,1.734723475976807e-18,0.018845326377266575,,,,,,,False,False,false_safe
v2,bimodal_asymmetric,bimodal,40,acceptable,200,28,0.14,0.09866982633455634,0.1948988086570756,0.07142857142857142,0.019812064115305755,0.22645362568399052,0.9285714285714286,0.7735463743160095,0.9801879358846942,False,False,false_safe
v3_default,bimodal_asymmetric,bimodal,40,acceptable,200,0,0.0,1.734723475976807e-18,0.018845326377266575,,,,,,,False,False,false_safe
v3_scenario_context,bimodal_asymmetric,bimodal,40,acceptable,200,0,0.0,1.734723475976807e-18,0.018845326377266575,,,,,,,False,False,false_safe
v2,bimodal_asymmetric,bimodal,50,acceptable,200,28,0.14,0.09866982633455634,0.1948988086570756,0.10714285714285714,0.03711836682929999,0.27195851548672156,0.8928571428571429,0.7280414845132785,0.9628816331707,False,False,false_safe
v2,bimodal_asymmetric,bimodal,50,insufficient,200,158,0.79,0.7283538314009754,0.8407158793002101,0.05063291139240506,0.025876825383582304,0.09672129604509741,0.9493670886075949,0.9032787039549025,0.9741231746164177,False,False,false_insufficient
v3_default,bimodal_asymmetric,bimodal,50,acceptable,200,0,0.0,1.734723475976807e-18,0.018845326377266575,,,,,,,False,False,false_safe
v3_scenario_context,bimodal_asymmetric,bimodal,50,acceptable,200,0,0.0,1.734723475976807e-18,0.018845326377266575,,,,,,,False,False,false_safe
v2,bimodal_asymmetric,bimodal,80,acceptable,200,20,0.1,0.06567044866909588,0.1494058124327174,0.25,0.11186170140766569,0.468700877618744,0.75,0.531299122381256,0.8881382985923343,False,False,false_safe
v2,bimodal_asymmetric,bimodal,80,insufficient,200,72,0.36,0.2966919730456654,0.42858471833996925,0.027777777777777776,0.007651021904494577,0.09574175221438225,0.9722222222222222,0.9042582477856177,0.9923489780955054,False,False,false_insufficient
v3_default,bimodal_asymmetric,bimodal,80,acceptable,200,0,0.0,1.734723475976807e-18,0.018845326377266575,,,,,,,False,False,false_safe
v3_scenario_context,bimodal_asymmetric,bimodal,80,acceptable,200,0,0.0,1.734723475976807e-18,0.018845326377266575,,,,,,,False,False,false_safe
v2,bimodal_asymmetric,bimodal,100,insufficient,200,71,0.355,0.2919862754043116,0.42347886924509565,0.028169014084507043,0.007759263582683522,0.0970150011664947,0.971830985915493,0.9029849988335054,0.9922407364173166,False,False,false_insufficient
v3_default,bimodal_asymmetric,bimodal,100,acceptable,200,0,0.0,1.734723475976807e-18,0.018845326377266575,,,,,,,False,False,false_safe
v3_scenario_context,bimodal_asymmetric,bimodal,100,acceptable,200,0,0.0,1.734723475976807e-18,0.018845326377266575,,,,,,,False,False,false_safe
v2,bimodal_asymmetric,bimodal,200,acceptable,200,0,0.0,1.734723475976807e-18,0.018845326377266575,,,,,,,False,False,false_safe
v3_default,bimodal_asymmetric,bimodal,200,acceptable,200,0,0.0,1.734723475976807e-18,0.018845326377266575,,,,,,,False,False,false_safe
v3_scenario_context,bimodal_asymmetric,bimodal,200,acceptable,200,0,0.0,1.734723475976807e-18,0.018845326377266575,,,,,,,False,False,false_safe
v2,bimodal_asymmetric,bimodal,500,acceptable,200,0,0.0,1.734723475976807e-18,0.018845326377266575,,,,,,,False,False,false_safe
v2,bimodal_asymmetric,bimodal,500,insufficient,200,56,0.28,0.22236889773949026,0.3459230458665071,0.05357142857142857,0.018385781382109126,0.14607309068821533,0.9464285714285714,0.8539269093117847,0.9816142186178909,False,False,false_insufficient
v3_default,bimodal_asymmetric,bimodal,500,acceptable,200,0,0.0,1.734723475976807e-18,0.018845326377266575,,,,,,,False,False,false_safe
v3_scenario_context,bimodal_asymmetric,bimodal,500,acceptable,200,0,0.0,1.734723475976807e-18,0.018845326377266575,,,,,,,False,False,false_safe
v2,bimodal_asymmetric,bimodal,750,acceptable,200,0,0.0,1.734723475976807e-18,0.018845326377266575,,,,,,,False,False,false_safe
v2,bimodal_asymmetric,bimodal,750,insufficient,200,47,0.235,0.18157433415232588,0.29841368882762537,0.0425531914893617,0.011748275966789345,0.1424852767789945,0.9574468085106383,0.8575147232210055,0.9882517240332106,False,False,false_insufficient
v3_default,bimodal_asymmetric,bimodal,750,acceptable,200,0,0.0,1.734723475976807e-18,0.018845326377266575,,,,,,,False,False,false_safe
v3_scenario_context,bimodal_asymmetric,bimodal,750,acceptable,200,0,0.0,1.734723475976807e-18,0.018845326377266575,,,,,,,False,False,false_safe
v2,bimodal_asymmetric,bimodal,2000,acceptable,200,0,0.0,1.734723475976807e-18,0.018845326377266575,,,,,,,False,False,false_safe
v3_default,bimodal_asymmetric,bimodal,2000,acceptable,200,0,0.0,1.734723475976807e-18,0.018845326377266575,,,,,,,False,False,false_safe
v3_scenario_context,bimodal_asymmetric,bimodal,2000,acceptable,200,0,0.0,1.734723475976807e-18,0.018845326377266575,,,,,,,False,False,false_safe
v2,bimodal_symmetric,bimodal,5,acceptable,200,110,0.55,0.48075615138475697,0.6173593159775166,0.10909090909090909,0.06351460897644062,0.18104883134757863,0.8909090909090909,0.8189511686524213,0.9364853910235593,False,False,false_safe
v2,bimodal_symmetric,bimodal,5,insufficient,200,90,0.45,0.3826406840224836,0.5192438486152432,0.05555555555555555,0.023960971616961965,0.12353736221799518,0.9444444444444444,0.8764626377820048,0.976039028383038,False,False,false_insufficient
v3_default,bimodal_symmetric,bimodal,5,acceptable,200,0,0.0,1.734723475976807e-18,0.018845326377266575,,,,,,,False,False,false_safe
v3_default,bimodal_symmetric,bimodal,8,acceptable,200,0,0.0,1.734723475976807e-18,0.018845326377266575,,,,,,,False,False,false_safe
v3_default,bimodal_symmetric,bimodal,10,acceptable,200,0,0.0,1.734723475976807e-18,0.018845326377266575,,,,,,,False,False,false_safe
v3_default,bimodal_symmetric,bimodal,15,acceptable,200,0,0.0,1.734723475976807e-18,0.018845326377266575,,,,,,,False,False,false_safe
v3_default,bimodal_symmetric,bimodal,20,acceptable,200,0,0.0,1.734723475976807e-18,0.018845326377266575,,,,,,,False,False,false_safe
v3_default,bimodal_symmetric,bimodal,30,acceptable,200,0,0.0,1.734723475976807e-18,0.018845326377266575,,,,,,,False,False,false_safe
v2,bimodal_symmetric,bimodal,40,insufficient,200,1,0.005,0.0008831687156009814,0.02777370439789293,0.0,0.0,0.7934506856227626,1.0,0.20654931437723745,1.0,False,False,false_insufficient
v3_default,bimodal_symmetric,bimodal,40,acceptable,200,0,0.0,1.734723475976807e-18,0.018845326377266575,,,,,,,False,False,false_safe
v3_default,bimodal_symmetric,bimodal,50,acceptable,200,0,0.0,1.734723475976807e-18,0.018845326377266575,,,,,,,False,False,false_safe
v3_default,bimodal_symmetric,bimodal,80,acceptable,200,0,0.0,1.734723475976807e-18,0.018845326377266575,,,,,,,False,False,false_safe
v3_default,bimodal_symmetric,bimodal,100,acceptable,200,0,0.0,1.734723475976807e-18,0.018845326377266575,,,,,,,False,False,false_safe
v3_default,bimodal_symmetric,bimodal,200,acceptable,200,0,0.0,1.734723475976807e-18,0.018845326377266575,,,,,,,False,False,false_safe
v3_default,bimodal_symmetric,bimodal,300,acceptable,10000,0,0.0,0.0,0.00038399837067659573,,,,,,,False,True,false_safe
v3_default,bimodal_symmetric,bimodal,500,acceptable,200,0,0.0,1.734723475976807e-18,0.018845326377266575,,,,,,,False,False,false_safe
v3_default,bimodal_symmetric,bimodal,750,acceptable,200,0,0.0,1.734723475976807e-18,0.018845326377266575,,,,,,,False,False,false_safe
v3_default,bimodal_symmetric,bimodal,2000,acceptable,200,0,0.0,1.734723475976807e-18,0.018845326377266575,,,,,,,False,False,false_safe
v3_default,contamination_asymmetric_eps_0p001,normal_contamination_asymmetric,5,acceptable,200,0,0.0,1.734723475976807e-18,0.018845326377266575,,,,,,,False,False,false_safe
v3_scenario_context,contamination_asymmetric_eps_0p001,normal_contamination_asymmetric,5,acceptable,200,0,0.0,1.734723475976807e-18,0.018845326377266575,,,,,,,False,False,false_safe
v2,contamination_asymmetric_eps_0p001,normal_contamination_asymmetric,8,acceptable,200,161,0.805,0.7445595562538726,0.8539447946559949,0.08074534161490683,0.04779318846585438,0.13323808263660591,0.9192546583850931,0.866761917363394,0.9522068115341455,False,False,false_safe
v2,contamination_asymmetric_eps_0p001,normal_contamination_asymmetric,8,insufficient,200,39,0.195,0.1460552053440051,0.25544044374612745,0.02564102564102564,0.004540703100990098,0.13180990169850076,0.9743589743589743,0.8681900983014993,0.99545929689901,False,False,false_insufficient
v3_default,contamination_asymmetric_eps_0p001,normal_contamination_asymmetric,8,acceptable,200,0,0.0,1.734723475976807e-18,0.018845326377266575,,,,,,,False,False,false_safe
v3_scenario_context,contamination_asymmetric_eps_0p001,normal_contamination_asymmetric,8,acceptable,200,0,0.0,1.734723475976807e-18,0.018845326377266575,,,,,,,False,False,false_safe
v2,contamination_asymmetric_eps_0p001,normal_contamination_asymmetric,10,insufficient,200,36,0.18,0.13294625859420173,0.23911475028724882,0.027777777777777776,0.004920407139810443,0.14169718653273855,0.9722222222222222,0.8583028134672614,0.9950795928601897,False,False,false_insufficient
v3_default,contamination_asymmetric_eps_0p001,normal_contamination_asymmetric,10,acceptable,200,0,0.0,1.734723475976807e-18,0.018845326377266575,,,,,,,False,False,false_safe
v3_scenario_context,contamination_asymmetric_eps_0p001,normal_contamination_asymmetric,10,acceptable,200,0,0.0,1.734723475976807e-18,0.018845326377266575,,,,,,,False,False,false_safe
v3_default,contamination_asymmetric_eps_0p001,normal_contamination_asymmetric,15,acceptable,200,0,0.0,1.734723475976807e-18,0.018845326377266575,,,,,,,False,False,false_safe
v3_default,contamination_asymmetric_eps_0p001,normal_contamination_asymmetric,15,insufficient,200,1,0.005,0.0008831687156009814,0.02777370439789293,0.0,0.0,0.7934506856227626,1.0,0.20654931437723745,1.0,False,False,false_insufficient
v3_scenario_context,contamination_asymmetric_eps_0p001,normal_contamination_asymmetric,15,acceptable,200,0,0.0,1.734723475976807e-18,0.018845326377266575,,,,,,,False,False,false_safe
v3_scenario_context,contamination_asymmetric_eps_0p001,normal_contamination_asymmetric,15,insufficient,200,1,0.005,0.0008831687156009814,0.02777370439789293,0.0,0.0,0.7934506856227626,1.0,0.20654931437723745,1.0,False,False,false_insufficient
v2,contamination_asymmetric_eps_0p001,normal_contamination_asymmetric,20,insufficient,200,25,0.125,0.08611974475712644,0.17801425002582347,0.0,1.3877787807814457e-17,0.13319225093904846,1.0,0.8668077490609515,0.9999999999999999,False,False,false_insufficient
v3_default,contamination_asymmetric_eps_0p001,normal_contamination_asymmetric,20,acceptable,200,0,0.0,1.734723475976807e-18,0.018845326377266575,,,,,,,False,False,false_safe
v3_default,contamination_asymmetric_eps_0p001,normal_contamination_asymmetric,20,insufficient,200,6,0.03,0.013820314340111346,0.06389429245451925,0.0,2.7755575615628914e-17,0.3903342879021653,1.0,0.6096657120978346,1.0,False,False,false_insufficient
v3_scenario_context,contamination_asymmetric_eps_0p001,normal_contamination_asymmetric,20,acceptable,200,0,0.0,1.734723475976807e-18,0.018845326377266575,,,,,,,False,False,false_safe
v3_scenario_context,contamination_asymmetric_eps_0p001,normal_contamination_asymmetric,20,insufficient,200,6,0.03,0.013820314340111346,0.06389429245451925,0.0,2.7755575615628914e-17,0.3903342879021653,1.0,0.6096657120978346,1.0,False,False,false_insufficient
v2,contamination_asymmetric_eps_0p001,normal_contamination_asymmetric,30,acceptable,200,182,0.91,0.8622342812328346,0.9423125511378069,0.07142857142857142,0.042215244868037634,0.11835957525047067,0.9285714285714286,0.8816404247495294,0.9577847551319624,False,False,false_safe
v2,contamination_asymmetric_eps_0p001,normal_contamination_asymmetric,30,insufficient,200,18,0.09,0.05768744886219316,0.13776571876716542,0.0,0.0,0.17587922364665765,1.0,0.8241207763533425,1.0,False,False,false_insufficient
v3_default,contamination_asymmetric_eps_0p001,normal_contamination_asymmetric,30,acceptable,200,0,0.0,1.734723475976807e-18,0.018845326377266575,,,,,,,False,False,false_safe
v3_default,contamination_asymmetric_eps_0p001,normal_contamination_asymmetric,30,insufficient,200,2,0.01,0.0027466581335444384,0.0357217617161768,0.0,0.0,0.6576197724933469,1.0,0.34238022750665303,1.0,False,False,false_insufficient
v3_scenario_context,contamination_asymmetric_eps_0p001,normal_contamination_asymmetric,30,acceptable,200,0,0.0,1.734723475976807e-18,0.018845326377266575,,,,,,,False,False,false_safe
v3_scenario_context,contamination_asymmetric_eps_0p001,normal_contamination_asymmetric,30,insufficient,200,2,0.01,0.0027466581335444384,0.0357217617161768,0.0,0.0,0.6576197724933469,1.0,0.34238022750665303,1.0,False,False,false_insufficient
v2,contamination_asymmetric_eps_0p001,normal_contamination_asymmetric,40,insufficient,200,14,0.07,0.042152171828342806,0.11405480885610647,0.0,1.3877787807814457e-17,0.2153108027376358,1.0,0.7846891972623643,1.0,False,False,false_insufficient
v3_default,contamination_asymmetric_eps_0p001,normal_contamination_asymmetric,40,acceptable,200,0,0.0,1.734723475976807e-18,0.018845326377266575,,,,,,,False,False,false_safe
v3_default,contamination_asymmetric_eps_0p001,normal_contamination_asymmetric,40,insufficient,200,7,0.035,0.017055542008567192,0.07047061152229073,0.0,5.551115123125783e-17,0.35433043506668743,1.0,0.6456695649333126,1.0,False,False,false_insufficient
v3_scenario_context,contamination_asymmetric_eps_0p001,normal_contamination_asymmetric,40,acceptable,200,0,0.0,1.734723475976807e-18,0.018845326377266575,,,,,,,False,False,false_safe
v3_scenario_context,contamination_asymmetric_eps_0p001,normal_contamination_asymmetric,40,insufficient,200,7,0.035,0.017055542008567192,0.07047061152229073,0.0,5.551115123125783e-17,0.35433043506668743,1.0,0.6456695649333126,1.0,False,False,false_insufficient
v2,contamination_asymmetric_eps_0p001,normal_contamination_asymmetric,50,insufficient,200,11,0.055,0.03098534170345884,0.0957869987723084,0.0,0.0,0.2588329669680317,1.0,0.7411670330319684,1.0,False,False,false_insufficient
v3_default,contamination_asymmetric_eps_0p001,normal_contamination_asymmetric,50,acceptable,200,0,0.0,1.734723475976807e-18,0.018845326377266575,,,,,,,False,False,false_safe
v3_default,contamination_asymmetric_eps_0p001,normal_contamination_asymmetric,50,insufficient,200,4,0.02,0.0078044264163494685,0.050287086905826436,0.0,0.0,0.4898908364545973,1.0,0.5101091635454027,1.0,False,False,false_insufficient
v3_scenario_context,contamination_asymmetric_eps_0p001,normal_contamination_asymmetric,50,acceptable,200,0,0.0,1.734723475976807e-18,0.018845326377266575,,,,,,,False,False,false_safe
v3_scenario_context,contamination_asymmetric_eps_0p001,normal_contamination_asymmetric,50,insufficient,200,4,0.02,0.0078044264163494685,0.050287086905826436,0.0,0.0,0.4898908364545973,1.0,0.5101091635454027,1.0,False,False,false_insufficient
v2,contamination_asymmetric_eps_0p001,normal_contamination_asymmetric,80,insufficient,200,11,0.055,0.03098534170345884,0.0957869987723084,0.0,0.0,0.2588329669680317,1.0,0.7411670330319684,1.0,False,False,false_insufficient
v3_default,contamination_asymmetric_eps_0p001,normal_contamination_asymmetric,80,acceptable,200,0,0.0,1.734723475976807e-18,0.018845326377266575,,,,,,,False,False,false_safe
v3_default,contamination_asymmetric_eps_0p001,normal_contamination_asymmetric,80,insufficient,200,10,0.05,0.02738264560076393,0.08957814813877599,0.0,0.0,0.2775327998628892,1.0,0.7224672001371107,0.9999999999999999,False,False,false_insufficient
v3_scenario_context,contamination_asymmetric_eps_0p001,normal_contamination_asymmetric,80,acceptable,200,0,0.0,1.734723475976807e-18,0.018845326377266575,,,,,,,False,False,false_safe
v3_scenario_context,contamination_asymmetric_eps_0p001,normal_contamination_asymmetric,80,insufficient,200,10,0.05,0.02738264560076393,0.08957814813877599,0.0,0.0,0.2775327998628892,1.0,0.7224672001371107,0.9999999999999999,False,False,false_insufficient
v2,contamination_asymmetric_eps_0p001,normal_contamination_asymmetric,100,insufficient,5000,477,0.0954,0.08756516763547541,0.10385605677846481,0.031446540880503145,0.019148026645175203,0.051231634259467404,0.9685534591194969,0.9487683657405326,0.9808519733548249,True,True,false_insufficient
v3_default,contamination_asymmetric_eps_0p001,normal_contamination_asymmetric,100,acceptable,5000,0,0.0,0.0,0.0007677019450571244,,,,,,,False,True,false_safe
v3_default,contamination_asymmetric_eps_0p001,normal_contamination_asymmetric,100,insufficient,5000,471,0.0942,0.08641201089382725,0.10261105600478113,0.029723991507430998,0.017787063179323253,0.0492699686556283,0.970276008492569,0.9507300313443717,0.9822129368206768,True,True,false_insufficient
v3_scenario_context,contamination_asymmetric_eps_0p001,normal_contamination_asymmetric,100,acceptable,5000,0,0.0,0.0,0.0007677019450571244,,,,,,,False,True,false_safe
v3_scenario_context,contamination_asymmetric_eps_0p001,normal_contamination_asymmetric,100,insufficient,5000,471,0.0942,0.08641201089382725,0.10261105600478113,0.029723991507430998,0.017787063179323253,0.0492699686556283,0.970276008492569,0.9507300313443717,0.9822129368206768,True,True,false_insufficient
v2,contamination_asymmetric_eps_0p001,normal_contamination_asymmetric,200,acceptable,200,150,0.75,0.6856590168795417,0.8049183199318249,0.07333333333333333,0.041438815160384994,0.12653579336704038,0.9266666666666666,0.8734642066329596,0.9585611848396149,False,False,false_safe
v2,contamination_asymmetric_eps_0p001,normal_contamination_asymmetric,200,insufficient,200,21,0.105,0.06970748792681017,0.1551803199112304,0.047619047619047616,0.008455987809826399,0.22669360074122563,0.9523809523809523,0.7733063992587743,0.9915440121901737,False,False,false_insufficient
v3_default,contamination_asymmetric_eps_0p001,normal_contamination_asymmetric,200,acceptable,200,0,0.0,1.734723475976807e-18,0.018845326377266575,,,,,,,False,False,false_safe
v3_default,contamination_asymmetric_eps_0p001,normal_contamination_asymmetric,200,insufficient,200,22,0.11,0.07377244460125303,0.1609269099730149,0.045454545454545456,0.00806942762126385,0.21798045838657332,0.9545454545454546,0.7820195416134267,0.991930572378736,False,False,false_insufficient
v3_scenario_context,contamination_asymmetric_eps_0p001,normal_contamination_asymmetric,200,acceptable,200,0,0.0,1.734723475976807e-18,0.018845326377266575,,,,,,,False,False,false_safe
v3_scenario_context,contamination_asymmetric_eps_0p001,normal_contamination_asymmetric,200,insufficient,200,22,0.11,0.07377244460125303,0.1609269099730149,0.045454545454545456,0.00806942762126385,0.21798045838657332,0.9545454545454546,0.7820195416134267,0.991930572378736,False,False,false_insufficient
v2,contamination_asymmetric_eps_0p001,normal_contamination_asymmetric,500,insufficient,200,17,0.085,0.05374575017747561,0.13189587071565567,0.058823529411764705,0.010460400984997592,0.26982030637575405,0.9411764705882353,0.7301796936242461,0.9895395990150025,False,False,false_insufficient
v3_default,contamination_asymmetric_eps_0p001,normal_contamination_asymmetric,500,acceptable,200,0,0.0,1.734723475976807e-18,0.018845326377266575,,,,,,,False,False,false_safe
v3_default,contamination_asymmetric_eps_0p001,normal_contamination_asymmetric,500,insufficient,200,25,0.125,0.08611974475712644,0.17801425002582347,0.04,0.007096233501987265,0.19544063736193734,0.96,0.8045593626380625,0.9929037664980127,False,False,false_insufficient
v3_scenario_context,contamination_asymmetric_eps_0p001,normal_contamination_asymmetric,500,acceptable,200,0,0.0,1.734723475976807e-18,0.018845326377266575,,,,,,,False,False,false_safe
v3_scenario_context,contamination_asymmetric_eps_0p001,normal_contamination_asymmetric,500,insufficient,200,25,0.125,0.08611974475712644,0.17801425002582347,0.04,0.007096233501987265,0.19544063736193734,0.96,0.8045593626380625,0.9929037664980127,False,False,false_insufficient
v3_default,contamination_asymmetric_eps_0p001,normal_contamination_asymmetric,750,acceptable,200,0,0.0,1.734723475976807e-18,0.018845326377266575,,,,,,,False,False,false_safe
v3_default,contamination_asymmetric_eps_0p001,normal_contamination_asymmetric,750,insufficient,200,19,0.095,0.06166310271738653,0.1436016116481994,0.05263157894736842,0.009351994062300362,0.24638731166898786,0.9473684210526315,0.753612688331012,0.9906480059376995,False,False,false_insufficient
v3_scenario_context,contamination_asymmetric_eps_0p001,normal_contamination_asymmetric,750,acceptable,200,0,0.0,1.734723475976807e-18,0.018845326377266575,,,,,,,False,False,false_safe
v3_scenario_context,contamination_asymmetric_eps_0p001,normal_contamination_asymmetric,750,insufficient,200,19,0.095,0.06166310271738653,0.1436016116481994,0.05263157894736842,0.009351994062300362,0.24638731166898786,0.9473684210526315,0.753612688331012,0.9906480059376995,False,False,false_insufficient
v2,contamination_asymmetric_eps_0p001,normal_contamination_asymmetric,2000,acceptable,200,13,0.065,0.03837635464915299,0.10801907929906895,0.15384615384615385,0.043258178358081184,0.4223463101948254,0.8461538461538461,0.5776536898051745,0.9567418216419186,False,False,false_safe
v3_default,contamination_asymmetric_eps_0p001,normal_contamination_asymmetric,2000,acceptable,200,0,0.0,1.734723475976807e-18,0.018845326377266575,,,,,,,False,False,false_safe
v3_scenario_context,contamination_asymmetric_eps_0p001,normal_contamination_asymmetric,2000,acceptable,200,0,0.0,1.734723475976807e-18,0.018845326377266575,,,,,,,False,False,false_safe
v3_default,contamination_asymmetric_eps_0p005,normal_contamination_asymmetric,5,acceptable,200,0,0.0,1.734723475976807e-18,0.018845326377266575,,,,,,,False,False,false_safe
v3_scenario_context,contamination_asymmetric_eps_0p005,normal_contamination_asymmetric,5,acceptable,200,0,0.0,1.734723475976807e-18,0.018845326377266575,,,,,,,False,False,false_safe
v2,contamination_asymmetric_eps_0p005,normal_contamination_asymmetric,8,insufficient,200,52,0.26,0.20413830063574687,0.32490745602534116,0.019230769230769232,0.0034028080709451597,0.10120511127892247,0.9807692307692307,0.8987948887210774,0.9965971919290547,False,False,false_insufficient
v3_default,contamination_asymmetric_eps_0p005,normal_contamination_asymmetric,8,acceptable,200,0,0.0,1.734723475976807e-18,0.018845326377266575,,,,,,,False,False,false_safe
v3_scenario_context,contamination_asymmetric_eps_0p005,normal_contamination_asymmetric,8,acceptable,200,0,0.0,1.734723475976807e-18,0.018845326377266575,,,,,,,False,False,false_safe
v2,contamination_asymmetric_eps_0p005,normal_contamination_asymmetric,10,insufficient,200,55,0.275,0.21779700329307355,0.34068339357669647,0.03636363636363636,0.01002954128933356,0.12323463974651017,0.9636363636363636,0.8767653602534898,0.9899704587106665,False,False,false_insufficient
v3_default,contamination_asymmetric_eps_0p005,normal_contamination_asymmetric,10,acceptable,200,0,0.0,1.734723475976807e-18,0.018845326377266575,,,,,,,False,False,false_safe
v3_scenario_context,contamination_asymmetric_eps_0p005,normal_contamination_asymmetric,10,acceptable,200,0,0.0,1.734723475976807e-18,0.018845326377266575,,,,,,,False,False,false_safe
v2,contamination_asymmetric_eps_0p005,normal_contamination_asymmetric,15,insufficient,200,49,0.245,0.1905686808903718,0.30904243556203415,0.04081632653061224,0.011265633366185787,0.13713032306080064,0.9591836734693877,0.8628696769391992,0.9887343666338142,False,False,false_insufficient
v3_default,contamination_asymmetric_eps_0p005,normal_contamination_asymmetric,15,acceptable,200,0,0.0,1.734723475976807e-18,0.018845326377266575,,,,,,,False,False,false_safe
v3_default,contamination_asymmetric_eps_0p005,normal_contamination_asymmetric,15,insufficient,200,12,0.06,0.03465219425433187,0.1019316929576627,0.0,2.7755575615628914e-17,0.24249400665524085,1.0,0.7575059933447592,1.0,False,False,false_insufficient
v3_scenario_context,contamination_asymmetric_eps_0p005,normal_contamination_asymmetric,15,acceptable,200,0,0.0,1.734723475976807e-18,0.018845326377266575,,,,,,,False,False,false_safe
v3_scenario_context,contamination_asymmetric_eps_0p005,normal_contamination_asymmetric,15,insufficient,200,12,0.06,0.03465219425433187,0.1019316929576627,0.0,2.7755575615628914e-17,0.24249400665524085,1.0,0.7575059933447592,1.0,False,False,false_insufficient
v2,contamination_asymmetric_eps_0p005,normal_contamination_asymmetric,20,insufficient,200,40,0.2,0.15045200926098115,0.2608551865653788,0.0,0.0,0.08762160119728664,1.0,0.9123783988027135,1.0000000000000002,False,False,false_insufficient
v3_default,contamination_asymmetric_eps_0p005,normal_contamination_asymmetric,20,acceptable,200,0,0.0,1.734723475976807e-18,0.018845326377266575,,,,,,,False,False,false_safe
v3_default,contamination_asymmetric_eps_0p005,normal_contamination_asymmetric,20,insufficient,200,11,0.055,0.03098534170345884,0.0957869987723084,0.0,0.0,0.2588329669680317,1.0,0.7411670330319684,1.0,False,False,false_insufficient
v3_scenario_context,contamination_asymmetric_eps_0p005,normal_contamination_asymmetric,20,acceptable,200,0,0.0,1.734723475976807e-18,0.018845326377266575,,,,,,,False,False,false_safe
v3_scenario_context,contamination_asymmetric_eps_0p005,normal_contamination_asymmetric,20,insufficient,200,11,0.055,0.03098534170345884,0.0957869987723084,0.0,0.0,0.2588329669680317,1.0,0.7411670330319684,1.0,False,False,false_insufficient
v2,contamination_asymmetric_eps_0p005,normal_contamination_asymmetric,30,insufficient,200,34,0.17,0.12427907912586969,0.22815883628312625,0.029411764705882353,0.0052109062762689395,0.1491557329268593,0.9705882352941176,0.8508442670731406,0.9947890937237309,False,False,false_insufficient
v3_default,contamination_asymmetric_eps_0p005,normal_contamination_asymmetric,30,acceptable,200,0,0.0,1.734723475976807e-18,0.018845326377266575,,,,,,,False,False,false_safe
v3_default,contamination_asymmetric_eps_0p005,normal_contamination_asymmetric,30,insufficient,200,18,0.09,0.05768744886219316,0.13776571876716542,0.0,0.0,0.17587922364665765,1.0,0.8241207763533425,1.0,False,False,false_insufficient
v3_scenario_context,contamination_asymmetric_eps_0p005,normal_contamination_asymmetric,30,acceptable,200,0,0.0,1.734723475976807e-18,0.018845326377266575,,,,,,,False,False,false_safe
v3_scenario_context,contamination_asymmetric_eps_0p005,normal_contamination_asymmetric,30,insufficient,200,18,0.09,0.05768744886219316,0.13776571876716542,0.0,0.0,0.17587922364665765,1.0,0.8241207763533425,1.0,False,False,false_insufficient
v2,contamination_asymmetric_eps_0p005,normal_contamination_asymmetric,40,insufficient,200,41,0.205,0.15486176203836208,0.26625698052422514,0.0,-6.938893903907228e-18,0.08566757018443186,1.0,0.9143324298155681,0.9999999999999999,False,False,false_insufficient
v3_default,contamination_asymmetric_eps_0p005,normal_contamination_asymmetric,40,acceptable,200,0,0.0,1.734723475976807e-18,0.018845326377266575,,,,,,,False,False,false_safe
v3_default,contamination_asymmetric_eps_0p005,normal_contamination_asymmetric,40,insufficient,200,39,0.195,0.1460552053440051,0.25544044374612745,0.0,-6.938893903907228e-18,0.08966685370757144,1.0,0.9103331462924287,1.0,False,False,false_insufficient
v3_scenario_context,contamination_asymmetric_eps_0p005,normal_contamination_asymmetric,40,acceptable,200,0,0.0,1.734723475976807e-18,0.018845326377266575,,,,,,,False,False,false_safe
v3_scenario_context,contamination_asymmetric_eps_0p005,normal_contamination_asymmetric,40,insufficient,200,39,0.195,0.1460552053440051,0.25544044374612745,0.0,-6.938893903907228e-18,0.08966685370757144,1.0,0.9103331462924287,1.0,False,False,false_insufficient
v2,contamination_asymmetric_eps_0p005,normal_contamination_asymmetric,50,insufficient,200,48,0.24,0.1860661599241369,0.30373340979204166,0.0,6.938893903907228e-18,0.07410012966611748,1.0,0.9258998703338824,0.9999999999999999,False,False,false_insufficient
v3_default,contamination_asymmetric_eps_0p005,normal_contamination_asymmetric,50,acceptable,200,0,0.0,1.734723475976807e-18,0.018845326377266575,,,,,,,False,False,false_safe
v3_default,contamination_asymmetric_eps_0p005,normal_contamination_asymmetric,50,insufficient,200,43,0.215,0.1637187625450758,0.27702307348996613,0.0,0.0,0.08200980322579117,1.0,0.9179901967742088,1.0,False,False,false_insufficient
v3_scenario_context,contamination_asymmetric_eps_0p005,normal_contamination_asymmetric,50,acceptable,200,0,0.0,1.734723475976807e-18,0.018845326377266575,,,,,,,False,False,false_safe
v3_scenario_context,contamination_asymmetric_eps_0p005,normal_contamination_asymmetric,50,insufficient,200,43,0.215,0.1637187625450758,0.27702307348996613,0.0,0.0,0.08200980322579117,1.0,0.9179901967742088,1.0,False,False,false_insufficient
v2,contamination_asymmetric_eps_0p005,normal_contamination_asymmetric,80,acceptable,200,128,0.64,0.5714152816600309,0.7033080269543346,0.0703125,0.03742976830393997,0.12823480349360633,0.9296875,0.8717651965063937,0.96257023169606,False,False,false_safe
v2,contamination_asymmetric_eps_0p005,normal_contamination_asymmetric,80,insufficient,200,62,0.31,0.2499894483607809,0.37717177566258037,0.016129032258064516,0.002852867168621827,0.08586720260689992,0.9838709677419355,0.9141327973931,0.9971471328313782,False,False,false_insufficient
v3_default,contamination_asymmetric_eps_0p005,normal_contamination_asymmetric,80,acceptable,200,0,0.0,1.734723475976807e-18,0.018845326377266575,,,,,,,False,False,false_safe
v3_default,contamination_asymmetric_eps_0p005,normal_contamination_asymmetric,80,insufficient,200,62,0.31,0.2499894483607809,0.37717177566258037,0.016129032258064516,0.002852867168621827,0.08586720260689992,0.9838709677419355,0.9141327973931,0.9971471328313782,False,False,false_insufficient
v3_scenario_context,contamination_asymmetric_eps_0p005,normal_contamination_asymmetric,80,acceptable,200,0,0.0,1.734723475976807e-18,0.018845326377266575,,,,,,,False,False,false_safe
v3_scenario_context,contamination_asymmetric_eps_0p005,normal_contamination_asymmetric,80,insufficient,200,62,0.31,0.2499894483607809,0.37717177566258037,0.016129032258064516,0.002852867168621827,0.08586720260689992,0.9838709677419355,0.9141327973931,0.9971471328313782,False,False,false_insufficient
v2,contamination_asymmetric_eps_0p005,normal_contamination_asymmetric,100,acceptable,5000,2711,0.5422,0.5283632782389289,0.5559719277169084,0.08188860199188491,0.07214907599254508,0.09281137035898254,0.918111398008115,0.9071886296410174,0.9278509240074548,True,True,false_safe
v2,contamination_asymmetric_eps_0p005,normal_contamination_asymmetric,100,insufficient,5000,2011,0.4022,0.38868875808366476,0.41586140441678854,0.018896071606166086,0.013797730551680102,0.02582894005863486,0.9811039283938339,0.9741710599413651,0.9862022694483199,True,True,false_insufficient
v3_default,contamination_asymmetric_eps_0p005,normal_contamination_asymmetric,100,acceptable,5000,0,0.0,0.0,0.0007677019450571244,,,,,,,False,True,false_safe
v3_default,contamination_asymmetric_eps_0p005,normal_contamination_asymmetric,100,insufficient,5000,1988,0.3976,0.38411831298225696,0.4112389123760909,0.019114688128772636,0.01395771534751223,0.02612652854003377,0.9808853118712274,0.9738734714599663,0.9860422846524878,True,True,false_insufficient
v3_scenario_context,contamination_asymmetric_eps_0p005,normal_contamination_asymmetric,100,acceptable,5000,0,0.0,0.0,0.0007677019450571244,,,,,,,False,True,false_safe
v3_scenario_context,contamination_asymmetric_eps_0p005,normal_contamination_asymmetric,100,insufficient,5000,1988,0.3976,0.38411831298225696,0.4112389123760909,0.019114688128772636,0.01395771534751223,0.02612652854003377,0.9808853118712274,0.9738734714599663,0.9860422846524878,True,True,false_insufficient
v2,contamination_asymmetric_eps_0p005,normal_contamination_asymmetric,200,acceptable,200,48,0.24,0.1860661599241369,0.30373340979204166,0.16666666666666666,0.08695513576485567,0.295778284012556,0.8333333333333334,0.7042217159874441,0.9130448642351444,False,False,false_safe
v2,contamination_asymmetric_eps_0p005,normal_contamination_asymmetric,200,insufficient,200,136,0.68,0.6124810156588646,0.7407346668453195,0.007352941176470588,0.001299156036095813,0.04047285399552214,0.9926470588235294,0.9595271460044779,0.9987008439639042,False,False,false_insufficient
v3_default,contamination_asymmetric_eps_0p005,normal_contamination_asymmetric,200,acceptable,200,0,0.0,1.734723475976807e-18,0.018845326377266575,,,,,,,False,False,false_safe
v3_default,contamination_asymmetric_eps_0p005,normal_contamination_asymmetric,200,insufficient,200,136,0.68,0.6124810156588646,0.7407346668453195,0.007352941176470588,0.001299156036095813,0.04047285399552214,0.9926470588235294,0.9595271460044779,0.9987008439639042,False,False,false_insufficient
v3_scenario_context,contamination_asymmetric_eps_0p005,normal_contamination_asymmetric,200,acceptable,200,0,0.0,1.734723475976807e-18,0.018845326377266575,,,,,,,False,False,false_safe
v3_scenario_context,contamination_asymmetric_eps_0p005,normal_contamination_asymmetric,200,insufficient,200,136,0.68,0.6124810156588646,0.7407346668453195,0.007352941176470588,0.001299156036095813,0.04047285399552214,0.9926470588235294,0.9595271460044779,0.9987008439639042,False,False,false_insufficient
v2,contamination_asymmetric_eps_0p005,normal_contamination_asymmetric,500,acceptable,200,11,0.055,0.03098534170345884,0.0957869987723084,0.2727272727272727,0.09746059290024889,0.5656453011761291,0.7272727272727273,0.43435469882387084,0.902539407099751,False,False,false_safe
v2,contamination_asymmetric_eps_0p005,normal_contamination_asymmetric,500,insufficient,200,140,0.7,0.6332093162728074,0.7592525531762859,0.0,1.734723475976807e-18,0.026706200369412993,1.0,0.9732937996305869,0.9999999999999999,False,False,false_insufficient
v3_default,contamination_asymmetric_eps_0p005,normal_contamination_asymmetric,500,acceptable,200,0,0.0,1.734723475976807e-18,0.018845326377266575,,,,,,,False,False,false_safe
v3_default,contamination_asymmetric_eps_0p005,normal_contamination_asymmetric,500,insufficient,200,145,0.725,0.6593166064233035,0.7822029967069265,0.0,1.734723475976807e-18,0.02580906456528246,1.0,0.9741909354347176,1.0,False,False,false_insufficient
v3_scenario_context,contamination_asymmetric_eps_0p005,normal_contamination_asymmetric,500,acceptable,200,0,0.0,1.734723475976807e-18,0.018845326377266575,,,,,,,False,False,false_safe
v3_scenario_context,contamination_asymmetric_eps_0p005,normal_contamination_asymmetric,500,insufficient,200,145,0.725,0.6593166064233035,0.7822029967069265,0.0,1.734723475976807e-18,0.02580906456528246,1.0,0.9741909354347176,1.0,False,False,false_insufficient
v2,contamination_asymmetric_eps_0p005,normal_contamination_asymmetric,750,acceptable,200,3,0.015,0.00511423779325831,0.04316572879269026,0.6666666666666666,0.2076596008020477,0.9385080552796037,0.3333333333333333,0.06149194472039621,0.7923403991979522,False,False,false_safe
v3_default,contamination_asymmetric_eps_0p005,normal_contamination_asymmetric,750,acceptable,200,0,0.0,1.734723475976807e-18,0.018845326377266575,,,,,,,False,False,false_safe
v3_default,contamination_asymmetric_eps_0p005,normal_contamination_asymmetric,750,insufficient,200,166,0.83,0.7718411637168737,0.8757209208741302,0.060240963855421686,0.03304743761879114,0.10732735064691815,0.9397590361445783,0.8926726493530818,0.9669525623812089,False,False,false_insufficient
v3_scenario_context,contamination_asymmetric_eps_0p005,normal_contamination_asymmetric,750,acceptable,200,0,0.0,1.734723475976807e-18,0.018845326377266575,,,,,,,False,False,false_safe
v3_scenario_context,contamination_asymmetric_eps_0p005,normal_contamination_asymmetric,750,insufficient,200,166,0.83,0.7718411637168737,0.8757209208741302,0.060240963855421686,0.03304743761879114,0.10732735064691815,0.9397590361445783,0.8926726493530818,0.9669525623812089,False,False,false_insufficient
v2,contamination_asymmetric_eps_0p005,normal_contamination_asymmetric,2000,acceptable,200,0,0.0,1.734723475976807e-18,0.018845326377266575,,,,,,,False,False,false_safe
v3_default,contamination_asymmetric_eps_0p005,normal_contamination_asymmetric,2000,acceptable,200,0,0.0,1.734723475976807e-18,0.018845326377266575,,,,,,,False,False,false_safe
v3_default,contamination_asymmetric_eps_0p005,normal_contamination_asymmetric,2000,insufficient,200,193,0.965,0.9295293884777092,0.9829444579914328,0.06217616580310881,0.03592166221486093,0.1055193684882052,0.9378238341968912,0.8944806315117948,0.964078337785139,False,False,false_insufficient
v3_scenario_context,contamination_asymmetric_eps_0p005,normal_contamination_asymmetric,2000,acceptable,200,0,0.0,1.734723475976807e-18,0.018845326377266575,,,,,,,False,False,false_safe
v3_scenario_context,contamination_asymmetric_eps_0p005,normal_contamination_asymmetric,2000,insufficient,200,193,0.965,0.9295293884777092,0.9829444579914328,0.06217616580310881,0.03592166221486093,0.1055193684882052,0.9378238341968912,0.8944806315117948,0.964078337785139,False,False,false_insufficient
v2,contamination_asymmetric_eps_0p01,normal_contamination_asymmetric,5,insufficient,200,79,0.395,0.32984101013207967,0.46411650840714636,0.02531645569620253,0.006970367306584818,0.08768584628891136,0.9746835443037974,0.9123141537110886,0.9930296326934152,False,False,false_insufficient
v3_default,contamination_asymmetric_eps_0p01,normal_contamination_asymmetric,5,acceptable,200,0,0.0,1.734723475976807e-18,0.018845326377266575,,,,,,,False,False,false_safe
v3_scenario_context,contamination_asymmetric_eps_0p01,normal_contamination_asymmetric,5,acceptable,200,0,0.0,1.734723475976807e-18,0.018845326377266575,,,,,,,False,False,false_safe
v3_default,contamination_asymmetric_eps_0p01,normal_contamination_asymmetric,8,acceptable,200,0,0.0,1.734723475976807e-18,0.018845326377266575,,,,,,,False,False,false_safe
v3_scenario_context,contamination_asymmetric_eps_0p01,normal_contamination_asymmetric,8,acceptable,200,0,0.0,1.734723475976807e-18,0.018845326377266575,,,,,,,False,False,false_safe
v2,contamination_asymmetric_eps_0p01,normal_contamination_asymmetric,10,insufficient,200,56,0.28,0.22236889773949026,0.3459230458665071,0.05357142857142857,0.018385781382109126,0.14607309068821533,0.9464285714285714,0.8539269093117847,0.9816142186178909,False,False,false_insufficient
v3_default,contamination_asymmetric_eps_0p01,normal_contamination_asymmetric,10,acceptable,200,0,0.0,1.734723475976807e-18,0.018845326377266575,,,,,,,False,False,false_safe
v3_scenario_context,contamination_asymmetric_eps_0p01,normal_contamination_asymmetric,10,acceptable,200,0,0.0,1.734723475976807e-18,0.018845326377266575,,,,,,,False,False,false_safe
v2,contamination_asymmetric_eps_0p01,normal_contamination_asymmetric,15,acceptable,200,146,0.73,0.6645656480133157,0.7867655018531416,0.11643835616438356,0.07398186903449244,0.1785614465373122,0.8835616438356164,0.8214385534626878,0.9260181309655076,False,False,false_safe
v2,contamination_asymmetric_eps_0p01,normal_contamination_asymmetric,15,insufficient,200,54,0.27,0.21323449814685846,0.33543435198668425,0.018518518518518517,0.003276487718229061,0.09771437488781931,0.9814814814814815,0.9022856251121808,0.9967235122817709,False,False,false_insufficient
v3_default,contamination_asymmetric_eps_0p01,normal_contamination_asymmetric,15,acceptable,200,0,0.0,1.734723475976807e-18,0.018845326377266575,,,,,,,False,False,false_safe
v3_default,contamination_asymmetric_eps_0p01,normal_contamination_asymmetric,15,insufficient,200,21,0.105,0.06970748792681017,0.1551803199112304,0.0,-1.3877787807814457e-17,0.154639018924847,1.0,0.8453609810751531,1.0,False,False,false_insufficient
v3_scenario_context,contamination_asymmetric_eps_0p01,normal_contamination_asymmetric,15,acceptable,200,0,0.0,1.734723475976807e-18,0.018845326377266575,,,,,,,False,False,false_safe
v3_scenario_context,contamination_asymmetric_eps_0p01,normal_contamination_asymmetric,15,insufficient,200,21,0.105,0.06970748792681017,0.1551803199112304,0.0,-1.3877787807814457e-17,0.154639018924847,1.0,0.8453609810751531,1.0,False,False,false_insufficient
v2,contamination_asymmetric_eps_0p01,normal_contamination_asymmetric,20,acceptable,200,156,0.78,0.7176120008170632,0.8318346164116674,0.08333333333333333,0.049345650854239156,0.13734845867693996,0.9166666666666666,0.86265154132306,0.9506543491457609,False,False,false_safe
v2,contamination_asymmetric_eps_0p01,normal_contamination_asymmetric,20,insufficient,200,44,0.22,0.16816538358833258,0.28238799918293667,0.0,0.0,0.08029560375848066,1.0,0.9197043962415192,1.0,False,False,false_insufficient
v3_default,contamination_asymmetric_eps_0p01,normal_contamination_asymmetric,20,acceptable,200,0,0.0,1.734723475976807e-18,0.018845326377266575,,,,,,,False,False,false_safe
v3_default,contamination_asymmetric_eps_0p01,normal_contamination_asymmetric,20,insufficient,200,23,0.115,0.07786373232561955,0.16664716898487572,0.0,0.0,0.14311661845042686,1.0,0.8568833815495731,1.0,False,False,false_insufficient
v3_scenario_context,contamination_asymmetric_eps_0p01,normal_contamination_asymmetric,20,acceptable,200,0,0.0,1.734723475976807e-18,0.018845326377266575,,,,,,,False,False,false_safe
v3_scenario_context,contamination_asymmetric_eps_0p01,normal_contamination_asymmetric,20,insufficient,200,23,0.115,0.07786373232561955,0.16664716898487572,0.0,0.0,0.14311661845042686,1.0,0.8568833815495731,1.0,False,False,false_insufficient
v2,contamination_asymmetric_eps_0p01,normal_contamination_asymmetric,30,insufficient,200,62,0.31,0.2499894483607809,0.37717177566258037,0.0,0.0,0.058344072101372484,1.0,0.9416559278986275,0.9999999999999999,False,False,false_insufficient
v3_default,contamination_asymmetric_eps_0p01,normal_contamination_asymmetric,30,acceptable,200,0,0.0,1.734723475976807e-18,0.018845326377266575,,,,,,,False,False,false_safe
v3_default,contamination_asymmetric_eps_0p01,normal_contamination_asymmetric,30,insufficient,200,47,0.235,0.18157433415232588,0.29841368882762537,0.0,-6.938893903907228e-18,0.07555760416399632,1.0,0.9244423958360037,1.0,False,False,false_insufficient
v3_scenario_context,contamination_asymmetric_eps_0p01,normal_contamination_asymmetric,30,acceptable,200,0,0.0,1.734723475976807e-18,0.018845326377266575,,,,,,,False,False,false_safe
v3_scenario_context,contamination_asymmetric_eps_0p01,normal_contamination_asymmetric,30,insufficient,200,47,0.235,0.18157433415232588,0.29841368882762537,0.0,-6.938893903907228e-18,0.07555760416399632,1.0,0.9244423958360037,1.0,False,False,false_insufficient
v2,contamination_asymmetric_eps_0p01,normal_contamination_asymmetric,40,acceptable,200,126,0.63,0.5612262992405018,0.6938739159014088,0.09523809523809523,0.05532161543536931,0.15910495581212467,0.9047619047619048,0.8408950441878753,0.9446783845646307,False,False,false_safe
v2,contamination_asymmetric_eps_0p01,normal_contamination_asymmetric,40,insufficient,200,69,0.345,0.2825979437674894,0.4132441074094632,0.014492753623188406,0.002562924644588474,0.07763122461144727,0.9855072463768116,0.9223687753885529,0.9974370753554117,False,False,false_insufficient
v3_default,contamination_asymmetric_eps_0p01,normal_contamination_asymmetric,40,acceptable,200,0,0.0,1.734723475976807e-18,0.018845326377266575,,,,,,,False,False,false_safe
v3_default,contamination_asymmetric_eps_0p01,normal_contamination_asymmetric,40,insufficient,200,64,0.32,0.25926533315468053,0.38751898434113546,0.015625,0.002763541923337505,0.08334101600094265,0.984375,0.9166589839990573,0.9972364580766624,False,False,false_insufficient
v3_scenario_context,contamination_asymmetric_eps_0p01,normal_contamination_asymmetric,40,acceptable,200,0,0.0,1.734723475976807e-18,0.018845326377266575,,,,,,,False,False,false_safe
v3_scenario_context,contamination_asymmetric_eps_0p01,normal_contamination_asymmetric,40,insufficient,200,64,0.32,0.25926533315468053,0.38751898434113546,0.015625,0.002763541923337505,0.08334101600094265,0.984375,0.9166589839990573,0.9972364580766624,False,False,false_insufficient
v2,contamination_asymmetric_eps_0p01,normal_contamination_asymmetric,50,acceptable,200,127,0.635,0.566317026527406,0.698594735350732,0.09448818897637795,0.05487919864648995,0.15790854517443625,0.905511811023622,0.8420914548255637,0.9451208013535101,False,False,false_safe
v2,contamination_asymmetric_eps_0p01,normal_contamination_asymmetric,50,insufficient,200,67,0.335,0.2732408697841632,0.40297808792033485,0.014925373134328358,0.0026395717340788882,0.07981862319778105,0.9850746268656716,0.9201813768022187,0.997360428265921,False,False,false_insufficient
v3_default,contamination_asymmetric_eps_0p01,normal_contamination_asymmetric,50,acceptable,200,0,0.0,1.734723475976807e-18,0.018845326377266575,,,,,,,False,False,false_safe
v3_default,contamination_asymmetric_eps_0p01,normal_contamination_asymmetric,50,insufficient,200,65,0.325,0.2639157153923429,0.3926801488397004,0.015384615384615385,0.0027209446020234687,0.08213284729551473,0.9846153846153847,0.9178671527044854,0.9972790553979766,False,False,false_insufficient
v3_scenario_context,contamination_asymmetric_eps_0p01,normal_contamination_asymmetric,50,acceptable,200,0,0.0,1.734723475976807e-18,0.018845326377266575,,,,,,,False,False,false_safe
v3_scenario_context,contamination_asymmetric_eps_0p01,normal_contamination_asymmetric,50,insufficient,200,65,0.325,0.2639157153923429,0.3926801488397004,0.015384615384615385,0.0027209446020234687,0.08213284729551473,0.9846153846153847,0.9178671527044854,0.9972790553979766,False,False,false_insufficient
v2,contamination_asymmetric_eps_0p01,normal_contamination_asymmetric,80,acceptable,200,73,0.365,0.301405264649268,0.433682973472594,0.2191780821917808,0.13966120635950685,0.32677266112247905,0.7808219178082192,0.673227338877521,0.8603387936404931,False,False,false_safe
v2,contamination_asymmetric_eps_0p01,normal_contamination_asymmetric,80,insufficient,200,112,0.56,0.4907167533465867,0.6270218074881414,0.008928571428571428,0.001577854703292133,0.048848468308884896,0.9910714285714286,0.9511515316911152,0.9984221452967079,False,False,false_insufficient
v3_default,contamination_asymmetric_eps_0p01,normal_contamination_asymmetric,80,acceptable,200,0,0.0,1.734723475976807e-18,0.018845326377266575,,,,,,,False,False,false_safe
v3_default,contamination_asymmetric_eps_0p01,normal_contamination_asymmetric,80,insufficient,200,111,0.555,0.4857330241280342,0.6221939899704665,0.009009009009009009,0.0015920854870672164,0.04927333263527303,0.990990990990991,0.950726667364727,0.9984079145129328,False,False,false_insufficient
v3_scenario_context,contamination_asymmetric_eps_0p01,normal_contamination_asymmetric,80,acceptable,200,0,0.0,1.734723475976807e-18,0.018845326377266575,,,,,,,False,False,false_safe
v3_scenario_context,contamination_asymmetric_eps_0p01,normal_contamination_asymmetric,80,insufficient,200,111,0.555,0.4857330241280342,0.6221939899704665,0.009009009009009009,0.0015920854870672164,0.04927333263527303,0.990990990990991,0.950726667364727,0.9984079145129328,False,False,false_insufficient
v2,contamination_asymmetric_eps_0p01,normal_contamination_asymmetric,100,acceptable,5000,1676,0.3352,0.3222463244282717,0.3484067101328192,0.1718377088305489,0.154532781443546,0.19064351824592732,0.8281622911694511,0.8093564817540727,0.8454672185564539,True,True,false_safe
v2,contamination_asymmetric_eps_0p01,normal_contamination_asymmetric,100,insufficient,5000,3156,0.6312,0.6177306261174698,0.6444679288921473,0.012674271229404309,0.00932159865901627,0.017211839778741668,0.9873257287705957,0.9827881602212583,0.9906784013409837,True,True,false_insufficient
v3_default,contamination_asymmetric_eps_0p01,normal_contamination_asymmetric,100,acceptable,5000,0,0.0,0.0,0.0007677019450571244,,,,,,,False,True,false_safe
v3_default,contamination_asymmetric_eps_0p01,normal_contamination_asymmetric,100,insufficient,5000,3128,0.6256,0.6120937291655211,0.6389134241058807,0.01278772378516624,0.009405160999955323,0.017365497707738303,0.9872122762148338,0.9826345022922617,0.9905948390000446,True,True,false_insufficient
v3_scenario_context,contamination_asymmetric_eps_0p01,normal_contamination_asymmetric,100,acceptable,5000,0,0.0,0.0,0.0007677019450571244,,,,,,,False,True,false_safe
v3_scenario_context,contamination_asymmetric_eps_0p01,normal_contamination_asymmetric,100,insufficient,5000,3128,0.6256,0.6120937291655211,0.6389134241058807,0.01278772378516624,0.009405160999955323,0.017365497707738303,0.9872122762148338,0.9826345022922617,0.9905948390000446,True,True,false_insufficient
v2,contamination_asymmetric_eps_0p01,normal_contamination_asymmetric,200,acceptable,200,14,0.07,0.042152171828342806,0.11405480885610647,0.14285714285714285,0.040093921271464966,0.39941379496970353,0.8571428571428571,0.6005862050302965,0.9599060787285351,False,False,false_safe
v2,contamination_asymmetric_eps_0p01,normal_contamination_asymmetric,200,insufficient,200,176,0.88,0.8276574790170326,0.9180200729362449,0.022727272727272728,0.008872857577817753,0.056971019014065996,0.9772727272727273,0.9430289809859341,0.9911271424221823,False,False,false_insufficient
v3_default,contamination_asymmetric_eps_0p01,normal_contamination_asymmetric,200,acceptable,200,0,0.0,1.734723475976807e-18,0.018845326377266575,,,,,,,False,False,false_safe
v3_default,contamination_asymmetric_eps_0p01,normal_contamination_asymmetric,200,insufficient,200,176,0.88,0.8276574790170326,0.9180200729362449,0.022727272727272728,0.008872857577817753,0.056971019014065996,0.9772727272727273,0.9430289809859341,0.9911271424221823,False,False,false_insufficient
v3_scenario_context,contamination_asymmetric_eps_0p01,normal_contamination_asymmetric,200,acceptable,200,0,0.0,1.734723475976807e-18,0.018845326377266575,,,,,,,False,False,false_safe
v3_scenario_context,contamination_asymmetric_eps_0p01,normal_contamination_asymmetric,200,insufficient,200,176,0.88,0.8276574790170326,0.9180200729362449,0.022727272727272728,0.008872857577817753,0.056971019014065996,0.9772727272727273,0.9430289809859341,0.9911271424221823,False,False,false_insufficient
v2,contamination_asymmetric_eps_0p01,normal_contamination_asymmetric,500,acceptable,200,2,0.01,0.0027466581335444384,0.0357217617161768,0.5,0.09453120573423074,0.9054687942657693,0.5,0.09453120573423074,0.9054687942657693,False,False,false_safe
v2,contamination_asymmetric_eps_0p01,normal_contamination_asymmetric,500,insufficient,200,187,0.935,0.8919809207009312,0.961623645350847,0.026737967914438502,0.011473760074718398,0.06105481367559508,0.9732620320855615,0.9389451863244049,0.9885262399252817,False,False,false_insufficient
v3_default,contamination_asymmetric_eps_0p01,normal_contamination_asymmetric,500,acceptable,200,0,0.0,1.734723475976807e-18,0.018845326377266575,,,,,,,False,False,false_safe
v3_default,contamination_asymmetric_eps_0p01,normal_contamination_asymmetric,500,insufficient,200,190,0.95,0.9104218518612239,0.972617354399236,0.031578947368421054,0.014551684237534043,0.06717210651946641,0.968421052631579,0.9328278934805336,0.985448315762466,False,False,false_insufficient
v3_scenario_context,contamination_asymmetric_eps_0p01,normal_contamination_asymmetric,500,acceptable,200,0,0.0,1.734723475976807e-18,0.018845326377266575,,,,,,,False,False,false_safe
v3_scenario_context,contamination_asymmetric_eps_0p01,normal_contamination_asymmetric,500,insufficient,200,190,0.95,0.9104218518612239,0.972617354399236,0.031578947368421054,0.014551684237534043,0.06717210651946641,0.968421052631579,0.9328278934805336,0.985448315762466,False,False,false_insufficient
v2,contamination_asymmetric_eps_0p01,normal_contamination_asymmetric,750,acceptable,200,0,0.0,1.734723475976807e-18,0.018845326377266575,,,,,,,False,False,false_safe
v2,contamination_asymmetric_eps_0p01,normal_contamination_asymmetric,750,insufficient,200,198,0.99,0.9642782382838231,0.9972533418664555,0.05555555555555555,0.03130117438121367,0.09672732368691807,0.9444444444444444,0.903272676313082,0.9686988256187864,False,False,false_insufficient
v3_default,contamination_asymmetric_eps_0p01,normal_contamination_asymmetric,750,acceptable,200,0,0.0,1.734723475976807e-18,0.018845326377266575,,,,,,,False,False,false_safe
v3_default,contamination_asymmetric_eps_0p01,normal_contamination_asymmetric,750,insufficient,200,199,0.995,0.9722262956021069,0.9991168312843989,0.05527638190954774,0.03114245720959706,0.0962548656598722,0.9447236180904522,0.9037451343401277,0.9688575427904029,False,False,false_insufficient
v3_scenario_context,contamination_asymmetric_eps_0p01,normal_contamination_asymmetric,750,acceptable,200,0,0.0,1.734723475976807e-18,0.018845326377266575,,,,,,,False,False,false_safe
v3_scenario_context,contamination_asymmetric_eps_0p01,normal_contamination_asymmetric,750,insufficient,200,199,0.995,0.9722262956021069,0.9991168312843989,0.05527638190954774,0.03114245720959706,0.0962548656598722,0.9447236180904522,0.9037451343401277,0.9688575427904029,False,False,false_insufficient
v2,contamination_asymmetric_eps_0p01,normal_contamination_asymmetric,2000,acceptable,200,0,0.0,1.734723475976807e-18,0.018845326377266575,,,,,,,False,False,false_safe
v2,contamination_asymmetric_eps_0p01,normal_contamination_asymmetric,2000,insufficient,200,200,1.0,0.9811546736227335,1.0,0.05,0.02738264560076393,0.08957814813877599,0.95,0.9104218518612239,0.972617354399236,True,False,false_insufficient
v3_default,contamination_asymmetric_eps_0p01,normal_contamination_asymmetric,2000,acceptable,200,0,0.0,1.734723475976807e-18,0.018845326377266575,,,,,,,False,False,false_safe
v3_default,contamination_asymmetric_eps_0p01,normal_contamination_asymmetric,2000,insufficient,200,200,1.0,0.9811546736227335,1.0,0.05,0.02738264560076393,0.08957814813877599,0.95,0.9104218518612239,0.972617354399236,True,False,false_insufficient
v3_scenario_context,contamination_asymmetric_eps_0p01,normal_contamination_asymmetric,2000,acceptable,200,0,0.0,1.734723475976807e-18,0.018845326377266575,,,,,,,False,False,false_safe
v3_scenario_context,contamination_asymmetric_eps_0p01,normal_contamination_asymmetric,2000,insufficient,200,200,1.0,0.9811546736227335,1.0,0.05,0.02738264560076393,0.08957814813877599,0.95,0.9104218518612239,0.972617354399236,True,False,false_insufficient
v2,contamination_asymmetric_eps_0p025,normal_contamination_asymmetric,5,insufficient,200,91,0.455,0.387482193098835,0.524213886275119,0.04395604395604396,0.01722436644411733,0.10763093384266353,0.9560439560439561,0.8923690661573366,0.9827756335558827,False,False,false_insufficient
v3_default,contamination_asymmetric_eps_0p025,normal_contamination_asymmetric,5,acceptable,200,0,0.0,1.734723475976807e-18,0.018845326377266575,,,,,,,False,False,false_safe
v3_scenario_context,contamination_asymmetric_eps_0p025,normal_contamination_asymmetric,5,acceptable,200,0,0.0,1.734723475976807e-18,0.018845326377266575,,,,,,,False,False,false_safe
v2,contamination_asymmetric_eps_0p025,normal_contamination_asymmetric,8,insufficient,200,76,0.38,0.31559005848673627,0.44893281984380773,0.05263157894736842,0.020655429299384284,0.12765672575889647,0.9473684210526315,0.8723432742411035,0.9793445707006156,False,False,false_insufficient
v3_default,contamination_asymmetric_eps_0p025,normal_contamination_asymmetric,8,acceptable,200,0,0.0,1.734723475976807e-18,0.018845326377266575,,,,,,,False,False,false_safe
v3_scenario_context,contamination_asymmetric_eps_0p025,normal_contamination_asymmetric,8,acceptable,200,0,0.0,1.734723475976807e-18,0.018845326377266575,,,,,,,False,False,false_safe
v2,contamination_asymmetric_eps_0p025,normal_contamination_asymmetric,10,acceptable,200,127,0.635,0.566317026527406,0.698594735350732,0.11023622047244094,0.06681000217884539,0.17654909139660796,0.889763779527559,0.8234509086033921,0.9331899978211546,False,False,false_safe
v2,contamination_asymmetric_eps_0p025,normal_contamination_asymmetric,10,insufficient,200,73,0.365,0.301405264649268,0.433682973472594,0.0273972602739726,0.007545758679607641,0.09450148171690531,0.9726027397260274,0.9054985182830946,0.9924542413203923,False,False,false_insufficient
v3_default,contamination_asymmetric_eps_0p025,normal_contamination_asymmetric,10,acceptable,200,0,0.0,1.734723475976807e-18,0.018845326377266575,,,,,,,False,False,false_safe
v3_scenario_context,contamination_asymmetric_eps_0p025,normal_contamination_asymmetric,10,acceptable,200,0,0.0,1.734723475976807e-18,0.018845326377266575,,,,,,,False,False,false_safe
v2,contamination_asymmetric_eps_0p025,normal_contamination_asymmetric,15,insufficient,200,89,0.445,0.3778060100295335,0.5142669758719658,0.011235955056179775,0.001986183228256385,0.060932462115046646,0.9887640449438202,0.9390675378849535,0.9980138167717437,False,False,false_insufficient
v3_default,contamination_asymmetric_eps_0p025,normal_contamination_asymmetric,15,acceptable,200,0,0.0,1.734723475976807e-18,0.018845326377266575,,,,,,,False,False,false_safe
v3_default,contamination_asymmetric_eps_0p025,normal_contamination_asymmetric,15,insufficient,200,46,0.23,0.17709343259068805,0.2930830436530359,0.0,0.0,0.07707356308558039,1.0,0.9229264369144198,1.0000000000000002,False,False,false_insufficient
v3_scenario_context,contamination_asymmetric_eps_0p025,normal_contamination_asymmetric,15,acceptable,200,0,0.0,1.734723475976807e-18,0.018845326377266575,,,,,,,False,False,false_safe
v3_scenario_context,contamination_asymmetric_eps_0p025,normal_contamination_asymmetric,15,insufficient,200,46,0.23,0.17709343259068805,0.2930830436530359,0.0,0.0,0.07707356308558039,1.0,0.9229264369144198,1.0000000000000002,False,False,false_insufficient
v2,contamination_asymmetric_eps_0p025,normal_contamination_asymmetric,20,acceptable,200,101,0.505,0.43627000033527485,0.5735415464009526,0.19801980198019803,0.13200501483806298,0.2861640884331373,0.801980198019802,0.7138359115668629,0.8679949851619371,False,False,false_safe
v2,contamination_asymmetric_eps_0p025,normal_contamination_asymmetric,20,insufficient,200,99,0.495,0.4264584535990475,0.5637299996647251,0.04040404040404041,0.015822638994147556,0.09932021250254229,0.9595959595959596,0.9006797874974577,0.9841773610058524,False,False,false_insufficient
v3_default,contamination_asymmetric_eps_0p025,normal_contamination_asymmetric,20,acceptable,200,0,0.0,1.734723475976807e-18,0.018845326377266575,,,,,,,False,False,false_safe
v3_default,contamination_asymmetric_eps_0p025,normal_contamination_asymmetric,20,insufficient,200,66,0.33,0.26857425870603957,0.39783315226223115,0.0,0.0,0.05500255701354129,1.0,0.9449974429864586,0.9999999999999999,False,False,false_insufficient
v3_scenario_context,contamination_asymmetric_eps_0p025,normal_contamination_asymmetric,20,acceptable,200,0,0.0,1.734723475976807e-18,0.018845326377266575,,,,,,,False,False,false_safe
v3_scenario_context,contamination_asymmetric_eps_0p025,normal_contamination_asymmetric,20,insufficient,200,66,0.33,0.26857425870603957,0.39783315226223115,0.0,0.0,0.05500255701354129,1.0,0.9449974429864586,0.9999999999999999,False,False,false_insufficient
v2,contamination_asymmetric_eps_0p025,normal_contamination_asymmetric,30,acceptable,200,79,0.395,0.32984101013207967,0.46411650840714636,0.26582278481012656,0.1809333769412442,0.3724303550992005,0.7341772151898734,0.6275696449007995,0.8190666230587558,False,False,false_safe
v2,contamination_asymmetric_eps_0p025,normal_contamination_asymmetric,30,insufficient,200,121,0.605,0.5358834915928536,0.6701589898679203,0.01652892561983471,0.004544593546124867,0.05826674248573428,0.9834710743801653,0.9417332575142658,0.9954554064538752,False,False,false_insufficient
v3_default,contamination_asymmetric_eps_0p025,normal_contamination_asymmetric,30,acceptable,200,0,0.0,1.734723475976807e-18,0.018845326377266575,,,,,,,False,False,false_safe
v3_default,contamination_asymmetric_eps_0p025,normal_contamination_asymmetric,30,insufficient,200,101,0.505,0.43627000033527485,0.5735415464009526,0.0,0.0,0.03664064639985608,1.0,0.9633593536001439,1.0,False,False,false_insufficient
v3_scenario_context,contamination_asymmetric_eps_0p025,normal_contamination_asymmetric,30,acceptable,200,0,0.0,1.734723475976807e-18,0.018845326377266575,,,,,,,False,False,false_safe
v3_scenario_context,contamination_asymmetric_eps_0p025,normal_contamination_asymmetric,30,insufficient,200,101,0.505,0.43627000033527485,0.5735415464009526,0.0,0.0,0.03664064639985608,1.0,0.9633593536001439,1.0,False,False,false_insufficient
v2,contamination_asymmetric_eps_0p025,normal_contamination_asymmetric,40,acceptable,200,69,0.345,0.2825979437674894,0.4132441074094632,0.34782608695652173,0.24618141928624354,0.4655212245104244,0.6521739130434783,0.5344787754895757,0.7538185807137565,False,False,false_safe
v2,contamination_asymmetric_eps_0p025,normal_contamination_asymmetric,40,insufficient,200,124,0.62,0.5510671801561923,0.6844099415132637,0.008064516129032258,0.0014250064581251692,0.04426798605447708,0.9919354838709677,0.9557320139455229,0.9985749935418747,False,False,false_insufficient
v3_default,contamination_asymmetric_eps_0p025,normal_contamination_asymmetric,40,acceptable,200,0,0.0,1.734723475976807e-18,0.018845326377266575,,,,,,,False,False,false_safe
v3_default,contamination_asymmetric_eps_0p025,normal_contamination_asymmetric,40,insufficient,200,118,0.59,0.5207645903369208,0.6558432509151711,0.0,-3.469446951953614e-18,0.03152833902249433,1.0,0.9684716609775057,1.0,False,False,false_insufficient
v3_scenario_context,contamination_asymmetric_eps_0p025,normal_contamination_asymmetric,40,acceptable,200,0,0.0,1.734723475976807e-18,0.018845326377266575,,,,,,,False,False,false_safe
v3_scenario_context,contamination_asymmetric_eps_0p025,normal_contamination_asymmetric,40,insufficient,200,118,0.59,0.5207645903369208,0.6558432509151711,0.0,-3.469446951953614e-18,0.03152833902249433,1.0,0.9684716609775057,1.0,False,False,false_insufficient
v2,contamination_asymmetric_eps_0p025,normal_contamination_asymmetric,50,acceptable,200,55,0.275,0.21779700329307355,0.34068339357669647,0.5636363636363636,0.43269816346414447,0.6862655763936809,0.43636363636363634,0.3137344236063191,0.5673018365358555,False,False,false_safe
v2,contamination_asymmetric_eps_0p025,normal_contamination_asymmetric,50,insufficient,200,145,0.725,0.6593166064233035,0.7822029967069265,0.006896551724137931,0.00121844987051168,0.038027731045594475,0.993103448275862,0.9619722689544055,0.9987815501294883,False,False,false_insufficient
v3_default,contamination_asymmetric_eps_0p025,normal_contamination_asymmetric,50,acceptable,200,0,0.0,1.734723475976807e-18,0.018845326377266575,,,,,,,False,False,false_safe
v3_default,contamination_asymmetric_eps_0p025,normal_contamination_asymmetric,50,insufficient,200,145,0.725,0.6593166064233035,0.7822029967069265,0.006896551724137931,0.00121844987051168,0.038027731045594475,0.993103448275862,0.9619722689544055,0.9987815501294883,False,False,false_insufficient
v3_scenario_context,contamination_asymmetric_eps_0p025,normal_contamination_asymmetric,50,acceptable,200,0,0.0,1.734723475976807e-18,0.018845326377266575,,,,,,,False,False,false_safe
v3_scenario_context,contamination_asymmetric_eps_0p025,normal_contamination_asymmetric,50,insufficient,200,145,0.725,0.6593166064233035,0.7822029967069265,0.006896551724137931,0.00121844987051168,0.038027731045594475,0.993103448275862,0.9619722689544055,0.9987815501294883,False,False,false_insufficient
v2,contamination_asymmetric_eps_0p025,normal_contamination_asymmetric,80,acceptable,200,17,0.085,0.05374575017747561,0.13189587071565567,0.7647058823529411,0.5273820188043501,0.9044495567791988,0.23529411764705882,0.09555044322080117,0.4726179811956498,False,False,false_safe
v2,contamination_asymmetric_eps_0p025,normal_contamination_asymmetric,80,insufficient,200,180,0.9,0.8505941875672826,0.9343295513309041,0.022222222222222223,0.008674923426990527,0.05573633014255083,0.9777777777777777,0.944263669857449,0.9913250765730094,False,False,false_insufficient
v3_default,contamination_asymmetric_eps_0p025,normal_contamination_asymmetric,80,acceptable,200,0,0.0,1.734723475976807e-18,0.018845326377266575,,,,,,,False,False,false_safe
v3_default,contamination_asymmetric_eps_0p025,normal_contamination_asymmetric,80,insufficient,200,179,0.895,0.8448196800887696,0.9302925120731899,0.0223463687150838,0.008723574404384326,0.056039958423838215,0.9776536312849162,0.9439600415761618,0.9912764255956157,False,False,false_insufficient
v3_scenario_context,contamination_asymmetric_eps_0p025,normal_contamination_asymmetric,80,acceptable,200,0,0.0,1.734723475976807e-18,0.018845326377266575,,,,,,,False,False,false_safe
v3_scenario_context,contamination_asymmetric_eps_0p025,normal_contamination_asymmetric,80,insufficient,200,179,0.895,0.8448196800887696,0.9302925120731899,0.0223463687150838,0.008723574404384326,0.056039958423838215,0.9776536312849162,0.9439600415761618,0.9912764255956157,False,False,false_insufficient
v2,contamination_asymmetric_eps_0p025,normal_contamination_asymmetric,100,acceptable,5000,359,0.0718,0.06496832668290924,0.0792891332628377,0.7409470752089137,0.6932446794291396,0.7835475828506009,0.2590529247910863,0.21645241714939922,0.3067553205708604,True,True,false_safe
v2,contamination_asymmetric_eps_0p025,normal_contamination_asymmetric,100,insufficient,5000,4606,0.9212,0.9134045309031973,0.9283487569782867,0.0243161094224924,0.020248489117206957,0.029176520583447985,0.9756838905775076,0.970823479416552,0.979751510882793,True,True,false_insufficient
v3_default,contamination_asymmetric_eps_0p025,normal_contamination_asymmetric,100,acceptable,5000,0,0.0,0.0,0.0007677019450571244,,,,,,,False,True,false_safe
v3_default,contamination_asymmetric_eps_0p025,normal_contamination_asymmetric,100,insufficient,5000,4588,0.9176,0.9096538645554316,0.9249049507800567,0.023539668700959023,0.01953506244026812,0.028341472669277057,0.976460331299041,0.971658527330723,0.9804649375597319,True,True,false_insufficient
v3_scenario_context,contamination_asymmetric_eps_0p025,normal_contamination_asymmetric,100,acceptable,5000,0,0.0,0.0,0.0007677019450571244,,,,,,,False,True,false_safe
v3_scenario_context,contamination_asymmetric_eps_0p025,normal_contamination_asymmetric,100,insufficient,5000,4588,0.9176,0.9096538645554316,0.9249049507800567,0.023539668700959023,0.01953506244026812,0.028341472669277057,0.976460331299041,0.971658527330723,0.9804649375597319,True,True,false_insufficient
v2,contamination_asymmetric_eps_0p025,normal_contamination_asymmetric,200,acceptable,200,1,0.005,0.0008831687156009814,0.02777370439789293,1.0,0.20654931437723745,1.0,0.0,0.0,0.7934506856227626,False,False,false_safe
v3_default,contamination_asymmetric_eps_0p025,normal_contamination_asymmetric,200,acceptable,200,0,0.0,1.734723475976807e-18,0.018845326377266575,,,,,,,False,False,false_safe
v3_scenario_context,contamination_asymmetric_eps_0p025,normal_contamination_asymmetric,200,acceptable,200,0,0.0,1.734723475976807e-18,0.018845326377266575,,,,,,,False,False,false_safe
v2,contamination_asymmetric_eps_0p025,normal_contamination_asymmetric,500,acceptable,200,0,0.0,1.734723475976807e-18,0.018845326377266575,,,,,,,False,False,false_safe
v2,contamination_asymmetric_eps_0p025,normal_contamination_asymmetric,500,insufficient,200,200,1.0,0.9811546736227335,1.0,0.03,0.013820314340111346,0.06389429245451925,0.97,0.9361057075454807,0.9861796856598887,True,False,false_insufficient
v3_default,contamination_asymmetric_eps_0p025,normal_contamination_asymmetric,500,acceptable,200,0,0.0,1.734723475976807e-18,0.018845326377266575,,,,,,,False,False,false_safe
v3_default,contamination_asymmetric_eps_0p025,normal_contamination_asymmetric,500,insufficient,200,200,1.0,0.9811546736227335,1.0,0.03,0.013820314340111346,0.06389429245451925,0.97,0.9361057075454807,0.9861796856598887,True,False,false_insufficient
v3_scenario_context,contamination_asymmetric_eps_0p025,normal_contamination_asymmetric,500,acceptable,200,0,0.0,1.734723475976807e-18,0.018845326377266575,,,,,,,False,False,false_safe
v3_scenario_context,contamination_asymmetric_eps_0p025,normal_contamination_asymmetric,500,insufficient,200,200,1.0,0.9811546736227335,1.0,0.03,0.013820314340111346,0.06389429245451925,0.97,0.9361057075454807,0.9861796856598887,True,False,false_insufficient
v2,contamination_asymmetric_eps_0p025,normal_contamination_asymmetric,750,acceptable,200,0,0.0,1.734723475976807e-18,0.018845326377266575,,,,,,,False,False,false_safe
v2,contamination_asymmetric_eps_0p025,normal_contamination_asymmetric,750,insufficient,200,200,1.0,0.9811546736227335,1.0,0.05,0.02738264560076393,0.08957814813877599,0.95,0.9104218518612239,0.972617354399236,True,False,false_insufficient
v3_default,contamination_asymmetric_eps_0p025,normal_contamination_asymmetric,750,acceptable,200,0,0.0,1.734723475976807e-18,0.018845326377266575,,,,,,,False,False,false_safe
v3_default,contamination_asymmetric_eps_0p025,normal_contamination_asymmetric,750,insufficient,200,200,1.0,0.9811546736227335,1.0,0.05,0.02738264560076393,0.08957814813877599,0.95,0.9104218518612239,0.972617354399236,True,False,false_insufficient
v3_scenario_context,contamination_asymmetric_eps_0p025,normal_contamination_asymmetric,750,acceptable,200,0,0.0,1.734723475976807e-18,0.018845326377266575,,,,,,,False,False,false_safe
v3_scenario_context,contamination_asymmetric_eps_0p025,normal_contamination_asymmetric,750,insufficient,200,200,1.0,0.9811546736227335,1.0,0.05,0.02738264560076393,0.08957814813877599,0.95,0.9104218518612239,0.972617354399236,True,False,false_insufficient
v2,contamination_asymmetric_eps_0p025,normal_contamination_asymmetric,2000,acceptable,200,0,0.0,1.734723475976807e-18,0.018845326377266575,,,,,,,False,False,false_safe
v2,contamination_asymmetric_eps_0p025,normal_contamination_asymmetric,2000,insufficient,200,200,1.0,0.9811546736227335,1.0,0.055,0.03098534170345884,0.0957869987723084,0.945,0.9042130012276914,0.9690146582965411,True,False,false_insufficient
v3_default,contamination_asymmetric_eps_0p025,normal_contamination_asymmetric,2000,acceptable,200,0,0.0,1.734723475976807e-18,0.018845326377266575,,,,,,,False,False,false_safe
v3_default,contamination_asymmetric_eps_0p025,normal_contamination_asymmetric,2000,insufficient,200,200,1.0,0.9811546736227335,1.0,0.055,0.03098534170345884,0.0957869987723084,0.945,0.9042130012276914,0.9690146582965411,True,False,false_insufficient
v3_scenario_context,contamination_asymmetric_eps_0p025,normal_contamination_asymmetric,2000,acceptable,200,0,0.0,1.734723475976807e-18,0.018845326377266575,,,,,,,False,False,false_safe
v3_scenario_context,contamination_asymmetric_eps_0p025,normal_contamination_asymmetric,2000,insufficient,200,200,1.0,0.9811546736227335,1.0,0.055,0.03098534170345884,0.0957869987723084,0.945,0.9042130012276914,0.9690146582965411,True,False,false_insufficient
v2,contamination_asymmetric_eps_0p05,normal_contamination_asymmetric,5,acceptable,200,84,0.42,0.35373599161616726,0.4892792606041954,0.13095238095238096,0.07472221316943048,0.21946072923186608,0.8690476190476191,0.780539270768134,0.9252777868305695,False,False,false_safe
v3_default,contamination_asymmetric_eps_0p05,normal_contamination_asymmetric,5,acceptable,200,0,0.0,1.734723475976807e-18,0.018845326377266575,,,,,,,False,False,false_safe
v3_scenario_context,contamination_asymmetric_eps_0p05,normal_contamination_asymmetric,5,acceptable,200,0,0.0,1.734723475976807e-18,0.018845326377266575,,,,,,,False,False,false_safe
v2,contamination_asymmetric_eps_0p05,normal_contamination_asymmetric,8,acceptable,200,116,0.58,0.5107207393958046,0.6462640083838327,0.19827586206896552,0.13591272407554178,0.2799822367432057,0.8017241379310345,0.7200177632567943,0.8640872759244582,False,False,false_safe
v3_default,contamination_asymmetric_eps_0p05,normal_contamination_asymmetric,8,acceptable,200,0,0.0,1.734723475976807e-18,0.018845326377266575,,,,,,,False,False,false_safe
v3_scenario_context,contamination_asymmetric_eps_0p05,normal_contamination_asymmetric,8,acceptable,200,0,0.0,1.734723475976807e-18,0.018845326377266575,,,,,,,False,False,false_safe
v2,contamination_asymmetric_eps_0p05,normal_contamination_asymmetric,10,acceptable,200,93,0.465,0.3971856415700402,0.5341335312763685,0.27956989247311825,0.19850339172000364,0.37812421695828824,0.7204301075268817,0.6218757830417118,0.8014966082799965,False,False,false_safe
v3_default,contamination_asymmetric_eps_0p05,normal_contamination_asymmetric,10,acceptable,200,0,0.0,1.734723475976807e-18,0.018845326377266575,,,,,,,False,False,false_safe
v3_scenario_context,contamination_asymmetric_eps_0p05,normal_contamination_asymmetric,10,acceptable,200,0,0.0,1.734723475976807e-18,0.018845326377266575,,,,,,,False,False,false_safe
v2,contamination_asymmetric_eps_0p05,normal_contamination_asymmetric,15,acceptable,200,73,0.365,0.301405264649268,0.433682973472594,0.3972602739726027,0.29286701857646835,0.5119258597705996,0.6027397260273972,0.4880741402294003,0.7071329814235315,False,False,false_safe
v2,contamination_asymmetric_eps_0p05,normal_contamination_asymmetric,15,insufficient,200,127,0.635,0.566317026527406,0.698594735350732,0.031496062992125984,0.012315000096796348,0.07818734470602129,0.968503937007874,0.9218126552939786,0.9876849999032037,False,False,false_insufficient
v3_default,contamination_asymmetric_eps_0p05,normal_contamination_asymmetric,15,acceptable,200,0,0.0,1.734723475976807e-18,0.018845326377266575,,,,,,,False,False,false_safe
v3_default,contamination_asymmetric_eps_0p05,normal_contamination_asymmetric,15,insufficient,200,65,0.325,0.2639157153923429,0.3926801488397004,0.0,0.0,0.05580153132285689,1.0,0.9441984686771432,1.0,False,False,false_insufficient
v3_scenario_context,contamination_asymmetric_eps_0p05,normal_contamination_asymmetric,15,acceptable,200,0,0.0,1.734723475976807e-18,0.018845326377266575,,,,,,,False,False,false_safe
v3_scenario_context,contamination_asymmetric_eps_0p05,normal_contamination_asymmetric,15,insufficient,200,65,0.325,0.2639157153923429,0.3926801488397004,0.0,0.0,0.05580153132285689,1.0,0.9441984686771432,1.0,False,False,false_insufficient
v2,contamination_asymmetric_eps_0p05,normal_contamination_asymmetric,20,acceptable,200,79,0.395,0.32984101013207967,0.46411650840714636,0.4810126582278481,0.37429730453787924,0.5894889440059407,0.5189873417721519,0.4105110559940594,0.6257026954621209,False,False,false_safe
v2,contamination_asymmetric_eps_0p05,normal_contamination_asymmetric,20,insufficient,200,121,0.605,0.5358834915928536,0.6701589898679203,0.03305785123966942,0.012929181394125314,0.08192279272211472,0.9669421487603306,0.9180772072778853,0.9870708186058748,False,False,false_insufficient
v3_default,contamination_asymmetric_eps_0p05,normal_contamination_asymmetric,20,acceptable,200,0,0.0,1.734723475976807e-18,0.018845326377266575,,,,,,,False,False,false_safe
v3_default,contamination_asymmetric_eps_0p05,normal_contamination_asymmetric,20,insufficient,200,68,0.34,0.27791545970908793,0.4081150447316374,0.0,0.0,0.053471336520070537,1.0,0.9465286634799296,1.0000000000000002,False,False,false_insufficient
v3_scenario_context,contamination_asymmetric_eps_0p05,normal_contamination_asymmetric,20,acceptable,200,0,0.0,1.734723475976807e-18,0.018845326377266575,,,,,,,False,False,false_safe
v3_scenario_context,contamination_asymmetric_eps_0p05,normal_contamination_asymmetric,20,insufficient,200,68,0.34,0.27791545970908793,0.4081150447316374,0.0,0.0,0.053471336520070537,1.0,0.9465286634799296,1.0000000000000002,False,False,false_insufficient
v2,contamination_asymmetric_eps_0p05,normal_contamination_asymmetric,30,acceptable,200,34,0.17,0.12427907912586969,0.22815883628312625,0.8529411764705882,0.6987194350454783,0.9355055855521753,0.14705882352941177,0.06449441444782457,0.3012805649545216,False,False,false_safe
v2,contamination_asymmetric_eps_0p05,normal_contamination_asymmetric,30,insufficient,200,166,0.83,0.7718411637168737,0.8757209208741302,0.030120481927710843,0.012932886525083166,0.06856346258074322,0.9698795180722891,0.9314365374192567,0.9870671134749168,False,False,false_insufficient
v3_default,contamination_asymmetric_eps_0p05,normal_contamination_asymmetric,30,acceptable,200,0,0.0,1.734723475976807e-18,0.018845326377266575,,,,,,,False,False,false_safe
v3_default,contamination_asymmetric_eps_0p05,normal_contamination_asymmetric,30,insufficient,200,118,0.59,0.5207645903369208,0.6558432509151711,0.0,-3.469446951953614e-18,0.03152833902249433,1.0,0.9684716609775057,1.0,False,False,false_insufficient
v3_scenario_context,contamination_asymmetric_eps_0p05,normal_contamination_asymmetric,30,acceptable,200,0,0.0,1.734723475976807e-18,0.018845326377266575,,,,,,,False,False,false_safe
v3_scenario_context,contamination_asymmetric_eps_0p05,normal_contamination_asymmetric,30,insufficient,200,118,0.59,0.5207645903369208,0.6558432509151711,0.0,-3.469446951953614e-18,0.03152833902249433,1.0,0.9684716609775057,1.0,False,False,false_insufficient
v2,contamination_asymmetric_eps_0p05,normal_contamination_asymmetric,40,acceptable,200,21,0.105,0.06970748792681017,0.1551803199112304,0.7619047619047619,0.5490882631704924,0.8937198697736354,0.23809523809523808,0.10628013022636468,0.4509117368295075,False,False,false_safe
v2,contamination_asymmetric_eps_0p05,normal_contamination_asymmetric,40,insufficient,200,179,0.895,0.8448196800887696,0.9302925120731899,0.00558659217877095,0.0009868523514691765,0.030961365839147145,0.994413407821229,0.9690386341608527,0.9990131476485308,False,False,false_insufficient
v3_default,contamination_asymmetric_eps_0p05,normal_contamination_asymmetric,40,acceptable,200,0,0.0,1.734723475976807e-18,0.018845326377266575,,,,,,,False,False,false_safe
v3_default,contamination_asymmetric_eps_0p05,normal_contamination_asymmetric,40,insufficient,200,155,0.775,0.7122587676433947,0.8273763028491088,0.0,0.0,0.024184232814371848,1.0,0.9758157671856282,1.0,False,False,false_insufficient
v3_scenario_context,contamination_asymmetric_eps_0p05,normal_contamination_asymmetric,40,acceptable,200,0,0.0,1.734723475976807e-18,0.018845326377266575,,,,,,,False,False,false_safe
v3_scenario_context,contamination_asymmetric_eps_0p05,normal_contamination_asymmetric,40,insufficient,200,155,0.775,0.7122587676433947,0.8273763028491088,0.0,0.0,0.024184232814371848,1.0,0.9758157671856282,1.0,False,False,false_insufficient
v2,contamination_asymmetric_eps_0p05,normal_contamination_asymmetric,50,acceptable,200,14,0.07,0.042152171828342806,0.11405480885610647,0.9285714285714286,0.6853129557584889,0.9872777847521093,0.07142857142857142,0.012722215247890939,0.31468704424151117,False,False,false_safe
v2,contamination_asymmetric_eps_0p05,normal_contamination_asymmetric,50,insufficient,200,183,0.915,0.8681041292843443,0.9462542498225244,0.0273224043715847,0.011725746680430384,0.06235555683784999,0.9726775956284153,0.93764444316215,0.9882742533195696,False,False,false_insufficient
v3_default,contamination_asymmetric_eps_0p05,normal_contamination_asymmetric,50,acceptable,200,0,0.0,1.734723475976807e-18,0.018845326377266575,,,,,,,False,False,false_safe
v3_default,contamination_asymmetric_eps_0p05,normal_contamination_asymmetric,50,insufficient,200,177,0.885,0.8333528310151243,0.9221362676743804,0.02824858757062147,0.012125187155558284,0.06441400308852203,0.9717514124293786,0.9355859969114779,0.9878748128444417,False,False,false_insufficient
v3_scenario_context,contamination_asymmetric_eps_0p05,normal_contamination_asymmetric,50,acceptable,200,0,0.0,1.734723475976807e-18,0.018845326377266575,,,,,,,False,False,false_safe
v3_scenario_context,contamination_asymmetric_eps_0p05,normal_contamination_asymmetric,50,insufficient,200,177,0.885,0.8333528310151243,0.9221362676743804,0.02824858757062147,0.012125187155558284,0.06441400308852203,0.9717514124293786,0.9355859969114779,0.9878748128444417,False,False,false_insufficient
v2,contamination_asymmetric_eps_0p05,normal_contamination_asymmetric,80,acceptable,200,6,0.03,0.013820314340111346,0.06389429245451925,1.0,0.6096657120978346,1.0,0.0,2.7755575615628914e-17,0.3903342879021653,False,False,false_safe
v2,contamination_asymmetric_eps_0p05,normal_contamination_asymmetric,80,insufficient,200,193,0.965,0.9295293884777092,0.9829444579914328,0.05181347150259067,0.028384343864107146,0.09273576448873569,0.9481865284974094,0.9072642355112643,0.9716156561358928,False,False,false_insufficient
v3_default,contamination_asymmetric_eps_0p05,normal_contamination_asymmetric,80,acceptable,200,0,0.0,1.734723475976807e-18,0.018845326377266575,,,,,,,False,False,false_safe
v3_default,contamination_asymmetric_eps_0p05,normal_contamination_asymmetric,80,insufficient,200,188,0.94,0.8980683070423372,0.9653478057456681,0.047872340425531915,0.025387307800360248,0.08846430151787575,0.9521276595744681,0.9115356984821243,0.9746126921996399,False,False,false_insufficient
v3_scenario_context,contamination_asymmetric_eps_0p05,normal_contamination_asymmetric,80,acceptable,200,0,0.0,1.734723475976807e-18,0.018845326377266575,,,,,,,False,False,false_safe
v3_scenario_context,contamination_asymmetric_eps_0p05,normal_contamination_asymmetric,80,insufficient,200,188,0.94,0.8980683070423372,0.9653478057456681,0.047872340425531915,0.025387307800360248,0.08846430151787575,0.9521276595744681,0.9115356984821243,0.9746126921996399,False,False,false_insufficient
v2,contamination_asymmetric_eps_0p05,normal_contamination_asymmetric,100,acceptable,5000,24,0.0048,0.003227780878929331,0.007132551127455243,1.0,0.8620237953250198,1.0,0.0,1.3877787807814457e-17,0.13797620467498017,False,True,false_safe
v2,contamination_asymmetric_eps_0p05,normal_contamination_asymmetric,100,insufficient,5000,4971,0.9942,0.9916826613677592,0.9959585420297463,0.06417219875276604,0.05769069417881004,0.07132677585185204,0.935827801247234,0.9286732241481479,0.94230930582119,True,True,false_insufficient
v3_default,contamination_asymmetric_eps_0p05,normal_contamination_asymmetric,100,acceptable,5000,0,0.0,0.0,0.0007677019450571244,,,,,,,False,True,false_safe
v3_default,contamination_asymmetric_eps_0p05,normal_contamination_asymmetric,100,insufficient,5000,4948,0.9896,0.9863882308917424,0.9920600353636577,0.060630557801131774,0.054315624869852475,0.06762718445516619,0.9393694421988682,0.9323728155448339,0.9456843751301476,True,True,false_insufficient
v3_scenario_context,contamination_asymmetric_eps_0p05,normal_contamination_asymmetric,100,acceptable,5000,0,0.0,0.0,0.0007677019450571244,,,,,,,False,True,false_safe
v3_scenario_context,contamination_asymmetric_eps_0p05,normal_contamination_asymmetric,100,insufficient,5000,4948,0.9896,0.9863882308917424,0.9920600353636577,0.060630557801131774,0.054315624869852475,0.06762718445516619,0.9393694421988682,0.9323728155448339,0.9456843751301476,True,True,false_insufficient
v2,contamination_asymmetric_eps_0p05,normal_contamination_asymmetric,200,acceptable,200,0,0.0,1.734723475976807e-18,0.018845326377266575,,,,,,,False,False,false_safe
v2,contamination_asymmetric_eps_0p05,normal_contamination_asymmetric,200,insufficient,200,200,1.0,0.9811546736227335,1.0,0.04,0.020405632066152306,0.07693206820093293,0.96,0.923067931799067,0.9795943679338476,True,False,false_insufficient
v3_default,contamination_asymmetric_eps_0p05,normal_contamination_asymmetric,200,acceptable,200,0,0.0,1.734723475976807e-18,0.018845326377266575,,,,,,,False,False,false_safe
v3_default,contamination_asymmetric_eps_0p05,normal_contamination_asymmetric,200,insufficient,200,200,1.0,0.9811546736227335,1.0,0.04,0.020405632066152306,0.07693206820093293,0.96,0.923067931799067,0.9795943679338476,True,False,false_insufficient
v3_scenario_context,contamination_asymmetric_eps_0p05,normal_contamination_asymmetric,200,acceptable,200,0,0.0,1.734723475976807e-18,0.018845326377266575,,,,,,,False,False,false_safe
v3_scenario_context,contamination_asymmetric_eps_0p05,normal_contamination_asymmetric,200,insufficient,200,200,1.0,0.9811546736227335,1.0,0.04,0.020405632066152306,0.07693206820093293,0.96,0.923067931799067,0.9795943679338476,True,False,false_insufficient
v2,contamination_asymmetric_eps_0p05,normal_contamination_asymmetric,500,acceptable,200,0,0.0,1.734723475976807e-18,0.018845326377266575,,,,,,,False,False,false_safe
v2,contamination_asymmetric_eps_0p05,normal_contamination_asymmetric,500,insufficient,200,200,1.0,0.9811546736227335,1.0,0.055,0.03098534170345884,0.0957869987723084,0.945,0.9042130012276914,0.9690146582965411,True,False,false_insufficient
v3_default,contamination_asymmetric_eps_0p05,normal_contamination_asymmetric,500,acceptable,200,0,0.0,1.734723475976807e-18,0.018845326377266575,,,,,,,False,False,false_safe
v3_default,contamination_asymmetric_eps_0p05,normal_contamination_asymmetric,500,insufficient,200,200,1.0,0.9811546736227335,1.0,0.055,0.03098534170345884,0.0957869987723084,0.945,0.9042130012276914,0.9690146582965411,True,False,false_insufficient
v3_scenario_context,contamination_asymmetric_eps_0p05,normal_contamination_asymmetric,500,acceptable,200,0,0.0,1.734723475976807e-18,0.018845326377266575,,,,,,,False,False,false_safe
v3_scenario_context,contamination_asymmetric_eps_0p05,normal_contamination_asymmetric,500,insufficient,200,200,1.0,0.9811546736227335,1.0,0.055,0.03098534170345884,0.0957869987723084,0.945,0.9042130012276914,0.9690146582965411,True,False,false_insufficient
v2,contamination_asymmetric_eps_0p05,normal_contamination_asymmetric,750,acceptable,200,0,0.0,1.734723475976807e-18,0.018845326377266575,,,,,,,False,False,false_safe
v2,contamination_asymmetric_eps_0p05,normal_contamination_asymmetric,750,insufficient,200,200,1.0,0.9811546736227335,1.0,0.045,0.023852543001492997,0.0832967040018196,0.955,0.9167032959981803,0.976147456998507,True,False,false_insufficient
v3_default,contamination_asymmetric_eps_0p05,normal_contamination_asymmetric,750,acceptable,200,0,0.0,1.734723475976807e-18,0.018845326377266575,,,,,,,False,False,false_safe
v3_default,contamination_asymmetric_eps_0p05,normal_contamination_asymmetric,750,insufficient,200,200,1.0,0.9811546736227335,1.0,0.045,0.023852543001492997,0.0832967040018196,0.955,0.9167032959981803,0.976147456998507,True,False,false_insufficient
v3_scenario_context,contamination_asymmetric_eps_0p05,normal_contamination_asymmetric,750,acceptable,200,0,0.0,1.734723475976807e-18,0.018845326377266575,,,,,,,False,False,false_safe
v3_scenario_context,contamination_asymmetric_eps_0p05,normal_contamination_asymmetric,750,insufficient,200,200,1.0,0.9811546736227335,1.0,0.045,0.023852543001492997,0.0832967040018196,0.955,0.9167032959981803,0.976147456998507,True,False,false_insufficient
v2,contamination_asymmetric_eps_0p05,normal_contamination_asymmetric,2000,acceptable,200,0,0.0,1.734723475976807e-18,0.018845326377266575,,,,,,,False,False,false_safe
v2,contamination_asymmetric_eps_0p05,normal_contamination_asymmetric,2000,insufficient,200,200,1.0,0.9811546736227335,1.0,0.025,0.010724719651761264,0.05717834040664198,0.975,0.942821659593358,0.9892752803482386,True,False,false_insufficient
v3_default,contamination_asymmetric_eps_0p05,normal_contamination_asymmetric,2000,acceptable,200,0,0.0,1.734723475976807e-18,0.018845326377266575,,,,,,,False,False,false_safe
v3_default,contamination_asymmetric_eps_0p05,normal_contamination_asymmetric,2000,insufficient,200,200,1.0,0.9811546736227335,1.0,0.025,0.010724719651761264,0.05717834040664198,0.975,0.942821659593358,0.9892752803482386,True,False,false_insufficient
v3_scenario_context,contamination_asymmetric_eps_0p05,normal_contamination_asymmetric,2000,acceptable,200,0,0.0,1.734723475976807e-18,0.018845326377266575,,,,,,,False,False,false_safe
v3_scenario_context,contamination_asymmetric_eps_0p05,normal_contamination_asymmetric,2000,insufficient,200,200,1.0,0.9811546736227335,1.0,0.025,0.010724719651761264,0.05717834040664198,0.975,0.942821659593358,0.9892752803482386,True,False,false_insufficient
v2,contamination_asymmetric_eps_0p1,normal_contamination_asymmetric,5,acceptable,200,83,0.415,0.34894285449757567,0.4842608509865596,0.3253012048192771,0.23419333708259782,0.43186478315375454,0.6746987951807228,0.5681352168462454,0.7658066629174022,False,False,false_safe
v3_default,contamination_asymmetric_eps_0p1,normal_contamination_asymmetric,5,acceptable,200,0,0.0,1.734723475976807e-18,0.018845326377266575,,,,,,,False,False,false_safe
v3_scenario_context,contamination_asymmetric_eps_0p1,normal_contamination_asymmetric,5,acceptable,200,0,0.0,1.734723475976807e-18,0.018845326377266575,,,,,,,False,False,false_safe
v2,contamination_asymmetric_eps_0p1,normal_contamination_asymmetric,8,acceptable,200,53,0.265,0.2086815414710911,0.3301757619262242,0.6981132075471698,0.5646316733114988,0.8048169727242108,0.3018867924528302,0.19518302727578896,0.4353683266885011,False,False,false_safe
v3_default,contamination_asymmetric_eps_0p1,normal_contamination_asymmetric,8,acceptable,200,0,0.0,1.734723475976807e-18,0.018845326377266575,,,,,,,False,False,false_safe
v3_scenario_context,contamination_asymmetric_eps_0p1,normal_contamination_asymmetric,8,acceptable,200,0,0.0,1.734723475976807e-18,0.018845326377266575,,,,,,,False,False,false_safe
v2,contamination_asymmetric_eps_0p1,normal_contamination_asymmetric,10,acceptable,200,63,0.315,0.2546232099022851,0.3823495608573036,0.746031746031746,0.6265881256339354,0.8371958872667884,0.25396825396825395,0.1628041127332116,0.3734118743660646,False,False,false_safe
v2,contamination_asymmetric_eps_0p1,normal_contamination_asymmetric,10,insufficient,200,137,0.685,0.6176504391426966,0.745376790097715,0.051094890510948905,0.02496794443140947,0.10170966150995021,0.948905109489051,0.8982903384900498,0.9750320555685905,False,False,false_insufficient
v3_default,contamination_asymmetric_eps_0p1,normal_contamination_asymmetric,10,acceptable,200,0,0.0,1.734723475976807e-18,0.018845326377266575,,,,,,,False,False,false_safe
v3_scenario_context,contamination_asymmetric_eps_0p1,normal_contamination_asymmetric,10,acceptable,200,0,0.0,1.734723475976807e-18,0.018845326377266575,,,,,,,False,False,false_safe
v2,contamination_asymmetric_eps_0p1,normal_contamination_asymmetric,15,acceptable,200,41,0.205,0.15486176203836208,0.26625698052422514,0.9512195121951219,0.8386102112962914,0.9865190546348308,0.04878048780487805,0.013480945365169042,0.16138978870370846,False,False,false_safe
v2,contamination_asymmetric_eps_0p1,normal_contamination_asymmetric,15,insufficient,200,159,0.795,0.7337430194757748,0.8451382379616379,0.0440251572327044,0.02148692054549619,0.08807644832814845,0.9559748427672956,0.9119235516718516,0.9785130794545038,False,False,false_insufficient
v3_default,contamination_asymmetric_eps_0p1,normal_contamination_asymmetric,15,acceptable,200,0,0.0,1.734723475976807e-18,0.018845326377266575,,,,,,,False,False,false_safe
v3_default,contamination_asymmetric_eps_0p1,normal_contamination_asymmetric,15,insufficient,200,51,0.255,0.1996049517203135,0.3196292582045472,0.0,0.0,0.07004661989853143,1.0,0.9299533801014687,1.0,False,False,false_insufficient
v3_scenario_context,contamination_asymmetric_eps_0p1,normal_contamination_asymmetric,15,acceptable,200,0,0.0,1.734723475976807e-18,0.018845326377266575,,,,,,,False,False,false_safe
v3_scenario_context,contamination_asymmetric_eps_0p1,normal_contamination_asymmetric,15,insufficient,200,51,0.255,0.1996049517203135,0.3196292582045472,0.0,0.0,0.07004661989853143,1.0,0.9299533801014687,1.0,False,False,false_insufficient
v2,contamination_asymmetric_eps_0p1,normal_contamination_asymmetric,20,acceptable,200,28,0.14,0.09866982633455634,0.1948988086570756,1.0,0.8793566952341543,0.9999999999999998,0.0,1.3877787807814457e-17,0.12064330476584563,False,False,false_safe
v2,contamination_asymmetric_eps_0p1,normal_contamination_asymmetric,20,insufficient,200,172,0.86,0.8051011913429243,0.9013301736654437,0.023255813953488372,0.00908003526439749,0.058261642290546395,0.9767441860465116,0.9417383577094536,0.9909199647356026,False,False,false_insufficient
v3_default,contamination_asymmetric_eps_0p1,normal_contamination_asymmetric,20,acceptable,200,0,0.0,1.734723475976807e-18,0.018845326377266575,,,,,,,False,False,false_safe
v3_default,contamination_asymmetric_eps_0p1,normal_contamination_asymmetric,20,insufficient,200,45,0.225,0.17262369715089126,0.2877412323566053,0.0,0.0,0.07865159873288836,1.0,0.9213484012671117,1.0,False,False,false_insufficient
v3_scenario_context,contamination_asymmetric_eps_0p1,normal_contamination_asymmetric,20,acceptable,200,0,0.0,1.734723475976807e-18,0.018845326377266575,,,,,,,False,False,false_safe
v3_scenario_context,contamination_asymmetric_eps_0p1,normal_contamination_asymmetric,20,insufficient,200,45,0.225,0.17262369715089126,0.2877412323566053,0.0,0.0,0.07865159873288836,1.0,0.9213484012671117,1.0,False,False,false_insufficient
v2,contamination_asymmetric_eps_0p1,normal_contamination_asymmetric,30,acceptable,200,5,0.025,0.010724719651761264,0.05717834040664198,1.0,0.5655175352168251,1.0,0.0,0.0,0.43448246478317476,False,False,false_safe
v2,contamination_asymmetric_eps_0p1,normal_contamination_asymmetric,30,insufficient,200,195,0.975,0.942821659593358,0.9892752803482386,0.035897435897435895,0.017495563557414016,0.07223149299562964,0.9641025641025641,0.9277685070043703,0.982504436442586,False,False,false_insufficient
v3_default,contamination_asymmetric_eps_0p1,normal_contamination_asymmetric,30,acceptable,200,0,0.0,1.734723475976807e-18,0.018845326377266575,,,,,,,False,False,false_safe
v3_default,contamination_asymmetric_eps_0p1,normal_contamination_asymmetric,30,insufficient,200,89,0.445,0.3778060100295335,0.5142669758719658,0.056179775280898875,0.024232878420720118,0.12485416735078494,0.9438202247191011,0.8751458326492151,0.9757671215792799,False,False,false_insufficient
v3_scenario_context,contamination_asymmetric_eps_0p1,normal_contamination_asymmetric,30,acceptable,200,0,0.0,1.734723475976807e-18,0.018845326377266575,,,,,,,False,False,false_safe
v3_scenario_context,contamination_asymmetric_eps_0p1,normal_contamination_asymmetric,30,insufficient,200,89,0.445,0.3778060100295335,0.5142669758719658,0.056179775280898875,0.024232878420720118,0.12485416735078494,0.9438202247191011,0.8751458326492151,0.9757671215792799,False,False,false_insufficient
v2,contamination_asymmetric_eps_0p1,normal_contamination_asymmetric,40,acceptable,200,3,0.015,0.00511423779325831,0.04316572879269026,1.0,0.4385029682449546,1.0,0.0,5.551115123125783e-17,0.5614970317550454,False,False,false_safe
v3_default,contamination_asymmetric_eps_0p1,normal_contamination_asymmetric,40,acceptable,200,0,0.0,1.734723475976807e-18,0.018845326377266575,,,,,,,False,False,false_safe
v3_scenario_context,contamination_asymmetric_eps_0p1,normal_contamination_asymmetric,40,acceptable,200,0,0.0,1.734723475976807e-18,0.018845326377266575,,,,,,,False,False,false_safe
v2,contamination_asymmetric_eps_0p1,normal_contamination_asymmetric,50,acceptable,200,1,0.005,0.0008831687156009814,0.02777370439789293,1.0,0.20654931437723745,1.0,0.0,0.0,0.7934506856227626,False,False,false_safe
v3_default,contamination_asymmetric_eps_0p1,normal_contamination_asymmetric,50,acceptable,200,0,0.0,1.734723475976807e-18,0.018845326377266575,,,,,,,False,False,false_safe
v3_scenario_context,contamination_asymmetric_eps_0p1,normal_contamination_asymmetric,50,acceptable,200,0,0.0,1.734723475976807e-18,0.018845326377266575,,,,,,,False,False,false_safe
v2,contamination_asymmetric_eps_0p1,normal_contamination_asymmetric,80,acceptable,200,0,0.0,1.734723475976807e-18,0.018845326377266575,,,,,,,False,False,false_safe
v2,contamination_asymmetric_eps_0p1,normal_contamination_asymmetric,80,insufficient,200,200,1.0,0.9811546736227335,1.0,0.065,0.03837635464915299,0.10801907929906895,0.935,0.8919809207009312,0.961623645350847,True,False,false_insufficient
v3_default,contamination_asymmetric_eps_0p1,normal_contamination_asymmetric,80,acceptable,200,0,0.0,1.734723475976807e-18,0.018845326377266575,,,,,,,False,False,false_safe
v3_scenario_context,contamination_asymmetric_eps_0p1,normal_contamination_asymmetric,80,acceptable,200,0,0.0,1.734723475976807e-18,0.018845326377266575,,,,,,,False,False,false_safe
v2,contamination_asymmetric_eps_0p1,normal_contamination_asymmetric,100,acceptable,5000,0,0.0,0.0,0.0007677019450571244,,,,,,,False,True,false_safe
v2,contamination_asymmetric_eps_0p1,normal_contamination_asymmetric,100,insufficient,5000,5000,1.0,0.9992322980549431,1.0000000000000002,0.065,0.05849519252435276,0.07217270816784693,0.935,0.9278272918321532,0.9415048074756472,True,True,false_insufficient
v3_default,contamination_asymmetric_eps_0p1,normal_contamination_asymmetric,100,acceptable,5000,0,0.0,0.0,0.0007677019450571244,,,,,,,False,True,false_safe
v3_scenario_context,contamination_asymmetric_eps_0p1,normal_contamination_asymmetric,100,acceptable,5000,0,0.0,0.0,0.0007677019450571244,,,,,,,False,True,false_safe
v2,contamination_asymmetric_eps_0p1,normal_contamination_asymmetric,200,acceptable,200,0,0.0,1.734723475976807e-18,0.018845326377266575,,,,,,,False,False,false_safe
v2,contamination_asymmetric_eps_0p1,normal_contamination_asymmetric,200,insufficient,200,200,1.0,0.9811546736227335,1.0,0.06,0.03465219425433187,0.1019316929576627,0.94,0.8980683070423372,0.9653478057456681,True,False,false_insufficient
v3_default,contamination_asymmetric_eps_0p1,normal_contamination_asymmetric,200,acceptable,200,0,0.0,1.734723475976807e-18,0.018845326377266575,,,,,,,False,False,false_safe
v3_scenario_context,contamination_asymmetric_eps_0p1,normal_contamination_asymmetric,200,acceptable,200,0,0.0,1.734723475976807e-18,0.018845326377266575,,,,,,,False,False,false_safe
v2,contamination_asymmetric_eps_0p1,normal_contamination_asymmetric,500,acceptable,200,0,0.0,1.734723475976807e-18,0.018845326377266575,,,,,,,False,False,false_safe
v2,contamination_asymmetric_eps_0p1,normal_contamination_asymmetric,500,insufficient,200,200,1.0,0.9811546736227335,1.0,0.055,0.03098534170345884,0.0957869987723084,0.945,0.9042130012276914,0.9690146582965411,True,False,false_insufficient
v3_default,contamination_asymmetric_eps_0p1,normal_contamination_asymmetric,500,acceptable,200,0,0.0,1.734723475976807e-18,0.018845326377266575,,,,,,,False,False,false_safe
v3_default,contamination_asymmetric_eps_0p1,normal_contamination_asymmetric,500,insufficient,200,189,0.945,0.9042130012276914,0.9690146582965411,0.037037037037037035,0.018054518511292878,0.07446427350470866,0.9629629629629629,0.9255357264952914,0.9819454814887071,False,False,false_insufficient
v3_scenario_context,contamination_asymmetric_eps_0p1,normal_contamination_asymmetric,500,acceptable,200,0,0.0,1.734723475976807e-18,0.018845326377266575,,,,,,,False,False,false_safe
v3_scenario_context,contamination_asymmetric_eps_0p1,normal_contamination_asymmetric,500,insufficient,200,189,0.945,0.9042130012276914,0.9690146582965411,0.037037037037037035,0.018054518511292878,0.07446427350470866,0.9629629629629629,0.9255357264952914,0.9819454814887071,False,False,false_insufficient
v2,contamination_asymmetric_eps_0p1,normal_contamination_asymmetric,750,acceptable,200,0,0.0,1.734723475976807e-18,0.018845326377266575,,,,,,,False,False,false_safe
v2,contamination_asymmetric_eps_0p1,normal_contamination_asymmetric,750,insufficient,200,200,1.0,0.9811546736227335,1.0,0.06,0.03465219425433187,0.1019316929576627,0.94,0.8980683070423372,0.9653478057456681,True,False,false_insufficient
v3_default,contamination_asymmetric_eps_0p1,normal_contamination_asymmetric,750,acceptable,200,0,0.0,1.734723475976807e-18,0.018845326377266575,,,,,,,False,False,false_safe
v3_default,contamination_asymmetric_eps_0p1,normal_contamination_asymmetric,750,insufficient,200,192,0.96,0.923067931799067,0.9795943679338476,0.036458333333333336,0.017770646576572728,0.07333089508948057,0.9635416666666666,0.9266691049105195,0.9822293534234273,False,False,false_insufficient
v3_scenario_context,contamination_asymmetric_eps_0p1,normal_contamination_asymmetric,750,acceptable,200,0,0.0,1.734723475976807e-18,0.018845326377266575,,,,,,,False,False,false_safe
v3_scenario_context,contamination_asymmetric_eps_0p1,normal_contamination_asymmetric,750,insufficient,200,192,0.96,0.923067931799067,0.9795943679338476,0.036458333333333336,0.017770646576572728,0.07333089508948057,0.9635416666666666,0.9266691049105195,0.9822293534234273,False,False,false_insufficient
v2,contamination_asymmetric_eps_0p1,normal_contamination_asymmetric,2000,acceptable,200,0,0.0,1.734723475976807e-18,0.018845326377266575,,,,,,,False,False,false_safe
v2,contamination_asymmetric_eps_0p1,normal_contamination_asymmetric,2000,insufficient,200,200,1.0,0.9811546736227335,1.0,0.015,0.00511423779325831,0.04316572879269026,0.985,0.9568342712073097,0.9948857622067417,True,False,false_insufficient
v3_default,contamination_asymmetric_eps_0p1,normal_contamination_asymmetric,2000,acceptable,200,0,0.0,1.734723475976807e-18,0.018845326377266575,,,,,,,False,False,false_safe
v3_default,contamination_asymmetric_eps_0p1,normal_contamination_asymmetric,2000,insufficient,200,200,1.0,0.9811546736227335,1.0,0.015,0.00511423779325831,0.04316572879269026,0.985,0.9568342712073097,0.9948857622067417,True,False,false_insufficient
v3_scenario_context,contamination_asymmetric_eps_0p1,normal_contamination_asymmetric,2000,acceptable,200,0,0.0,1.734723475976807e-18,0.018845326377266575,,,,,,,False,False,false_safe
v3_scenario_context,contamination_asymmetric_eps_0p1,normal_contamination_asymmetric,2000,insufficient,200,200,1.0,0.9811546736227335,1.0,0.015,0.00511423779325831,0.04316572879269026,0.985,0.9568342712073097,0.9948857622067417,True,False,false_insufficient
v2,contamination_symmetric_eps_0p001,normal_contamination_symmetric,5,insufficient,200,71,0.355,0.2919862754043116,0.42347886924509565,0.056338028169014086,0.022124519301696642,0.13609605799976943,0.9436619718309859,0.8639039420002305,0.9778754806983033,False,False,false_insufficient
v3_default,contamination_symmetric_eps_0p001,normal_contamination_symmetric,5,acceptable,200,0,0.0,1.734723475976807e-18,0.018845326377266575,,,,,,,False,False,false_safe
v3_default,contamination_symmetric_eps_0p001,normal_contamination_symmetric,8,acceptable,200,0,0.0,1.734723475976807e-18,0.018845326377266575,,,,,,,False,False,false_safe
v2,contamination_symmetric_eps_0p001,normal_contamination_symmetric,10,insufficient,200,40,0.2,0.15045200926098115,0.2608551865653788,0.0,0.0,0.08762160119728664,1.0,0.9123783988027135,1.0000000000000002,False,False,false_insufficient
v3_default,contamination_symmetric_eps_0p001,normal_contamination_symmetric,10,acceptable,200,0,0.0,1.734723475976807e-18,0.018845326377266575,,,,,,,False,False,false_safe
v2,contamination_symmetric_eps_0p001,normal_contamination_symmetric,15,acceptable,200,164,0.82,0.7608852497127511,0.8670537414057983,0.06707317073170732,0.0378621146733797,0.11610138756417344,0.9329268292682927,0.8838986124358266,0.9621378853266203,False,False,false_safe
v2,contamination_symmetric_eps_0p001,normal_contamination_symmetric,15,insufficient,200,36,0.18,0.13294625859420173,0.23911475028724882,0.027777777777777776,0.004920407139810443,0.14169718653273855,0.9722222222222222,0.8583028134672614,0.9950795928601897,False,False,false_insufficient
v3_default,contamination_symmetric_eps_0p001,normal_contamination_symmetric,15,acceptable,200,0,0.0,1.734723475976807e-18,0.018845326377266575,,,,,,,False,False,false_safe
v3_default,contamination_symmetric_eps_0p001,normal_contamination_symmetric,15,insufficient,200,2,0.01,0.0027466581335444384,0.0357217617161768,0.0,0.0,0.6576197724933469,1.0,0.34238022750665303,1.0,False,False,false_insufficient
v3_scenario_context,contamination_symmetric_eps_0p001,normal_contamination_symmetric,15,acceptable,200,143,0.715,0.6488465397039482,0.7730499699538271,0.06993006993006994,0.038425096602856826,0.12393680726386087,0.9300699300699301,0.8760631927361392,0.9615749033971431,False,False,false_safe
v2,contamination_symmetric_eps_0p001,normal_contamination_symmetric,20,insufficient,200,30,0.15,0.10713593562241995,0.20605579284166659,0.03333333333333333,0.005908590381612455,0.16670390991409173,0.9666666666666667,0.8332960900859082,0.9940914096183874,False,False,false_insufficient
v3_default,contamination_symmetric_eps_0p001,normal_contamination_symmetric,20,acceptable,200,0,0.0,1.734723475976807e-18,0.018845326377266575,,,,,,,False,False,false_safe
v3_default,contamination_symmetric_eps_0p001,normal_contamination_symmetric,20,insufficient,200,2,0.01,0.0027466581335444384,0.0357217617161768,0.0,0.0,0.6576197724933469,1.0,0.34238022750665303,1.0,False,False,false_insufficient
v2,contamination_symmetric_eps_0p001,normal_contamination_symmetric,30,insufficient,200,26,0.13,0.0902820227966932,0.18366351872248407,0.0,0.0,0.1287289218592153,1.0,0.8712710781407846,1.0,False,False,false_insufficient
v3_default,contamination_symmetric_eps_0p001,normal_contamination_symmetric,30,acceptable,200,0,0.0,1.734723475976807e-18,0.018845326377266575,,,,,,,False,False,false_safe
v3_default,contamination_symmetric_eps_0p001,normal_contamination_symmetric,30,insufficient,200,6,0.03,0.013820314340111346,0.06389429245451925,0.0,2.7755575615628914e-17,0.3903342879021653,1.0,0.6096657120978346,1.0,False,False,false_insufficient
v2,contamination_symmetric_eps_0p001,normal_contamination_symmetric,40,insufficient,200,8,0.04,0.020405632066152306,0.07693206820093293,0.0,0.0,0.32440756488388023,1.0,0.6755924351161198,1.0,False,False,false_insufficient
v3_default,contamination_symmetric_eps_0p001,normal_contamination_symmetric,40,acceptable,200,0,0.0,1.734723475976807e-18,0.018845326377266575,,,,,,,False,False,false_safe
v3_default,contamination_symmetric_eps_0p001,normal_contamination_symmetric,40,insufficient,200,3,0.015,0.00511423779325831,0.04316572879269026,0.0,5.551115123125783e-17,0.5614970317550454,1.0,0.4385029682449546,1.0,False,False,false_insufficient
v2,contamination_symmetric_eps_0p001,normal_contamination_symmetric,50,insufficient,200,9,0.045,0.023852543001492997,0.0832967040018196,0.0,0.0,0.2991450484195441,1.0,0.7008549515804559,1.0,False,False,false_insufficient
v3_default,contamination_symmetric_eps_0p001,normal_contamination_symmetric,50,acceptable,200,0,0.0,1.734723475976807e-18,0.018845326377266575,,,,,,,False,False,false_safe
v3_default,contamination_symmetric_eps_0p001,normal_contamination_symmetric,50,insufficient,200,1,0.005,0.0008831687156009814,0.02777370439789293,0.0,0.0,0.7934506856227626,1.0,0.20654931437723745,1.0,False,False,false_insufficient
v3_default,contamination_symmetric_eps_0p001,normal_contamination_symmetric,80,acceptable,200,0,0.0,1.734723475976807e-18,0.018845326377266575,,,,,,,False,False,false_safe
v2,contamination_symmetric_eps_0p001,normal_contamination_symmetric,100,insufficient,5000,251,0.0502,0.04448534215006972,0.05660528251970369,0.035856573705179286,0.018976915304131595,0.06672915042696174,0.9641434262948207,0.9332708495730383,0.9810230846958684,True,True,false_insufficient
v3_default,contamination_symmetric_eps_0p001,normal_contamination_symmetric,100,acceptable,5000,0,0.0,0.0,0.0007677019450571244,,,,,,,False,True,false_safe
v3_default,contamination_symmetric_eps_0p001,normal_contamination_symmetric,100,insufficient,5000,219,0.0438,0.03846909782873126,0.04983135342593886,0.0319634703196347,0.015567715862581072,0.06449574681224361,0.9680365296803652,0.9355042531877564,0.9844322841374189,True,True,false_insufficient
v2,contamination_symmetric_eps_0p001,normal_contamination_symmetric,200,insufficient,200,16,0.08,0.049840585889759974,0.12598948826714396,0.0,0.0,0.1936076805344365,1.0,0.8063923194655637,1.0000000000000002,False,False,false_insufficient
v3_default,contamination_symmetric_eps_0p001,normal_contamination_symmetric,200,acceptable,200,0,0.0,1.734723475976807e-18,0.018845326377266575,,,,,,,False,False,false_safe
v3_default,contamination_symmetric_eps_0p001,normal_contamination_symmetric,200,insufficient,200,16,0.08,0.049840585889759974,0.12598948826714396,0.0,0.0,0.1936076805344365,1.0,0.8063923194655637,1.0000000000000002,False,False,false_insufficient
v3_default,contamination_symmetric_eps_0p001,normal_contamination_symmetric,500,acceptable,200,0,0.0,1.734723475976807e-18,0.018845326377266575,,,,,,,False,False,false_safe
v2,contamination_symmetric_eps_0p001,normal_contamination_symmetric,750,insufficient,200,24,0.12,0.08197992706375512,0.17234252098296743,0.0,1.3877787807814457e-17,0.13797620467498017,1.0,0.8620237953250198,1.0,False,False,false_insufficient
v3_default,contamination_symmetric_eps_0p001,normal_contamination_symmetric,750,acceptable,200,0,0.0,1.734723475976807e-18,0.018845326377266575,,,,,,,False,False,false_safe
v3_default,contamination_symmetric_eps_0p001,normal_contamination_symmetric,750,insufficient,200,24,0.12,0.08197992706375512,0.17234252098296743,0.0,1.3877787807814457e-17,0.13797620467498017,1.0,0.8620237953250198,1.0,False,False,false_insufficient
v3_default,contamination_symmetric_eps_0p001,normal_contamination_symmetric,2000,acceptable,200,0,0.0,1.734723475976807e-18,0.018845326377266575,,,,,,,False,False,false_safe
v2,contamination_symmetric_eps_0p005,normal_contamination_symmetric,5,acceptable,200,112,0.56,0.4907167533465867,0.6270218074881414,0.07142857142857142,0.03663590189789057,0.13464525273091846,0.9285714285714286,0.8653547472690817,0.9633640981021094,False,False,false_safe
v3_default,contamination_symmetric_eps_0p005,normal_contamination_symmetric,5,acceptable,200,0,0.0,1.734723475976807e-18,0.018845326377266575,,,,,,,False,False,false_safe
v3_scenario_context,contamination_symmetric_eps_0p005,normal_contamination_symmetric,5,acceptable,200,82,0.41,0.34415674908482885,0.4792354096630791,0.07317073170731707,0.033964777256659195,0.1505784380885484,0.926829268292683,0.8494215619114518,0.9660352227433409,False,False,false_safe
v2,contamination_symmetric_eps_0p005,normal_contamination_symmetric,8,insufficient,200,46,0.23,0.17709343259068805,0.2930830436530359,0.043478260869565216,0.012005445598556624,0.1453225902621907,0.9565217391304348,0.8546774097378094,0.9879945544014435,False,False,false_insufficient
v3_default,contamination_symmetric_eps_0p005,normal_contamination_symmetric,8,acceptable,200,0,0.0,1.734723475976807e-18,0.018845326377266575,,,,,,,False,False,false_safe
v2,contamination_symmetric_eps_0p005,normal_contamination_symmetric,10,insufficient,200,39,0.195,0.1460552053440051,0.25544044374612745,0.02564102564102564,0.004540703100990098,0.13180990169850076,0.9743589743589743,0.8681900983014993,0.99545929689901,False,False,false_insufficient
v3_default,contamination_symmetric_eps_0p005,normal_contamination_symmetric,10,acceptable,200,0,0.0,1.734723475976807e-18,0.018845326377266575,,,,,,,False,False,false_safe
v2,contamination_symmetric_eps_0p005,normal_contamination_symmetric,15,acceptable,200,165,0.825,0.7663556885175099,0.8713948493372666,0.09090909090909091,0.0558663538315333,0.1445669938608306,0.9090909090909091,0.8554330061391694,0.9441336461684667,False,False,false_safe
v3_default,contamination_symmetric_eps_0p005,normal_contamination_symmetric,15,acceptable,200,0,0.0,1.734723475976807e-18,0.018845326377266575,,,,,,,False,False,false_safe
v3_default,contamination_symmetric_eps_0p005,normal_contamination_symmetric,15,insufficient,200,2,0.01,0.0027466581335444384,0.0357217617161768,0.0,0.0,0.6576197724933469,1.0,0.34238022750665303,1.0,False,False,false_insufficient
v3_scenario_context,contamination_symmetric_eps_0p005,normal_contamination_symmetric,15,acceptable,200,138,0.69,0.6228282243374195,0.750010551639219,0.09420289855072464,0.05588053401488235,0.1545054777252928,0.9057971014492754,0.8454945222747072,0.9441194659851178,False,False,false_safe
v3_default,contamination_symmetric_eps_0p005,normal_contamination_symmetric,20,acceptable,200,0,0.0,1.734723475976807e-18,0.018845326377266575,,,,,,,False,False,false_safe
v3_default,contamination_symmetric_eps_0p005,normal_contamination_symmetric,20,insufficient,200,7,0.035,0.017055542008567192,0.07047061152229073,0.0,5.551115123125783e-17,0.35433043506668743,1.0,0.6456695649333126,1.0,False,False,false_insufficient
v2,contamination_symmetric_eps_0p005,normal_contamination_symmetric,30,acceptable,200,162,0.81,0.7499876129240015,0.8583282847220932,0.08024691358024691,0.04749434773982899,0.13244533099248584,0.9197530864197531,0.8675546690075141,0.952505652260171,False,False,false_safe
v2,contamination_symmetric_eps_0p005,normal_contamination_symmetric,30,insufficient,200,38,0.19,0.14167171527790676,0.25001238707599854,0.02631578947368421,0.004660587685768783,0.1349487611595213,0.9736842105263158,0.8650512388404787,0.9953394123142312,False,False,false_insufficient
v3_default,contamination_symmetric_eps_0p005,normal_contamination_symmetric,30,acceptable,200,0,0.0,1.734723475976807e-18,0.018845326377266575,,,,,,,False,False,false_safe
v3_default,contamination_symmetric_eps_0p005,normal_contamination_symmetric,30,insufficient,200,11,0.055,0.03098534170345884,0.0957869987723084,0.0,0.0,0.2588329669680317,1.0,0.7411670330319684,1.0,False,False,false_insufficient
v3_scenario_context,contamination_symmetric_eps_0p005,normal_contamination_symmetric,30,acceptable,200,141,0.705,0.6384128547538122,0.7638605614315084,0.0851063829787234,0.049353746803088794,0.14286648521736015,0.9148936170212766,0.8571335147826399,0.9506462531969112,False,False,false_safe
v2,contamination_symmetric_eps_0p005,normal_contamination_symmetric,40,insufficient,200,30,0.15,0.10713593562241995,0.20605579284166659,0.0,0.0,0.11351339317396876,1.0,0.8864866068260312,0.9999999999999999,False,False,false_insufficient
v3_default,contamination_symmetric_eps_0p005,normal_contamination_symmetric,40,acceptable,200,0,0.0,1.734723475976807e-18,0.018845326377266575,,,,,,,False,False,false_safe
v3_default,contamination_symmetric_eps_0p005,normal_contamination_symmetric,40,insufficient,200,22,0.11,0.07377244460125303,0.1609269099730149,0.0,0.0,0.14865487460862087,1.0,0.8513451253913791,1.0,False,False,false_insufficient
v2,contamination_symmetric_eps_0p005,normal_contamination_symmetric,50,insufficient,200,32,0.16,0.1156741203158702,0.21714070162067106,0.0,0.0,0.1071791982550706,1.0,0.8928208017449293,1.0,False,False,false_insufficient
v3_default,contamination_symmetric_eps_0p005,normal_contamination_symmetric,50,acceptable,200,0,0.0,1.734723475976807e-18,0.018845326377266575,,,,,,,False,False,false_safe
v3_default,contamination_symmetric_eps_0p005,normal_contamination_symmetric,50,insufficient,200,24,0.12,0.08197992706375512,0.17234252098296743,0.0,1.3877787807814457e-17,0.13797620467498017,1.0,0.8620237953250198,1.0,False,False,false_insufficient
v2,contamination_symmetric_eps_0p005,normal_contamination_symmetric,80,insufficient,200,49,0.245,0.1905686808903718,0.30904243556203415,0.0,6.938893903907228e-18,0.07269781922049637,1.0,0.9273021807795035,0.9999999999999999,False,False,false_insufficient
v3_default,contamination_symmetric_eps_0p005,normal_contamination_symmetric,80,acceptable,200,0,0.0,1.734723475976807e-18,0.018845326377266575,,,,,,,False,False,false_safe
v3_default,contamination_symmetric_eps_0p005,normal_contamination_symmetric,80,insufficient,200,44,0.22,0.16816538358833258,0.28238799918293667,0.0,0.0,0.08029560375848066,1.0,0.9197043962415192,1.0,False,False,false_insufficient
v2,contamination_symmetric_eps_0p005,normal_contamination_symmetric,100,insufficient,5000,1155,0.231,0.21952676640856636,0.24288625723787446,0.024242424242424242,0.01682504310426942,0.034813995493462785,0.9757575757575757,0.9651860045065371,0.9831749568957305,True,True,false_insufficient
v3_default,contamination_symmetric_eps_0p005,normal_contamination_symmetric,100,acceptable,5000,0,0.0,0.0,0.0007677019450571244,,,,,,,False,True,false_safe
v3_default,contamination_symmetric_eps_0p005,normal_contamination_symmetric,100,insufficient,5000,969,0.1938,0.1830805184244563,0.20498962224669673,0.0196078431372549,0.012588172851544642,0.030421362197892425,0.9803921568627451,0.9695786378021076,0.9874118271484553,True,True,false_insufficient
v2,contamination_symmetric_eps_0p005,normal_contamination_symmetric,200,insufficient,200,61,0.305,0.24536415630735034,0.37198552097978366,0.01639344262295082,0.002899730799299824,0.08718860044641587,0.9836065573770492,0.9128113995535841,0.9971002692007002,False,False,false_insufficient
v3_default,contamination_symmetric_eps_0p005,normal_contamination_symmetric,200,acceptable,200,0,0.0,1.734723475976807e-18,0.018845326377266575,,,,,,,False,False,false_safe
v3_default,contamination_symmetric_eps_0p005,normal_contamination_symmetric,200,insufficient,200,57,0.285,0.22695003004617292,0.3511534602960517,0.017543859649122806,0.003103664651408093,0.09290749178567684,0.9824561403508771,0.9070925082143229,0.9968963353485918,False,False,false_insufficient
v2,contamination_symmetric_eps_0p005,normal_contamination_symmetric,500,insufficient,200,94,0.47,0.40204754873265425,0.5390831708499817,0.05319148936170213,0.022931748685590003,0.11853648970259889,0.9468085106382979,0.8814635102974011,0.97706825131441,False,False,false_insufficient
v3_default,contamination_symmetric_eps_0p005,normal_contamination_symmetric,500,acceptable,200,0,0.0,1.734723475976807e-18,0.018845326377266575,,,,,,,False,False,false_safe
v3_default,contamination_symmetric_eps_0p005,normal_contamination_symmetric,500,insufficient,200,80,0.4,0.33460578566807336,0.46916327960737997,0.0625,0.026989375670841982,0.13810148767274424,0.9375,0.8618985123272557,0.973010624329158,False,False,false_insufficient
v2,contamination_symmetric_eps_0p005,normal_contamination_symmetric,750,insufficient,200,121,0.605,0.5358834915928536,0.6701589898679203,0.03305785123966942,0.012929181394125314,0.08192279272211472,0.9669421487603306,0.9180772072778853,0.9870708186058748,False,False,false_insufficient
v3_default,contamination_symmetric_eps_0p005,normal_contamination_symmetric,750,acceptable,200,0,0.0,1.734723475976807e-18,0.018845326377266575,,,,,,,False,False,false_safe
v3_default,contamination_symmetric_eps_0p005,normal_contamination_symmetric,750,insufficient,200,102,0.51,0.44118587678458643,0.5784372166878682,0.0392156862745098,0.015354071528489173,0.09652513868491805,0.9607843137254902,0.903474861315082,0.9846459284715108,False,False,false_insufficient
v2,contamination_symmetric_eps_0p005,normal_contamination_symmetric,2000,acceptable,200,0,0.0,1.734723475976807e-18,0.018845326377266575,,,,,,,False,False,false_safe
v2,contamination_symmetric_eps_0p005,normal_contamination_symmetric,2000,insufficient,200,147,0.735,0.6698242380737758,0.7913184585289088,0.027210884353741496,0.010631557432044515,0.06787112288723109,0.9727891156462585,0.9321288771127689,0.9893684425679554,False,False,false_insufficient
v3_default,contamination_symmetric_eps_0p005,normal_contamination_symmetric,2000,acceptable,200,0,0.0,1.734723475976807e-18,0.018845326377266575,,,,,,,False,False,false_safe
v3_scenario_context,contamination_symmetric_eps_0p005,normal_contamination_symmetric,2000,acceptable,200,0,0.0,1.734723475976807e-18,0.018845326377266575,,,,,,,False,False,false_safe
v2,contamination_symmetric_eps_0p01,normal_contamination_symmetric,5,insufficient,200,83,0.415,0.34894285449757567,0.4842608509865596,0.024096385542168676,0.006633166140727599,0.08366309243416317,0.9759036144578314,0.916336907565837,0.9933668338592725,False,False,false_insufficient
v3_default,contamination_symmetric_eps_0p01,normal_contamination_symmetric,5,acceptable,200,0,0.0,1.734723475976807e-18,0.018845326377266575,,,,,,,False,False,false_safe
v2,contamination_symmetric_eps_0p01,normal_contamination_symmetric,8,insufficient,200,60,0.3,0.24074744682371402,0.36679068372719265,0.016666666666666666,0.0029481597947862495,0.08855129727590061,0.9833333333333333,0.9114487027240993,0.9970518402052136,False,False,false_insufficient
v3_default,contamination_symmetric_eps_0p01,normal_contamination_symmetric,8,acceptable,200,0,0.0,1.734723475976807e-18,0.018845326377266575,,,,,,,False,False,false_safe
v3_default,contamination_symmetric_eps_0p01,normal_contamination_symmetric,10,acceptable,200,0,0.0,1.734723475976807e-18,0.018845326377266575,,,,,,,False,False,false_safe
v2,contamination_symmetric_eps_0p01,normal_contamination_symmetric,15,insufficient,200,46,0.23,0.17709343259068805,0.2930830436530359,0.043478260869565216,0.012005445598556624,0.1453225902621907,0.9565217391304348,0.8546774097378094,0.9879945544014435,False,False,false_insufficient
v3_default,contamination_symmetric_eps_0p01,normal_contamination_symmetric,15,acceptable,200,0,0.0,1.734723475976807e-18,0.018845326377266575,,,,,,,False,False,false_safe
v3_default,contamination_symmetric_eps_0p01,normal_contamination_symmetric,15,insufficient,200,11,0.055,0.03098534170345884,0.0957869987723084,0.0,0.0,0.2588329669680317,1.0,0.7411670330319684,1.0,False,False,false_insufficient
v2,contamination_symmetric_eps_0p01,normal_contamination_symmetric,20,acceptable,200,159,0.795,0.7337430194757748,0.8451382379616379,0.08176100628930817,0.048402298802567155,0.13485237747463794,0.9182389937106918,0.8651476225253621,0.9515977011974329,False,False,false_safe
v2,contamination_symmetric_eps_0p01,normal_contamination_symmetric,20,insufficient,200,41,0.205,0.15486176203836208,0.26625698052422514,0.04878048780487805,0.013480945365169042,0.16138978870370846,0.9512195121951219,0.8386102112962914,0.9865190546348308,False,False,false_insufficient
v3_default,contamination_symmetric_eps_0p01,normal_contamination_symmetric,20,acceptable,200,0,0.0,1.734723475976807e-18,0.018845326377266575,,,,,,,False,False,false_safe
v3_default,contamination_symmetric_eps_0p01,normal_contamination_symmetric,20,insufficient,200,18,0.09,0.05768744886219316,0.13776571876716542,0.0,0.0,0.17587922364665765,1.0,0.8241207763533425,1.0,False,False,false_insufficient
v3_scenario_context,contamination_symmetric_eps_0p01,normal_contamination_symmetric,20,acceptable,200,132,0.66,0.5918849552683626,0.7220845402909121,0.09848484848484848,0.05846137974381156,0.1612172005641619,0.9015151515151515,0.8387827994358381,0.9415386202561884,False,False,false_safe
v2,contamination_symmetric_eps_0p01,normal_contamination_symmetric,30,insufficient,200,55,0.275,0.21779700329307355,0.34068339357669647,0.0,0.0,0.06528490111708637,1.0,0.9347150988829137,1.0,False,False,false_insufficient
v3_default,contamination_symmetric_eps_0p01,normal_contamination_symmetric,30,acceptable,200,0,0.0,1.734723475976807e-18,0.018845326377266575,,,,,,,False,False,false_safe
v3_default,contamination_symmetric_eps_0p01,normal_contamination_symmetric,30,insufficient,200,25,0.125,0.08611974475712644,0.17801425002582347,0.0,1.3877787807814457e-17,0.13319225093904846,1.0,0.8668077490609515,0.9999999999999999,False,False,false_insufficient
v2,contamination_symmetric_eps_0p01,normal_contamination_symmetric,40,acceptable,200,140,0.7,0.6332093162728074,0.7592525531762859,0.07142857142857142,0.03925838437386533,0.12648978737134578,0.9285714285714286,0.8735102126286542,0.9607416156261346,False,False,false_safe
v2,contamination_symmetric_eps_0p01,normal_contamination_symmetric,40,insufficient,200,47,0.235,0.18157433415232588,0.29841368882762537,0.0425531914893617,0.011748275966789345,0.1424852767789945,0.9574468085106383,0.8575147232210055,0.9882517240332106,False,False,false_insufficient
v3_default,contamination_symmetric_eps_0p01,normal_contamination_symmetric,40,acceptable,200,0,0.0,1.734723475976807e-18,0.018845326377266575,,,,,,,False,False,false_safe
v3_default,contamination_symmetric_eps_0p01,normal_contamination_symmetric,40,insufficient,200,33,0.165,0.11996855328217307,0.2226578153905955,0.030303030303030304,0.00536941053687183,0.1531872538211892,0.9696969696969697,0.846812746178811,0.9946305894631283,False,False,false_insufficient
v3_scenario_context,contamination_symmetric_eps_0p01,normal_contamination_symmetric,40,acceptable,200,125,0.625,0.5561430369897816,0.6891456314159018,0.08,0.04403303232758284,0.1410118983874114,0.92,0.8589881016125887,0.9559669676724172,False,False,false_safe
v2,contamination_symmetric_eps_0p01,normal_contamination_symmetric,50,insufficient,200,57,0.285,0.22695003004617292,0.3511534602960517,0.03508771929824561,0.009675664344932881,0.11920781367625805,0.9649122807017544,0.8807921863237419,0.9903243356550672,False,False,false_insufficient
v3_default,contamination_symmetric_eps_0p01,normal_contamination_symmetric,50,acceptable,200,0,0.0,1.734723475976807e-18,0.018845326377266575,,,,,,,False,False,false_safe
v3_default,contamination_symmetric_eps_0p01,normal_contamination_symmetric,50,insufficient,200,35,0.175,0.12860515066273331,0.23364431148248993,0.0,6.938893903907228e-18,0.09890099232440402,1.0,0.9010990076755959,0.9999999999999999,False,False,false_insufficient
v2,contamination_symmetric_eps_0p01,normal_contamination_symmetric,80,insufficient,200,74,0.37,0.30612608409859116,0.4387737007594981,0.05405405405405406,0.02121901217287475,0.13090376404552365,0.9459459459459459,0.8690962359544764,0.9787809878271253,False,False,false_insufficient
v3_default,contamination_symmetric_eps_0p01,normal_contamination_symmetric,80,acceptable,200,0,0.0,1.734723475976807e-18,0.018845326377266575,,,,,,,False,False,false_safe
v2,contamination_symmetric_eps_0p01,normal_contamination_symmetric,100,insufficient,5000,2079,0.4158,0.4022086185998205,0.42952066240772724,0.027417027417027416,0.021221839373778542,0.03535541873755943,0.9725829725829725,0.9646445812624406,0.9787781606262215,True,True,false_insufficient
v3_default,contamination_symmetric_eps_0p01,normal_contamination_symmetric,100,acceptable,5000,0,0.0,0.0,0.0007677019450571244,,,,,,,False,True,false_safe
v3_default,contamination_symmetric_eps_0p01,normal_contamination_symmetric,100,insufficient,5000,1682,0.3364,0.3234338525035358,0.34961733957288693,0.023781212841854936,0.017512569849141943,0.03222013685469259,0.976218787158145,0.9677798631453073,0.982487430150858,True,True,false_insufficient
v2,contamination_symmetric_eps_0p01,normal_contamination_symmetric,200,insufficient,200,100,0.5,0.43136085960389187,0.5686391403961082,0.03,0.010254524024038925,0.0845193642905276,0.97,0.9154806357094724,0.9897454759759611,False,False,false_insufficient
v3_default,contamination_symmetric_eps_0p01,normal_contamination_symmetric,200,acceptable,200,0,0.0,1.734723475976807e-18,0.018845326377266575,,,,,,,False,False,false_safe
v3_default,contamination_symmetric_eps_0p01,normal_contamination_symmetric,200,insufficient,200,89,0.445,0.3778060100295335,0.5142669758719658,0.033707865168539325,0.011529221151789802,0.09447362440561424,0.9662921348314607,0.9055263755943858,0.9884707788482102,False,False,false_insufficient
v2,contamination_symmetric_eps_0p01,normal_contamination_symmetric,500,insufficient,200,145,0.725,0.6593166064233035,0.7822029967069265,0.013793103448275862,0.003790752490395701,0.04889254477653414,0.9862068965517241,0.9511074552234658,0.9962092475096044,False,False,false_insufficient
v3_default,contamination_symmetric_eps_0p01,normal_contamination_symmetric,500,acceptable,200,0,0.0,1.734723475976807e-18,0.018845326377266575,,,,,,,False,False,false_safe
v3_default,contamination_symmetric_eps_0p01,normal_contamination_symmetric,500,insufficient,200,128,0.64,0.5714152816600309,0.7033080269543346,0.015625,0.004295449710144082,0.055180976679817195,0.984375,0.9448190233201829,0.9957045502898559,False,False,false_insufficient
v3_scenario_context,contamination_symmetric_eps_0p01,normal_contamination_symmetric,500,acceptable,200,4,0.02,0.0078044264163494685,0.050287086905826436,0.25,0.04558726080970055,0.6993581574175981,0.75,0.30064184258240184,0.9544127391902995,False,False,false_safe
v2,contamination_symmetric_eps_0p01,normal_contamination_symmetric,750,insufficient,200,160,0.8,0.7391448134346212,0.8495479907390189,0.05625,0.029872301755764163,0.10343619645894672,0.94375,0.8965638035410534,0.9701276982442358,False,False,false_insufficient
v3_default,contamination_symmetric_eps_0p01,normal_contamination_symmetric,750,acceptable,200,0,0.0,1.734723475976807e-18,0.018845326377266575,,,,,,,False,False,false_safe
v2,contamination_symmetric_eps_0p01,normal_contamination_symmetric,2000,acceptable,200,0,0.0,1.734723475976807e-18,0.018845326377266575,,,,,,,False,False,false_safe
v3_default,contamination_symmetric_eps_0p01,normal_contamination_symmetric,2000,acceptable,200,0,0.0,1.734723475976807e-18,0.018845326377266575,,,,,,,False,False,false_safe
v3_scenario_context,contamination_symmetric_eps_0p01,normal_contamination_symmetric,2000,acceptable,200,0,0.0,1.734723475976807e-18,0.018845326377266575,,,,,,,False,False,false_safe
v2,contamination_symmetric_eps_0p025,normal_contamination_symmetric,5,insufficient,200,86,0.43,0.36334322333434416,0.4992951223584731,0.011627906976744186,0.0020555686652495644,0.06296406589291725,0.9883720930232558,0.9370359341070826,0.9979444313347503,False,False,false_insufficient
v3_default,contamination_symmetric_eps_0p025,normal_contamination_symmetric,5,acceptable,200,0,0.0,1.734723475976807e-18,0.018845326377266575,,,,,,,False,False,false_safe
v2,contamination_symmetric_eps_0p025,normal_contamination_symmetric,8,insufficient,200,68,0.34,0.27791545970908793,0.4081150447316374,0.04411764705882353,0.01511661970804156,0.12187195182496394,0.9558823529411765,0.8781280481750362,0.9848833802919585,False,False,false_insufficient
v3_default,contamination_symmetric_eps_0p025,normal_contamination_symmetric,8,acceptable,200,0,0.0,1.734723475976807e-18,0.018845326377266575,,,,,,,False,False,false_safe
v2,contamination_symmetric_eps_0p025,normal_contamination_symmetric,10,insufficient,200,71,0.355,0.2919862754043116,0.42347886924509565,0.056338028169014086,0.022124519301696642,0.13609605799976943,0.9436619718309859,0.8639039420002305,0.9778754806983033,False,False,false_insufficient
v3_default,contamination_symmetric_eps_0p025,normal_contamination_symmetric,10,acceptable,200,0,0.0,1.734723475976807e-18,0.018845326377266575,,,,,,,False,False,false_safe
v2,contamination_symmetric_eps_0p025,normal_contamination_symmetric,15,insufficient,200,81,0.405,0.3393777128250677,0.47420289918661307,0.024691358024691357,0.006797587423664028,0.08562725922196524,0.9753086419753086,0.9143727407780347,0.9932024125763359,False,False,false_insufficient
v3_default,contamination_symmetric_eps_0p025,normal_contamination_symmetric,15,acceptable,200,0,0.0,1.734723475976807e-18,0.018845326377266575,,,,,,,False,False,false_safe
v3_default,contamination_symmetric_eps_0p025,normal_contamination_symmetric,15,insufficient,200,35,0.175,0.12860515066273331,0.23364431148248993,0.0,6.938893903907228e-18,0.09890099232440402,1.0,0.9010990076755959,0.9999999999999999,False,False,false_insufficient
v2,contamination_symmetric_eps_0p025,normal_contamination_symmetric,20,acceptable,200,120,0.6,0.53083672039262,0.6653942143319266,0.09166666666666666,0.05195718284856543,0.15670846972670907,0.9083333333333333,0.843291530273291,0.9480428171514347,False,False,false_safe
v2,contamination_symmetric_eps_0p025,normal_contamination_symmetric,20,insufficient,200,80,0.4,0.33460578566807336,0.46916327960737997,0.0125,0.0022099755204522745,0.06746270077668665,0.9875,0.9325372992233133,0.9977900244795476,False,False,false_insufficient
v3_default,contamination_symmetric_eps_0p025,normal_contamination_symmetric,20,acceptable,200,0,0.0,1.734723475976807e-18,0.018845326377266575,,,,,,,False,False,false_safe
v3_default,contamination_symmetric_eps_0p025,normal_contamination_symmetric,20,insufficient,200,41,0.205,0.15486176203836208,0.26625698052422514,0.0,-6.938893903907228e-18,0.08566757018443186,1.0,0.9143324298155681,0.9999999999999999,False,False,false_insufficient
v3_scenario_context,contamination_symmetric_eps_0p025,normal_contamination_symmetric,20,acceptable,200,103,0.515,0.44610849192745716,0.5833261482812249,0.08737864077669903,0.04665122122451078,0.15777746275058724,0.912621359223301,0.8422225372494128,0.9533487787754893,False,False,false_safe
v2,contamination_symmetric_eps_0p025,normal_contamination_symmetric,30,insufficient,200,87,0.435,0.36815725502699076,0.504292637402054,0.0,0.0,0.04228750694412034,1.0,0.9577124930558795,0.9999999999999999,False,False,false_insufficient
v3_default,contamination_symmetric_eps_0p025,normal_contamination_symmetric,30,acceptable,200,0,0.0,1.734723475976807e-18,0.018845326377266575,,,,,,,False,False,false_safe
v3_default,contamination_symmetric_eps_0p025,normal_contamination_symmetric,30,insufficient,200,47,0.235,0.18157433415232588,0.29841368882762537,0.0,-6.938893903907228e-18,0.07555760416399632,1.0,0.9244423958360037,1.0,False,False,false_insufficient
v2,contamination_symmetric_eps_0p025,normal_contamination_symmetric,40,insufficient,200,98,0.49,0.42156278331213176,0.5588141232154135,0.030612244897959183,0.010464891082493703,0.0861702016847983,0.9693877551020408,0.9138297983152016,0.9895351089175063,False,False,false_insufficient
v3_default,contamination_symmetric_eps_0p025,normal_contamination_symmetric,40,acceptable,200,0,0.0,1.734723475976807e-18,0.018845326377266575,,,,,,,False,False,false_safe
v3_default,contamination_symmetric_eps_0p025,normal_contamination_symmetric,40,insufficient,200,69,0.345,0.2825979437674894,0.4132441074094632,0.028985507246376812,0.007985202692364197,0.09966583763065553,0.9710144927536232,0.9003341623693445,0.9920147973076358,False,False,false_insufficient
v2,contamination_symmetric_eps_0p025,normal_contamination_symmetric,50,insufficient,200,116,0.58,0.5107207393958046,0.6462640083838327,0.008620689655172414,0.0015233877766386086,0.04721983412817875,0.9913793103448276,0.9527801658718213,0.9984766122233615,False,False,false_insufficient
v3_default,contamination_symmetric_eps_0p025,normal_contamination_symmetric,50,acceptable,200,0,0.0,1.734723475976807e-18,0.018845326377266575,,,,,,,False,False,false_safe
v3_default,contamination_symmetric_eps_0p025,normal_contamination_symmetric,50,insufficient,200,71,0.355,0.2919862754043116,0.42347886924509565,0.014084507042253521,0.002490603270544213,0.07556050520249005,0.9859154929577465,0.92443949479751,0.9975093967294558,False,False,false_insufficient
v2,contamination_symmetric_eps_0p025,normal_contamination_symmetric,80,acceptable,200,38,0.19,0.14167171527790676,0.25001238707599854,0.07894736842105263,0.027214595506987724,0.20799371457771454,0.9210526315789473,0.7920062854222853,0.9727854044930122,False,False,false_safe
v2,contamination_symmetric_eps_0p025,normal_contamination_symmetric,80,insufficient,200,137,0.685,0.6176504391426966,0.745376790097715,0.021897810218978103,0.007474758336188016,0.06240139108103243,0.9781021897810219,0.9375986089189676,0.992525241663812,False,False,false_insufficient
v3_default,contamination_symmetric_eps_0p025,normal_contamination_symmetric,80,acceptable,200,0,0.0,1.734723475976807e-18,0.018845326377266575,,,,,,,False,False,false_safe
v3_default,contamination_symmetric_eps_0p025,normal_contamination_symmetric,80,insufficient,200,103,0.515,0.44610849192745716,0.5833261482812249,0.02912621359223301,0.00995436781664455,0.08215836566082022,0.970873786407767,0.9178416343391798,0.9900456321833555,False,False,false_insufficient
v3_scenario_context,contamination_symmetric_eps_0p025,normal_contamination_symmetric,80,acceptable,200,36,0.18,0.13294625859420173,0.23911475028724882,0.08333333333333333,0.02874861133599338,0.2182669124927263,0.9166666666666666,0.7817330875072737,0.9712513886640066,False,False,false_safe
v2,contamination_symmetric_eps_0p025,normal_contamination_symmetric,100,insufficient,5000,3659,0.7318,0.7193457452841198,0.7438983480941518,0.03580213172998087,0.030252351062762355,0.04232558107254925,0.9641978682700191,0.9576744189274506,0.9697476489372376,True,True,false_insufficient
v3_default,contamination_symmetric_eps_0p025,normal_contamination_symmetric,100,acceptable,5000,0,0.0,0.0,0.0007677019450571244,,,,,,,False,True,false_safe
v3_default,contamination_symmetric_eps_0p025,normal_contamination_symmetric,100,insufficient,5000,2730,0.546,0.5321696766113067,0.5597596948097481,0.04542124542124542,0.03822847480237089,0.053891519211229214,0.9545787545787546,0.9461084807887709,0.9617715251976292,True,True,false_insufficient
v2,contamination_symmetric_eps_0p025,normal_contamination_symmetric,200,acceptable,200,2,0.01,0.0027466581335444384,0.0357217617161768,0.5,0.09453120573423074,0.9054687942657693,0.5,0.09453120573423074,0.9054687942657693,False,False,false_safe
v3_default,contamination_symmetric_eps_0p025,normal_contamination_symmetric,200,acceptable,200,0,0.0,1.734723475976807e-18,0.018845326377266575,,,,,,,False,False,false_safe
v3_scenario_context,contamination_symmetric_eps_0p025,normal_contamination_symmetric,200,acceptable,200,2,0.01,0.0027466581335444384,0.0357217617161768,0.5,0.09453120573423074,0.9054687942657693,0.5,0.09453120573423074,0.9054687942657693,False,False,false_safe
v2,contamination_symmetric_eps_0p025,normal_contamination_symmetric,500,acceptable,200,0,0.0,1.734723475976807e-18,0.018845326377266575,,,,,,,False,False,false_safe
v2,contamination_symmetric_eps_0p025,normal_contamination_symmetric,500,insufficient,200,183,0.915,0.8681041292843443,0.9462542498225244,0.04918032786885246,0.02608669616848347,0.09081165689808453,0.9508196721311475,0.9091883431019155,0.9739133038315165,False,False,false_insufficient
v3_default,contamination_symmetric_eps_0p025,normal_contamination_symmetric,500,acceptable,200,0,0.0,1.734723475976807e-18,0.018845326377266575,,,,,,,False,False,false_safe
v3_default,contamination_symmetric_eps_0p025,normal_contamination_symmetric,500,insufficient,200,111,0.555,0.4857330241280342,0.6221939899704665,0.06306306306306306,0.0308806575864322,0.12447664110959537,0.9369369369369369,0.8755233588904047,0.9691193424135679,False,False,false_insufficient
v3_scenario_context,contamination_symmetric_eps_0p025,normal_contamination_symmetric,500,acceptable,200,0,0.0,1.734723475976807e-18,0.018845326377266575,,,,,,,False,False,false_safe
v2,contamination_symmetric_eps_0p025,normal_contamination_symmetric,750,acceptable,200,0,0.0,1.734723475976807e-18,0.018845326377266575,,,,,,,False,False,false_safe
v3_default,contamination_symmetric_eps_0p025,normal_contamination_symmetric,750,acceptable,200,0,0.0,1.734723475976807e-18,0.018845326377266575,,,,,,,False,False,false_safe
v3_scenario_context,contamination_symmetric_eps_0p025,normal_contamination_symmetric,750,acceptable,200,0,0.0,1.734723475976807e-18,0.018845326377266575,,,,,,,False,False,false_safe
v2,contamination_symmetric_eps_0p025,normal_contamination_symmetric,2000,acceptable,200,0,0.0,1.734723475976807e-18,0.018845326377266575,,,,,,,False,False,false_safe
v2,contamination_symmetric_eps_0p025,normal_contamination_symmetric,2000,insufficient,200,200,1.0,0.9811546736227335,1.0,0.015,0.00511423779325831,0.04316572879269026,0.985,0.9568342712073097,0.9948857622067417,True,False,false_insufficient
v3_default,contamination_symmetric_eps_0p025,normal_contamination_symmetric,2000,acceptable,200,0,0.0,1.734723475976807e-18,0.018845326377266575,,,,,,,False,False,false_safe
v3_default,contamination_symmetric_eps_0p025,normal_contamination_symmetric,2000,insufficient,200,72,0.36,0.2966919730456654,0.42858471833996925,0.041666666666666664,0.014270807466925182,0.11549276741316111,0.9583333333333334,0.8845072325868389,0.9857291925330748,False,False,false_insufficient
v3_scenario_context,contamination_symmetric_eps_0p025,normal_contamination_symmetric,2000,acceptable,200,0,0.0,1.734723475976807e-18,0.018845326377266575,,,,,,,False,False,false_safe
v2,contamination_symmetric_eps_0p05,normal_contamination_symmetric,5,insufficient,200,86,0.43,0.36334322333434416,0.4992951223584731,0.03488372093023256,0.01193379807740838,0.09760871102560764,0.9651162790697675,0.9023912889743924,0.9880662019225916,False,False,false_insufficient
v3_default,contamination_symmetric_eps_0p05,normal_contamination_symmetric,5,acceptable,200,0,0.0,1.734723475976807e-18,0.018845326377266575,,,,,,,False,False,false_safe
v3_scenario_context,contamination_symmetric_eps_0p05,normal_contamination_symmetric,5,acceptable,200,87,0.435,0.36815725502699076,0.504292637402054,0.06896551724137931,0.031988839442576765,0.14239694240580283,0.9310344827586207,0.8576030575941972,0.9680111605574232,False,False,false_safe
v2,contamination_symmetric_eps_0p05,normal_contamination_symmetric,8,acceptable,200,113,0.565,0.49570736259794607,0.6318427449730093,0.08849557522123894,0.04877938009471883,0.1552702702719496,0.911504424778761,0.8447297297280504,0.9512206199052812,False,False,false_safe
v2,contamination_symmetric_eps_0p05,normal_contamination_symmetric,8,insufficient,200,87,0.435,0.36815725502699076,0.504292637402054,0.022988505747126436,0.006327085105926007,0.0799931801396141,0.9770114942528736,0.9200068198603859,0.9936729148940739,False,False,false_insufficient
v3_default,contamination_symmetric_eps_0p05,normal_contamination_symmetric,8,acceptable,200,0,0.0,1.734723475976807e-18,0.018845326377266575,,,,,,,False,False,false_safe
v3_scenario_context,contamination_symmetric_eps_0p05,normal_contamination_symmetric,8,acceptable,200,86,0.43,0.36334322333434416,0.4992951223584731,0.09302325581395349,0.04789228421527053,0.1729574112498685,0.9069767441860465,0.8270425887501315,0.9521077157847294,False,False,false_safe
v2,contamination_symmetric_eps_0p05,normal_contamination_symmetric,10,insufficient,200,73,0.365,0.301405264649268,0.433682973472594,0.0136986301369863,0.0024222514664838588,0.07359737270963818,0.9863013698630136,0.9264026272903616,0.997577748533516,False,False,false_insufficient
v3_default,contamination_symmetric_eps_0p05,normal_contamination_symmetric,10,acceptable,200,0,0.0,1.734723475976807e-18,0.018845326377266575,,,,,,,False,False,false_safe
v2,contamination_symmetric_eps_0p05,normal_contamination_symmetric,15,insufficient,200,104,0.52,0.4510378507281424,0.588208336216767,0.009615384615384616,0.0016993728496512567,0.05246772470794581,0.9903846153846154,0.9475322752920542,0.9983006271503486,False,False,false_insufficient
v3_default,contamination_symmetric_eps_0p05,normal_contamination_symmetric,15,acceptable,200,0,0.0,1.734723475976807e-18,0.018845326377266575,,,,,,,False,False,false_safe
v3_default,contamination_symmetric_eps_0p05,normal_contamination_symmetric,15,insufficient,200,44,0.22,0.16816538358833258,0.28238799918293667,0.0,0.0,0.08029560375848066,1.0,0.9197043962415192,1.0,False,False,false_insufficient
v2,contamination_symmetric_eps_0p05,normal_contamination_symmetric,20,insufficient,200,124,0.62,0.5510671801561923,0.6844099415132637,0.03225806451612903,0.012614619069790334,0.08001150495858558,0.967741935483871,0.9199884950414144,0.9873853809302097,False,False,false_insufficient
v3_default,contamination_symmetric_eps_0p05,normal_contamination_symmetric,20,acceptable,200,0,0.0,1.734723475976807e-18,0.018845326377266575,,,,,,,False,False,false_safe
v3_default,contamination_symmetric_eps_0p05,normal_contamination_symmetric,20,insufficient,200,74,0.37,0.30612608409859116,0.4387737007594981,0.0,-3.469446951953614e-18,0.04934977939638607,1.0,0.950650220603614,1.0000000000000002,False,False,false_insufficient
v2,contamination_symmetric_eps_0p05,normal_contamination_symmetric,30,acceptable,200,56,0.28,0.22236889773949026,0.3459230458665071,0.10714285714285714,0.05003935571117074,0.21468445171071482,0.8928571428571429,0.7853155482892853,0.9499606442888293,False,False,false_safe
v2,contamination_symmetric_eps_0p05,normal_contamination_symmetric,30,insufficient,200,144,0.72,0.6540769541334929,0.7776311022605097,0.013888888888888888,0.0038171346628682636,0.04922251255952857,0.9861111111111112,0.9507774874404714,0.9961828653371317,False,False,false_insufficient
v3_default,contamination_symmetric_eps_0p05,normal_contamination_symmetric,30,acceptable,200,0,0.0,1.734723475976807e-18,0.018845326377266575,,,,,,,False,False,false_safe
v3_default,contamination_symmetric_eps_0p05,normal_contamination_symmetric,30,insufficient,200,93,0.465,0.3971856415700402,0.5341335312763685,0.010752688172043012,0.0019006420286555546,0.058419172354870236,0.989247311827957,0.94158082764513,0.9980993579713445,False,False,false_insufficient
v3_scenario_context,contamination_symmetric_eps_0p05,normal_contamination_symmetric,30,acceptable,200,48,0.24,0.1860661599241369,0.30373340979204166,0.125,0.058570514385719794,0.24700458286386834,0.875,0.7529954171361317,0.9414294856142802,False,False,false_safe
v2,contamination_symmetric_eps_0p05,normal_contamination_symmetric,40,acceptable,200,44,0.22,0.16816538358833258,0.28238799918293667,0.09090909090909091,0.03592219322731624,0.21159239166598612,0.9090909090909091,0.7884076083340138,0.9640778067726837,False,False,false_safe
v2,contamination_symmetric_eps_0p05,normal_contamination_symmetric,40,insufficient,200,148,0.74,0.6750925439746589,0.7958616993642531,0.006756756756756757,0.0011937308904065753,0.03727704557646182,0.9932432432432432,0.962722954423538,0.9988062691095932,False,False,false_insufficient
v3_default,contamination_symmetric_eps_0p05,normal_contamination_symmetric,40,acceptable,200,0,0.0,1.734723475976807e-18,0.018845326377266575,,,,,,,False,False,false_safe
v3_default,contamination_symmetric_eps_0p05,normal_contamination_symmetric,40,insufficient,200,96,0.48,0.411791663783233,0.5489621492718576,0.0,3.469446951953614e-18,0.038475587857675686,1.0,0.9615244121423243,1.0,False,False,false_insufficient
v2,contamination_symmetric_eps_0p05,normal_contamination_symmetric,50,insufficient,200,149,0.745,0.6803707417954529,0.8003950482796865,0.03355704697986577,0.014417106348108083,0.07614378549035719,0.9664429530201343,0.9238562145096428,0.9855828936518919,False,False,false_insufficient
v3_default,contamination_symmetric_eps_0p05,normal_contamination_symmetric,50,acceptable,200,0,0.0,1.734723475976807e-18,0.018845326377266575,,,,,,,False,False,false_safe
v3_default,contamination_symmetric_eps_0p05,normal_contamination_symmetric,50,insufficient,200,104,0.52,0.4510378507281424,0.588208336216767,0.038461538461538464,0.015056813343976884,0.09474751376905566,0.9615384615384616,0.9052524862309445,0.9849431866560231,False,False,false_insufficient
v2,contamination_symmetric_eps_0p05,normal_contamination_symmetric,80,insufficient,200,178,0.89,0.839073090026985,0.926227555398747,0.02247191011235955,0.0087727741610624,0.056346912501650026,0.9775280898876404,0.9436530874983499,0.9912272258389375,False,False,false_insufficient
v3_default,contamination_symmetric_eps_0p05,normal_contamination_symmetric,80,acceptable,200,0,0.0,1.734723475976807e-18,0.018845326377266575,,,,,,,False,False,false_safe
v3_default,contamination_symmetric_eps_0p05,normal_contamination_symmetric,80,insufficient,200,125,0.625,0.5561430369897816,0.6891456314159018,0.032,0.01251313913869348,0.07939406937230009,0.968,0.9206059306276999,0.9874868608613065,False,False,false_insufficient
v2,contamination_symmetric_eps_0p05,normal_contamination_symmetric,100,acceptable,5000,116,0.0232,0.019378981328847723,0.02775309924595875,0.06896551724137931,0.03535749065073652,0.13020673909033134,0.9310344827586207,0.8697932609096686,0.9646425093492634,False,True,false_safe
v2,contamination_symmetric_eps_0p05,normal_contamination_symmetric,100,insufficient,5000,4613,0.9226,0.914864343361008,0.9296867949550298,0.039670496423151964,0.03441035703645626,0.0456966733044047,0.960329503576848,0.9543033266955953,0.9655896429635437,True,True,false_insufficient
v3_default,contamination_symmetric_eps_0p05,normal_contamination_symmetric,100,acceptable,5000,0,0.0,0.0,0.0007677019450571244,,,,,,,False,True,false_safe
v3_default,contamination_symmetric_eps_0p05,normal_contamination_symmetric,100,insufficient,5000,3029,0.6058,0.5921785147948807,0.6192590394735452,0.053813139650049524,0.04632768247223353,0.062428895574860095,0.9461868603499505,0.9375711044251399,0.9536723175277665,True,True,false_insufficient
v3_scenario_context,contamination_symmetric_eps_0p05,normal_contamination_symmetric,100,acceptable,5000,115,0.023,0.019196646091299507,0.027535741564284996,0.0782608695652174,0.041717707746864535,0.14206881791038214,0.9217391304347826,0.8579311820896179,0.9582822922531354,False,True,false_safe
v2,contamination_symmetric_eps_0p05,normal_contamination_symmetric,200,acceptable,200,0,0.0,1.734723475976807e-18,0.018845326377266575,,,,,,,False,False,false_safe
v2,contamination_symmetric_eps_0p05,normal_contamination_symmetric,200,insufficient,200,145,0.725,0.6593166064233035,0.7822029967069265,0.05517241379310345,0.028218774309542574,0.10508722106232939,0.9448275862068966,0.8949127789376705,0.9717812256904574,False,False,false_insufficient
v3_default,contamination_symmetric_eps_0p05,normal_contamination_symmetric,200,acceptable,200,0,0.0,1.734723475976807e-18,0.018845326377266575,,,,,,,False,False,false_safe
v3_scenario_context,contamination_symmetric_eps_0p05,normal_contamination_symmetric,200,acceptable,200,0,0.0,1.734723475976807e-18,0.018845326377266575,,,,,,,False,False,false_safe
v2,contamination_symmetric_eps_0p05,normal_contamination_symmetric,500,acceptable,200,0,0.0,1.734723475976807e-18,0.018845326377266575,,,,,,,False,False,false_safe
v2,contamination_symmetric_eps_0p05,normal_contamination_symmetric,500,insufficient,200,174,0.87,0.8163364812775159,0.9097179772033067,0.05747126436781609,0.031513445001219616,0.10254673972056624,0.9425287356321839,0.8974532602794337,0.9684865549987803,False,False,false_insufficient
v3_default,contamination_symmetric_eps_0p05,normal_contamination_symmetric,500,acceptable,200,0,0.0,1.734723475976807e-18,0.018845326377266575,,,,,,,False,False,false_safe
v3_scenario_context,contamination_symmetric_eps_0p05,normal_contamination_symmetric,500,acceptable,200,0,0.0,1.734723475976807e-18,0.018845326377266575,,,,,,,False,False,false_safe
v2,contamination_symmetric_eps_0p05,normal_contamination_symmetric,750,acceptable,200,0,0.0,1.734723475976807e-18,0.018845326377266575,,,,,,,False,False,false_safe
v2,contamination_symmetric_eps_0p05,normal_contamination_symmetric,750,insufficient,200,180,0.9,0.8505941875672826,0.9343295513309041,0.05555555555555555,0.030453273623977817,0.09923161341745598,0.9444444444444444,0.9007683865825439,0.9695467263760221,False,False,false_insufficient
v3_default,contamination_symmetric_eps_0p05,normal_contamination_symmetric,750,acceptable,200,0,0.0,1.734723475976807e-18,0.018845326377266575,,,,,,,False,False,false_safe
v3_scenario_context,contamination_symmetric_eps_0p05,normal_contamination_symmetric,750,acceptable,200,0,0.0,1.734723475976807e-18,0.018845326377266575,,,,,,,False,False,false_safe
v2,contamination_symmetric_eps_0p05,normal_contamination_symmetric,2000,acceptable,200,0,0.0,1.734723475976807e-18,0.018845326377266575,,,,,,,False,False,false_safe
v2,contamination_symmetric_eps_0p05,normal_contamination_symmetric,2000,insufficient,200,196,0.98,0.9497129130941735,0.9921955735836505,0.061224489795918366,0.03536638961149956,0.10395134247969086,0.9387755102040817,0.8960486575203093,0.9646336103885005,False,False,false_insufficient
v3_default,contamination_symmetric_eps_0p05,normal_contamination_symmetric,2000,acceptable,200,0,0.0,1.734723475976807e-18,0.018845326377266575,,,,,,,False,False,false_safe
v3_scenario_context,contamination_symmetric_eps_0p05,normal_contamination_symmetric,2000,acceptable,200,0,0.0,1.734723475976807e-18,0.018845326377266575,,,,,,,False,False,false_safe
v2,contamination_symmetric_eps_0p1,normal_contamination_symmetric,5,insufficient,200,113,0.565,0.49570736259794607,0.6318427449730093,0.008849557522123894,0.0015638760684392287,0.0484308679175844,0.9911504424778761,0.9515691320824156,0.9984361239315607,False,False,false_insufficient
v3_default,contamination_symmetric_eps_0p1,normal_contamination_symmetric,5,acceptable,200,0,0.0,1.734723475976807e-18,0.018845326377266575,,,,,,,False,False,false_safe
v2,contamination_symmetric_eps_0p1,normal_contamination_symmetric,8,insufficient,200,109,0.545,0.47578611372488105,0.6125178069011651,0.03669724770642202,0.014361701565631893,0.09057720071770607,0.963302752293578,0.9094227992822939,0.9856382984343681,False,False,false_insufficient
v3_default,contamination_symmetric_eps_0p1,normal_contamination_symmetric,8,acceptable,200,0,0.0,1.734723475976807e-18,0.018845326377266575,,,,,,,False,False,false_safe
v2,contamination_symmetric_eps_0p1,normal_contamination_symmetric,10,acceptable,200,74,0.37,0.30612608409859116,0.4387737007594981,0.06756756756756757,0.029204086165362186,0.1486119392585393,0.9324324324324325,0.8513880607414608,0.9707959138346378,False,False,false_safe
v2,contamination_symmetric_eps_0p1,normal_contamination_symmetric,10,insufficient,200,126,0.63,0.5612262992405018,0.6938739159014088,0.023809523809523808,0.008129952024257238,0.0676660141492651,0.9761904761904762,0.9323339858507348,0.9918700479757426,False,False,false_insufficient
v3_default,contamination_symmetric_eps_0p1,normal_contamination_symmetric,10,acceptable,200,0,0.0,1.734723475976807e-18,0.018845326377266575,,,,,,,False,False,false_safe
v3_scenario_context,contamination_symmetric_eps_0p1,normal_contamination_symmetric,10,acceptable,200,54,0.27,0.21323449814685846,0.33543435198668425,0.09259259259259259,0.04020113475702944,0.19909882590962688,0.9074074074074074,0.8009011740903732,0.9597988652429706,False,False,false_safe
v2,contamination_symmetric_eps_0p1,normal_contamination_symmetric,15,insufficient,200,136,0.68,0.6124810156588646,0.7407346668453195,0.014705882352941176,0.004042191463735811,0.0520317288659177,0.9852941176470589,0.9479682711340823,0.9959578085362643,False,False,false_insufficient
v3_default,contamination_symmetric_eps_0p1,normal_contamination_symmetric,15,acceptable,200,0,0.0,1.734723475976807e-18,0.018845326377266575,,,,,,,False,False,false_safe
v3_default,contamination_symmetric_eps_0p1,normal_contamination_symmetric,15,insufficient,200,46,0.23,0.17709343259068805,0.2930830436530359,0.0,0.0,0.07707356308558039,1.0,0.9229264369144198,1.0000000000000002,False,False,false_insufficient
v2,contamination_symmetric_eps_0p1,normal_contamination_symmetric,20,insufficient,200,165,0.825,0.7663556885175099,0.8713948493372666,0.03636363636363636,0.016770425100627574,0.07705403561738483,0.9636363636363636,0.9229459643826151,0.9832295748993723,False,False,false_insufficient
v3_default,contamination_symmetric_eps_0p1,normal_contamination_symmetric,20,acceptable,200,0,0.0,1.734723475976807e-18,0.018845326377266575,,,,,,,False,False,false_safe
v3_default,contamination_symmetric_eps_0p1,normal_contamination_symmetric,20,insufficient,200,72,0.36,0.2966919730456654,0.42858471833996925,0.0,0.0,0.05065117259645781,1.0,0.9493488274035422,1.0,False,False,false_insufficient
v2,contamination_symmetric_eps_0p1,normal_contamination_symmetric,30,insufficient,200,184,0.92,0.874010511732856,0.9501594141102401,0.02717391304347826,0.011661718017993986,0.06202520342945188,0.9728260869565217,0.9379747965705482,0.988338281982006,False,False,false_insufficient
v3_default,contamination_symmetric_eps_0p1,normal_contamination_symmetric,30,acceptable,200,0,0.0,1.734723475976807e-18,0.018845326377266575,,,,,,,False,False,false_safe
v3_default,contamination_symmetric_eps_0p1,normal_contamination_symmetric,30,insufficient,200,91,0.455,0.387482193098835,0.524213886275119,0.03296703296703297,0.011274406767682599,0.0924930694296231,0.967032967032967,0.907506930570377,0.9887255932323175,False,False,false_insufficient
v3_scenario_context,contamination_symmetric_eps_0p1,normal_contamination_symmetric,30,acceptable,200,11,0.055,0.03098534170345884,0.0957869987723084,0.09090909090909091,0.016232172885884855,0.37735843645159567,0.9090909090909091,0.6226415635484043,0.9837678271141151,False,False,false_safe
v2,contamination_symmetric_eps_0p1,normal_contamination_symmetric,40,acceptable,200,7,0.035,0.017055542008567192,0.07047061152229073,0.14285714285714285,0.02567962434474355,0.5131278292743189,0.8571428571428571,0.4868721707256811,0.9743203756552565,False,False,false_safe
v2,contamination_symmetric_eps_0p1,normal_contamination_symmetric,40,insufficient,200,191,0.955,0.9167032959981803,0.976147456998507,0.02617801047120419,0.01123237628656731,0.05980722126352053,0.9738219895287958,0.9401927787364796,0.9887676237134327,False,False,false_insufficient
v3_default,contamination_symmetric_eps_0p1,normal_contamination_symmetric,40,acceptable,200,0,0.0,1.734723475976807e-18,0.018845326377266575,,,,,,,False,False,false_safe
v3_default,contamination_symmetric_eps_0p1,normal_contamination_symmetric,40,insufficient,200,102,0.51,0.44118587678458643,0.5784372166878682,0.029411764705882353,0.0100524482029039,0.08293057499376733,0.9705882352941176,0.9170694250062327,0.989947551797096,False,False,false_insufficient
v3_scenario_context,contamination_symmetric_eps_0p1,normal_contamination_symmetric,40,acceptable,200,5,0.025,0.010724719651761264,0.05717834040664198,0.2,0.03622410863243014,0.6244653702374747,0.8,0.37553462976252533,0.9637758913675698,False,False,false_safe
v2,contamination_symmetric_eps_0p1,normal_contamination_symmetric,50,insufficient,200,192,0.96,0.923067931799067,0.9795943679338476,0.03125,0.014399282241477667,0.06648991719610431,0.96875,0.9335100828038957,0.9856007177585223,False,False,false_insufficient
v3_default,contamination_symmetric_eps_0p1,normal_contamination_symmetric,50,acceptable,200,0,0.0,1.734723475976807e-18,0.018845326377266575,,,,,,,False,False,false_safe
v3_default,contamination_symmetric_eps_0p1,normal_contamination_symmetric,50,insufficient,200,96,0.48,0.411791663783233,0.5489621492718576,0.041666666666666664,0.01632070753628833,0.10228191466658104,0.9583333333333334,0.8977180853334191,0.9836792924637118,False,False,false_insufficient
v2,contamination_symmetric_eps_0p1,normal_contamination_symmetric,80,acceptable,200,0,0.0,1.734723475976807e-18,0.018845326377266575,,,,,,,False,False,false_safe
v2,contamination_symmetric_eps_0p1,normal_contamination_symmetric,80,insufficient,200,195,0.975,0.942821659593358,0.9892752803482386,0.035897435897435895,0.017495563557414016,0.07223149299562964,0.9641025641025641,0.9277685070043703,0.982504436442586,False,False,false_insufficient
v3_default,contamination_symmetric_eps_0p1,normal_contamination_symmetric,80,acceptable,200,0,0.0,1.734723475976807e-18,0.018845326377266575,,,,,,,False,False,false_safe
v3_default,contamination_symmetric_eps_0p1,normal_contamination_symmetric,80,insufficient,200,86,0.43,0.36334322333434416,0.4992951223584731,0.05813953488372093,0.025086935621079658,0.12897844802678554,0.9418604651162791,0.8710215519732145,0.9749130643789203,False,False,false_insufficient
v3_scenario_context,contamination_symmetric_eps_0p1,normal_contamination_symmetric,80,acceptable,200,0,0.0,1.734723475976807e-18,0.018845326377266575,,,,,,,False,False,false_safe
v2,contamination_symmetric_eps_0p1,normal_contamination_symmetric,100,acceptable,5000,5,0.001,0.00042721349110879964,0.002338953050058211,0.2,0.03622410863243014,0.6244653702374747,0.8,0.37553462976252533,0.9637758913675698,False,True,false_safe
v2,contamination_symmetric_eps_0p1,normal_contamination_symmetric,100,insufficient,5000,4948,0.9896,0.9863882308917424,0.9920600353636577,0.048100242522231204,0.04248067706870444,0.054420942825840965,0.9518997574777688,0.945579057174159,0.9575193229312956,True,True,false_insufficient
v3_default,contamination_symmetric_eps_0p1,normal_contamination_symmetric,100,acceptable,5000,0,0.0,0.0,0.0007677019450571244,,,,,,,False,True,false_safe
v3_scenario_context,contamination_symmetric_eps_0p1,normal_contamination_symmetric,100,acceptable,5000,5,0.001,0.00042721349110879964,0.002338953050058211,0.2,0.03622410863243014,0.6244653702374747,0.8,0.37553462976252533,0.9637758913675698,False,True,false_safe
v2,contamination_symmetric_eps_0p1,normal_contamination_symmetric,200,acceptable,200,0,0.0,1.734723475976807e-18,0.018845326377266575,,,,,,,False,False,false_safe
v3_default,contamination_symmetric_eps_0p1,normal_contamination_symmetric,200,acceptable,200,0,0.0,1.734723475976807e-18,0.018845326377266575,,,,,,,False,False,false_safe
v3_scenario_context,contamination_symmetric_eps_0p1,normal_contamination_symmetric,200,acceptable,200,0,0.0,1.734723475976807e-18,0.018845326377266575,,,,,,,False,False,false_safe
v2,contamination_symmetric_eps_0p1,normal_contamination_symmetric,500,acceptable,200,0,0.0,1.734723475976807e-18,0.018845326377266575,,,,,,,False,False,false_safe
v2,contamination_symmetric_eps_0p1,normal_contamination_symmetric,500,insufficient,200,54,0.27,0.21323449814685846,0.33543435198668425,0.037037037037037035,0.01021636794844559,0.12535176917275476,0.9629629629629629,0.8746482308272452,0.9897836320515545,False,False,false_insufficient
v3_default,contamination_symmetric_eps_0p1,normal_contamination_symmetric,500,acceptable,200,0,0.0,1.734723475976807e-18,0.018845326377266575,,,,,,,False,False,false_safe
v3_scenario_context,contamination_symmetric_eps_0p1,normal_contamination_symmetric,500,acceptable,200,0,0.0,1.734723475976807e-18,0.018845326377266575,,,,,,,False,False,false_safe
v2,contamination_symmetric_eps_0p1,normal_contamination_symmetric,750,acceptable,200,0,0.0,1.734723475976807e-18,0.018845326377266575,,,,,,,False,False,false_safe
v3_default,contamination_symmetric_eps_0p1,normal_contamination_symmetric,750,acceptable,200,0,0.0,1.734723475976807e-18,0.018845326377266575,,,,,,,False,False,false_safe
v3_scenario_context,contamination_symmetric_eps_0p1,normal_contamination_symmetric,750,acceptable,200,0,0.0,1.734723475976807e-18,0.018845326377266575,,,,,,,False,False,false_safe
v2,contamination_symmetric_eps_0p1,normal_contamination_symmetric,2000,acceptable,200,0,0.0,1.734723475976807e-18,0.018845326377266575,,,,,,,False,False,false_safe
v2,contamination_symmetric_eps_0p1,normal_contamination_symmetric,2000,insufficient,200,27,0.135,0.09446570454787906,0.18929138370752552,0.0,0.0,0.12455502974186705,1.0,0.8754449702581328,0.9999999999999998,False,False,false_insufficient
v3_default,contamination_symmetric_eps_0p1,normal_contamination_symmetric,2000,acceptable,200,0,0.0,1.734723475976807e-18,0.018845326377266575,,,,,,,False,False,false_safe
v3_default,contamination_symmetric_eps_0p1,normal_contamination_symmetric,2000,insufficient,200,1,0.005,0.0008831687156009814,0.02777370439789293,0.0,0.0,0.7934506856227626,1.0,0.20654931437723745,1.0,False,False,false_insufficient
v3_scenario_context,contamination_symmetric_eps_0p1,normal_contamination_symmetric,2000,acceptable,200,0,0.0,1.734723475976807e-18,0.018845326377266575,,,,,,,False,False,false_safe
v2,gamma_shape_2,gamma,5,acceptable,200,113,0.565,0.49570736259794607,0.6318427449730093,0.07079646017699115,0.036307708145227546,0.13350751858129759,0.9292035398230089,0.8664924814187024,0.9636922918547725,False,False,false_safe
v3_default,gamma_shape_2,gamma,5,acceptable,200,0,0.0,1.734723475976807e-18,0.018845326377266575,,,,,,,False,False,false_safe
v2,gamma_shape_2,gamma,8,acceptable,200,122,0.61,0.5409374595716976,0.6749165686253038,0.07377049180327869,0.039293805533232,0.13426949407707403,0.9262295081967213,0.865730505922926,0.960706194466768,False,False,false_safe
v2,gamma_shape_2,gamma,8,insufficient,200,78,0.39,0.3250834313746962,0.4590625404283025,0.05128205128205128,0.020121012473896145,0.1245667654729449,0.9487179487179487,0.8754332345270551,0.9798789875261039,False,False,false_insufficient
v3_default,gamma_shape_2,gamma,8,acceptable,200,0,0.0,1.734723475976807e-18,0.018845326377266575,,,,,,,False,False,false_safe
v2,gamma_shape_2,gamma,10,acceptable,200,115,0.575,0.5057093264785485,0.6414638745648614,0.13043478260869565,0.08066384692772066,0.20409754153481507,0.8695652173913043,0.7959024584651849,0.9193361530722793,False,False,false_safe
v3_default,gamma_shape_2,gamma,10,acceptable,200,0,0.0,1.734723475976807e-18,0.018845326377266575,,,,,,,False,False,false_safe
v3_scenario_context,gamma_shape_2,gamma,10,acceptable,200,84,0.42,0.35373599161616726,0.4892792606041954,0.13095238095238096,0.07472221316943048,0.21946072923186608,0.8690476190476191,0.780539270768134,0.9252777868305695,False,False,false_safe
v2,gamma_shape_2,gamma,15,acceptable,200,108,0.54,0.4708228918895333,0.6076694820002854,0.12037037037037036,0.07171063993921549,0.19510865172020736,0.8796296296296297,0.8048913482797926,0.9282893600607844,False,False,false_safe
v2,gamma_shape_2,gamma,15,insufficient,200,92,0.46,0.39233051799971463,0.5291771081104667,0.05434782608695652,0.023435063948632366,0.12098530476246525,0.9456521739130435,0.8790146952375347,0.9765649360513676,False,False,false_insufficient
v3_default,gamma_shape_2,gamma,15,acceptable,200,0,0.0,1.734723475976807e-18,0.018845326377266575,,,,,,,False,False,false_safe
v3_default,gamma_shape_2,gamma,15,insufficient,200,1,0.005,0.0008831687156009814,0.02777370439789293,0.0,0.0,0.7934506856227626,1.0,0.20654931437723745,1.0,False,False,false_insufficient
v3_scenario_context,gamma_shape_2,gamma,15,acceptable,200,70,0.35,0.28728824127358077,0.4183653566395992,0.17142857142857143,0.10087724640529248,0.2761664803214543,0.8285714285714286,0.7238335196785457,0.8991227535947075,False,False,false_safe
v2,gamma_shape_2,gamma,20,acceptable,200,94,0.47,0.40204754873265425,0.5390831708499817,0.07446808510638298,0.03653858086656638,0.14581212236028018,0.925531914893617,0.8541878776397197,0.9634614191334335,False,False,false_safe
v2,gamma_shape_2,gamma,20,insufficient,200,106,0.53,0.4609168291500183,0.5979524512673458,0.03773584905660377,0.014770847100615568,0.09303415610882099,0.9622641509433962,0.906965843891179,0.9852291528993844,False,False,false_insufficient
v3_default,gamma_shape_2,gamma,20,acceptable,200,0,0.0,1.734723475976807e-18,0.018845326377266575,,,,,,,False,False,false_safe
v3_default,gamma_shape_2,gamma,20,insufficient,200,5,0.025,0.010724719651761264,0.05717834040664198,0.0,0.0,0.43448246478317476,1.0,0.5655175352168251,1.0,False,False,false_insufficient
v2,gamma_shape_2,gamma,30,insufficient,200,109,0.545,0.47578611372488105,0.6125178069011651,0.06422018348623854,0.03145364631393962,0.126657202368408,0.9357798165137615,0.8733427976315921,0.9685463536860605,False,False,false_insufficient
v3_default,gamma_shape_2,gamma,30,acceptable,200,0,0.0,1.734723475976807e-18,0.018845326377266575,,,,,,,False,False,false_safe
v2,gamma_shape_2,gamma,40,acceptable,200,68,0.34,0.27791545970908793,0.4081150447316374,0.10294117647058823,0.05076577178992908,0.19757911309365633,0.8970588235294118,0.8024208869063437,0.9492342282100709,False,False,false_safe
v2,gamma_shape_2,gamma,40,insufficient,200,125,0.625,0.5561430369897816,0.6891456314159018,0.048,0.022182005595288892,0.10077111031703824,0.952,0.8992288896829618,0.9778179944047111,False,False,false_insufficient
v3_default,gamma_shape_2,gamma,40,acceptable,200,0,0.0,1.734723475976807e-18,0.018845326377266575,,,,,,,False,False,false_safe
v3_default,gamma_shape_2,gamma,40,insufficient,200,7,0.035,0.017055542008567192,0.07047061152229073,0.0,5.551115123125783e-17,0.35433043506668743,1.0,0.6456695649333126,1.0,False,False,false_insufficient
v3_scenario_context,gamma_shape_2,gamma,40,acceptable,200,20,0.1,0.06567044866909588,0.1494058124327174,0.1,0.027866481213768224,0.3010336452284873,0.9,0.6989663547715128,0.9721335187862319,False,False,false_safe
v2,gamma_shape_2,gamma,50,acceptable,200,70,0.35,0.28728824127358077,0.4183653566395992,0.1,0.04928930144253951,0.192329148485674,0.9,0.807670851514326,0.9507106985574605,False,False,false_safe
v2,gamma_shape_2,gamma,50,insufficient,200,121,0.605,0.5358834915928536,0.6701589898679203,0.05785123966942149,0.02830275348227581,0.11461017776053556,0.9421487603305785,0.8853898222394644,0.9716972465177242,False,False,false_insufficient
v3_default,gamma_shape_2,gamma,50,acceptable,200,0,0.0,1.734723475976807e-18,0.018845326377266575,,,,,,,False,False,false_safe
v3_default,gamma_shape_2,gamma,50,insufficient,200,5,0.025,0.010724719651761264,0.05717834040664198,0.0,0.0,0.43448246478317476,1.0,0.5655175352168251,1.0,False,False,false_insufficient
v3_scenario_context,gamma_shape_2,gamma,50,acceptable,200,15,0.075,0.04597491718438201,0.12004361023629456,0.13333333333333333,0.03736125910306537,0.37881982832322364,0.8666666666666667,0.6211801716767764,0.9626387408969346,False,False,false_safe
v2,gamma_shape_2,gamma,80,acceptable,200,47,0.235,0.18157433415232588,0.29841368882762537,0.10638297872340426,0.04630478218108157,0.22594269343738355,0.8936170212765957,0.7740573065626163,0.9536952178189183,False,False,false_safe
v2,gamma_shape_2,gamma,80,insufficient,200,17,0.085,0.05374575017747561,0.13189587071565567,0.0,0.0,0.1843181350088518,1.0,0.8156818649911483,1.0,False,False,false_insufficient
v3_default,gamma_shape_2,gamma,80,acceptable,200,0,0.0,1.734723475976807e-18,0.018845326377266575,,,,,,,False,False,false_safe
v3_default,gamma_shape_2,gamma,80,insufficient,200,13,0.065,0.03837635464915299,0.10801907929906895,0.0,0.0,0.22809537235419838,1.0,0.7719046276458016,0.9999999999999999,False,False,false_insufficient
v3_scenario_context,gamma_shape_2,gamma,80,acceptable,200,9,0.045,0.023852543001492997,0.0832967040018196,0.1111111111111111,0.019890887638544907,0.434999705576656,0.8888888888888888,0.5650002944233439,0.9801091123614551,False,False,false_safe
v2,gamma_shape_2,gamma,100,insufficient,200,15,0.075,0.04597491718438201,0.12004361023629456,0.0,0.0,0.20388330103584862,1.0,0.7961166989641515,1.0,False,False,false_insufficient
v3_default,gamma_shape_2,gamma,100,acceptable,200,0,0.0,1.734723475976807e-18,0.018845326377266575,,,,,,,False,False,false_safe
v3_default,gamma_shape_2,gamma,100,insufficient,200,12,0.06,0.03465219425433187,0.1019316929576627,0.0,2.7755575615628914e-17,0.24249400665524085,1.0,0.7575059933447592,1.0,False,False,false_insufficient
v3_default,gamma_shape_2,gamma,200,acceptable,200,0,0.0,1.734723475976807e-18,0.018845326377266575,,,,,,,False,False,false_safe
v3_scenario_context,gamma_shape_2,gamma,200,acceptable,200,0,0.0,1.734723475976807e-18,0.018845326377266575,,,,,,,False,False,false_safe
v2,gamma_shape_2,gamma,500,acceptable,200,0,0.0,1.734723475976807e-18,0.018845326377266575,,,,,,,False,False,false_safe
v2,gamma_shape_2,gamma,500,insufficient,200,1,0.005,0.0008831687156009814,0.02777370439789293,0.0,0.0,0.7934506856227626,1.0,0.20654931437723745,1.0,False,False,false_insufficient
v3_default,gamma_shape_2,gamma,500,acceptable,200,0,0.0,1.734723475976807e-18,0.018845326377266575,,,,,,,False,False,false_safe
v3_scenario_context,gamma_shape_2,gamma,500,acceptable,200,0,0.0,1.734723475976807e-18,0.018845326377266575,,,,,,,False,False,false_safe
v2,gamma_shape_2,gamma,750,acceptable,200,0,0.0,1.734723475976807e-18,0.018845326377266575,,,,,,,False,False,false_safe
v2,gamma_shape_2,gamma,750,insufficient,200,1,0.005,0.0008831687156009814,0.02777370439789293,0.0,0.0,0.7934506856227626,1.0,0.20654931437723745,1.0,False,False,false_insufficient
v3_default,gamma_shape_2,gamma,750,acceptable,200,0,0.0,1.734723475976807e-18,0.018845326377266575,,,,,,,False,False,false_safe
v3_default,gamma_shape_2,gamma,750,insufficient,200,3,0.015,0.00511423779325831,0.04316572879269026,0.0,5.551115123125783e-17,0.5614970317550454,1.0,0.4385029682449546,1.0,False,False,false_insufficient
v3_scenario_context,gamma_shape_2,gamma,750,acceptable,200,0,0.0,1.734723475976807e-18,0.018845326377266575,,,,,,,False,False,false_safe
v2,gamma_shape_2,gamma,2000,acceptable,200,0,0.0,1.734723475976807e-18,0.018845326377266575,,,,,,,False,False,false_safe
v3_default,gamma_shape_2,gamma,2000,acceptable,200,0,0.0,1.734723475976807e-18,0.018845326377266575,,,,,,,False,False,false_safe
v3_default,gamma_shape_2,gamma,2000,insufficient,200,1,0.005,0.0008831687156009814,0.02777370439789293,0.0,0.0,0.7934506856227626,1.0,0.20654931437723745,1.0,False,False,false_insufficient
v3_scenario_context,gamma_shape_2,gamma,2000,acceptable,200,0,0.0,1.734723475976807e-18,0.018845326377266575,,,,,,,False,False,false_safe
v2,gamma_shape_4,gamma,5,insufficient,200,96,0.48,0.411791663783233,0.5489621492718576,0.020833333333333332,0.005731969852430421,0.07280713517784211,0.9791666666666666,0.9271928648221579,0.9942680301475697,False,False,false_insufficient
v3_default,gamma_shape_4,gamma,5,acceptable,200,0,0.0,1.734723475976807e-18,0.018845326377266575,,,,,,,False,False,false_safe
v2,gamma_shape_4,gamma,8,acceptable,200,140,0.7,0.6332093162728074,0.7592525531762859,0.08571428571428572,0.04971124458699671,0.14384532143337403,0.9142857142857143,0.8561546785666259,0.9502887554130033,False,False,false_safe
v3_default,gamma_shape_4,gamma,8,acceptable,200,0,0.0,1.734723475976807e-18,0.018845326377266575,,,,,,,False,False,false_safe
v3_scenario_context,gamma_shape_4,gamma,8,acceptable,200,107,0.535,0.4658664687236316,0.6028143584299599,0.09345794392523364,0.0515582662185042,0.16353687123599236,0.9065420560747663,0.8364631287640076,0.9484417337814959,False,False,false_safe
v2,gamma_shape_4,gamma,10,insufficient,200,75,0.375,0.31085436858409826,0.44385696301021843,0.04,0.013696064260143935,0.11112987082403747,0.96,0.8888701291759625,0.9863039357398561,False,False,false_insufficient
v3_default,gamma_shape_4,gamma,10,acceptable,200,0,0.0,1.734723475976807e-18,0.018845326377266575,,,,,,,False,False,false_safe
v3_scenario_context,gamma_shape_4,gamma,10,acceptable,200,87,0.435,0.36815725502699076,0.504292637402054,0.08045977011494253,0.03952027108986881,0.15688188990922067,0.9195402298850575,0.8431181100907793,0.9604797289101311,False,False,false_safe
v2,gamma_shape_4,gamma,15,acceptable,200,138,0.69,0.6228282243374195,0.750010551639219,0.08695652173913043,0.05044201073627726,0.14584375121354387,0.9130434782608695,0.854156248786456,0.9495579892637227,False,False,false_safe
v2,gamma_shape_4,gamma,15,insufficient,200,62,0.31,0.2499894483607809,0.37717177566258037,0.03225806451612903,0.008891371499816635,0.11020469594985441,0.967741935483871,0.8897953040501456,0.9911086285001833,False,False,false_insufficient
v3_default,gamma_shape_4,gamma,15,acceptable,200,0,0.0,1.734723475976807e-18,0.018845326377266575,,,,,,,False,False,false_safe
v3_scenario_context,gamma_shape_4,gamma,15,acceptable,200,103,0.515,0.44610849192745716,0.5833261482812249,0.11650485436893204,0.06791546266112922,0.1926711965627854,0.883495145631068,0.8073288034372147,0.9320845373388708,False,False,false_safe
v2,gamma_shape_4,gamma,20,insufficient,200,64,0.32,0.25926533315468053,0.38751898434113546,0.046875,0.016069016786292974,0.12899653740093686,0.953125,0.8710034625990631,0.983930983213707,False,False,false_insufficient
v3_default,gamma_shape_4,gamma,20,acceptable,200,0,0.0,1.734723475976807e-18,0.018845326377266575,,,,,,,False,False,false_safe
v3_scenario_context,gamma_shape_4,gamma,20,acceptable,200,104,0.52,0.4510378507281424,0.588208336216767,0.0673076923076923,0.03298368902967008,0.1324578676387979,0.9326923076923077,0.8675421323612021,0.9670163109703299,False,False,false_safe
v2,gamma_shape_4,gamma,30,acceptable,200,121,0.605,0.5358834915928536,0.6701589898679203,0.08264462809917356,0.045509049437406586,0.14546483893197612,0.9173553719008265,0.854535161068024,0.9544909505625935,False,False,false_safe
v2,gamma_shape_4,gamma,30,insufficient,200,79,0.395,0.32984101013207967,0.46411650840714636,0.0379746835443038,0.012998086889435871,0.10580062767684709,0.9620253164556962,0.8941993723231529,0.9870019131105641,False,False,false_insufficient
v3_default,gamma_shape_4,gamma,30,acceptable,200,0,0.0,1.734723475976807e-18,0.018845326377266575,,,,,,,False,False,false_safe
v3_scenario_context,gamma_shape_4,gamma,30,acceptable,200,82,0.41,0.34415674908482885,0.4792354096630791,0.07317073170731707,0.033964777256659195,0.1505784380885484,0.926829268292683,0.8494215619114518,0.9660352227433409,False,False,false_safe
v2,gamma_shape_4,gamma,40,acceptable,200,109,0.545,0.47578611372488105,0.6125178069011651,0.07339449541284404,0.03765708283283439,0.13817774798251642,0.926605504587156,0.8618222520174836,0.9623429171671656,False,False,false_safe
v2,gamma_shape_4,gamma,40,insufficient,200,73,0.365,0.301405264649268,0.433682973472594,0.0273972602739726,0.007545758679607641,0.09450148171690531,0.9726027397260274,0.9054985182830946,0.9924542413203923,False,False,false_insufficient
v3_default,gamma_shape_4,gamma,40,acceptable,200,0,0.0,1.734723475976807e-18,0.018845326377266575,,,,,,,False,False,false_safe
v3_default,gamma_shape_4,gamma,40,insufficient,200,1,0.005,0.0008831687156009814,0.02777370439789293,0.0,0.0,0.7934506856227626,1.0,0.20654931437723745,1.0,False,False,false_insufficient
v3_scenario_context,gamma_shape_4,gamma,40,acceptable,200,61,0.305,0.24536415630735034,0.37198552097978366,0.06557377049180328,0.02579370448956657,0.1568280167989577,0.9344262295081968,0.8431719832010424,0.9742062955104335,False,False,false_safe
v2,gamma_shape_4,gamma,50,insufficient,200,75,0.375,0.31085436858409826,0.44385696301021843,0.04,0.013696064260143935,0.11112987082403747,0.96,0.8888701291759625,0.9863039357398561,False,False,false_insufficient
v3_default,gamma_shape_4,gamma,50,acceptable,200,0,0.0,1.734723475976807e-18,0.018845326377266575,,,,,,,False,False,false_safe
v3_default,gamma_shape_4,gamma,50,insufficient,200,4,0.02,0.0078044264163494685,0.050287086905826436,0.0,0.0,0.4898908364545973,1.0,0.5101091635454027,1.0,False,False,false_insufficient
v3_scenario_context,gamma_shape_4,gamma,50,acceptable,200,58,0.29,0.23154025607067882,0.3563747810077731,0.06896551724137931,0.027144247017578338,0.1643366631438035,0.9310344827586207,0.8356633368561964,0.9728557529824217,False,False,false_safe
v2,gamma_shape_4,gamma,80,acceptable,200,87,0.435,0.36815725502699076,0.504292637402054,0.06896551724137931,0.031988839442576765,0.14239694240580283,0.9310344827586207,0.8576030575941972,0.9680111605574232,False,False,false_safe
v2,gamma_shape_4,gamma,80,insufficient,200,6,0.03,0.013820314340111346,0.06389429245451925,0.0,2.7755575615628914e-17,0.3903342879021653,1.0,0.6096657120978346,1.0,False,False,false_insufficient
v3_default,gamma_shape_4,gamma,80,acceptable,200,0,0.0,1.734723475976807e-18,0.018845326377266575,,,,,,,False,False,false_safe
v3_default,gamma_shape_4,gamma,80,insufficient,200,3,0.015,0.00511423779325831,0.04316572879269026,0.0,5.551115123125783e-17,0.5614970317550454,1.0,0.4385029682449546,1.0,False,False,false_insufficient
v3_scenario_context,gamma_shape_4,gamma,80,acceptable,200,51,0.255,0.1996049517203135,0.3196292582045472,0.0784313725490196,0.03092219678848919,0.18499946312595889,0.9215686274509803,0.8150005368740411,0.9690778032115107,False,False,false_safe
v2,gamma_shape_4,gamma,100,insufficient,200,4,0.02,0.0078044264163494685,0.050287086905826436,0.0,0.0,0.4898908364545973,1.0,0.5101091635454027,1.0,False,False,false_insufficient
v3_default,gamma_shape_4,gamma,100,acceptable,200,0,0.0,1.734723475976807e-18,0.018845326377266575,,,,,,,False,False,false_safe
v3_default,gamma_shape_4,gamma,100,insufficient,200,3,0.015,0.00511423779325831,0.04316572879269026,0.0,5.551115123125783e-17,0.5614970317550454,1.0,0.4385029682449546,1.0,False,False,false_insufficient
v3_scenario_context,gamma_shape_4,gamma,100,acceptable,200,47,0.235,0.18157433415232588,0.29841368882762537,0.0851063829787234,0.03359412345792552,0.19931537786964587,0.9148936170212766,0.8006846221303541,0.9664058765420744,False,False,false_safe
v3_default,gamma_shape_4,gamma,200,acceptable,200,0,0.0,1.734723475976807e-18,0.018845326377266575,,,,,,,False,False,false_safe
v3_default,gamma_shape_4,gamma,200,insufficient,200,1,0.005,0.0008831687156009814,0.02777370439789293,0.0,0.0,0.7934506856227626,1.0,0.20654931437723745,1.0,False,False,false_insufficient
v2,gamma_shape_4,gamma,500,acceptable,200,5,0.025,0.010724719651761264,0.05717834040664198,0.2,0.03622410863243014,0.6244653702374747,0.8,0.37553462976252533,0.9637758913675698,False,False,false_safe
v3_default,gamma_shape_4,gamma,500,acceptable,200,0,0.0,1.734723475976807e-18,0.018845326377266575,,,,,,,False,False,false_safe
v3_default,gamma_shape_4,gamma,500,insufficient,200,1,0.005,0.0008831687156009814,0.02777370439789293,0.0,0.0,0.7934506856227626,1.0,0.20654931437723745,1.0,False,False,false_insufficient
v3_default,gamma_shape_4,gamma,750,acceptable,200,0,0.0,1.734723475976807e-18,0.018845326377266575,,,,,,,False,False,false_safe
v3_scenario_context,gamma_shape_4,gamma,750,acceptable,200,0,0.0,1.734723475976807e-18,0.018845326377266575,,,,,,,False,False,false_safe
v2,gamma_shape_4,gamma,2000,acceptable,200,0,0.0,1.734723475976807e-18,0.018845326377266575,,,,,,,False,False,false_safe
v3_default,gamma_shape_4,gamma,2000,acceptable,200,0,0.0,1.734723475976807e-18,0.018845326377266575,,,,,,,False,False,false_safe
v3_scenario_context,gamma_shape_4,gamma,2000,acceptable,200,0,0.0,1.734723475976807e-18,0.018845326377266575,,,,,,,False,False,false_safe
v3_default,lognormal_sigma_0.25,lognormal,5,acceptable,200,0,0.0,1.734723475976807e-18,0.018845326377266575,,,,,,,False,False,false_safe
v3_scenario_context,lognormal_sigma_0.25,lognormal,5,acceptable,200,0,0.0,1.734723475976807e-18,0.018845326377266575,,,,,,,False,False,false_safe
v3_default,lognormal_sigma_0.25,lognormal,8,acceptable,200,0,0.0,1.734723475976807e-18,0.018845326377266575,,,,,,,False,False,false_safe
v3_scenario_context,lognormal_sigma_0.25,lognormal,8,acceptable,200,0,0.0,1.734723475976807e-18,0.018845326377266575,,,,,,,False,False,false_safe
v2,lognormal_sigma_0.25,lognormal,10,acceptable,200,151,0.755,0.6909575644379659,0.8094313191096282,0.0728476821192053,0.04116107175903339,0.12572872001578092,0.9271523178807947,0.8742712799842192,0.9588389282409666,False,False,false_safe
v2,lognormal_sigma_0.25,lognormal,10,insufficient,200,49,0.245,0.1905686808903718,0.30904243556203415,0.061224489795918366,0.02104014667296747,0.16520487835726402,0.9387755102040817,0.834795121642736,0.9789598533270324,False,False,false_insufficient
v3_default,lognormal_sigma_0.25,lognormal,10,acceptable,200,0,0.0,1.734723475976807e-18,0.018845326377266575,,,,,,,False,False,false_safe
v3_scenario_context,lognormal_sigma_0.25,lognormal,10,acceptable,200,0,0.0,1.734723475976807e-18,0.018845326377266575,,,,,,,False,False,false_safe
v2,lognormal_sigma_0.25,lognormal,15,acceptable,200,148,0.74,0.6750925439746589,0.7958616993642531,0.07432432432432433,0.042005703115514985,0.12818140534219336,0.9256756756756757,0.8718185946578065,0.957994296884485,False,False,false_safe
v2,lognormal_sigma_0.25,lognormal,15,insufficient,200,52,0.26,0.20413830063574687,0.32490745602534116,0.038461538461538464,0.010611711001315298,0.12981189157455764,0.9615384615384616,0.8701881084254424,0.9893882889986847,False,False,false_insufficient
v3_default,lognormal_sigma_0.25,lognormal,15,acceptable,200,0,0.0,1.734723475976807e-18,0.018845326377266575,,,,,,,False,False,false_safe
v3_scenario_context,lognormal_sigma_0.25,lognormal,15,acceptable,200,0,0.0,1.734723475976807e-18,0.018845326377266575,,,,,,,False,False,false_safe
v2,lognormal_sigma_0.25,lognormal,20,insufficient,10000,2612,0.2612,0.2526829634047178,0.26990043421711724,0.03637059724349158,0.02984503269315615,0.044257875251457635,0.9636294027565084,0.9557421247485424,0.9701549673068438,True,True,false_insufficient
v3_default,lognormal_sigma_0.25,lognormal,20,acceptable,10000,0,0.0,0.0,0.00038399837067659573,,,,,,,False,True,false_safe
v3_default,lognormal_sigma_0.25,lognormal,20,insufficient,10000,17,0.0017,0.0010617073611205116,0.0027209854150957837,0.0,0.0,0.1843181350088518,1.0,0.8156818649911483,1.0,False,True,false_insufficient
v3_scenario_context,lognormal_sigma_0.25,lognormal,20,acceptable,10000,0,0.0,0.0,0.00038399837067659573,,,,,,,False,True,false_safe
v3_scenario_context,lognormal_sigma_0.25,lognormal,20,insufficient,10000,17,0.0017,0.0010617073611205116,0.0027209854150957837,0.0,0.0,0.1843181350088518,1.0,0.8156818649911483,1.0,False,True,false_insufficient
v2,lognormal_sigma_0.25,lognormal,30,insufficient,200,63,0.315,0.2546232099022851,0.3823495608573036,0.031746031746031744,0.008749527561580449,0.10856477046607432,0.9682539682539683,0.8914352295339257,0.9912504724384196,False,False,false_insufficient
v3_default,lognormal_sigma_0.25,lognormal,30,acceptable,200,0,0.0,1.734723475976807e-18,0.018845326377266575,,,,,,,False,False,false_safe
v3_default,lognormal_sigma_0.25,lognormal,30,insufficient,200,2,0.01,0.0027466581335444384,0.0357217617161768,0.0,0.0,0.6576197724933469,1.0,0.34238022750665303,1.0,False,False,false_insufficient
v3_scenario_context,lognormal_sigma_0.25,lognormal,30,acceptable,200,0,0.0,1.734723475976807e-18,0.018845326377266575,,,,,,,False,False,false_safe
v3_scenario_context,lognormal_sigma_0.25,lognormal,30,insufficient,200,2,0.01,0.0027466581335444384,0.0357217617161768,0.0,0.0,0.6576197724933469,1.0,0.34238022750665303,1.0,False,False,false_insufficient
v2,lognormal_sigma_0.25,lognormal,40,acceptable,200,139,0.695,0.6280144790202163,0.7546358436926496,0.09352517985611511,0.05547239293226588,0.153440755022583,0.9064748201438849,0.846559244977417,0.9445276070677341,False,False,false_safe
v2,lognormal_sigma_0.25,lognormal,40,insufficient,200,41,0.205,0.15486176203836208,0.26625698052422514,0.0,-6.938893903907228e-18,0.08566757018443186,1.0,0.9143324298155681,0.9999999999999999,False,False,false_insufficient
v3_default,lognormal_sigma_0.25,lognormal,40,acceptable,200,0,0.0,1.734723475976807e-18,0.018845326377266575,,,,,,,False,False,false_safe
v3_default,lognormal_sigma_0.25,lognormal,40,insufficient,200,2,0.01,0.0027466581335444384,0.0357217617161768,0.0,0.0,0.6576197724933469,1.0,0.34238022750665303,1.0,False,False,false_insufficient
v3_scenario_context,lognormal_sigma_0.25,lognormal,40,acceptable,200,0,0.0,1.734723475976807e-18,0.018845326377266575,,,,,,,False,False,false_safe
v3_scenario_context,lognormal_sigma_0.25,lognormal,40,insufficient,200,2,0.01,0.0027466581335444384,0.0357217617161768,0.0,0.0,0.6576197724933469,1.0,0.34238022750665303,1.0,False,False,false_insufficient
v3_default,lognormal_sigma_0.25,lognormal,50,acceptable,200,0,0.0,1.734723475976807e-18,0.018845326377266575,,,,,,,False,False,false_safe
v3_scenario_context,lognormal_sigma_0.25,lognormal,50,acceptable,200,0,0.0,1.734723475976807e-18,0.018845326377266575,,,,,,,False,False,false_safe
v2,lognormal_sigma_0.25,lognormal,80,acceptable,200,119,0.595,0.525797100813387,0.6606222871749323,0.07563025210084033,0.04029724166083566,0.13750477266215505,0.9243697478991597,0.862495227337845,0.9597027583391644,False,False,false_safe
v2,lognormal_sigma_0.25,lognormal,80,insufficient,200,1,0.005,0.0008831687156009814,0.02777370439789293,0.0,0.0,0.7934506856227626,1.0,0.20654931437723745,1.0,False,False,false_insufficient
v3_default,lognormal_sigma_0.25,lognormal,80,acceptable,200,0,0.0,1.734723475976807e-18,0.018845326377266575,,,,,,,False,False,false_safe
v3_scenario_context,lognormal_sigma_0.25,lognormal,80,acceptable,200,0,0.0,1.734723475976807e-18,0.018845326377266575,,,,,,,False,False,false_safe
v2,lognormal_sigma_0.25,lognormal,100,insufficient,200,2,0.01,0.0027466581335444384,0.0357217617161768,0.0,0.0,0.6576197724933469,1.0,0.34238022750665303,1.0,False,False,false_insufficient
v3_default,lognormal_sigma_0.25,lognormal,100,acceptable,200,0,0.0,1.734723475976807e-18,0.018845326377266575,,,,,,,False,False,false_safe
v3_default,lognormal_sigma_0.25,lognormal,100,insufficient,200,2,0.01,0.0027466581335444384,0.0357217617161768,0.0,0.0,0.6576197724933469,1.0,0.34238022750665303,1.0,False,False,false_insufficient
v3_scenario_context,lognormal_sigma_0.25,lognormal,100,acceptable,200,0,0.0,1.734723475976807e-18,0.018845326377266575,,,,,,,False,False,false_safe
v3_scenario_context,lognormal_sigma_0.25,lognormal,100,insufficient,200,2,0.01,0.0027466581335444384,0.0357217617161768,0.0,0.0,0.6576197724933469,1.0,0.34238022750665303,1.0,False,False,false_insufficient
v3_default,lognormal_sigma_0.25,lognormal,200,acceptable,200,0,0.0,1.734723475976807e-18,0.018845326377266575,,,,,,,False,False,false_safe
v3_scenario_context,lognormal_sigma_0.25,lognormal,200,acceptable,200,0,0.0,1.734723475976807e-18,0.018845326377266575,,,,,,,False,False,false_safe
v3_default,lognormal_sigma_0.25,lognormal,500,acceptable,200,0,0.0,1.734723475976807e-18,0.018845326377266575,,,,,,,False,False,false_safe
v3_scenario_context,lognormal_sigma_0.25,lognormal,500,acceptable,200,0,0.0,1.734723475976807e-18,0.018845326377266575,,,,,,,False,False,false_safe
v3_default,lognormal_sigma_0.25,lognormal,750,acceptable,200,0,0.0,1.734723475976807e-18,0.018845326377266575,,,,,,,False,False,false_safe
v3_scenario_context,lognormal_sigma_0.25,lognormal,750,acceptable,200,0,0.0,1.734723475976807e-18,0.018845326377266575,,,,,,,False,False,false_safe
v2,lognormal_sigma_0.25,lognormal,2000,acceptable,200,0,0.0,1.734723475976807e-18,0.018845326377266575,,,,,,,False,False,false_safe
v3_default,lognormal_sigma_0.25,lognormal,2000,acceptable,200,0,0.0,1.734723475976807e-18,0.018845326377266575,,,,,,,False,False,false_safe
v3_scenario_context,lognormal_sigma_0.25,lognormal,2000,acceptable,200,0,0.0,1.734723475976807e-18,0.018845326377266575,,,,,,,False,False,false_safe
v2,lognormal_sigma_0.50,lognormal,5,acceptable,200,103,0.515,0.44610849192745716,0.5833261482812249,0.0970873786407767,0.05359377103943983,0.16955423801859704,0.9029126213592233,0.8304457619814031,0.9464062289605603,False,False,false_safe
v3_default,lognormal_sigma_0.50,lognormal,5,acceptable,200,0,0.0,1.734723475976807e-18,0.018845326377266575,,,,,,,False,False,false_safe
v3_scenario_context,lognormal_sigma_0.50,lognormal,5,acceptable,200,0,0.0,1.734723475976807e-18,0.018845326377266575,,,,,,,False,False,false_safe
v2,lognormal_sigma_0.50,lognormal,8,acceptable,200,115,0.575,0.5057093264785485,0.6414638745648614,0.09565217391304348,0.054252518982852306,0.16319229427615742,0.9043478260869565,0.8368077057238427,0.9457474810171477,False,False,false_safe
v3_default,lognormal_sigma_0.50,lognormal,8,acceptable,200,0,0.0,1.734723475976807e-18,0.018845326377266575,,,,,,,False,False,false_safe
v3_scenario_context,lognormal_sigma_0.50,lognormal,8,acceptable,200,0,0.0,1.734723475976807e-18,0.018845326377266575,,,,,,,False,False,false_safe
v2,lognormal_sigma_0.50,lognormal,10,acceptable,200,123,0.615,0.5459986722024608,0.6796669027307678,0.08943089430894309,0.05067093036620061,0.15305945133198043,0.9105691056910569,0.8469405486680196,0.9493290696337994,False,False,false_safe
v2,lognormal_sigma_0.50,lognormal,10,insufficient,200,77,0.385,0.32033309726923215,0.45400132779753916,0.025974025974025976,0.007152159807893181,0.08984582779753134,0.974025974025974,0.9101541722024686,0.9928478401921068,False,False,false_insufficient
v3_default,lognormal_sigma_0.50,lognormal,10,acceptable,200,0,0.0,1.734723475976807e-18,0.018845326377266575,,,,,,,False,False,false_safe
v3_scenario_context,lognormal_sigma_0.50,lognormal,10,acceptable,200,0,0.0,1.734723475976807e-18,0.018845326377266575,,,,,,,False,False,false_safe
v2,lognormal_sigma_0.50,lognormal,15,insufficient,200,104,0.52,0.4510378507281424,0.588208336216767,0.019230769230769232,0.0052897115850640206,0.0674231291576782,0.9807692307692307,0.9325768708423217,0.9947102884149359,False,False,false_insufficient
v3_default,lognormal_sigma_0.50,lognormal,15,acceptable,200,0,0.0,1.734723475976807e-18,0.018845326377266575,,,,,,,False,False,false_safe
v3_default,lognormal_sigma_0.50,lognormal,15,insufficient,200,4,0.02,0.0078044264163494685,0.050287086905826436,0.0,0.0,0.4898908364545973,1.0,0.5101091635454027,1.0,False,False,false_insufficient
v3_scenario_context,lognormal_sigma_0.50,lognormal,15,acceptable,200,0,0.0,1.734723475976807e-18,0.018845326377266575,,,,,,,False,False,false_safe
v3_scenario_context,lognormal_sigma_0.50,lognormal,15,insufficient,200,4,0.02,0.0078044264163494685,0.050287086905826436,0.0,0.0,0.4898908364545973,1.0,0.5101091635454027,1.0,False,False,false_insufficient
v2,lognormal_sigma_0.50,lognormal,20,acceptable,200,95,0.475,0.4069162264657108,0.5440260398531525,0.08421052631578947,0.0432881153842945,0.15745213124326723,0.9157894736842105,0.8425478687567327,0.9567118846157054,False,False,false_safe
v2,lognormal_sigma_0.50,lognormal,20,insufficient,200,105,0.525,0.4559739601468475,0.5930837735342891,0.01904761904761905,0.0052391820659629385,0.06680559669441896,0.9809523809523809,0.933194403305581,0.994760817934037,False,False,false_insufficient
v3_default,lognormal_sigma_0.50,lognormal,20,acceptable,200,0,0.0,1.734723475976807e-18,0.018845326377266575,,,,,,,False,False,false_safe
v3_default,lognormal_sigma_0.50,lognormal,20,insufficient,200,7,0.035,0.017055542008567192,0.07047061152229073,0.0,5.551115123125783e-17,0.35433043506668743,1.0,0.6456695649333126,1.0,False,False,false_insufficient
v3_scenario_context,lognormal_sigma_0.50,lognormal,20,acceptable,200,0,0.0,1.734723475976807e-18,0.018845326377266575,,,,,,,False,False,false_safe
v3_scenario_context,lognormal_sigma_0.50,lognormal,20,insufficient,200,7,0.035,0.017055542008567192,0.07047061152229073,0.0,5.551115123125783e-17,0.35433043506668743,1.0,0.6456695649333126,1.0,False,False,false_insufficient
v2,lognormal_sigma_0.50,lognormal,30,insufficient,200,117,0.585,0.5157391490134403,0.6510571455024242,0.03418803418803419,0.013373841819450491,0.08461784858429258,0.9658119658119658,0.9153821514157074,0.9866261581805496,False,False,false_insufficient
v3_default,lognormal_sigma_0.50,lognormal,30,acceptable,200,0,0.0,1.734723475976807e-18,0.018845326377266575,,,,,,,False,False,false_safe
v3_default,lognormal_sigma_0.50,lognormal,30,insufficient,200,5,0.025,0.010724719651761264,0.05717834040664198,0.0,0.0,0.43448246478317476,1.0,0.5655175352168251,1.0,False,False,false_insufficient
v3_scenario_context,lognormal_sigma_0.50,lognormal,30,acceptable,200,0,0.0,1.734723475976807e-18,0.018845326377266575,,,,,,,False,False,false_safe
v3_scenario_context,lognormal_sigma_0.50,lognormal,30,insufficient,200,5,0.025,0.010724719651761264,0.05717834040664198,0.0,0.0,0.43448246478317476,1.0,0.5655175352168251,1.0,False,False,false_insufficient
v2,lognormal_sigma_0.50,lognormal,40,acceptable,200,54,0.27,0.21323449814685846,0.33543435198668425,0.07407407407407407,0.02918152776550481,0.1755411583859995,0.9259259259259259,0.8244588416140005,0.9708184722344951,False,False,false_safe
v2,lognormal_sigma_0.50,lognormal,40,insufficient,200,138,0.69,0.6228282243374195,0.750010551639219,0.050724637681159424,0.024785423632257546,0.10099908936579352,0.9492753623188406,0.8990009106342065,0.9752145763677424,False,False,false_insufficient
v3_default,lognormal_sigma_0.50,lognormal,40,acceptable,200,0,0.0,1.734723475976807e-18,0.018845326377266575,,,,,,,False,False,false_safe
v3_default,lognormal_sigma_0.50,lognormal,40,insufficient,200,13,0.065,0.03837635464915299,0.10801907929906895,0.0,0.0,0.22809537235419838,1.0,0.7719046276458016,0.9999999999999999,False,False,false_insufficient
v3_scenario_context,lognormal_sigma_0.50,lognormal,40,acceptable,200,0,0.0,1.734723475976807e-18,0.018845326377266575,,,,,,,False,False,false_safe
v3_scenario_context,lognormal_sigma_0.50,lognormal,40,insufficient,200,13,0.065,0.03837635464915299,0.10801907929906895,0.0,0.0,0.22809537235419838,1.0,0.7719046276458016,0.9999999999999999,False,False,false_insufficient
v2,lognormal_sigma_0.50,lognormal,50,acceptable,10000,2541,0.2541,0.24566275758583964,0.26272609281285897,0.10153482880755609,0.09038610546902545,0.11388652496100302,0.898465171192444,0.8861134750389971,0.9096138945309745,True,True,false_safe
v2,lognormal_sigma_0.50,lognormal,50,insufficient,10000,6989,0.6989,0.689833962776364,0.7078132826717808,0.04034912004578624,0.035982658711545094,0.04522059209352287,0.9596508799542137,0.9547794079064771,0.964017341288455,True,True,false_insufficient
v3_default,lognormal_sigma_0.50,lognormal,50,acceptable,10000,0,0.0,0.0,0.00038399837067659573,,,,,,,False,True,false_safe
v3_default,lognormal_sigma_0.50,lognormal,50,insufficient,10000,831,0.0831,0.07784860575276353,0.0886715720887066,0.02527075812274368,0.016587131102401426,0.038323245396449324,0.9747292418772563,0.9616767546035506,0.9834128688975986,True,True,false_insufficient
v3_scenario_context,lognormal_sigma_0.50,lognormal,50,acceptable,10000,0,0.0,0.0,0.00038399837067659573,,,,,,,False,True,false_safe
v3_scenario_context,lognormal_sigma_0.50,lognormal,50,insufficient,10000,831,0.0831,0.07784860575276353,0.0886715720887066,0.02527075812274368,0.016587131102401426,0.038323245396449324,0.9747292418772563,0.9616767546035506,0.9834128688975986,True,True,false_insufficient
v2,lognormal_sigma_0.50,lognormal,80,acceptable,200,23,0.115,0.07786373232561955,0.16664716898487572,0.08695652173913043,0.024180004484220363,0.26795981075743663,0.9130434782608695,0.7320401892425634,0.9758199955157796,False,False,false_safe
v2,lognormal_sigma_0.50,lognormal,80,insufficient,200,40,0.2,0.15045200926098115,0.2608551865653788,0.025,0.0044268315026814095,0.1288136896347409,0.975,0.8711863103652591,0.9955731684973186,False,False,false_insufficient
v3_default,lognormal_sigma_0.50,lognormal,80,acceptable,200,0,0.0,1.734723475976807e-18,0.018845326377266575,,,,,,,False,False,false_safe
v3_default,lognormal_sigma_0.50,lognormal,80,insufficient,200,31,0.155,0.11139636927689314,0.21160690592342077,0.03225806451612903,0.005717221525416816,0.16194105164724906,0.967741935483871,0.838058948352751,0.9942827784745831,False,False,false_insufficient
v3_scenario_context,lognormal_sigma_0.50,lognormal,80,acceptable,200,0,0.0,1.734723475976807e-18,0.018845326377266575,,,,,,,False,False,false_safe
v3_scenario_context,lognormal_sigma_0.50,lognormal,80,insufficient,200,31,0.155,0.11139636927689314,0.21160690592342077,0.03225806451612903,0.005717221525416816,0.16194105164724906,0.967741935483871,0.838058948352751,0.9942827784745831,False,False,false_insufficient
v2,lognormal_sigma_0.50,lognormal,100,acceptable,200,14,0.07,0.042152171828342806,0.11405480885610647,0.07142857142857142,0.012722215247890939,0.31468704424151117,0.9285714285714286,0.6853129557584889,0.9872777847521093,False,False,false_safe
v2,lognormal_sigma_0.50,lognormal,100,insufficient,200,33,0.165,0.11996855328217307,0.2226578153905955,0.0,0.0,0.10426999754245206,1.0,0.895730002457548,1.0,False,False,false_insufficient
v3_default,lognormal_sigma_0.50,lognormal,100,acceptable,200,0,0.0,1.734723475976807e-18,0.018845326377266575,,,,,,,False,False,false_safe
v3_default,lognormal_sigma_0.50,lognormal,100,insufficient,200,30,0.15,0.10713593562241995,0.20605579284166659,0.0,0.0,0.11351339317396876,1.0,0.8864866068260312,0.9999999999999999,False,False,false_insufficient
v3_scenario_context,lognormal_sigma_0.50,lognormal,100,acceptable,200,0,0.0,1.734723475976807e-18,0.018845326377266575,,,,,,,False,False,false_safe
v3_scenario_context,lognormal_sigma_0.50,lognormal,100,insufficient,200,30,0.15,0.10713593562241995,0.20605579284166659,0.0,0.0,0.11351339317396876,1.0,0.8864866068260312,0.9999999999999999,False,False,false_insufficient
v2,lognormal_sigma_0.50,lognormal,200,acceptable,200,3,0.015,0.00511423779325831,0.04316572879269026,0.3333333333333333,0.06149194472039621,0.7923403991979522,0.6666666666666666,0.2076596008020477,0.9385080552796037,False,False,false_safe
v2,lognormal_sigma_0.50,lognormal,200,insufficient,200,39,0.195,0.1460552053440051,0.25544044374612745,0.0,-6.938893903907228e-18,0.08966685370757144,1.0,0.9103331462924287,1.0,False,False,false_insufficient
v3_default,lognormal_sigma_0.50,lognormal,200,acceptable,200,0,0.0,1.734723475976807e-18,0.018845326377266575,,,,,,,False,False,false_safe
v3_default,lognormal_sigma_0.50,lognormal,200,insufficient,200,42,0.21,0.15928412069979,0.2716461685990246,0.0,-6.938893903907228e-18,0.08379879086570391,1.0,0.916201209134296,0.9999999999999999,False,False,false_insufficient
v3_scenario_context,lognormal_sigma_0.50,lognormal,200,acceptable,200,0,0.0,1.734723475976807e-18,0.018845326377266575,,,,,,,False,False,false_safe
v3_scenario_context,lognormal_sigma_0.50,lognormal,200,insufficient,200,42,0.21,0.15928412069979,0.2716461685990246,0.0,-6.938893903907228e-18,0.08379879086570391,1.0,0.916201209134296,0.9999999999999999,False,False,false_insufficient
v2,lognormal_sigma_0.50,lognormal,500,acceptable,200,0,0.0,1.734723475976807e-18,0.018845326377266575,,,,,,,False,False,false_safe
v3_default,lognormal_sigma_0.50,lognormal,500,acceptable,200,0,0.0,1.734723475976807e-18,0.018845326377266575,,,,,,,False,False,false_safe
v3_default,lognormal_sigma_0.50,lognormal,500,insufficient,200,49,0.245,0.1905686808903718,0.30904243556203415,0.04081632653061224,0.011265633366185787,0.13713032306080064,0.9591836734693877,0.8628696769391992,0.9887343666338142,False,False,false_insufficient
v3_scenario_context,lognormal_sigma_0.50,lognormal,500,acceptable,200,0,0.0,1.734723475976807e-18,0.018845326377266575,,,,,,,False,False,false_safe
v3_scenario_context,lognormal_sigma_0.50,lognormal,500,insufficient,200,49,0.245,0.1905686808903718,0.30904243556203415,0.04081632653061224,0.011265633366185787,0.13713032306080064,0.9591836734693877,0.8628696769391992,0.9887343666338142,False,False,false_insufficient
v2,lognormal_sigma_0.50,lognormal,750,acceptable,200,0,0.0,1.734723475976807e-18,0.018845326377266575,,,,,,,False,False,false_safe
v2,lognormal_sigma_0.50,lognormal,750,insufficient,200,29,0.145,0.10289350642004402,0.20048667530781522,0.034482758620689655,0.006113214292762653,0.17175521879320288,0.9655172413793104,0.8282447812067973,0.9938867857072374,False,False,false_insufficient
v3_default,lognormal_sigma_0.50,lognormal,750,acceptable,200,0,0.0,1.734723475976807e-18,0.018845326377266575,,,,,,,False,False,false_safe
v3_default,lognormal_sigma_0.50,lognormal,750,insufficient,200,62,0.31,0.2499894483607809,0.37717177566258037,0.06451612903225806,0.025372905520440803,0.15447515727752878,0.9354838709677419,0.8455248427224711,0.9746270944795592,False,False,false_insufficient
v3_scenario_context,lognormal_sigma_0.50,lognormal,750,acceptable,200,0,0.0,1.734723475976807e-18,0.018845326377266575,,,,,,,False,False,false_safe
v3_scenario_context,lognormal_sigma_0.50,lognormal,750,insufficient,200,62,0.31,0.2499894483607809,0.37717177566258037,0.06451612903225806,0.025372905520440803,0.15447515727752878,0.9354838709677419,0.8455248427224711,0.9746270944795592,False,False,false_insufficient
v2,lognormal_sigma_0.50,lognormal,2000,acceptable,200,0,0.0,1.734723475976807e-18,0.018845326377266575,,,,,,,False,False,false_safe
v2,lognormal_sigma_0.50,lognormal,2000,insufficient,200,22,0.11,0.07377244460125303,0.1609269099730149,0.0,0.0,0.14865487460862087,1.0,0.8513451253913791,1.0,False,False,false_insufficient
v3_default,lognormal_sigma_0.50,lognormal,2000,acceptable,200,0,0.0,1.734723475976807e-18,0.018845326377266575,,,,,,,False,False,false_safe
v3_default,lognormal_sigma_0.50,lognormal,2000,insufficient,200,82,0.41,0.34415674908482885,0.4792354096630791,0.024390243902439025,0.006714370331163358,0.08463378391063939,0.975609756097561,0.9153662160893606,0.9932856296688367,False,False,false_insufficient
v3_scenario_context,lognormal_sigma_0.50,lognormal,2000,acceptable,200,0,0.0,1.734723475976807e-18,0.018845326377266575,,,,,,,False,False,false_safe
v3_scenario_context,lognormal_sigma_0.50,lognormal,2000,insufficient,200,82,0.41,0.34415674908482885,0.4792354096630791,0.024390243902439025,0.006714370331163358,0.08463378391063939,0.975609756097561,0.9153662160893606,0.9932856296688367,False,False,false_insufficient
v2,lognormal_sigma_1.00,lognormal,5,acceptable,200,88,0.44,0.37297819251185865,0.5092832466534134,0.25,0.17128323377232502,0.34963029956012115,0.75,0.6503697004398789,0.828716766227675,False,False,false_safe
v3_default,lognormal_sigma_1.00,lognormal,5,acceptable,200,0,0.0,1.734723475976807e-18,0.018845326377266575,,,,,,,False,False,false_safe
v3_scenario_context,lognormal_sigma_1.00,lognormal,5,acceptable,200,0,0.0,1.734723475976807e-18,0.018845326377266575,,,,,,,False,False,false_safe
v2,lognormal_sigma_1.00,lognormal,8,acceptable,200,77,0.385,0.32033309726923215,0.45400132779753916,0.3246753246753247,0.23059379328779073,0.4354191610320238,0.6753246753246753,0.5645808389679762,0.7694062067122093,False,False,false_safe
v3_default,lognormal_sigma_1.00,lognormal,8,acceptable,200,0,0.0,1.734723475976807e-18,0.018845326377266575,,,,,,,False,False,false_safe
v3_scenario_context,lognormal_sigma_1.00,lognormal,8,acceptable,200,0,0.0,1.734723475976807e-18,0.018845326377266575,,,,,,,False,False,false_safe
v2,lognormal_sigma_1.00,lognormal,10,acceptable,200,49,0.245,0.1905686808903718,0.30904243556203415,0.3469387755102041,0.22924392834538948,0.48688805713027256,0.6530612244897959,0.5131119428697273,0.7707560716546102,False,False,false_safe
v3_default,lognormal_sigma_1.00,lognormal,10,acceptable,200,0,0.0,1.734723475976807e-18,0.018845326377266575,,,,,,,False,False,false_safe
v3_default,lognormal_sigma_1.00,lognormal,10,insufficient,200,1,0.005,0.0008831687156009814,0.02777370439789293,0.0,0.0,0.7934506856227626,1.0,0.20654931437723745,1.0,False,False,false_insufficient
v3_scenario_context,lognormal_sigma_1.00,lognormal,10,acceptable,200,0,0.0,1.734723475976807e-18,0.018845326377266575,,,,,,,False,False,false_safe
v3_scenario_context,lognormal_sigma_1.00,lognormal,10,insufficient,200,1,0.005,0.0008831687156009814,0.02777370439789293,0.0,0.0,0.7934506856227626,1.0,0.20654931437723745,1.0,False,False,false_insufficient
v2,lognormal_sigma_1.00,lognormal,15,acceptable,200,27,0.135,0.09446570454787906,0.18929138370752552,0.2222222222222222,0.10607239452360037,0.4075692886663257,0.7777777777777778,0.5924307113336742,0.8939276054763996,False,False,false_safe
v3_default,lognormal_sigma_1.00,lognormal,15,acceptable,200,0,0.0,1.734723475976807e-18,0.018845326377266575,,,,,,,False,False,false_safe
v3_default,lognormal_sigma_1.00,lognormal,15,insufficient,200,30,0.15,0.10713593562241995,0.20605579284166659,0.0,0.0,0.11351339317396876,1.0,0.8864866068260312,0.9999999999999999,False,False,false_insufficient
v3_scenario_context,lognormal_sigma_1.00,lognormal,15,acceptable,200,0,0.0,1.734723475976807e-18,0.018845326377266575,,,,,,,False,False,false_safe
v3_scenario_context,lognormal_sigma_1.00,lognormal,15,insufficient,200,30,0.15,0.10713593562241995,0.20605579284166659,0.0,0.0,0.11351339317396876,1.0,0.8864866068260312,0.9999999999999999,False,False,false_insufficient
v2,lognormal_sigma_1.00,lognormal,20,acceptable,200,22,0.11,0.07377244460125303,0.1609269099730149,0.22727272727272727,0.10123039985248516,0.4343995317522171,0.7727272727272727,0.5656004682477829,0.8987696001475147,False,False,false_safe
v3_default,lognormal_sigma_1.00,lognormal,20,acceptable,200,0,0.0,1.734723475976807e-18,0.018845326377266575,,,,,,,False,False,false_safe
v3_default,lognormal_sigma_1.00,lognormal,20,insufficient,200,51,0.255,0.1996049517203135,0.3196292582045472,0.0196078431372549,0.0034696926410608536,0.10304568726144975,0.9803921568627451,0.8969543127385502,0.9965303073589391,False,False,false_insufficient
v3_scenario_context,lognormal_sigma_1.00,lognormal,20,acceptable,200,0,0.0,1.734723475976807e-18,0.018845326377266575,,,,,,,False,False,false_safe
v3_scenario_context,lognormal_sigma_1.00,lognormal,20,insufficient,200,51,0.255,0.1996049517203135,0.3196292582045472,0.0196078431372549,0.0034696926410608536,0.10304568726144975,0.9803921568627451,0.8969543127385502,0.9965303073589391,False,False,false_insufficient
v2,lognormal_sigma_1.00,lognormal,30,acceptable,10000,460,0.046,0.04206559125734039,0.05028307926323395,0.3826086956521739,0.33933981581774275,0.4278220065114051,0.6173913043478261,0.5721779934885949,0.6606601841822572,True,True,false_safe
v3_default,lognormal_sigma_1.00,lognormal,30,acceptable,10000,0,0.0,0.0,0.00038399837067659573,,,,,,,False,True,false_safe
v3_default,lognormal_sigma_1.00,lognormal,30,insufficient,10000,3535,0.3535,0.3441881562555999,0.3629243552670082,0.03790664780763791,0.032096363820560546,0.04472014858440158,0.9620933521923621,0.9552798514155985,0.9679036361794395,True,True,false_insufficient
v3_scenario_context,lognormal_sigma_1.00,lognormal,30,acceptable,10000,0,0.0,0.0,0.00038399837067659573,,,,,,,False,True,false_safe
v3_scenario_context,lognormal_sigma_1.00,lognormal,30,insufficient,10000,3535,0.3535,0.3441881562555999,0.3629243552670082,0.03790664780763791,0.032096363820560546,0.04472014858440158,0.9620933521923621,0.9552798514155985,0.9679036361794395,True,True,false_insufficient
v2,lognormal_sigma_1.00,lognormal,40,acceptable,200,5,0.025,0.010724719651761264,0.05717834040664198,0.6,0.2307242812760128,0.882379225767352,0.4,0.11762077423264783,0.769275718723987,False,False,false_safe
v3_default,lognormal_sigma_1.00,lognormal,40,acceptable,200,0,0.0,1.734723475976807e-18,0.018845326377266575,,,,,,,False,False,false_safe
v3_default,lognormal_sigma_1.00,lognormal,40,insufficient,200,90,0.45,0.3826406840224836,0.5192438486152432,0.044444444444444446,0.01741724185270873,0.10876855032812233,0.9555555555555556,0.8912314496718777,0.9825827581472913,False,False,false_insufficient
v3_scenario_context,lognormal_sigma_1.00,lognormal,40,acceptable,200,0,0.0,1.734723475976807e-18,0.018845326377266575,,,,,,,False,False,false_safe
v3_scenario_context,lognormal_sigma_1.00,lognormal,40,insufficient,200,90,0.45,0.3826406840224836,0.5192438486152432,0.044444444444444446,0.01741724185270873,0.10876855032812233,0.9555555555555556,0.8912314496718777,0.9825827581472913,False,False,false_insufficient
v2,lognormal_sigma_1.00,lognormal,50,acceptable,200,0,0.0,1.734723475976807e-18,0.018845326377266575,,,,,,,False,False,false_safe
v3_default,lognormal_sigma_1.00,lognormal,50,acceptable,200,0,0.0,1.734723475976807e-18,0.018845326377266575,,,,,,,False,False,false_safe
v3_default,lognormal_sigma_1.00,lognormal,50,insufficient,200,113,0.565,0.49570736259794607,0.6318427449730093,0.035398230088495575,0.013850178551374819,0.08749620089486373,0.9646017699115044,0.9125037991051361,0.9861498214486251,False,False,false_insufficient
v3_scenario_context,lognormal_sigma_1.00,lognormal,50,acceptable,200,0,0.0,1.734723475976807e-18,0.018845326377266575,,,,,,,False,False,false_safe
v3_scenario_context,lognormal_sigma_1.00,lognormal,50,insufficient,200,113,0.565,0.49570736259794607,0.6318427449730093,0.035398230088495575,0.013850178551374819,0.08749620089486373,0.9646017699115044,0.9125037991051361,0.9861498214486251,False,False,false_insufficient
v2,lognormal_sigma_1.00,lognormal,80,acceptable,200,0,0.0,1.734723475976807e-18,0.018845326377266575,,,,,,,False,False,false_safe
v2,lognormal_sigma_1.00,lognormal,80,insufficient,200,175,0.875,0.8219857499741765,0.9138802552428735,0.045714285714285714,0.023343439021955972,0.08760096364357534,0.9542857142857143,0.9123990363564247,0.976656560978044,False,False,false_insufficient
v3_default,lognormal_sigma_1.00,lognormal,80,acceptable,200,0,0.0,1.734723475976807e-18,0.018845326377266575,,,,,,,False,False,false_safe
v3_default,lognormal_sigma_1.00,lognormal,80,insufficient,200,161,0.805,0.7445595562538726,0.8539447946559949,0.049689440993788817,0.025390547575837065,0.09497637323791658,0.9503105590062112,0.9050236267620834,0.974609452424163,False,False,false_insufficient
v3_scenario_context,lognormal_sigma_1.00,lognormal,80,acceptable,200,0,0.0,1.734723475976807e-18,0.018845326377266575,,,,,,,False,False,false_safe
v3_scenario_context,lognormal_sigma_1.00,lognormal,80,insufficient,200,161,0.805,0.7445595562538726,0.8539447946559949,0.049689440993788817,0.025390547575837065,0.09497637323791658,0.9503105590062112,0.9050236267620834,0.974609452424163,False,False,false_insufficient
v2,lognormal_sigma_1.00,lognormal,100,acceptable,200,0,0.0,1.734723475976807e-18,0.018845326377266575,,,,,,,False,False,false_safe
v2,lognormal_sigma_1.00,lognormal,100,insufficient,200,171,0.855,0.7995133246921847,0.8971064935799559,0.06432748538011696,0.036295758204863575,0.11150361955710891,0.935672514619883,0.888496380442891,0.9637042417951364,False,False,false_insufficient
v3_default,lognormal_sigma_1.00,lognormal,100,acceptable,200,0,0.0,1.734723475976807e-18,0.018845326377266575,,,,,,,False,False,false_safe
v3_scenario_context,lognormal_sigma_1.00,lognormal,100,acceptable,200,0,0.0,1.734723475976807e-18,0.018845326377266575,,,,,,,False,False,false_safe
v2,lognormal_sigma_1.00,lognormal,200,acceptable,200,0,0.0,1.734723475976807e-18,0.018845326377266575,,,,,,,False,False,false_safe
v3_default,lognormal_sigma_1.00,lognormal,200,acceptable,200,0,0.0,1.734723475976807e-18,0.018845326377266575,,,,,,,False,False,false_safe
v3_scenario_context,lognormal_sigma_1.00,lognormal,200,acceptable,200,0,0.0,1.734723475976807e-18,0.018845326377266575,,,,,,,False,False,false_safe
v2,lognormal_sigma_1.00,lognormal,500,acceptable,200,0,0.0,1.734723475976807e-18,0.018845326377266575,,,,,,,False,False,false_safe
v2,lognormal_sigma_1.00,lognormal,500,insufficient,200,199,0.995,0.9722262956021069,0.9991168312843989,0.035175879396984924,0.017141766602341124,0.0708158872442793,0.964824120603015,0.9291841127557207,0.9828582333976589,False,False,false_insufficient
v3_default,lognormal_sigma_1.00,lognormal,500,acceptable,200,0,0.0,1.734723475976807e-18,0.018845326377266575,,,,,,,False,False,false_safe
v3_default,lognormal_sigma_1.00,lognormal,500,insufficient,200,200,1.0,0.9811546736227335,1.0,0.035,0.017055542008567192,0.07047061152229073,0.965,0.9295293884777092,0.9829444579914328,True,False,false_insufficient
v3_scenario_context,lognormal_sigma_1.00,lognormal,500,acceptable,200,0,0.0,1.734723475976807e-18,0.018845326377266575,,,,,,,False,False,false_safe
v3_scenario_context,lognormal_sigma_1.00,lognormal,500,insufficient,200,200,1.0,0.9811546736227335,1.0,0.035,0.017055542008567192,0.07047061152229073,0.965,0.9295293884777092,0.9829444579914328,True,False,false_insufficient
v2,lognormal_sigma_1.00,lognormal,750,acceptable,200,0,0.0,1.734723475976807e-18,0.018845326377266575,,,,,,,False,False,false_safe
v2,lognormal_sigma_1.00,lognormal,750,insufficient,200,200,1.0,0.9811546736227335,1.0,0.045,0.023852543001492997,0.0832967040018196,0.955,0.9167032959981803,0.976147456998507,True,False,false_insufficient
v3_default,lognormal_sigma_1.00,lognormal,750,acceptable,200,0,0.0,1.734723475976807e-18,0.018845326377266575,,,,,,,False,False,false_safe
v3_default,lognormal_sigma_1.00,lognormal,750,insufficient,200,200,1.0,0.9811546736227335,1.0,0.045,0.023852543001492997,0.0832967040018196,0.955,0.9167032959981803,0.976147456998507,True,False,false_insufficient
v3_scenario_context,lognormal_sigma_1.00,lognormal,750,acceptable,200,0,0.0,1.734723475976807e-18,0.018845326377266575,,,,,,,False,False,false_safe
v3_scenario_context,lognormal_sigma_1.00,lognormal,750,insufficient,200,200,1.0,0.9811546736227335,1.0,0.045,0.023852543001492997,0.0832967040018196,0.955,0.9167032959981803,0.976147456998507,True,False,false_insufficient
v2,lognormal_sigma_1.00,lognormal,2000,acceptable,200,0,0.0,1.734723475976807e-18,0.018845326377266575,,,,,,,False,False,false_safe
v2,lognormal_sigma_1.00,lognormal,2000,insufficient,200,200,1.0,0.9811546736227335,1.0,0.03,0.013820314340111346,0.06389429245451925,0.97,0.9361057075454807,0.9861796856598887,True,False,false_insufficient
v3_default,lognormal_sigma_1.00,lognormal,2000,acceptable,200,0,0.0,1.734723475976807e-18,0.018845326377266575,,,,,,,False,False,false_safe
v3_default,lognormal_sigma_1.00,lognormal,2000,insufficient,200,200,1.0,0.9811546736227335,1.0,0.03,0.013820314340111346,0.06389429245451925,0.97,0.9361057075454807,0.9861796856598887,True,False,false_insufficient
v3_scenario_context,lognormal_sigma_1.00,lognormal,2000,acceptable,200,0,0.0,1.734723475976807e-18,0.018845326377266575,,,,,,,False,False,false_safe
v3_scenario_context,lognormal_sigma_1.00,lognormal,2000,insufficient,200,200,1.0,0.9811546736227335,1.0,0.03,0.013820314340111346,0.06389429245451925,0.97,0.9361057075454807,0.9861796856598887,True,False,false_insufficient
v2,mixture_distinct_means,normal_mixture,5,acceptable,200,97,0.485,0.41667385171877513,0.5538915080725428,0.09278350515463918,0.04958321848144811,0.1670088367716433,0.9072164948453608,0.8329911632283566,0.9504167815185518,False,False,false_safe
v3_default,mixture_distinct_means,normal_mixture,5,acceptable,200,0,0.0,1.734723475976807e-18,0.018845326377266575,,,,,,,False,False,false_safe
v3_scenario_context,mixture_distinct_means,normal_mixture,5,acceptable,200,0,0.0,1.734723475976807e-18,0.018845326377266575,,,,,,,False,False,false_safe
v2,mixture_distinct_means,normal_mixture,8,acceptable,200,130,0.65,0.5816346433604008,0.7127117587264192,0.06923076923076923,0.03684711914499425,0.12634191819174667,0.9307692307692308,0.8736580818082533,0.9631528808550058,False,False,false_safe
v3_default,mixture_distinct_means,normal_mixture,8,acceptable,200,0,0.0,1.734723475976807e-18,0.018845326377266575,,,,,,,False,False,false_safe
v3_scenario_context,mixture_distinct_means,normal_mixture,8,acceptable,200,0,0.0,1.734723475976807e-18,0.018845326377266575,,,,,,,False,False,false_safe
v2,mixture_distinct_means,normal_mixture,10,insufficient,200,69,0.345,0.2825979437674894,0.4132441074094632,0.043478260869565216,0.014895903896212308,0.12021202749379145,0.9565217391304348,0.8797879725062087,0.9851040961037877,False,False,false_insufficient
v3_default,mixture_distinct_means,normal_mixture,10,acceptable,200,0,0.0,1.734723475976807e-18,0.018845326377266575,,,,,,,False,False,false_safe
v3_scenario_context,mixture_distinct_means,normal_mixture,10,acceptable,200,0,0.0,1.734723475976807e-18,0.018845326377266575,,,,,,,False,False,false_safe
v3_default,mixture_distinct_means,normal_mixture,15,acceptable,200,0,0.0,1.734723475976807e-18,0.018845326377266575,,,,,,,False,False,false_safe
v3_scenario_context,mixture_distinct_means,normal_mixture,15,acceptable,200,0,0.0,1.734723475976807e-18,0.018845326377266575,,,,,,,False,False,false_safe
v3_default,mixture_distinct_means,normal_mixture,20,acceptable,200,0,0.0,1.734723475976807e-18,0.018845326377266575,,,,,,,False,False,false_safe
v3_scenario_context,mixture_distinct_means,normal_mixture,20,acceptable,200,0,0.0,1.734723475976807e-18,0.018845326377266575,,,,,,,False,False,false_safe
v3_default,mixture_distinct_means,normal_mixture,30,acceptable,200,0,0.0,1.734723475976807e-18,0.018845326377266575,,,,,,,False,False,false_safe
v3_scenario_context,mixture_distinct_means,normal_mixture,30,acceptable,200,0,0.0,1.734723475976807e-18,0.018845326377266575,,,,,,,False,False,false_safe
v3_default,mixture_distinct_means,normal_mixture,40,acceptable,200,0,0.0,1.734723475976807e-18,0.018845326377266575,,,,,,,False,False,false_safe
v3_scenario_context,mixture_distinct_means,normal_mixture,40,acceptable,200,0,0.0,1.734723475976807e-18,0.018845326377266575,,,,,,,False,False,false_safe
v2,mixture_distinct_means,normal_mixture,50,acceptable,200,151,0.755,0.6909575644379659,0.8094313191096282,0.06622516556291391,0.03636670105392742,0.11760665338406232,0.9337748344370861,0.8823933466159377,0.9636332989460725,False,False,false_safe
v3_default,mixture_distinct_means,normal_mixture,50,acceptable,200,0,0.0,1.734723475976807e-18,0.018845326377266575,,,,,,,False,False,false_safe
v3_scenario_context,mixture_distinct_means,normal_mixture,50,acceptable,200,0,0.0,1.734723475976807e-18,0.018845326377266575,,,,,,,False,False,false_safe
v2,mixture_distinct_means,normal_mixture,80,acceptable,200,140,0.7,0.6332093162728074,0.7592525531762859,0.07857142857142857,0.04443737597511909,0.13521499290767183,0.9214285714285714,0.8647850070923281,0.9555626240248808,False,False,false_safe
v2,mixture_distinct_means,normal_mixture,80,insufficient,200,3,0.015,0.00511423779325831,0.04316572879269026,0.0,5.551115123125783e-17,0.5614970317550454,1.0,0.4385029682449546,1.0,False,False,false_insufficient
v3_default,mixture_distinct_means,normal_mixture,80,acceptable,200,0,0.0,1.734723475976807e-18,0.018845326377266575,,,,,,,False,False,false_safe
v3_scenario_context,mixture_distinct_means,normal_mixture,80,acceptable,200,0,0.0,1.734723475976807e-18,0.018845326377266575,,,,,,,False,False,false_safe
v2,mixture_distinct_means,normal_mixture,100,insufficient,200,1,0.005,0.0008831687156009814,0.02777370439789293,0.0,0.0,0.7934506856227626,1.0,0.20654931437723745,1.0,False,False,false_insufficient
v3_default,mixture_distinct_means,normal_mixture,100,acceptable,200,0,0.0,1.734723475976807e-18,0.018845326377266575,,,,,,,False,False,false_safe
v3_scenario_context,mixture_distinct_means,normal_mixture,100,acceptable,200,0,0.0,1.734723475976807e-18,0.018845326377266575,,,,,,,False,False,false_safe
v3_default,mixture_distinct_means,normal_mixture,200,acceptable,200,0,0.0,1.734723475976807e-18,0.018845326377266575,,,,,,,False,False,false_safe
v3_scenario_context,mixture_distinct_means,normal_mixture,200,acceptable,200,0,0.0,1.734723475976807e-18,0.018845326377266575,,,,,,,False,False,false_safe
v3_default,mixture_distinct_means,normal_mixture,500,acceptable,200,0,0.0,1.734723475976807e-18,0.018845326377266575,,,,,,,False,False,false_safe
v3_scenario_context,mixture_distinct_means,normal_mixture,500,acceptable,200,0,0.0,1.734723475976807e-18,0.018845326377266575,,,,,,,False,False,false_safe
v3_default,mixture_distinct_means,normal_mixture,750,acceptable,200,0,0.0,1.734723475976807e-18,0.018845326377266575,,,,,,,False,False,false_safe
v3_scenario_context,mixture_distinct_means,normal_mixture,750,acceptable,200,0,0.0,1.734723475976807e-18,0.018845326377266575,,,,,,,False,False,false_safe
v3_default,mixture_distinct_means,normal_mixture,2000,acceptable,200,0,0.0,1.734723475976807e-18,0.018845326377266575,,,,,,,False,False,false_safe
v3_scenario_context,mixture_distinct_means,normal_mixture,2000,acceptable,200,0,0.0,1.734723475976807e-18,0.018845326377266575,,,,,,,False,False,false_safe
v2,mixture_distinct_variances,normal_mixture,5,insufficient,200,79,0.395,0.32984101013207967,0.46411650840714636,0.0379746835443038,0.012998086889435871,0.10580062767684709,0.9620253164556962,0.8941993723231529,0.9870019131105641,False,False,false_insufficient
v3_default,mixture_distinct_variances,normal_mixture,5,acceptable,200,0,0.0,1.734723475976807e-18,0.018845326377266575,,,,,,,False,False,false_safe
v2,mixture_distinct_variances,normal_mixture,8,acceptable,200,105,0.525,0.4559739601468475,0.5930837735342891,0.06666666666666667,0.03266588465602071,0.1312556486825412,0.9333333333333333,0.8687443513174588,0.9673341153439793,False,False,false_safe
v2,mixture_distinct_variances,normal_mixture,8,insufficient,200,95,0.475,0.4069162264657108,0.5440260398531525,0.0,0.0,0.038864853539472964,1.0,0.9611351464605271,1.0,False,False,false_insufficient
v3_default,mixture_distinct_variances,normal_mixture,8,acceptable,200,0,0.0,1.734723475976807e-18,0.018845326377266575,,,,,,,False,False,false_safe
v3_scenario_context,mixture_distinct_variances,normal_mixture,8,acceptable,200,76,0.38,0.31559005848673627,0.44893281984380773,0.07894736842105263,0.036684005233471775,0.16172743482138074,0.9210526315789473,0.8382725651786193,0.9633159947665283,False,False,false_safe
v2,mixture_distinct_variances,normal_mixture,10,insufficient,200,95,0.475,0.4069162264657108,0.5440260398531525,0.010526315789473684,0.001860576262347903,0.05723870141313616,0.9894736842105263,0.9427612985868637,0.9981394237376521,False,False,false_insufficient
v3_default,mixture_distinct_variances,normal_mixture,10,acceptable,200,0,0.0,1.734723475976807e-18,0.018845326377266575,,,,,,,False,False,false_safe
v3_scenario_context,mixture_distinct_variances,normal_mixture,10,acceptable,200,82,0.41,0.34415674908482885,0.4792354096630791,0.07317073170731707,0.033964777256659195,0.1505784380885484,0.926829268292683,0.8494215619114518,0.9660352227433409,False,False,false_safe
v2,mixture_distinct_variances,normal_mixture,15,insufficient,200,113,0.565,0.49570736259794607,0.6318427449730093,0.04424778761061947,0.019045868604199254,0.09941772266211095,0.9557522123893806,0.9005822773378891,0.9809541313958008,False,False,false_insufficient
v3_default,mixture_distinct_variances,normal_mixture,15,acceptable,200,0,0.0,1.734723475976807e-18,0.018845326377266575,,,,,,,False,False,false_safe
v3_default,mixture_distinct_variances,normal_mixture,15,insufficient,200,12,0.06,0.03465219425433187,0.1019316929576627,0.0,2.7755575615628914e-17,0.24249400665524085,1.0,0.7575059933447592,1.0,False,False,false_insufficient
v2,mixture_distinct_variances,normal_mixture,20,insufficient,200,122,0.61,0.5409374595716976,0.6749165686253038,0.00819672131147541,0.0014483909512207002,0.044970800906824746,0.9918032786885246,0.9550291990931754,0.9985516090487794,False,False,false_insufficient
v3_default,mixture_distinct_variances,normal_mixture,20,acceptable,200,0,0.0,1.734723475976807e-18,0.018845326377266575,,,,,,,False,False,false_safe
v3_default,mixture_distinct_variances,normal_mixture,20,insufficient,200,17,0.085,0.05374575017747561,0.13189587071565567,0.058823529411764705,0.010460400984997592,0.26982030637575405,0.9411764705882353,0.7301796936242461,0.9895395990150025,False,False,false_insufficient
v2,mixture_distinct_variances,normal_mixture,30,insufficient,200,153,0.765,0.7015863111723746,0.8184256658476741,0.026143790849673203,0.01021273959970401,0.06528680567187906,0.9738562091503268,0.9347131943281209,0.9897872604002961,False,False,false_insufficient
v3_default,mixture_distinct_variances,normal_mixture,30,acceptable,200,0,0.0,1.734723475976807e-18,0.018845326377266575,,,,,,,False,False,false_safe
v3_default,mixture_distinct_variances,normal_mixture,30,insufficient,200,46,0.23,0.17709343259068805,0.2930830436530359,0.0,0.0,0.07707356308558039,1.0,0.9229264369144198,1.0000000000000002,False,False,false_insufficient
v2,mixture_distinct_variances,normal_mixture,40,acceptable,200,28,0.14,0.09866982633455634,0.1948988086570756,0.10714285714285714,0.03711836682929999,0.27195851548672156,0.8928571428571429,0.7280414845132785,0.9628816331707,False,False,false_safe
v2,mixture_distinct_variances,normal_mixture,40,insufficient,200,161,0.805,0.7445595562538726,0.8539447946559949,0.043478260869565216,0.02121799617304005,0.08701605458297229,0.9565217391304348,0.9129839454170278,0.97878200382696,False,False,false_insufficient
v3_default,mixture_distinct_variances,normal_mixture,40,acceptable,200,0,0.0,1.734723475976807e-18,0.018845326377266575,,,,,,,False,False,false_safe
v3_default,mixture_distinct_variances,normal_mixture,40,insufficient,200,42,0.21,0.15928412069979,0.2716461685990246,0.047619047619047616,0.013157524908905607,0.15789852396958842,0.9523809523809523,0.8421014760304114,0.9868424750910944,False,False,false_insufficient
v2,mixture_distinct_variances,normal_mixture,50,insufficient,200,174,0.87,0.8163364812775159,0.9097179772033067,0.040229885057471264,0.019621735027703077,0.08070053481311339,0.9597701149425287,0.9192994651868867,0.980378264972297,False,False,false_insufficient
v3_default,mixture_distinct_variances,normal_mixture,50,acceptable,200,0,0.0,1.734723475976807e-18,0.018845326377266575,,,,,,,False,False,false_safe
v3_default,mixture_distinct_variances,normal_mixture,50,insufficient,200,45,0.225,0.17262369715089126,0.2877412323566053,0.022222222222222223,0.003933598882833428,0.1156668176841488,0.9777777777777777,0.8843331823158513,0.9960664011171667,False,False,false_insufficient
v3_default,mixture_distinct_variances,normal_mixture,80,acceptable,200,0,0.0,1.734723475976807e-18,0.018845326377266575,,,,,,,False,False,false_safe
v2,mixture_distinct_variances,normal_mixture,100,insufficient,200,137,0.685,0.6176504391426966,0.745376790097715,0.043795620437956206,0.020224162577653616,0.09225307923267126,0.9562043795620438,0.9077469207673288,0.9797758374223464,False,False,false_insufficient
v3_default,mixture_distinct_variances,normal_mixture,100,acceptable,200,0,0.0,1.734723475976807e-18,0.018845326377266575,,,,,,,False,False,false_safe
v3_default,mixture_distinct_variances,normal_mixture,100,insufficient,200,38,0.19,0.14167171527790676,0.25001238707599854,0.05263157894736842,0.014554208147292413,0.17285462131770377,0.9473684210526315,0.8271453786822962,0.9854457918527075,False,False,false_insufficient
v2,mixture_distinct_variances,normal_mixture,200,acceptable,200,0,0.0,1.734723475976807e-18,0.018845326377266575,,,,,,,False,False,false_safe
v3_default,mixture_distinct_variances,normal_mixture,200,acceptable,200,0,0.0,1.734723475976807e-18,0.018845326377266575,,,,,,,False,False,false_safe
v3_scenario_context,mixture_distinct_variances,normal_mixture,200,acceptable,200,0,0.0,1.734723475976807e-18,0.018845326377266575,,,,,,,False,False,false_safe
v2,mixture_distinct_variances,normal_mixture,500,acceptable,200,0,0.0,1.734723475976807e-18,0.018845326377266575,,,,,,,False,False,false_safe
v3_default,mixture_distinct_variances,normal_mixture,500,acceptable,200,0,0.0,1.734723475976807e-18,0.018845326377266575,,,,,,,False,False,false_safe
v3_scenario_context,mixture_distinct_variances,normal_mixture,500,acceptable,200,0,0.0,1.734723475976807e-18,0.018845326377266575,,,,,,,False,False,false_safe
v2,mixture_distinct_variances,normal_mixture,750,acceptable,200,0,0.0,1.734723475976807e-18,0.018845326377266575,,,,,,,False,False,false_safe
v2,mixture_distinct_variances,normal_mixture,750,insufficient,200,4,0.02,0.0078044264163494685,0.050287086905826436,0.0,0.0,0.4898908364545973,1.0,0.5101091635454027,1.0,False,False,false_insufficient
v3_default,mixture_distinct_variances,normal_mixture,750,acceptable,200,0,0.0,1.734723475976807e-18,0.018845326377266575,,,,,,,False,False,false_safe
v3_scenario_context,mixture_distinct_variances,normal_mixture,750,acceptable,200,0,0.0,1.734723475976807e-18,0.018845326377266575,,,,,,,False,False,false_safe
v2,mixture_distinct_variances,normal_mixture,2000,acceptable,200,0,0.0,1.734723475976807e-18,0.018845326377266575,,,,,,,False,False,false_safe
v3_default,mixture_distinct_variances,normal_mixture,2000,acceptable,200,0,0.0,1.734723475976807e-18,0.018845326377266575,,,,,,,False,False,false_safe
v3_scenario_context,mixture_distinct_variances,normal_mixture,2000,acceptable,200,0,0.0,1.734723475976807e-18,0.018845326377266575,,,,,,,False,False,false_safe
v2,normal,normal,3,insufficient,5000,3066,0.6132,0.5996188187759601,0.6266073735036788,0.04957599478147423,0.04244033189455532,0.0578389375563674,0.9504240052185258,0.9421610624436325,0.9575596681054446,True,True,false_insufficient
v3_default,normal,normal,3,acceptable,5000,0,0.0,0.0,0.0007677019450571244,,,,,,,False,True,false_safe
v2,normal,normal,4,insufficient,5000,2757,0.5514,0.5375801625665735,0.5651409176734747,0.047515415306492566,0.04018458274225034,0.05610542984479966,0.9524845846935074,0.9438945701552003,0.9598154172577497,True,True,false_insufficient
v3_default,normal,normal,4,acceptable,5000,0,0.0,0.0,0.0007677019450571244,,,,,,,False,True,false_safe
v2,normal,normal,5,insufficient,5000,1848,0.3696,0.35632545389934517,0.3830747627679258,0.05411255411255411,0.04469185686675389,0.0653831486634205,0.9458874458874459,0.9346168513365795,0.9553081431332461,True,True,false_insufficient
v3_default,normal,normal,5,acceptable,5000,0,0.0,0.0,0.0007677019450571244,,,,,,,False,True,false_safe
v2,normal,normal,8,insufficient,5000,1140,0.228,0.21658249009118133,0.2398351397669298,0.06140350877192982,0.048886352107602615,0.07686661628803093,0.9385964912280702,0.9231333837119691,0.9511136478923974,True,True,false_insufficient
v3_default,normal,normal,8,acceptable,5000,0,0.0,0.0,0.0007677019450571244,,,,,,,False,True,false_safe
v2,normal,normal,10,insufficient,5000,964,0.1928,0.18210278445137268,0.2039688916236705,0.0487551867219917,0.03686093212194839,0.06423151223346601,0.9512448132780082,0.9357684877665339,0.9631390678780515,True,True,false_insufficient
v3_default,normal,normal,10,acceptable,5000,0,0.0,0.0,0.0007677019450571244,,,,,,,False,True,false_safe
v2,normal,normal,15,insufficient,5000,750,0.15,0.1403715144980469,0.1601658768634931,0.037333333333333336,0.025954161442393,0.05342785996342066,0.9626666666666667,0.9465721400365794,0.974045838557607,True,True,false_insufficient
v3_default,normal,normal,15,acceptable,5000,0,0.0,0.0,0.0007677019450571244,,,,,,,False,True,false_safe
v2,normal,normal,20,insufficient,5000,580,0.116,0.10741729036033222,0.12517230473347168,0.041379310344827586,0.02796214115691898,0.0608315853547424,0.9586206896551724,0.9391684146452576,0.972037858843081,True,True,false_insufficient
v3_default,normal,normal,20,acceptable,5000,0,0.0,0.0,0.0007677019450571244,,,,,,,False,True,false_safe
v2,normal,normal,30,insufficient,5000,514,0.1028,0.09468472980921208,0.1115251326159413,0.033073929961089495,0.020750590305207865,0.05232478474659339,0.9669260700389105,0.9476752152534066,0.979249409694792,True,True,false_insufficient
v3_default,normal,normal,30,acceptable,5000,0,0.0,0.0,0.0007677019450571244,,,,,,,False,True,false_safe
v2,normal,normal,40,insufficient,200,5,0.025,0.010724719651761264,0.05717834040664198,0.0,0.0,0.43448246478317476,1.0,0.5655175352168251,1.0,False,False,false_insufficient
v3_default,normal,normal,40,acceptable,200,0,0.0,1.734723475976807e-18,0.018845326377266575,,,,,,,False,False,false_safe
v2,normal,normal,50,insufficient,200,2,0.01,0.0027466581335444384,0.0357217617161768,0.0,0.0,0.6576197724933469,1.0,0.34238022750665303,1.0,False,False,false_insufficient
v3_default,normal,normal,50,acceptable,200,0,0.0,1.734723475976807e-18,0.018845326377266575,,,,,,,False,False,false_safe
v3_default,normal,normal,80,acceptable,200,0,0.0,1.734723475976807e-18,0.018845326377266575,,,,,,,False,False,false_safe
v3_default,normal,normal,100,acceptable,5000,0,0.0,0.0,0.0007677019450571244,,,,,,,False,True,false_safe
v3_default,normal,normal,200,acceptable,200,0,0.0,1.734723475976807e-18,0.018845326377266575,,,,,,,False,False,false_safe
v3_default,normal,normal,500,acceptable,200,0,0.0,1.734723475976807e-18,0.018845326377266575,,,,,,,False,False,false_safe
v3_default,normal,normal,750,acceptable,5000,0,0.0,0.0,0.0007677019450571244,,,,,,,False,True,false_safe
v3_default,normal,normal,2000,acceptable,5000,0,0.0,0.0,0.0007677019450571244,,,,,,,False,True,false_safe
v2,normal,normal,10000,acceptable,5000,44,0.0088,0.006562037439973316,0.011792152950850806,0.09090909090909091,0.03592219322731624,0.21159239166598612,0.9090909090909091,0.7884076083340138,0.9640778067726837,False,True,false_safe
v3_default,normal,normal,10000,acceptable,5000,0,0.0,0.0,0.0007677019450571244,,,,,,,False,True,false_safe
v2,student_t_df_10,student_t,5,insufficient,200,79,0.395,0.32984101013207967,0.46411650840714636,0.012658227848101266,0.0022379938550498787,0.06827571876965954,0.9873417721518988,0.9317242812303406,0.9977620061449501,False,False,false_insufficient
v3_default,student_t_df_10,student_t,5,acceptable,200,0,0.0,1.734723475976807e-18,0.018845326377266575,,,,,,,False,False,false_safe
v2,student_t_df_10,student_t,8,insufficient,200,57,0.285,0.22695003004617292,0.3511534602960517,0.05263157894736842,0.01806029563366167,0.14369550397163527,0.9473684210526315,0.8563044960283646,0.9819397043663383,False,False,false_insufficient
v3_default,student_t_df_10,student_t,8,acceptable,200,0,0.0,1.734723475976807e-18,0.018845326377266575,,,,,,,False,False,false_safe
v3_default,student_t_df_10,student_t,10,acceptable,200,0,0.0,1.734723475976807e-18,0.018845326377266575,,,,,,,False,False,false_safe
v2,student_t_df_10,student_t,15,insufficient,200,51,0.255,0.1996049517203135,0.3196292582045472,0.0196078431372549,0.0034696926410608536,0.10304568726144975,0.9803921568627451,0.8969543127385502,0.9965303073589391,False,False,false_insufficient
v3_default,student_t_df_10,student_t,15,acceptable,200,0,0.0,1.734723475976807e-18,0.018845326377266575,,,,,,,False,False,false_safe
v2,student_t_df_10,student_t,20,insufficient,200,44,0.22,0.16816538358833258,0.28238799918293667,0.045454545454545456,0.012555109949594967,0.15134998437629657,0.9545454545454546,0.8486500156237035,0.987444890050405,False,False,false_insufficient
v3_default,student_t_df_10,student_t,20,acceptable,200,0,0.0,1.734723475976807e-18,0.018845326377266575,,,,,,,False,False,false_safe
v3_default,student_t_df_10,student_t,30,acceptable,200,0,0.0,1.734723475976807e-18,0.018845326377266575,,,,,,,False,False,false_safe
v3_default,student_t_df_10,student_t,30,insufficient,200,2,0.01,0.0027466581335444384,0.0357217617161768,0.0,0.0,0.6576197724933469,1.0,0.34238022750665303,1.0,False,False,false_insufficient
v2,student_t_df_10,student_t,40,insufficient,200,27,0.135,0.09446570454787906,0.18929138370752552,0.0,0.0,0.12455502974186705,1.0,0.8754449702581328,0.9999999999999998,False,False,false_insufficient
v3_default,student_t_df_10,student_t,40,acceptable,200,0,0.0,1.734723475976807e-18,0.018845326377266575,,,,,,,False,False,false_safe
v3_scenario_context,student_t_df_10,student_t,40,acceptable,200,131,0.655,0.5867558925905368,0.7174020562325106,0.06870229007633588,0.0365625456507617,0.1254162627344092,0.9312977099236641,0.8745837372655908,0.9634374543492382,False,False,false_safe
v2,student_t_df_10,student_t,50,insufficient,200,25,0.125,0.08611974475712644,0.17801425002582347,0.0,1.3877787807814457e-17,0.13319225093904846,1.0,0.8668077490609515,0.9999999999999999,False,False,false_insufficient
v3_default,student_t_df_10,student_t,50,acceptable,200,0,0.0,1.734723475976807e-18,0.018845326377266575,,,,,,,False,False,false_safe
v2,student_t_df_10,student_t,80,acceptable,200,126,0.63,0.5612262992405018,0.6938739159014088,0.09523809523809523,0.05532161543536931,0.15910495581212467,0.9047619047619048,0.8408950441878753,0.9446783845646307,False,False,false_safe
v3_default,student_t_df_10,student_t,80,acceptable,200,0,0.0,1.734723475976807e-18,0.018845326377266575,,,,,,,False,False,false_safe
v3_scenario_context,student_t_df_10,student_t,80,acceptable,200,120,0.6,0.53083672039262,0.6653942143319266,0.1,0.058133592026010775,0.166681741108952,0.9,0.833318258891048,0.9418664079739892,False,False,false_safe
v2,student_t_df_10,student_t,100,insufficient,200,1,0.005,0.0008831687156009814,0.02777370439789293,0.0,0.0,0.7934506856227626,1.0,0.20654931437723745,1.0,False,False,false_insufficient
v3_default,student_t_df_10,student_t,100,acceptable,200,0,0.0,1.734723475976807e-18,0.018845326377266575,,,,,,,False,False,false_safe
v3_default,student_t_df_10,student_t,200,acceptable,200,0,0.0,1.734723475976807e-18,0.018845326377266575,,,,,,,False,False,false_safe
v3_default,student_t_df_10,student_t,500,acceptable,200,0,0.0,1.734723475976807e-18,0.018845326377266575,,,,,,,False,False,false_safe
v3_default,student_t_df_10,student_t,750,acceptable,200,0,0.0,1.734723475976807e-18,0.018845326377266575,,,,,,,False,False,false_safe
v2,student_t_df_10,student_t,2000,acceptable,200,0,0.0,1.734723475976807e-18,0.018845326377266575,,,,,,,False,False,false_safe
v3_default,student_t_df_10,student_t,2000,acceptable,200,0,0.0,1.734723475976807e-18,0.018845326377266575,,,,,,,False,False,false_safe
v2,student_t_df_3,student_t,5,insufficient,200,88,0.44,0.37297819251185865,0.5092832466534134,0.022727272727272728,0.006254928263812166,0.07912545355267586,0.9772727272727273,0.9208745464473241,0.9937450717361879,False,False,false_insufficient
v3_default,student_t_df_3,student_t,5,acceptable,200,0,0.0,1.734723475976807e-18,0.018845326377266575,,,,,,,False,False,false_safe
v2,student_t_df_3,student_t,8,insufficient,200,91,0.455,0.387482193098835,0.524213886275119,0.01098901098901099,0.0019424713318492125,0.05964935668650616,0.989010989010989,0.9403506433134939,0.9980575286681509,False,False,false_insufficient
v3_default,student_t_df_3,student_t,8,acceptable,200,0,0.0,1.734723475976807e-18,0.018845326377266575,,,,,,,False,False,false_safe
v2,student_t_df_3,student_t,10,acceptable,200,111,0.555,0.4857330241280342,0.6221939899704665,0.07207207207207207,0.03697008426552741,0.13580252785944805,0.9279279279279279,0.8641974721405519,0.9630299157344726,False,False,false_safe
v2,student_t_df_3,student_t,10,insufficient,200,89,0.445,0.3778060100295335,0.5142669758719658,0.02247191011235955,0.006184398702128599,0.07827634674822494,0.9775280898876404,0.921723653251775,0.9938156012978714,False,False,false_insufficient
v3_default,student_t_df_3,student_t,10,acceptable,200,0,0.0,1.734723475976807e-18,0.018845326377266575,,,,,,,False,False,false_safe
v2,student_t_df_3,student_t,15,insufficient,200,96,0.48,0.411791663783233,0.5489621492718576,0.052083333333333336,0.02244960047424143,0.11618478031492638,0.9479166666666666,0.8838152196850738,0.9775503995257587,False,False,false_insufficient
v3_default,student_t_df_3,student_t,15,acceptable,200,0,0.0,1.734723475976807e-18,0.018845326377266575,,,,,,,False,False,false_safe
v3_default,student_t_df_3,student_t,15,insufficient,200,7,0.035,0.017055542008567192,0.07047061152229073,0.0,5.551115123125783e-17,0.35433043506668743,1.0,0.6456695649333126,1.0,False,False,false_insufficient
v2,student_t_df_3,student_t,20,acceptable,200,92,0.46,0.39233051799971463,0.5291771081104667,0.06521739130434782,0.030230203323134093,0.13505796127305872,0.9347826086956522,0.8649420387269413,0.9697697966768659,False,False,false_safe
v2,student_t_df_3,student_t,20,insufficient,200,108,0.54,0.4708228918895333,0.6076694820002854,0.027777777777777776,0.009491339899289714,0.07850338875023635,0.9722222222222222,0.9214966112497636,0.9905086601007103,False,False,false_insufficient
v3_default,student_t_df_3,student_t,20,acceptable,200,0,0.0,1.734723475976807e-18,0.018845326377266575,,,,,,,False,False,false_safe
v3_default,student_t_df_3,student_t,20,insufficient,200,20,0.1,0.06567044866909588,0.1494058124327174,0.0,0.0,0.16112515805281938,1.0,0.8388748419471806,1.0,False,False,false_insufficient
v2,student_t_df_3,student_t,30,insufficient,200,120,0.6,0.53083672039262,0.6653942143319266,0.016666666666666666,0.004582564565921141,0.0587359629721589,0.9833333333333333,0.941264037027841,0.9954174354340789,False,False,false_insufficient
v3_default,student_t_df_3,student_t,30,acceptable,200,0,0.0,1.734723475976807e-18,0.018845326377266575,,,,,,,False,False,false_safe
v2,student_t_df_3,student_t,40,acceptable,200,58,0.29,0.23154025607067882,0.3563747810077731,0.08620689655172414,0.037385383126191135,0.18643629062873543,0.9137931034482759,0.8135637093712647,0.962614616873809,False,False,false_safe
v2,student_t_df_3,student_t,40,insufficient,200,110,0.55,0.48075615138475697,0.6173593159775166,0.05454545454545454,0.025235827051103485,0.11391786075998823,0.9454545454545454,0.8860821392400117,0.9747641729488964,False,False,false_insufficient
v3_default,student_t_df_3,student_t,40,acceptable,200,0,0.0,1.734723475976807e-18,0.018845326377266575,,,,,,,False,False,false_safe
v3_default,student_t_df_3,student_t,40,insufficient,200,21,0.105,0.06970748792681017,0.1551803199112304,0.047619047619047616,0.008455987809826399,0.22669360074122563,0.9523809523809523,0.7733063992587743,0.9915440121901737,False,False,false_insufficient
v3_scenario_context,student_t_df_3,student_t,40,acceptable,200,44,0.22,0.16816538358833258,0.28238799918293667,0.06818181818181818,0.023459395907381622,0.18225044370221527,0.9318181818181818,0.8177495562977846,0.9765406040926183,False,False,false_safe
v2,student_t_df_3,student_t,50,insufficient,200,126,0.63,0.5612262992405018,0.6938739159014088,0.047619047619047616,0.02200448838795111,0.10000167947689512,0.9523809523809523,0.8999983205231048,0.9779955116120489,False,False,false_insufficient
v3_default,student_t_df_3,student_t,50,acceptable,200,0,0.0,1.734723475976807e-18,0.018845326377266575,,,,,,,False,False,false_safe
v3_default,student_t_df_3,student_t,50,insufficient,200,18,0.09,0.05768744886219316,0.13776571876716542,0.05555555555555555,0.009875190978303097,0.25757300781872594,0.9444444444444444,0.7424269921812741,0.990124809021697,False,False,false_insufficient
v2,student_t_df_3,student_t,80,insufficient,200,65,0.325,0.2639157153923429,0.3926801488397004,0.03076923076923077,0.008478997236440126,0.10542705523577942,0.9692307692307692,0.8945729447642206,0.9915210027635599,False,False,false_insufficient
v3_default,student_t_df_3,student_t,80,acceptable,200,0,0.0,1.734723475976807e-18,0.018845326377266575,,,,,,,False,False,false_safe
v3_default,student_t_df_3,student_t,80,insufficient,200,30,0.15,0.10713593562241995,0.20605579284166659,0.03333333333333333,0.005908590381612455,0.16670390991409173,0.9666666666666667,0.8332960900859082,0.9940914096183874,False,False,false_insufficient
v2,student_t_df_3,student_t,100,acceptable,200,15,0.075,0.04597491718438201,0.12004361023629456,0.06666666666666667,0.011866895493268553,0.2981652987378003,0.9333333333333333,0.7018347012621998,0.9881331045067315,False,False,false_safe
v2,student_t_df_3,student_t,100,insufficient,200,62,0.31,0.2499894483607809,0.37717177566258037,0.03225806451612903,0.008891371499816635,0.11020469594985441,0.967741935483871,0.8897953040501456,0.9911086285001833,False,False,false_insufficient
v3_default,student_t_df_3,student_t,100,acceptable,200,0,0.0,1.734723475976807e-18,0.018845326377266575,,,,,,,False,False,false_safe
v3_scenario_context,student_t_df_3,student_t,100,acceptable,200,15,0.075,0.04597491718438201,0.12004361023629456,0.06666666666666667,0.011866895493268553,0.2981652987378003,0.9333333333333333,0.7018347012621998,0.9881331045067315,False,False,false_safe
v2,student_t_df_3,student_t,200,acceptable,200,0,0.0,1.734723475976807e-18,0.018845326377266575,,,,,,,False,False,false_safe
v2,student_t_df_3,student_t,200,insufficient,200,37,0.185,0.13730192800616042,0.2445706276115175,0.05405405405405406,0.014950976833157673,0.17704654350813104,0.9459459459459459,0.822953456491869,0.9850490231668423,False,False,false_insufficient
v3_default,student_t_df_3,student_t,200,acceptable,200,0,0.0,1.734723475976807e-18,0.018845326377266575,,,,,,,False,False,false_safe
v3_default,student_t_df_3,student_t,200,insufficient,200,36,0.18,0.13294625859420173,0.23911475028724882,0.05555555555555555,0.015369986664161853,0.18144657208647252,0.9444444444444444,0.8185534279135275,0.9846300133358382,False,False,false_insufficient
v2,student_t_df_3,student_t,500,acceptable,200,0,0.0,1.734723475976807e-18,0.018845326377266575,,,,,,,False,False,false_safe
v2,student_t_df_3,student_t,500,insufficient,200,36,0.18,0.13294625859420173,0.23911475028724882,0.027777777777777776,0.004920407139810443,0.14169718653273855,0.9722222222222222,0.8583028134672614,0.9950795928601897,False,False,false_insufficient
v3_default,student_t_df_3,student_t,500,acceptable,200,0,0.0,1.734723475976807e-18,0.018845326377266575,,,,,,,False,False,false_safe
v3_default,student_t_df_3,student_t,500,insufficient,200,36,0.18,0.13294625859420173,0.23911475028724882,0.027777777777777776,0.004920407139810443,0.14169718653273855,0.9722222222222222,0.8583028134672614,0.9950795928601897,False,False,false_insufficient
v3_scenario_context,student_t_df_3,student_t,500,acceptable,200,0,0.0,1.734723475976807e-18,0.018845326377266575,,,,,,,False,False,false_safe
v2,student_t_df_3,student_t,750,acceptable,200,0,0.0,1.734723475976807e-18,0.018845326377266575,,,,,,,False,False,false_safe
v3_default,student_t_df_3,student_t,750,acceptable,200,0,0.0,1.734723475976807e-18,0.018845326377266575,,,,,,,False,False,false_safe
v3_scenario_context,student_t_df_3,student_t,750,acceptable,200,0,0.0,1.734723475976807e-18,0.018845326377266575,,,,,,,False,False,false_safe
v2,student_t_df_3,student_t,2000,acceptable,200,0,0.0,1.734723475976807e-18,0.018845326377266575,,,,,,,False,False,false_safe
v2,student_t_df_3,student_t,2000,insufficient,200,67,0.335,0.2732408697841632,0.40297808792033485,0.04477611940298507,0.015343975122038639,0.12357833089093759,0.9552238805970149,0.8764216691090624,0.9846560248779613,False,False,false_insufficient
v3_default,student_t_df_3,student_t,2000,acceptable,200,0,0.0,1.734723475976807e-18,0.018845326377266575,,,,,,,False,False,false_safe
v3_default,student_t_df_3,student_t,2000,insufficient,200,45,0.225,0.17262369715089126,0.2877412323566053,0.022222222222222223,0.003933598882833428,0.1156668176841488,0.9777777777777777,0.8843331823158513,0.9960664011171667,False,False,false_insufficient
v3_scenario_context,student_t_df_3,student_t,2000,acceptable,200,0,0.0,1.734723475976807e-18,0.018845326377266575,,,,,,,False,False,false_safe
v2,student_t_df_30,student_t,5,insufficient,200,71,0.355,0.2919862754043116,0.42347886924509565,0.04225352112676056,0.014473260620475319,0.11702416040484681,0.9577464788732394,0.882975839595153,0.9855267393795246,False,False,false_insufficient
v3_default,student_t_df_30,student_t,5,acceptable,200,0,0.0,1.734723475976807e-18,0.018845326377266575,,,,,,,False,False,false_safe
v3_default,student_t_df_30,student_t,8,acceptable,200,0,0.0,1.734723475976807e-18,0.018845326377266575,,,,,,,False,False,false_safe
v3_scenario_context,student_t_df_30,student_t,8,acceptable,200,120,0.6,0.53083672039262,0.6653942143319266,0.06666666666666667,0.03416530686090633,0.12605130403530337,0.9333333333333333,0.8739486959646967,0.9658346931390938,False,False,false_safe
v2,student_t_df_30,student_t,10,insufficient,200,54,0.27,0.21323449814685846,0.33543435198668425,0.037037037037037035,0.01021636794844559,0.12535176917275476,0.9629629629629629,0.8746482308272452,0.9897836320515545,False,False,false_insufficient
v3_default,student_t_df_30,student_t,10,acceptable,200,0,0.0,1.734723475976807e-18,0.018845326377266575,,,,,,,False,False,false_safe
v2,student_t_df_30,student_t,15,insufficient,200,39,0.195,0.1460552053440051,0.25544044374612745,0.05128205128205128,0.014177955415274113,0.16885640047613612,0.9487179487179487,0.8311435995238639,0.9858220445847259,False,False,false_insufficient
v3_default,student_t_df_30,student_t,15,acceptable,200,0,0.0,1.734723475976807e-18,0.018845326377266575,,,,,,,False,False,false_safe
v2,student_t_df_30,student_t,20,insufficient,200,35,0.175,0.12860515066273331,0.23364431148248993,0.0,6.938893903907228e-18,0.09890099232440402,1.0,0.9010990076755959,0.9999999999999999,False,False,false_insufficient
v3_default,student_t_df_30,student_t,20,acceptable,200,0,0.0,1.734723475976807e-18,0.018845326377266575,,,,,,,False,False,false_safe
v2,student_t_df_30,student_t,30,insufficient,200,31,0.155,0.11139636927689314,0.21160690592342077,0.03225806451612903,0.005717221525416816,0.16194105164724906,0.967741935483871,0.838058948352751,0.9942827784745831,False,False,false_insufficient
v3_default,student_t_df_30,student_t,30,acceptable,200,0,0.0,1.734723475976807e-18,0.018845326377266575,,,,,,,False,False,false_safe
v2,student_t_df_30,student_t,40,insufficient,200,5,0.025,0.010724719651761264,0.05717834040664198,0.0,0.0,0.43448246478317476,1.0,0.5655175352168251,1.0,False,False,false_insufficient
v3_default,student_t_df_30,student_t,40,acceptable,200,0,0.0,1.734723475976807e-18,0.018845326377266575,,,,,,,False,False,false_safe
v2,student_t_df_30,student_t,50,acceptable,200,175,0.875,0.8219857499741765,0.9138802552428735,0.07428571428571429,0.043924003825929425,0.1229358452128389,0.9257142857142857,0.877064154787161,0.9560759961740705,False,False,false_safe
v2,student_t_df_30,student_t,50,insufficient,200,6,0.03,0.013820314340111346,0.06389429245451925,0.0,2.7755575615628914e-17,0.3903342879021653,1.0,0.6096657120978346,1.0,False,False,false_insufficient
v3_default,student_t_df_30,student_t,50,acceptable,200,0,0.0,1.734723475976807e-18,0.018845326377266575,,,,,,,False,False,false_safe
v3_scenario_context,student_t_df_30,student_t,50,acceptable,200,165,0.825,0.7663556885175099,0.8713948493372666,0.07272727272727272,0.04208959007591575,0.12280746195833095,0.9272727272727272,0.877192538041669,0.9579104099240843,False,False,false_safe
v3_default,student_t_df_30,student_t,80,acceptable,200,0,0.0,1.734723475976807e-18,0.018845326377266575,,,,,,,False,False,false_safe
v3_default,student_t_df_30,student_t,100,acceptable,200,0,0.0,1.734723475976807e-18,0.018845326377266575,,,,,,,False,False,false_safe
v2,student_t_df_30,student_t,200,acceptable,200,156,0.78,0.7176120008170632,0.8318346164116674,0.07692307692307693,0.04454835847715382,0.12963335273912036,0.9230769230769231,0.8703666472608796,0.9554516415228461,False,False,false_safe
v3_default,student_t_df_30,student_t,200,acceptable,200,0,0.0,1.734723475976807e-18,0.018845326377266575,,,,,,,False,False,false_safe
v3_scenario_context,student_t_df_30,student_t,200,acceptable,200,158,0.79,0.7283538314009754,0.8407158793002101,0.0759493670886076,0.04397745222183943,0.12805176095733722,0.9240506329113924,0.8719482390426628,0.9560225477781606,False,False,false_safe
v3_default,student_t_df_30,student_t,500,acceptable,200,0,0.0,1.734723475976807e-18,0.018845326377266575,,,,,,,False,False,false_safe
v2,student_t_df_30,student_t,750,acceptable,200,64,0.32,0.25926533315468053,0.38751898434113546,0.078125,0.03383117690855046,0.17019537354162906,0.921875,0.8298046264583709,0.9661688230914496,False,False,false_safe
v3_default,student_t_df_30,student_t,750,acceptable,200,0,0.0,1.734723475976807e-18,0.018845326377266575,,,,,,,False,False,false_safe
v3_default,student_t_df_30,student_t,2000,acceptable,200,0,0.0,1.734723475976807e-18,0.018845326377266575,,,,,,,False,False,false_safe
v2,student_t_df_5,student_t,5,insufficient,200,86,0.43,0.36334322333434416,0.4992951223584731,0.011627906976744186,0.0020555686652495644,0.06296406589291725,0.9883720930232558,0.9370359341070826,0.9979444313347503,False,False,false_insufficient
v3_default,student_t_df_5,student_t,5,acceptable,200,0,0.0,1.734723475976807e-18,0.018845326377266575,,,,,,,False,False,false_safe
v3_scenario_context,student_t_df_5,student_t,5,acceptable,200,80,0.4,0.33460578566807336,0.46916327960737997,0.0875,0.04303200178205986,0.16976795508474996,0.9125,0.8302320449152499,0.9569679982179401,False,False,false_safe
v2,student_t_df_5,student_t,8,insufficient,200,74,0.37,0.30612608409859116,0.4387737007594981,0.02702702702702703,0.007443352638267217,0.09329292516912502,0.972972972972973,0.9067070748308751,0.9925566473617328,False,False,false_insufficient
v3_default,student_t_df_5,student_t,8,acceptable,200,0,0.0,1.734723475976807e-18,0.018845326377266575,,,,,,,False,False,false_safe
v2,student_t_df_5,student_t,10,acceptable,200,133,0.665,0.5970219120796653,0.7267591302158368,0.11278195488721804,0.06954903484743884,0.17775510172302267,0.8872180451127819,0.8222448982769773,0.9304509651525611,False,False,false_safe
v3_default,student_t_df_5,student_t,10,acceptable,200,0,0.0,1.734723475976807e-18,0.018845326377266575,,,,,,,False,False,false_safe
v3_scenario_context,student_t_df_5,student_t,10,acceptable,200,104,0.52,0.4510378507281424,0.588208336216767,0.10576923076923077,0.06009334538596818,0.17953118402308044,0.8942307692307693,0.8204688159769196,0.9399066546140318,False,False,false_safe
v2,student_t_df_5,student_t,15,acceptable,200,134,0.67,0.602166847737769,0.7314257412939605,0.06716417910447761,0.03573460604589504,0.1227188738255402,0.9328358208955224,0.8772811261744599,0.9642653939541049,False,False,false_safe
v2,student_t_df_5,student_t,15,insufficient,200,66,0.33,0.26857425870603957,0.39783315226223115,0.0,0.0,0.05500255701354129,1.0,0.9449974429864586,0.9999999999999999,False,False,false_insufficient
v3_default,student_t_df_5,student_t,15,acceptable,200,0,0.0,1.734723475976807e-18,0.018845326377266575,,,,,,,False,False,false_safe
v3_default,student_t_df_5,student_t,15,insufficient,200,1,0.005,0.0008831687156009814,0.02777370439789293,0.0,0.0,0.7934506856227626,1.0,0.20654931437723745,1.0,False,False,false_insufficient
v2,student_t_df_5,student_t,20,insufficient,10000,3493,0.3493,0.34001537690172307,0.3587003602071988,0.036072144288577156,0.030380389732798496,0.042783195700947865,0.9639278557114228,0.9572168042990521,0.9696196102672014,True,True,false_insufficient
v3_default,student_t_df_5,student_t,20,acceptable,10000,0,0.0,0.0,0.00038399837067659573,,,,,,,False,True,false_safe
v3_default,student_t_df_5,student_t,20,insufficient,10000,109,0.0109,0.009044474829555112,0.013131152376640733,0.01834862385321101,0.005046362367343297,0.06444457564998826,0.981651376146789,0.9355554243500118,0.9949536376326568,False,True,false_insufficient
v2,student_t_df_5,student_t,30,acceptable,200,118,0.59,0.5207645903369208,0.6558432509151711,0.07627118644067797,0.040643209517551585,0.13861809473879955,0.923728813559322,0.8613819052612005,0.9593567904824484,False,False,false_safe
v2,student_t_df_5,student_t,30,insufficient,200,82,0.41,0.34415674908482885,0.4792354096630791,0.036585365853658534,0.012519573081569195,0.10212734643608476,0.9634146341463414,0.8978726535639152,0.9874804269184307,False,False,false_insufficient
v3_default,student_t_df_5,student_t,30,acceptable,200,0,0.0,1.734723475976807e-18,0.018845326377266575,,,,,,,False,False,false_safe
v3_default,student_t_df_5,student_t,30,insufficient,200,1,0.005,0.0008831687156009814,0.02777370439789293,0.0,0.0,0.7934506856227626,1.0,0.20654931437723745,1.0,False,False,false_insufficient
v3_default,student_t_df_5,student_t,40,acceptable,200,0,0.0,1.734723475976807e-18,0.018845326377266575,,,,,,,False,False,false_safe
v3_default,student_t_df_5,student_t,40,insufficient,200,3,0.015,0.00511423779325831,0.04316572879269026,0.0,5.551115123125783e-17,0.5614970317550454,1.0,0.4385029682449546,1.0,False,False,false_insufficient
v2,student_t_df_5,student_t,50,insufficient,200,54,0.27,0.21323449814685846,0.33543435198668425,0.018518518518518517,0.003276487718229061,0.09771437488781931,0.9814814814814815,0.9022856251121808,0.9967235122817709,False,False,false_insufficient
v3_default,student_t_df_5,student_t,50,acceptable,200,0,0.0,1.734723475976807e-18,0.018845326377266575,,,,,,,False,False,false_safe
v3_default,student_t_df_5,student_t,50,insufficient,200,2,0.01,0.0027466581335444384,0.0357217617161768,0.0,0.0,0.6576197724933469,1.0,0.34238022750665303,1.0,False,False,false_insufficient
v2,student_t_df_5,student_t,80,acceptable,200,71,0.355,0.2919862754043116,0.42347886924509565,0.11267605633802817,0.05821271729792871,0.2069004851081131,0.8873239436619719,0.7930995148918869,0.9417872827020712,False,False,false_safe
v2,student_t_df_5,student_t,80,insufficient,200,12,0.06,0.03465219425433187,0.1019316929576627,0.0,2.7755575615628914e-17,0.24249400665524085,1.0,0.7575059933447592,1.0,False,False,false_insufficient
v3_default,student_t_df_5,student_t,80,acceptable,200,0,0.0,1.734723475976807e-18,0.018845326377266575,,,,,,,False,False,false_safe
v3_default,student_t_df_5,student_t,80,insufficient,200,4,0.02,0.0078044264163494685,0.050287086905826436,0.0,0.0,0.4898908364545973,1.0,0.5101091635454027,1.0,False,False,false_insufficient
v3_scenario_context,student_t_df_5,student_t,80,acceptable,200,67,0.335,0.2732408697841632,0.40297808792033485,0.11940298507462686,0.061762325335044804,0.2183202583807222,0.8805970149253731,0.7816797416192777,0.9382376746649551,False,False,false_safe
v2,student_t_df_5,student_t,100,acceptable,200,49,0.245,0.1905686808903718,0.30904243556203415,0.08163265306122448,0.032202817667763686,0.19189127596571287,0.9183673469387755,0.808108724034287,0.9677971823322362,False,False,false_safe
v2,student_t_df_5,student_t,100,insufficient,200,15,0.075,0.04597491718438201,0.12004361023629456,0.0,0.0,0.20388330103584862,1.0,0.7961166989641515,1.0,False,False,false_insufficient
v3_default,student_t_df_5,student_t,100,acceptable,200,0,0.0,1.734723475976807e-18,0.018845326377266575,,,,,,,False,False,false_safe
v3_default,student_t_df_5,student_t,100,insufficient,200,5,0.025,0.010724719651761264,0.05717834040664198,0.0,0.0,0.43448246478317476,1.0,0.5655175352168251,1.0,False,False,false_insufficient
v3_scenario_context,student_t_df_5,student_t,100,acceptable,200,46,0.23,0.17709343259068805,0.2930830436530359,0.08695652173913043,0.03433586789472588,0.2032466407411883,0.9130434782608695,0.7967533592588116,0.9656641321052741,False,False,false_safe
v2,student_t_df_5,student_t,200,insufficient,200,4,0.02,0.0078044264163494685,0.050287086905826436,0.0,0.0,0.4898908364545973,1.0,0.5101091635454027,1.0,False,False,false_insufficient
v3_default,student_t_df_5,student_t,200,acceptable,200,0,0.0,1.734723475976807e-18,0.018845326377266575,,,,,,,False,False,false_safe
v3_default,student_t_df_5,student_t,200,insufficient,200,4,0.02,0.0078044264163494685,0.050287086905826436,0.0,0.0,0.4898908364545973,1.0,0.5101091635454027,1.0,False,False,false_insufficient
v2,student_t_df_5,student_t,500,acceptable,200,0,0.0,1.734723475976807e-18,0.018845326377266575,,,,,,,False,False,false_safe
v2,student_t_df_5,student_t,500,insufficient,200,4,0.02,0.0078044264163494685,0.050287086905826436,0.0,0.0,0.4898908364545973,1.0,0.5101091635454027,1.0,False,False,false_insufficient
v3_default,student_t_df_5,student_t,500,acceptable,200,0,0.0,1.734723475976807e-18,0.018845326377266575,,,,,,,False,False,false_safe
v3_default,student_t_df_5,student_t,500,insufficient,200,4,0.02,0.0078044264163494685,0.050287086905826436,0.0,0.0,0.4898908364545973,1.0,0.5101091635454027,1.0,False,False,false_insufficient
v2,student_t_df_5,student_t,750,acceptable,200,0,0.0,1.734723475976807e-18,0.018845326377266575,,,,,,,False,False,false_safe
v2,student_t_df_5,student_t,750,insufficient,200,5,0.025,0.010724719651761264,0.05717834040664198,0.0,0.0,0.43448246478317476,1.0,0.5655175352168251,1.0,False,False,false_insufficient
v3_default,student_t_df_5,student_t,750,acceptable,200,0,0.0,1.734723475976807e-18,0.018845326377266575,,,,,,,False,False,false_safe
v3_default,student_t_df_5,student_t,750,insufficient,200,5,0.025,0.010724719651761264,0.05717834040664198,0.0,0.0,0.43448246478317476,1.0,0.5655175352168251,1.0,False,False,false_insufficient
v2,student_t_df_5,student_t,2000,acceptable,200,0,0.0,1.734723475976807e-18,0.018845326377266575,,,,,,,False,False,false_safe
v2,student_t_df_5,student_t,2000,insufficient,200,1,0.005,0.0008831687156009814,0.02777370439789293,0.0,0.0,0.7934506856227626,1.0,0.20654931437723745,1.0,False,False,false_insufficient
v3_default,student_t_df_5,student_t,2000,acceptable,200,0,0.0,1.734723475976807e-18,0.018845326377266575,,,,,,,False,False,false_safe
v3_scenario_context,student_t_df_5,student_t,2000,acceptable,200,0,0.0,1.734723475976807e-18,0.018845326377266575,,,,,,,False,False,false_safe
