policy,scenario,distribution_family,n,level,total_replications,conditional_denominator,classification_rate,classification_ci95_lower,classification_ci95_upper,type_i_error,type_i_ci95_lower,type_i_ci95_upper,ci_coverage,coverage_ci95_lower,coverage_ci95_upper
v2,bimodal_asymmetric,bimodal,5,all,200,200,1.0,0.9811546736227335,1.0,0.18,0.13294625859420173,0.23911475028724882,0.82,0.7608852497127511,0.8670537414057983
v2,bimodal_asymmetric,bimodal,5,acceptable,200,75,0.375,0.31085436858409826,0.44385696301021843,0.25333333333333335,0.16860049363552168,0.36210326865599607,0.7466666666666667,0.6378967313440042,0.8313995063644785
v2,bimodal_asymmetric,bimodal,5,caution,200,0,0.0,1.734723475976807e-18,0.018845326377266575,,,,,,
v2,bimodal_asymmetric,bimodal,5,insufficient,200,125,0.625,0.5561430369897816,0.6891456314159018,0.136,0.08667630156716497,0.2070293050524967,0.864,0.7929706949475033,0.913323698432835
v3_default,bimodal_asymmetric,bimodal,5,all,200,200,1.0,0.9811546736227335,1.0,0.18,0.13294625859420173,0.23911475028724882,0.82,0.7608852497127511,0.8670537414057983
v3_default,bimodal_asymmetric,bimodal,5,acceptable,200,0,0.0,1.734723475976807e-18,0.018845326377266575,,,,,,
v3_default,bimodal_asymmetric,bimodal,5,caution,200,200,1.0,0.9811546736227335,1.0,0.18,0.13294625859420173,0.23911475028724882,0.82,0.7608852497127511,0.8670537414057983
v3_default,bimodal_asymmetric,bimodal,5,insufficient,200,0,0.0,1.734723475976807e-18,0.018845326377266575,,,,,,
v3_oracle_simulation_truth,bimodal_asymmetric,bimodal,5,all,200,200,1.0,0.9811546736227335,1.0,0.18,0.13294625859420173,0.23911475028724882,0.82,0.7608852497127511,0.8670537414057983
v3_oracle_simulation_truth,bimodal_asymmetric,bimodal,5,acceptable,200,0,0.0,1.734723475976807e-18,0.018845326377266575,,,,,,
v3_oracle_simulation_truth,bimodal_asymmetric,bimodal,5,caution,200,200,1.0,0.9811546736227335,1.0,0.18,0.13294625859420173,0.23911475028724882,0.82,0.7608852497127511,0.8670537414057983
v3_oracle_simulation_truth,bimodal_asymmetric,bimodal,5,insufficient,200,0,0.0,1.734723475976807e-18,0.018845326377266575,,,,,,
v2,bimodal_asymmetric,bimodal,8,all,200,200,1.0,0.9811546736227335,1.0,0.14,0.09866982633455634,0.1948988086570756,0.86,0.8051011913429243,0.9013301736654437
v2,bimodal_asymmetric,bimodal,8,acceptable,200,85,0.425,0.3585361254351385,0.49429067352145145,0.25882352941176473,0.1775809987247225,0.36092275229146714,0.7411764705882353,0.639077247708533,0.8224190012752776
v2,bimodal_asymmetric,bimodal,8,caution,200,0,0.0,1.734723475976807e-18,0.018845326377266575,,,,,,
v2,bimodal_asymmetric,bimodal,8,insufficient,200,115,0.575,0.5057093264785485,0.6414638745648614,0.05217391304347826,0.024128549061825502,0.10917054519277662,0.9478260869565217,0.8908294548072233,0.9758714509381745
v3_default,bimodal_asymmetric,bimodal,8,all,200,200,1.0,0.9811546736227335,1.0,0.14,0.09866982633455634,0.1948988086570756,0.86,0.8051011913429243,0.9013301736654437
v3_default,bimodal_asymmetric,bimodal,8,acceptable,200,0,0.0,1.734723475976807e-18,0.018845326377266575,,,,,,
v3_default,bimodal_asymmetric,bimodal,8,caution,200,200,1.0,0.9811546736227335,1.0,0.14,0.09866982633455634,0.1948988086570756,0.86,0.8051011913429243,0.9013301736654437
v3_default,bimodal_asymmetric,bimodal,8,insufficient,200,0,0.0,1.734723475976807e-18,0.018845326377266575,,,,,,
v3_oracle_simulation_truth,bimodal_asymmetric,bimodal,8,all,200,200,1.0,0.9811546736227335,1.0,0.14,0.09866982633455634,0.1948988086570756,0.86,0.8051011913429243,0.9013301736654437
v3_oracle_simulation_truth,bimodal_asymmetric,bimodal,8,acceptable,200,0,0.0,1.734723475976807e-18,0.018845326377266575,,,,,,
v3_oracle_simulation_truth,bimodal_asymmetric,bimodal,8,caution,200,200,1.0,0.9811546736227335,1.0,0.14,0.09866982633455634,0.1948988086570756,0.86,0.8051011913429243,0.9013301736654437
v3_oracle_simulation_truth,bimodal_asymmetric,bimodal,8,insufficient,200,0,0.0,1.734723475976807e-18,0.018845326377266575,,,,,,
v2,bimodal_asymmetric,bimodal,10,all,200,200,1.0,0.9811546736227335,1.0,0.1,0.06567044866909588,0.1494058124327174,0.9,0.8505941875672826,0.9343295513309041
v2,bimodal_asymmetric,bimodal,10,acceptable,200,74,0.37,0.30612608409859116,0.4387737007594981,0.1891891891891892,0.11617969566734553,0.2928755726060837,0.8108108108108109,0.7071244273939165,0.8838203043326546
v2,bimodal_asymmetric,bimodal,10,caution,200,0,0.0,1.734723475976807e-18,0.018845326377266575,,,,,,
v2,bimodal_asymmetric,bimodal,10,insufficient,200,126,0.63,0.5612262992405018,0.6938739159014088,0.047619047619047616,0.02200448838795111,0.10000167947689512,0.9523809523809523,0.8999983205231048,0.9779955116120489
v3_default,bimodal_asymmetric,bimodal,10,all,200,200,1.0,0.9811546736227335,1.0,0.1,0.06567044866909588,0.1494058124327174,0.9,0.8505941875672826,0.9343295513309041
v3_default,bimodal_asymmetric,bimodal,10,acceptable,200,0,0.0,1.734723475976807e-18,0.018845326377266575,,,,,,
v3_default,bimodal_asymmetric,bimodal,10,caution,200,200,1.0,0.9811546736227335,1.0,0.1,0.06567044866909588,0.1494058124327174,0.9,0.8505941875672826,0.9343295513309041
v3_default,bimodal_asymmetric,bimodal,10,insufficient,200,0,0.0,1.734723475976807e-18,0.018845326377266575,,,,,,
v3_oracle_simulation_truth,bimodal_asymmetric,bimodal,10,all,200,200,1.0,0.9811546736227335,1.0,0.1,0.06567044866909588,0.1494058124327174,0.9,0.8505941875672826,0.9343295513309041
v3_oracle_simulation_truth,bimodal_asymmetric,bimodal,10,acceptable,200,0,0.0,1.734723475976807e-18,0.018845326377266575,,,,,,
v3_oracle_simulation_truth,bimodal_asymmetric,bimodal,10,caution,200,200,1.0,0.9811546736227335,1.0,0.1,0.06567044866909588,0.1494058124327174,0.9,0.8505941875672826,0.9343295513309041
v3_oracle_simulation_truth,bimodal_asymmetric,bimodal,10,insufficient,200,0,0.0,1.734723475976807e-18,0.018845326377266575,,,,,,
v2,bimodal_asymmetric,bimodal,15,all,200,200,1.0,0.9811546736227335,1.0,0.07,0.042152171828342806,0.11405480885610647,0.93,0.8859451911438936,0.9578478281716571
v2,bimodal_asymmetric,bimodal,15,acceptable,200,66,0.33,0.26857425870603957,0.39783315226223115,0.12121212121212122,0.06271845599597657,0.22137439022640315,0.8787878787878788,0.7786256097735968,0.9372815440040234
v2,bimodal_asymmetric,bimodal,15,caution,200,0,0.0,1.734723475976807e-18,0.018845326377266575,,,,,,
v2,bimodal_asymmetric,bimodal,15,insufficient,200,134,0.67,0.602166847737769,0.7314257412939605,0.04477611940298507,0.020680488853388614,0.09424472273553466,0.9552238805970149,0.9057552772644654,0.9793195111466114
v3_default,bimodal_asymmetric,bimodal,15,all,200,200,1.0,0.9811546736227335,1.0,0.07,0.042152171828342806,0.11405480885610647,0.93,0.8859451911438936,0.9578478281716571
v3_default,bimodal_asymmetric,bimodal,15,acceptable,200,0,0.0,1.734723475976807e-18,0.018845326377266575,,,,,,
v3_default,bimodal_asymmetric,bimodal,15,caution,200,198,0.99,0.9642782382838231,0.9972533418664555,0.0707070707070707,0.042582704187744666,0.11517209508260982,0.9292929292929293,0.8848279049173902,0.9574172958122553
v3_default,bimodal_asymmetric,bimodal,15,insufficient,200,2,0.01,0.0027466581335444384,0.0357217617161768,0.0,0.0,0.6576197724933469,1.0,0.34238022750665303,1.0
v3_oracle_simulation_truth,bimodal_asymmetric,bimodal,15,all,200,200,1.0,0.9811546736227335,1.0,0.07,0.042152171828342806,0.11405480885610647,0.93,0.8859451911438936,0.9578478281716571
v3_oracle_simulation_truth,bimodal_asymmetric,bimodal,15,acceptable,200,0,0.0,1.734723475976807e-18,0.018845326377266575,,,,,,
v3_oracle_simulation_truth,bimodal_asymmetric,bimodal,15,caution,200,198,0.99,0.9642782382838231,0.9972533418664555,0.0707070707070707,0.042582704187744666,0.11517209508260982,0.9292929292929293,0.8848279049173902,0.9574172958122553
v3_oracle_simulation_truth,bimodal_asymmetric,bimodal,15,insufficient,200,2,0.01,0.0027466581335444384,0.0357217617161768,0.0,0.0,0.6576197724933469,1.0,0.34238022750665303,1.0
v2,bimodal_asymmetric,bimodal,20,all,200,200,1.0,0.9811546736227335,1.0,0.045,0.023852543001492997,0.0832967040018196,0.955,0.9167032959981803,0.976147456998507
v2,bimodal_asymmetric,bimodal,20,acceptable,200,55,0.275,0.21779700329307355,0.34068339357669647,0.10909090909090909,0.05096725000782336,0.21825549086553508,0.8909090909090909,0.7817445091344648,0.9490327499921767
v2,bimodal_asymmetric,bimodal,20,caution,200,0,0.0,1.734723475976807e-18,0.018845326377266575,,,,,,
v2,bimodal_asymmetric,bimodal,20,insufficient,200,145,0.725,0.6593166064233035,0.7822029967069265,0.020689655172413793,0.007060912231321711,0.05905950138643182,0.9793103448275862,0.9409404986135681,0.9929390877686783
v3_default,bimodal_asymmetric,bimodal,20,all,200,200,1.0,0.9811546736227335,1.0,0.045,0.023852543001492997,0.0832967040018196,0.955,0.9167032959981803,0.976147456998507
v3_default,bimodal_asymmetric,bimodal,20,acceptable,200,0,0.0,1.734723475976807e-18,0.018845326377266575,,,,,,
v3_default,bimodal_asymmetric,bimodal,20,caution,200,200,1.0,0.9811546736227335,1.0,0.045,0.023852543001492997,0.0832967040018196,0.955,0.9167032959981803,0.976147456998507
v3_default,bimodal_asymmetric,bimodal,20,insufficient,200,0,0.0,1.734723475976807e-18,0.018845326377266575,,,,,,
v3_oracle_simulation_truth,bimodal_asymmetric,bimodal,20,all,200,200,1.0,0.9811546736227335,1.0,0.045,0.023852543001492997,0.0832967040018196,0.955,0.9167032959981803,0.976147456998507
v3_oracle_simulation_truth,bimodal_asymmetric,bimodal,20,acceptable,200,0,0.0,1.734723475976807e-18,0.018845326377266575,,,,,,
v3_oracle_simulation_truth,bimodal_asymmetric,bimodal,20,caution,200,200,1.0,0.9811546736227335,1.0,0.045,0.023852543001492997,0.0832967040018196,0.955,0.9167032959981803,0.976147456998507
v3_oracle_simulation_truth,bimodal_asymmetric,bimodal,20,insufficient,200,0,0.0,1.734723475976807e-18,0.018845326377266575,,,,,,
v2,bimodal_asymmetric,bimodal,30,all,200,200,1.0,0.9811546736227335,1.0,0.055,0.03098534170345884,0.0957869987723084,0.945,0.9042130012276914,0.9690146582965411
v2,bimodal_asymmetric,bimodal,30,acceptable,200,42,0.21,0.15928412069979,0.2716461685990246,0.09523809523809523,0.03766224880557388,0.22065105808571023,0.9047619047619048,0.7793489419142897,0.9623377511944261
v2,bimodal_asymmetric,bimodal,30,caution,200,0,0.0,1.734723475976807e-18,0.018845326377266575,,,,,,
v2,bimodal_asymmetric,bimodal,30,insufficient,200,158,0.79,0.7283538314009754,0.8407158793002101,0.04430379746835443,0.021623955563445332,0.08861639292761016,0.9556962025316456,0.9113836070723899,0.9783760444365547
v3_default,bimodal_asymmetric,bimodal,30,all,200,200,1.0,0.9811546736227335,1.0,0.055,0.03098534170345884,0.0957869987723084,0.945,0.9042130012276914,0.9690146582965411
v3_default,bimodal_asymmetric,bimodal,30,acceptable,200,0,0.0,1.734723475976807e-18,0.018845326377266575,,,,,,
v3_default,bimodal_asymmetric,bimodal,30,caution,200,200,1.0,0.9811546736227335,1.0,0.055,0.03098534170345884,0.0957869987723084,0.945,0.9042130012276914,0.9690146582965411
v3_default,bimodal_asymmetric,bimodal,30,insufficient,200,0,0.0,1.734723475976807e-18,0.018845326377266575,,,,,,
v3_oracle_simulation_truth,bimodal_asymmetric,bimodal,30,all,200,200,1.0,0.9811546736227335,1.0,0.055,0.03098534170345884,0.0957869987723084,0.945,0.9042130012276914,0.9690146582965411
v3_oracle_simulation_truth,bimodal_asymmetric,bimodal,30,acceptable,200,0,0.0,1.734723475976807e-18,0.018845326377266575,,,,,,
v3_oracle_simulation_truth,bimodal_asymmetric,bimodal,30,caution,200,200,1.0,0.9811546736227335,1.0,0.055,0.03098534170345884,0.0957869987723084,0.945,0.9042130012276914,0.9690146582965411
v3_oracle_simulation_truth,bimodal_asymmetric,bimodal,30,insufficient,200,0,0.0,1.734723475976807e-18,0.018845326377266575,,,,,,
v2,bimodal_asymmetric,bimodal,40,all,200,200,1.0,0.9811546736227335,1.0,0.08,0.049840585889759974,0.12598948826714396,0.92,0.874010511732856,0.9501594141102401
v2,bimodal_asymmetric,bimodal,40,acceptable,200,28,0.14,0.09866982633455634,0.1948988086570756,0.07142857142857142,0.019812064115305755,0.22645362568399052,0.9285714285714286,0.7735463743160095,0.9801879358846942
v2,bimodal_asymmetric,bimodal,40,caution,200,13,0.065,0.03837635464915299,0.10801907929906895,0.0,0.0,0.22809537235419838,1.0,0.7719046276458016,0.9999999999999999
v2,bimodal_asymmetric,bimodal,40,insufficient,200,159,0.795,0.7337430194757748,0.8451382379616379,0.0880503144654088,0.053173773270627,0.14236278757383816,0.9119496855345912,0.8576372124261619,0.9468262267293731
v3_default,bimodal_asymmetric,bimodal,40,all,200,200,1.0,0.9811546736227335,1.0,0.08,0.049840585889759974,0.12598948826714396,0.92,0.874010511732856,0.9501594141102401
v3_default,bimodal_asymmetric,bimodal,40,acceptable,200,0,0.0,1.734723475976807e-18,0.018845326377266575,,,,,,
v3_default,bimodal_asymmetric,bimodal,40,caution,200,200,1.0,0.9811546736227335,1.0,0.08,0.049840585889759974,0.12598948826714396,0.92,0.874010511732856,0.9501594141102401
v3_default,bimodal_asymmetric,bimodal,40,insufficient,200,0,0.0,1.734723475976807e-18,0.018845326377266575,,,,,,
v3_oracle_simulation_truth,bimodal_asymmetric,bimodal,40,all,200,200,1.0,0.9811546736227335,1.0,0.08,0.049840585889759974,0.12598948826714396,0.92,0.874010511732856,0.9501594141102401
v3_oracle_simulation_truth,bimodal_asymmetric,bimodal,40,acceptable,200,0,0.0,1.734723475976807e-18,0.018845326377266575,,,,,,
v3_oracle_simulation_truth,bimodal_asymmetric,bimodal,40,caution,200,200,1.0,0.9811546736227335,1.0,0.08,0.049840585889759974,0.12598948826714396,0.92,0.874010511732856,0.9501594141102401
v3_oracle_simulation_truth,bimodal_asymmetric,bimodal,40,insufficient,200,0,0.0,1.734723475976807e-18,0.018845326377266575,,,,,,
v2,bimodal_asymmetric,bimodal,50,all,200,200,1.0,0.9811546736227335,1.0,0.065,0.03837635464915299,0.10801907929906895,0.935,0.8919809207009312,0.961623645350847
v2,bimodal_asymmetric,bimodal,50,acceptable,200,28,0.14,0.09866982633455634,0.1948988086570756,0.10714285714285714,0.03711836682929999,0.27195851548672156,0.8928571428571429,0.7280414845132785,0.9628816331707
v2,bimodal_asymmetric,bimodal,50,caution,200,14,0.07,0.042152171828342806,0.11405480885610647,0.14285714285714285,0.040093921271464966,0.39941379496970353,0.8571428571428571,0.6005862050302965,0.9599060787285351
v2,bimodal_asymmetric,bimodal,50,insufficient,200,158,0.79,0.7283538314009754,0.8407158793002101,0.05063291139240506,0.025876825383582304,0.09672129604509741,0.9493670886075949,0.9032787039549025,0.9741231746164177
v3_default,bimodal_asymmetric,bimodal,50,all,200,200,1.0,0.9811546736227335,1.0,0.065,0.03837635464915299,0.10801907929906895,0.935,0.8919809207009312,0.961623645350847
v3_default,bimodal_asymmetric,bimodal,50,acceptable,200,0,0.0,1.734723475976807e-18,0.018845326377266575,,,,,,
v3_default,bimodal_asymmetric,bimodal,50,caution,200,200,1.0,0.9811546736227335,1.0,0.065,0.03837635464915299,0.10801907929906895,0.935,0.8919809207009312,0.961623645350847
v3_default,bimodal_asymmetric,bimodal,50,insufficient,200,0,0.0,1.734723475976807e-18,0.018845326377266575,,,,,,
v3_oracle_simulation_truth,bimodal_asymmetric,bimodal,50,all,200,200,1.0,0.9811546736227335,1.0,0.065,0.03837635464915299,0.10801907929906895,0.935,0.8919809207009312,0.961623645350847
v3_oracle_simulation_truth,bimodal_asymmetric,bimodal,50,acceptable,200,0,0.0,1.734723475976807e-18,0.018845326377266575,,,,,,
v3_oracle_simulation_truth,bimodal_asymmetric,bimodal,50,caution,200,200,1.0,0.9811546736227335,1.0,0.065,0.03837635464915299,0.10801907929906895,0.935,0.8919809207009312,0.961623645350847
v3_oracle_simulation_truth,bimodal_asymmetric,bimodal,50,insufficient,200,0,0.0,1.734723475976807e-18,0.018845326377266575,,,,,,
v2,bimodal_asymmetric,bimodal,80,all,200,200,1.0,0.9811546736227335,1.0,0.075,0.04597491718438201,0.12004361023629456,0.925,0.8799563897637055,0.954025082815618
v2,bimodal_asymmetric,bimodal,80,acceptable,200,20,0.1,0.06567044866909588,0.1494058124327174,0.25,0.11186170140766569,0.468700877618744,0.75,0.531299122381256,0.8881382985923343
v2,bimodal_asymmetric,bimodal,80,caution,200,108,0.54,0.4708228918895333,0.6076694820002854,0.07407407407407407,0.03801024869807134,0.13939676145640315,0.9259259259259259,0.8606032385435969,0.9619897513019287
v2,bimodal_asymmetric,bimodal,80,insufficient,200,72,0.36,0.2966919730456654,0.42858471833996925,0.027777777777777776,0.007651021904494577,0.09574175221438225,0.9722222222222222,0.9042582477856177,0.9923489780955054
v3_default,bimodal_asymmetric,bimodal,80,all,200,200,1.0,0.9811546736227335,1.0,0.075,0.04597491718438201,0.12004361023629456,0.925,0.8799563897637055,0.954025082815618
v3_default,bimodal_asymmetric,bimodal,80,acceptable,200,0,0.0,1.734723475976807e-18,0.018845326377266575,,,,,,
v3_default,bimodal_asymmetric,bimodal,80,caution,200,200,1.0,0.9811546736227335,1.0,0.075,0.04597491718438201,0.12004361023629456,0.925,0.8799563897637055,0.954025082815618
v3_default,bimodal_asymmetric,bimodal,80,insufficient,200,0,0.0,1.734723475976807e-18,0.018845326377266575,,,,,,
v3_oracle_simulation_truth,bimodal_asymmetric,bimodal,80,all,200,200,1.0,0.9811546736227335,1.0,0.075,0.04597491718438201,0.12004361023629456,0.925,0.8799563897637055,0.954025082815618
v3_oracle_simulation_truth,bimodal_asymmetric,bimodal,80,acceptable,200,0,0.0,1.734723475976807e-18,0.018845326377266575,,,,,,
v3_oracle_simulation_truth,bimodal_asymmetric,bimodal,80,caution,200,200,1.0,0.9811546736227335,1.0,0.075,0.04597491718438201,0.12004361023629456,0.925,0.8799563897637055,0.954025082815618
v3_oracle_simulation_truth,bimodal_asymmetric,bimodal,80,insufficient,200,0,0.0,1.734723475976807e-18,0.018845326377266575,,,,,,
v2,bimodal_asymmetric,bimodal,100,all,200,200,1.0,0.9811546736227335,1.0,0.025,0.010724719651761264,0.05717834040664198,0.975,0.942821659593358,0.9892752803482386
v2,bimodal_asymmetric,bimodal,100,acceptable,200,10,0.05,0.02738264560076393,0.08957814813877599,0.0,0.0,0.2775327998628892,1.0,0.7224672001371107,0.9999999999999999
v2,bimodal_asymmetric,bimodal,100,caution,200,119,0.595,0.525797100813387,0.6606222871749323,0.025210084033613446,0.008610231289265309,0.07150489364635793,0.9747899159663865,0.9284951063536421,0.9913897687107348
v2,bimodal_asymmetric,bimodal,100,insufficient,200,71,0.355,0.2919862754043116,0.42347886924509565,0.028169014084507043,0.007759263582683522,0.0970150011664947,0.971830985915493,0.9029849988335054,0.9922407364173166
v3_default,bimodal_asymmetric,bimodal,100,all,200,200,1.0,0.9811546736227335,1.0,0.025,0.010724719651761264,0.05717834040664198,0.975,0.942821659593358,0.9892752803482386
v3_default,bimodal_asymmetric,bimodal,100,acceptable,200,0,0.0,1.734723475976807e-18,0.018845326377266575,,,,,,
v3_default,bimodal_asymmetric,bimodal,100,caution,200,200,1.0,0.9811546736227335,1.0,0.025,0.010724719651761264,0.05717834040664198,0.975,0.942821659593358,0.9892752803482386
v3_default,bimodal_asymmetric,bimodal,100,insufficient,200,0,0.0,1.734723475976807e-18,0.018845326377266575,,,,,,
v3_oracle_simulation_truth,bimodal_asymmetric,bimodal,100,all,200,200,1.0,0.9811546736227335,1.0,0.025,0.010724719651761264,0.05717834040664198,0.975,0.942821659593358,0.9892752803482386
v3_oracle_simulation_truth,bimodal_asymmetric,bimodal,100,acceptable,200,0,0.0,1.734723475976807e-18,0.018845326377266575,,,,,,
v3_oracle_simulation_truth,bimodal_asymmetric,bimodal,100,caution,200,200,1.0,0.9811546736227335,1.0,0.025,0.010724719651761264,0.05717834040664198,0.975,0.942821659593358,0.9892752803482386
v3_oracle_simulation_truth,bimodal_asymmetric,bimodal,100,insufficient,200,0,0.0,1.734723475976807e-18,0.018845326377266575,,,,,,
v2,bimodal_asymmetric,bimodal,200,all,200,200,1.0,0.9811546736227335,1.0,0.07,0.042152171828342806,0.11405480885610647,0.93,0.8859451911438936,0.9578478281716571
v2,bimodal_asymmetric,bimodal,200,acceptable,200,0,0.0,1.734723475976807e-18,0.018845326377266575,,,,,,
v2,bimodal_asymmetric,bimodal,200,caution,200,137,0.685,0.6176504391426966,0.745376790097715,0.06569343065693431,0.03494333900466338,0.12013499519876591,0.9343065693430657,0.879865004801234,0.9650566609953366
v2,bimodal_asymmetric,bimodal,200,insufficient,200,63,0.315,0.2546232099022851,0.3823495608573036,0.07936507936507936,0.03437584717681855,0.17270309850904084,0.9206349206349206,0.8272969014909591,0.9656241528231814
v3_default,bimodal_asymmetric,bimodal,200,all,200,200,1.0,0.9811546736227335,1.0,0.07,0.042152171828342806,0.11405480885610647,0.93,0.8859451911438936,0.9578478281716571
v3_default,bimodal_asymmetric,bimodal,200,acceptable,200,0,0.0,1.734723475976807e-18,0.018845326377266575,,,,,,
v3_default,bimodal_asymmetric,bimodal,200,caution,200,200,1.0,0.9811546736227335,1.0,0.07,0.042152171828342806,0.11405480885610647,0.93,0.8859451911438936,0.9578478281716571
v3_default,bimodal_asymmetric,bimodal,200,insufficient,200,0,0.0,1.734723475976807e-18,0.018845326377266575,,,,,,
v3_oracle_simulation_truth,bimodal_asymmetric,bimodal,200,all,200,200,1.0,0.9811546736227335,1.0,0.07,0.042152171828342806,0.11405480885610647,0.93,0.8859451911438936,0.9578478281716571
v3_oracle_simulation_truth,bimodal_asymmetric,bimodal,200,acceptable,200,0,0.0,1.734723475976807e-18,0.018845326377266575,,,,,,
v3_oracle_simulation_truth,bimodal_asymmetric,bimodal,200,caution,200,200,1.0,0.9811546736227335,1.0,0.07,0.042152171828342806,0.11405480885610647,0.93,0.8859451911438936,0.9578478281716571
v3_oracle_simulation_truth,bimodal_asymmetric,bimodal,200,insufficient,200,0,0.0,1.734723475976807e-18,0.018845326377266575,,,,,,
v2,bimodal_asymmetric,bimodal,500,all,200,200,1.0,0.9811546736227335,1.0,0.07,0.042152171828342806,0.11405480885610647,0.93,0.8859451911438936,0.9578478281716571
v2,bimodal_asymmetric,bimodal,500,acceptable,200,0,0.0,1.734723475976807e-18,0.018845326377266575,,,,,,
v2,bimodal_asymmetric,bimodal,500,caution,200,144,0.72,0.6540769541334929,0.7776311022605097,0.0763888888888889,0.04318732966175298,0.13160436291776428,0.9236111111111112,0.8683956370822358,0.956812670338247
v2,bimodal_asymmetric,bimodal,500,insufficient,200,56,0.28,0.22236889773949026,0.3459230458665071,0.05357142857142857,0.018385781382109126,0.14607309068821533,0.9464285714285714,0.8539269093117847,0.9816142186178909
v3_default,bimodal_asymmetric,bimodal,500,all,200,200,1.0,0.9811546736227335,1.0,0.07,0.042152171828342806,0.11405480885610647,0.93,0.8859451911438936,0.9578478281716571
v3_default,bimodal_asymmetric,bimodal,500,acceptable,200,0,0.0,1.734723475976807e-18,0.018845326377266575,,,,,,
v3_default,bimodal_asymmetric,bimodal,500,caution,200,200,1.0,0.9811546736227335,1.0,0.07,0.042152171828342806,0.11405480885610647,0.93,0.8859451911438936,0.9578478281716571
v3_default,bimodal_asymmetric,bimodal,500,insufficient,200,0,0.0,1.734723475976807e-18,0.018845326377266575,,,,,,
v3_oracle_simulation_truth,bimodal_asymmetric,bimodal,500,all,200,200,1.0,0.9811546736227335,1.0,0.07,0.042152171828342806,0.11405480885610647,0.93,0.8859451911438936,0.9578478281716571
v3_oracle_simulation_truth,bimodal_asymmetric,bimodal,500,acceptable,200,0,0.0,1.734723475976807e-18,0.018845326377266575,,,,,,
v3_oracle_simulation_truth,bimodal_asymmetric,bimodal,500,caution,200,200,1.0,0.9811546736227335,1.0,0.07,0.042152171828342806,0.11405480885610647,0.93,0.8859451911438936,0.9578478281716571
v3_oracle_simulation_truth,bimodal_asymmetric,bimodal,500,insufficient,200,0,0.0,1.734723475976807e-18,0.018845326377266575,,,,,,
v2,bimodal_asymmetric,bimodal,750,all,200,200,1.0,0.9811546736227335,1.0,0.055,0.03098534170345884,0.0957869987723084,0.945,0.9042130012276914,0.9690146582965411
v2,bimodal_asymmetric,bimodal,750,acceptable,200,0,0.0,1.734723475976807e-18,0.018845326377266575,,,,,,
v2,bimodal_asymmetric,bimodal,750,caution,200,153,0.765,0.7015863111723746,0.8184256658476741,0.058823529411764705,0.031252630211971916,0.1080055671098468,0.9411764705882353,0.8919944328901532,0.968747369788028
v2,bimodal_asymmetric,bimodal,750,insufficient,200,47,0.235,0.18157433415232588,0.29841368882762537,0.0425531914893617,0.011748275966789345,0.1424852767789945,0.9574468085106383,0.8575147232210055,0.9882517240332106
v3_default,bimodal_asymmetric,bimodal,750,all,200,200,1.0,0.9811546736227335,1.0,0.055,0.03098534170345884,0.0957869987723084,0.945,0.9042130012276914,0.9690146582965411
v3_default,bimodal_asymmetric,bimodal,750,acceptable,200,0,0.0,1.734723475976807e-18,0.018845326377266575,,,,,,
v3_default,bimodal_asymmetric,bimodal,750,caution,200,200,1.0,0.9811546736227335,1.0,0.055,0.03098534170345884,0.0957869987723084,0.945,0.9042130012276914,0.9690146582965411
v3_default,bimodal_asymmetric,bimodal,750,insufficient,200,0,0.0,1.734723475976807e-18,0.018845326377266575,,,,,,
v3_oracle_simulation_truth,bimodal_asymmetric,bimodal,750,all,200,200,1.0,0.9811546736227335,1.0,0.055,0.03098534170345884,0.0957869987723084,0.945,0.9042130012276914,0.9690146582965411
v3_oracle_simulation_truth,bimodal_asymmetric,bimodal,750,acceptable,200,0,0.0,1.734723475976807e-18,0.018845326377266575,,,,,,
v3_oracle_simulation_truth,bimodal_asymmetric,bimodal,750,caution,200,200,1.0,0.9811546736227335,1.0,0.055,0.03098534170345884,0.0957869987723084,0.945,0.9042130012276914,0.9690146582965411
v3_oracle_simulation_truth,bimodal_asymmetric,bimodal,750,insufficient,200,0,0.0,1.734723475976807e-18,0.018845326377266575,,,,,,
v2,bimodal_asymmetric,bimodal,2000,all,200,200,1.0,0.9811546736227335,1.0,0.055,0.03098534170345884,0.0957869987723084,0.945,0.9042130012276914,0.9690146582965411
v2,bimodal_asymmetric,bimodal,2000,acceptable,200,0,0.0,1.734723475976807e-18,0.018845326377266575,,,,,,
v2,bimodal_asymmetric,bimodal,2000,caution,200,173,0.865,0.8107086162924745,0.9055342954521209,0.05202312138728324,0.02760783038362031,0.09590087038343206,0.9479768786127167,0.9040991296165678,0.9723921696163796
v2,bimodal_asymmetric,bimodal,2000,insufficient,200,27,0.135,0.09446570454787906,0.18929138370752552,0.07407407407407407,0.020554654060988622,0.23369592683023144,0.9259259259259259,0.7663040731697686,0.9794453459390113
v3_default,bimodal_asymmetric,bimodal,2000,all,200,200,1.0,0.9811546736227335,1.0,0.055,0.03098534170345884,0.0957869987723084,0.945,0.9042130012276914,0.9690146582965411
v3_default,bimodal_asymmetric,bimodal,2000,acceptable,200,0,0.0,1.734723475976807e-18,0.018845326377266575,,,,,,
v3_default,bimodal_asymmetric,bimodal,2000,caution,200,200,1.0,0.9811546736227335,1.0,0.055,0.03098534170345884,0.0957869987723084,0.945,0.9042130012276914,0.9690146582965411
v3_default,bimodal_asymmetric,bimodal,2000,insufficient,200,0,0.0,1.734723475976807e-18,0.018845326377266575,,,,,,
v3_oracle_simulation_truth,bimodal_asymmetric,bimodal,2000,all,200,200,1.0,0.9811546736227335,1.0,0.055,0.03098534170345884,0.0957869987723084,0.945,0.9042130012276914,0.9690146582965411
v3_oracle_simulation_truth,bimodal_asymmetric,bimodal,2000,acceptable,200,0,0.0,1.734723475976807e-18,0.018845326377266575,,,,,,
v3_oracle_simulation_truth,bimodal_asymmetric,bimodal,2000,caution,200,200,1.0,0.9811546736227335,1.0,0.055,0.03098534170345884,0.0957869987723084,0.945,0.9042130012276914,0.9690146582965411
v3_oracle_simulation_truth,bimodal_asymmetric,bimodal,2000,insufficient,200,0,0.0,1.734723475976807e-18,0.018845326377266575,,,,,,
v2,bimodal_symmetric,bimodal,5,all,200,200,1.0,0.9811546736227335,1.0,0.085,0.05374575017747561,0.13189587071565567,0.915,0.8681041292843443,0.9462542498225244
v2,bimodal_symmetric,bimodal,5,acceptable,200,110,0.55,0.48075615138475697,0.6173593159775166,0.10909090909090909,0.06351460897644062,0.18104883134757863,0.8909090909090909,0.8189511686524213,0.9364853910235593
v2,bimodal_symmetric,bimodal,5,caution,200,0,0.0,1.734723475976807e-18,0.018845326377266575,,,,,,
v2,bimodal_symmetric,bimodal,5,insufficient,200,90,0.45,0.3826406840224836,0.5192438486152432,0.05555555555555555,0.023960971616961965,0.12353736221799518,0.9444444444444444,0.8764626377820048,0.976039028383038
v3_default,bimodal_symmetric,bimodal,5,all,200,200,1.0,0.9811546736227335,1.0,0.085,0.05374575017747561,0.13189587071565567,0.915,0.8681041292843443,0.9462542498225244
v3_default,bimodal_symmetric,bimodal,5,acceptable,200,0,0.0,1.734723475976807e-18,0.018845326377266575,,,,,,
v3_default,bimodal_symmetric,bimodal,5,caution,200,200,1.0,0.9811546736227335,1.0,0.085,0.05374575017747561,0.13189587071565567,0.915,0.8681041292843443,0.9462542498225244
v3_default,bimodal_symmetric,bimodal,5,insufficient,200,0,0.0,1.734723475976807e-18,0.018845326377266575,,,,,,
v3_oracle_simulation_truth,bimodal_symmetric,bimodal,5,all,200,200,1.0,0.9811546736227335,1.0,0.085,0.05374575017747561,0.13189587071565567,0.915,0.8681041292843443,0.9462542498225244
v3_oracle_simulation_truth,bimodal_symmetric,bimodal,5,acceptable,200,92,0.46,0.39233051799971463,0.5291771081104667,0.05434782608695652,0.023435063948632366,0.12098530476246525,0.9456521739130435,0.8790146952375347,0.9765649360513676
v3_oracle_simulation_truth,bimodal_symmetric,bimodal,5,caution,200,108,0.54,0.4708228918895333,0.6076694820002854,0.1111111111111111,0.06471266928983735,0.18422416606859587,0.8888888888888888,0.8157758339314041,0.9352873307101626
v3_oracle_simulation_truth,bimodal_symmetric,bimodal,5,insufficient,200,0,0.0,1.734723475976807e-18,0.018845326377266575,,,,,,
v2,bimodal_symmetric,bimodal,8,all,200,200,1.0,0.9811546736227335,1.0,0.065,0.03837635464915299,0.10801907929906895,0.935,0.8919809207009312,0.961623645350847
v2,bimodal_symmetric,bimodal,8,acceptable,200,161,0.805,0.7445595562538726,0.8539447946559949,0.018633540372670808,0.006356993493274208,0.05334557703177281,0.9813664596273292,0.9466544229682271,0.9936430065067258
v2,bimodal_symmetric,bimodal,8,caution,200,0,0.0,1.734723475976807e-18,0.018845326377266575,,,,,,
v2,bimodal_symmetric,bimodal,8,insufficient,200,39,0.195,0.1460552053440051,0.25544044374612745,0.2564102564102564,0.14568780540992585,0.4108165592168397,0.7435897435897436,0.5891834407831603,0.8543121945900741
v3_default,bimodal_symmetric,bimodal,8,all,200,200,1.0,0.9811546736227335,1.0,0.065,0.03837635464915299,0.10801907929906895,0.935,0.8919809207009312,0.961623645350847
v3_default,bimodal_symmetric,bimodal,8,acceptable,200,0,0.0,1.734723475976807e-18,0.018845326377266575,,,,,,
v3_default,bimodal_symmetric,bimodal,8,caution,200,200,1.0,0.9811546736227335,1.0,0.065,0.03837635464915299,0.10801907929906895,0.935,0.8919809207009312,0.961623645350847
v3_default,bimodal_symmetric,bimodal,8,insufficient,200,0,0.0,1.734723475976807e-18,0.018845326377266575,,,,,,
v3_oracle_simulation_truth,bimodal_symmetric,bimodal,8,all,200,200,1.0,0.9811546736227335,1.0,0.065,0.03837635464915299,0.10801907929906895,0.935,0.8919809207009312,0.961623645350847
v3_oracle_simulation_truth,bimodal_symmetric,bimodal,8,acceptable,200,136,0.68,0.6124810156588646,0.7407346668453195,0.007352941176470588,0.001299156036095813,0.04047285399552214,0.9926470588235294,0.9595271460044779,0.9987008439639042
v3_oracle_simulation_truth,bimodal_symmetric,bimodal,8,caution,200,64,0.32,0.25926533315468053,0.38751898434113546,0.1875,0.11064643172948806,0.29974360564101526,0.8125,0.7002563943589847,0.8893535682705119
v3_oracle_simulation_truth,bimodal_symmetric,bimodal,8,insufficient,200,0,0.0,1.734723475976807e-18,0.018845326377266575,,,,,,
v2,bimodal_symmetric,bimodal,10,all,200,200,1.0,0.9811546736227335,1.0,0.06,0.03465219425433187,0.1019316929576627,0.94,0.8980683070423372,0.9653478057456681
v2,bimodal_symmetric,bimodal,10,acceptable,200,171,0.855,0.7995133246921847,0.8971064935799559,0.029239766081871343,0.012552802350976933,0.06661296825088595,0.9707602339181286,0.933387031749114,0.9874471976490231
v2,bimodal_symmetric,bimodal,10,caution,200,0,0.0,1.734723475976807e-18,0.018845326377266575,,,,,,
v2,bimodal_symmetric,bimodal,10,insufficient,200,29,0.145,0.10289350642004402,0.20048667530781522,0.2413793103448276,0.12218422442520088,0.42107601617811335,0.7586206896551724,0.5789239838218867,0.8778157755747991
v3_default,bimodal_symmetric,bimodal,10,all,200,200,1.0,0.9811546736227335,1.0,0.06,0.03465219425433187,0.1019316929576627,0.94,0.8980683070423372,0.9653478057456681
v3_default,bimodal_symmetric,bimodal,10,acceptable,200,0,0.0,1.734723475976807e-18,0.018845326377266575,,,,,,
v3_default,bimodal_symmetric,bimodal,10,caution,200,200,1.0,0.9811546736227335,1.0,0.06,0.03465219425433187,0.1019316929576627,0.94,0.8980683070423372,0.9653478057456681
v3_default,bimodal_symmetric,bimodal,10,insufficient,200,0,0.0,1.734723475976807e-18,0.018845326377266575,,,,,,
v3_oracle_simulation_truth,bimodal_symmetric,bimodal,10,all,200,200,1.0,0.9811546736227335,1.0,0.06,0.03465219425433187,0.1019316929576627,0.94,0.8980683070423372,0.9653478057456681
v3_oracle_simulation_truth,bimodal_symmetric,bimodal,10,acceptable,200,147,0.735,0.6698242380737758,0.7913184585289088,0.027210884353741496,0.010631557432044515,0.06787112288723109,0.9727891156462585,0.9321288771127689,0.9893684425679554
v3_oracle_simulation_truth,bimodal_symmetric,bimodal,10,caution,200,53,0.265,0.2086815414710911,0.3301757619262242,0.1509433962264151,0.07852417850846262,0.27054249276195336,0.8490566037735849,0.7294575072380466,0.9214758214915374
v3_oracle_simulation_truth,bimodal_symmetric,bimodal,10,insufficient,200,0,0.0,1.734723475976807e-18,0.018845326377266575,,,,,,
v2,bimodal_symmetric,bimodal,15,all,200,200,1.0,0.9811546736227335,1.0,0.05,0.02738264560076393,0.08957814813877599,0.95,0.9104218518612239,0.972617354399236
v2,bimodal_symmetric,bimodal,15,acceptable,200,183,0.915,0.8681041292843443,0.9462542498225244,0.03278688524590164,0.01511147471989768,0.0696740911854546,0.9672131147540983,0.9303259088145454,0.9848885252801024
v2,bimodal_symmetric,bimodal,15,caution,200,0,0.0,1.734723475976807e-18,0.018845326377266575,,,,,,
v2,bimodal_symmetric,bimodal,15,insufficient,200,17,0.085,0.05374575017747561,0.13189587071565567,0.23529411764705882,0.09555044322080117,0.4726179811956498,0.7647058823529411,0.5273820188043501,0.9044495567791988
v3_default,bimodal_symmetric,bimodal,15,all,200,200,1.0,0.9811546736227335,1.0,0.05,0.02738264560076393,0.08957814813877599,0.95,0.9104218518612239,0.972617354399236
v3_default,bimodal_symmetric,bimodal,15,acceptable,200,0,0.0,1.734723475976807e-18,0.018845326377266575,,,,,,
v3_default,bimodal_symmetric,bimodal,15,caution,200,200,1.0,0.9811546736227335,1.0,0.05,0.02738264560076393,0.08957814813877599,0.95,0.9104218518612239,0.972617354399236
v3_default,bimodal_symmetric,bimodal,15,insufficient,200,0,0.0,1.734723475976807e-18,0.018845326377266575,,,,,,
v3_oracle_simulation_truth,bimodal_symmetric,bimodal,15,all,200,200,1.0,0.9811546736227335,1.0,0.05,0.02738264560076393,0.08957814813877599,0.95,0.9104218518612239,0.972617354399236
v3_oracle_simulation_truth,bimodal_symmetric,bimodal,15,acceptable,200,169,0.845,0.7883930940765792,0.8886036307231068,0.005917159763313609,0.0010452887665312535,0.03275134116560824,0.9940828402366864,0.9672486588343917,0.9989547112334688
v3_oracle_simulation_truth,bimodal_symmetric,bimodal,15,caution,200,31,0.155,0.11139636927689314,0.21160690592342077,0.2903225806451613,0.1609580015630062,0.46592329330749926,0.7096774193548387,0.5340767066925007,0.8390419984369939
v3_oracle_simulation_truth,bimodal_symmetric,bimodal,15,insufficient,200,0,0.0,1.734723475976807e-18,0.018845326377266575,,,,,,
v2,bimodal_symmetric,bimodal,20,all,200,200,1.0,0.9811546736227335,1.0,0.07,0.042152171828342806,0.11405480885610647,0.93,0.8859451911438936,0.9578478281716571
v2,bimodal_symmetric,bimodal,20,acceptable,200,189,0.945,0.9042130012276914,0.9690146582965411,0.047619047619047616,0.025251906693033913,0.08800931293403046,0.9523809523809523,0.9119906870659695,0.9747480933069661
v2,bimodal_symmetric,bimodal,20,caution,200,0,0.0,1.734723475976807e-18,0.018845326377266575,,,,,,
v2,bimodal_symmetric,bimodal,20,insufficient,200,11,0.055,0.03098534170345884,0.0957869987723084,0.45454545454545453,0.21271271622459764,0.719908462590678,0.5454545454545454,0.280091537409322,0.7872872837754024
v3_default,bimodal_symmetric,bimodal,20,all,200,200,1.0,0.9811546736227335,1.0,0.07,0.042152171828342806,0.11405480885610647,0.93,0.8859451911438936,0.9578478281716571
v3_default,bimodal_symmetric,bimodal,20,acceptable,200,0,0.0,1.734723475976807e-18,0.018845326377266575,,,,,,
v3_default,bimodal_symmetric,bimodal,20,caution,200,200,1.0,0.9811546736227335,1.0,0.07,0.042152171828342806,0.11405480885610647,0.93,0.8859451911438936,0.9578478281716571
v3_default,bimodal_symmetric,bimodal,20,insufficient,200,0,0.0,1.734723475976807e-18,0.018845326377266575,,,,,,
v3_oracle_simulation_truth,bimodal_symmetric,bimodal,20,all,200,200,1.0,0.9811546736227335,1.0,0.07,0.042152171828342806,0.11405480885610647,0.93,0.8859451911438936,0.9578478281716571
v3_oracle_simulation_truth,bimodal_symmetric,bimodal,20,acceptable,200,170,0.85,0.7939442071583334,0.89286406437758,0.03529411764705882,0.01627414845222118,0.07485174825941153,0.9647058823529412,0.9251482517405885,0.9837258515477787
v3_oracle_simulation_truth,bimodal_symmetric,bimodal,20,caution,200,30,0.15,0.10713593562241995,0.20605579284166659,0.26666666666666666,0.14182663319596317,0.4444796169518888,0.7333333333333333,0.555520383048111,0.8581733668040368
v3_oracle_simulation_truth,bimodal_symmetric,bimodal,20,insufficient,200,0,0.0,1.734723475976807e-18,0.018845326377266575,,,,,,
v2,bimodal_symmetric,bimodal,30,all,200,200,1.0,0.9811546736227335,1.0,0.06,0.03465219425433187,0.1019316929576627,0.94,0.8980683070423372,0.9653478057456681
v2,bimodal_symmetric,bimodal,30,acceptable,200,197,0.985,0.9568342712073097,0.9948857622067417,0.05583756345177665,0.03146151783835432,0.09720444073628784,0.9441624365482234,0.9027955592637125,0.9685384821616458
v2,bimodal_symmetric,bimodal,30,caution,200,0,0.0,1.734723475976807e-18,0.018845326377266575,,,,,,
v2,bimodal_symmetric,bimodal,30,insufficient,200,3,0.015,0.00511423779325831,0.04316572879269026,0.3333333333333333,0.06149194472039621,0.7923403991979522,0.6666666666666666,0.2076596008020477,0.9385080552796037
v3_default,bimodal_symmetric,bimodal,30,all,200,200,1.0,0.9811546736227335,1.0,0.06,0.03465219425433187,0.1019316929576627,0.94,0.8980683070423372,0.9653478057456681
v3_default,bimodal_symmetric,bimodal,30,acceptable,200,0,0.0,1.734723475976807e-18,0.018845326377266575,,,,,,
v3_default,bimodal_symmetric,bimodal,30,caution,200,200,1.0,0.9811546736227335,1.0,0.06,0.03465219425433187,0.1019316929576627,0.94,0.8980683070423372,0.9653478057456681
v3_default,bimodal_symmetric,bimodal,30,insufficient,200,0,0.0,1.734723475976807e-18,0.018845326377266575,,,,,,
v3_oracle_simulation_truth,bimodal_symmetric,bimodal,30,all,200,200,1.0,0.9811546736227335,1.0,0.06,0.03465219425433187,0.1019316929576627,0.94,0.8980683070423372,0.9653478057456681
v3_oracle_simulation_truth,bimodal_symmetric,bimodal,30,acceptable,200,192,0.96,0.923067931799067,0.9795943679338476,0.046875,0.024854233439434065,0.08667199268356186,0.953125,0.9133280073164382,0.975145766560566
v3_oracle_simulation_truth,bimodal_symmetric,bimodal,30,caution,200,8,0.04,0.020405632066152306,0.07693206820093293,0.375,0.13684428582359742,0.6942576053973727,0.625,0.30574239460262737,0.8631557141764026
v3_oracle_simulation_truth,bimodal_symmetric,bimodal,30,insufficient,200,0,0.0,1.734723475976807e-18,0.018845326377266575,,,,,,
v2,bimodal_symmetric,bimodal,40,all,200,200,1.0,0.9811546736227335,1.0,0.055,0.03098534170345884,0.0957869987723084,0.945,0.9042130012276914,0.9690146582965411
v2,bimodal_symmetric,bimodal,40,acceptable,200,199,0.995,0.9722262956021069,0.9991168312843989,0.05527638190954774,0.03114245720959706,0.0962548656598722,0.9447236180904522,0.9037451343401277,0.9688575427904029
v2,bimodal_symmetric,bimodal,40,caution,200,0,0.0,1.734723475976807e-18,0.018845326377266575,,,,,,
v2,bimodal_symmetric,bimodal,40,insufficient,200,1,0.005,0.0008831687156009814,0.02777370439789293,0.0,0.0,0.7934506856227626,1.0,0.20654931437723745,1.0
v3_default,bimodal_symmetric,bimodal,40,all,200,200,1.0,0.9811546736227335,1.0,0.055,0.03098534170345884,0.0957869987723084,0.945,0.9042130012276914,0.9690146582965411
v3_default,bimodal_symmetric,bimodal,40,acceptable,200,0,0.0,1.734723475976807e-18,0.018845326377266575,,,,,,
v3_default,bimodal_symmetric,bimodal,40,caution,200,200,1.0,0.9811546736227335,1.0,0.055,0.03098534170345884,0.0957869987723084,0.945,0.9042130012276914,0.9690146582965411
v3_default,bimodal_symmetric,bimodal,40,insufficient,200,0,0.0,1.734723475976807e-18,0.018845326377266575,,,,,,
v3_oracle_simulation_truth,bimodal_symmetric,bimodal,40,all,200,200,1.0,0.9811546736227335,1.0,0.055,0.03098534170345884,0.0957869987723084,0.945,0.9042130012276914,0.9690146582965411
v3_oracle_simulation_truth,bimodal_symmetric,bimodal,40,acceptable,200,197,0.985,0.9568342712073097,0.9948857622067417,0.050761421319796954,0.027803153770755387,0.09090470147331124,0.949238578680203,0.9090952985266889,0.9721968462292447
v3_oracle_simulation_truth,bimodal_symmetric,bimodal,40,caution,200,3,0.015,0.00511423779325831,0.04316572879269026,0.3333333333333333,0.06149194472039621,0.7923403991979522,0.6666666666666666,0.2076596008020477,0.9385080552796037
v3_oracle_simulation_truth,bimodal_symmetric,bimodal,40,insufficient,200,0,0.0,1.734723475976807e-18,0.018845326377266575,,,,,,
v2,bimodal_symmetric,bimodal,50,all,200,200,1.0,0.9811546736227335,1.0,0.03,0.013820314340111346,0.06389429245451925,0.97,0.9361057075454807,0.9861796856598887
v2,bimodal_symmetric,bimodal,50,acceptable,200,199,0.995,0.9722262956021069,0.9991168312843989,0.03015075376884422,0.013890126214792575,0.06420761037611564,0.9698492462311558,0.9357923896238843,0.9861098737852073
v2,bimodal_symmetric,bimodal,50,caution,200,1,0.005,0.0008831687156009814,0.02777370439789293,0.0,0.0,0.7934506856227626,1.0,0.20654931437723745,1.0
v2,bimodal_symmetric,bimodal,50,insufficient,200,0,0.0,1.734723475976807e-18,0.018845326377266575,,,,,,
v3_default,bimodal_symmetric,bimodal,50,all,200,200,1.0,0.9811546736227335,1.0,0.03,0.013820314340111346,0.06389429245451925,0.97,0.9361057075454807,0.9861796856598887
v3_default,bimodal_symmetric,bimodal,50,acceptable,200,0,0.0,1.734723475976807e-18,0.018845326377266575,,,,,,
v3_default,bimodal_symmetric,bimodal,50,caution,200,200,1.0,0.9811546736227335,1.0,0.03,0.013820314340111346,0.06389429245451925,0.97,0.9361057075454807,0.9861796856598887
v3_default,bimodal_symmetric,bimodal,50,insufficient,200,0,0.0,1.734723475976807e-18,0.018845326377266575,,,,,,
v3_oracle_simulation_truth,bimodal_symmetric,bimodal,50,all,200,200,1.0,0.9811546736227335,1.0,0.03,0.013820314340111346,0.06389429245451925,0.97,0.9361057075454807,0.9861796856598887
v3_oracle_simulation_truth,bimodal_symmetric,bimodal,50,acceptable,200,198,0.99,0.9642782382838231,0.9972533418664555,0.030303030303030304,0.013960646989789376,0.06452401574130437,0.9696969696969697,0.9354759842586957,0.9860393530102107
v3_oracle_simulation_truth,bimodal_symmetric,bimodal,50,caution,200,2,0.01,0.0027466581335444384,0.0357217617161768,0.0,0.0,0.6576197724933469,1.0,0.34238022750665303,1.0
v3_oracle_simulation_truth,bimodal_symmetric,bimodal,50,insufficient,200,0,0.0,1.734723475976807e-18,0.018845326377266575,,,,,,
v2,bimodal_symmetric,bimodal,80,all,200,200,1.0,0.9811546736227335,1.0,0.055,0.03098534170345884,0.0957869987723084,0.945,0.9042130012276914,0.9690146582965411
v2,bimodal_symmetric,bimodal,80,acceptable,200,200,1.0,0.9811546736227335,1.0,0.055,0.03098534170345884,0.0957869987723084,0.945,0.9042130012276914,0.9690146582965411
v2,bimodal_symmetric,bimodal,80,caution,200,0,0.0,1.734723475976807e-18,0.018845326377266575,,,,,,
v2,bimodal_symmetric,bimodal,80,insufficient,200,0,0.0,1.734723475976807e-18,0.018845326377266575,,,,,,
v3_default,bimodal_symmetric,bimodal,80,all,200,200,1.0,0.9811546736227335,1.0,0.055,0.03098534170345884,0.0957869987723084,0.945,0.9042130012276914,0.9690146582965411
v3_default,bimodal_symmetric,bimodal,80,acceptable,200,0,0.0,1.734723475976807e-18,0.018845326377266575,,,,,,
v3_default,bimodal_symmetric,bimodal,80,caution,200,200,1.0,0.9811546736227335,1.0,0.055,0.03098534170345884,0.0957869987723084,0.945,0.9042130012276914,0.9690146582965411
v3_default,bimodal_symmetric,bimodal,80,insufficient,200,0,0.0,1.734723475976807e-18,0.018845326377266575,,,,,,
v3_oracle_simulation_truth,bimodal_symmetric,bimodal,80,all,200,200,1.0,0.9811546736227335,1.0,0.055,0.03098534170345884,0.0957869987723084,0.945,0.9042130012276914,0.9690146582965411
v3_oracle_simulation_truth,bimodal_symmetric,bimodal,80,acceptable,200,200,1.0,0.9811546736227335,1.0,0.055,0.03098534170345884,0.0957869987723084,0.945,0.9042130012276914,0.9690146582965411
v3_oracle_simulation_truth,bimodal_symmetric,bimodal,80,caution,200,0,0.0,1.734723475976807e-18,0.018845326377266575,,,,,,
v3_oracle_simulation_truth,bimodal_symmetric,bimodal,80,insufficient,200,0,0.0,1.734723475976807e-18,0.018845326377266575,,,,,,
v2,bimodal_symmetric,bimodal,100,all,200,200,1.0,0.9811546736227335,1.0,0.065,0.03837635464915299,0.10801907929906895,0.935,0.8919809207009312,0.961623645350847
v2,bimodal_symmetric,bimodal,100,acceptable,200,200,1.0,0.9811546736227335,1.0,0.065,0.03837635464915299,0.10801907929906895,0.935,0.8919809207009312,0.961623645350847
v2,bimodal_symmetric,bimodal,100,caution,200,0,0.0,1.734723475976807e-18,0.018845326377266575,,,,,,
v2,bimodal_symmetric,bimodal,100,insufficient,200,0,0.0,1.734723475976807e-18,0.018845326377266575,,,,,,
v3_default,bimodal_symmetric,bimodal,100,all,200,200,1.0,0.9811546736227335,1.0,0.065,0.03837635464915299,0.10801907929906895,0.935,0.8919809207009312,0.961623645350847
v3_default,bimodal_symmetric,bimodal,100,acceptable,200,0,0.0,1.734723475976807e-18,0.018845326377266575,,,,,,
v3_default,bimodal_symmetric,bimodal,100,caution,200,200,1.0,0.9811546736227335,1.0,0.065,0.03837635464915299,0.10801907929906895,0.935,0.8919809207009312,0.961623645350847
v3_default,bimodal_symmetric,bimodal,100,insufficient,200,0,0.0,1.734723475976807e-18,0.018845326377266575,,,,,,
v3_oracle_simulation_truth,bimodal_symmetric,bimodal,100,all,200,200,1.0,0.9811546736227335,1.0,0.065,0.03837635464915299,0.10801907929906895,0.935,0.8919809207009312,0.961623645350847
v3_oracle_simulation_truth,bimodal_symmetric,bimodal,100,acceptable,200,200,1.0,0.9811546736227335,1.0,0.065,0.03837635464915299,0.10801907929906895,0.935,0.8919809207009312,0.961623645350847
v3_oracle_simulation_truth,bimodal_symmetric,bimodal,100,caution,200,0,0.0,1.734723475976807e-18,0.018845326377266575,,,,,,
v3_oracle_simulation_truth,bimodal_symmetric,bimodal,100,insufficient,200,0,0.0,1.734723475976807e-18,0.018845326377266575,,,,,,
v2,bimodal_symmetric,bimodal,200,all,200,200,1.0,0.9811546736227335,1.0,0.05,0.02738264560076393,0.08957814813877599,0.95,0.9104218518612239,0.972617354399236
v2,bimodal_symmetric,bimodal,200,acceptable,200,200,1.0,0.9811546736227335,1.0,0.05,0.02738264560076393,0.08957814813877599,0.95,0.9104218518612239,0.972617354399236
v2,bimodal_symmetric,bimodal,200,caution,200,0,0.0,1.734723475976807e-18,0.018845326377266575,,,,,,
v2,bimodal_symmetric,bimodal,200,insufficient,200,0,0.0,1.734723475976807e-18,0.018845326377266575,,,,,,
v3_default,bimodal_symmetric,bimodal,200,all,200,200,1.0,0.9811546736227335,1.0,0.05,0.02738264560076393,0.08957814813877599,0.95,0.9104218518612239,0.972617354399236
v3_default,bimodal_symmetric,bimodal,200,acceptable,200,0,0.0,1.734723475976807e-18,0.018845326377266575,,,,,,
v3_default,bimodal_symmetric,bimodal,200,caution,200,200,1.0,0.9811546736227335,1.0,0.05,0.02738264560076393,0.08957814813877599,0.95,0.9104218518612239,0.972617354399236
v3_default,bimodal_symmetric,bimodal,200,insufficient,200,0,0.0,1.734723475976807e-18,0.018845326377266575,,,,,,
v3_oracle_simulation_truth,bimodal_symmetric,bimodal,200,all,200,200,1.0,0.9811546736227335,1.0,0.05,0.02738264560076393,0.08957814813877599,0.95,0.9104218518612239,0.972617354399236
v3_oracle_simulation_truth,bimodal_symmetric,bimodal,200,acceptable,200,200,1.0,0.9811546736227335,1.0,0.05,0.02738264560076393,0.08957814813877599,0.95,0.9104218518612239,0.972617354399236
v3_oracle_simulation_truth,bimodal_symmetric,bimodal,200,caution,200,0,0.0,1.734723475976807e-18,0.018845326377266575,,,,,,
v3_oracle_simulation_truth,bimodal_symmetric,bimodal,200,insufficient,200,0,0.0,1.734723475976807e-18,0.018845326377266575,,,,,,
v2,bimodal_symmetric,bimodal,300,all,10000,10000,1.0,0.9996160016293234,1.0,0.0494,0.04532304560552551,0.05382301372612823,0.9506,0.9461769862738717,0.9546769543944745
v2,bimodal_symmetric,bimodal,300,acceptable,10000,10000,1.0,0.9996160016293234,1.0,0.0494,0.04532304560552551,0.05382301372612823,0.9506,0.9461769862738717,0.9546769543944745
v2,bimodal_symmetric,bimodal,300,caution,10000,0,0.0,0.0,0.00038399837067659573,,,,,,
v2,bimodal_symmetric,bimodal,300,insufficient,10000,0,0.0,0.0,0.00038399837067659573,,,,,,
v3_default,bimodal_symmetric,bimodal,300,all,10000,10000,1.0,0.9996160016293234,1.0,0.0494,0.04532304560552551,0.05382301372612823,0.9506,0.9461769862738717,0.9546769543944745
v3_default,bimodal_symmetric,bimodal,300,acceptable,10000,0,0.0,0.0,0.00038399837067659573,,,,,,
v3_default,bimodal_symmetric,bimodal,300,caution,10000,10000,1.0,0.9996160016293234,1.0,0.0494,0.04532304560552551,0.05382301372612823,0.9506,0.9461769862738717,0.9546769543944745
v3_default,bimodal_symmetric,bimodal,300,insufficient,10000,0,0.0,0.0,0.00038399837067659573,,,,,,
v3_oracle_simulation_truth,bimodal_symmetric,bimodal,300,all,10000,10000,1.0,0.9996160016293234,1.0,0.0494,0.04532304560552551,0.05382301372612823,0.9506,0.9461769862738717,0.9546769543944745
v3_oracle_simulation_truth,bimodal_symmetric,bimodal,300,acceptable,10000,10000,1.0,0.9996160016293234,1.0,0.0494,0.04532304560552551,0.05382301372612823,0.9506,0.9461769862738717,0.9546769543944745
v3_oracle_simulation_truth,bimodal_symmetric,bimodal,300,caution,10000,0,0.0,0.0,0.00038399837067659573,,,,,,
v3_oracle_simulation_truth,bimodal_symmetric,bimodal,300,insufficient,10000,0,0.0,0.0,0.00038399837067659573,,,,,,
v2,bimodal_symmetric,bimodal,500,all,200,200,1.0,0.9811546736227335,1.0,0.055,0.03098534170345884,0.0957869987723084,0.945,0.9042130012276914,0.9690146582965411
v2,bimodal_symmetric,bimodal,500,acceptable,200,200,1.0,0.9811546736227335,1.0,0.055,0.03098534170345884,0.0957869987723084,0.945,0.9042130012276914,0.9690146582965411
v2,bimodal_symmetric,bimodal,500,caution,200,0,0.0,1.734723475976807e-18,0.018845326377266575,,,,,,
v2,bimodal_symmetric,bimodal,500,insufficient,200,0,0.0,1.734723475976807e-18,0.018845326377266575,,,,,,
v3_default,bimodal_symmetric,bimodal,500,all,200,200,1.0,0.9811546736227335,1.0,0.055,0.03098534170345884,0.0957869987723084,0.945,0.9042130012276914,0.9690146582965411
v3_default,bimodal_symmetric,bimodal,500,acceptable,200,0,0.0,1.734723475976807e-18,0.018845326377266575,,,,,,
v3_default,bimodal_symmetric,bimodal,500,caution,200,200,1.0,0.9811546736227335,1.0,0.055,0.03098534170345884,0.0957869987723084,0.945,0.9042130012276914,0.9690146582965411
v3_default,bimodal_symmetric,bimodal,500,insufficient,200,0,0.0,1.734723475976807e-18,0.018845326377266575,,,,,,
v3_oracle_simulation_truth,bimodal_symmetric,bimodal,500,all,200,200,1.0,0.9811546736227335,1.0,0.055,0.03098534170345884,0.0957869987723084,0.945,0.9042130012276914,0.9690146582965411
v3_oracle_simulation_truth,bimodal_symmetric,bimodal,500,acceptable,200,200,1.0,0.9811546736227335,1.0,0.055,0.03098534170345884,0.0957869987723084,0.945,0.9042130012276914,0.9690146582965411
v3_oracle_simulation_truth,bimodal_symmetric,bimodal,500,caution,200,0,0.0,1.734723475976807e-18,0.018845326377266575,,,,,,
v3_oracle_simulation_truth,bimodal_symmetric,bimodal,500,insufficient,200,0,0.0,1.734723475976807e-18,0.018845326377266575,,,,,,
v2,bimodal_symmetric,bimodal,750,all,200,200,1.0,0.9811546736227335,1.0,0.06,0.03465219425433187,0.1019316929576627,0.94,0.8980683070423372,0.9653478057456681
v2,bimodal_symmetric,bimodal,750,acceptable,200,200,1.0,0.9811546736227335,1.0,0.06,0.03465219425433187,0.1019316929576627,0.94,0.8980683070423372,0.9653478057456681
v2,bimodal_symmetric,bimodal,750,caution,200,0,0.0,1.734723475976807e-18,0.018845326377266575,,,,,,
v2,bimodal_symmetric,bimodal,750,insufficient,200,0,0.0,1.734723475976807e-18,0.018845326377266575,,,,,,
v3_default,bimodal_symmetric,bimodal,750,all,200,200,1.0,0.9811546736227335,1.0,0.06,0.03465219425433187,0.1019316929576627,0.94,0.8980683070423372,0.9653478057456681
v3_default,bimodal_symmetric,bimodal,750,acceptable,200,0,0.0,1.734723475976807e-18,0.018845326377266575,,,,,,
v3_default,bimodal_symmetric,bimodal,750,caution,200,200,1.0,0.9811546736227335,1.0,0.06,0.03465219425433187,0.1019316929576627,0.94,0.8980683070423372,0.9653478057456681
v3_default,bimodal_symmetric,bimodal,750,insufficient,200,0,0.0,1.734723475976807e-18,0.018845326377266575,,,,,,
v3_oracle_simulation_truth,bimodal_symmetric,bimodal,750,all,200,200,1.0,0.9811546736227335,1.0,0.06,0.03465219425433187,0.1019316929576627,0.94,0.8980683070423372,0.9653478057456681
v3_oracle_simulation_truth,bimodal_symmetric,bimodal,750,acceptable,200,200,1.0,0.9811546736227335,1.0,0.06,0.03465219425433187,0.1019316929576627,0.94,0.8980683070423372,0.9653478057456681
v3_oracle_simulation_truth,bimodal_symmetric,bimodal,750,caution,200,0,0.0,1.734723475976807e-18,0.018845326377266575,,,,,,
v3_oracle_simulation_truth,bimodal_symmetric,bimodal,750,insufficient,200,0,0.0,1.734723475976807e-18,0.018845326377266575,,,,,,
v2,bimodal_symmetric,bimodal,2000,all,200,200,1.0,0.9811546736227335,1.0,0.03,0.013820314340111346,0.06389429245451925,0.97,0.9361057075454807,0.9861796856598887
v2,bimodal_symmetric,bimodal,2000,acceptable,200,200,1.0,0.9811546736227335,1.0,0.03,0.013820314340111346,0.06389429245451925,0.97,0.9361057075454807,0.9861796856598887
v2,bimodal_symmetric,bimodal,2000,caution,200,0,0.0,1.734723475976807e-18,0.018845326377266575,,,,,,
v2,bimodal_symmetric,bimodal,2000,insufficient,200,0,0.0,1.734723475976807e-18,0.018845326377266575,,,,,,
v3_default,bimodal_symmetric,bimodal,2000,all,200,200,1.0,0.9811546736227335,1.0,0.03,0.013820314340111346,0.06389429245451925,0.97,0.9361057075454807,0.9861796856598887
v3_default,bimodal_symmetric,bimodal,2000,acceptable,200,0,0.0,1.734723475976807e-18,0.018845326377266575,,,,,,
v3_default,bimodal_symmetric,bimodal,2000,caution,200,200,1.0,0.9811546736227335,1.0,0.03,0.013820314340111346,0.06389429245451925,0.97,0.9361057075454807,0.9861796856598887
v3_default,bimodal_symmetric,bimodal,2000,insufficient,200,0,0.0,1.734723475976807e-18,0.018845326377266575,,,,,,
v3_oracle_simulation_truth,bimodal_symmetric,bimodal,2000,all,200,200,1.0,0.9811546736227335,1.0,0.03,0.013820314340111346,0.06389429245451925,0.97,0.9361057075454807,0.9861796856598887
v3_oracle_simulation_truth,bimodal_symmetric,bimodal,2000,acceptable,200,200,1.0,0.9811546736227335,1.0,0.03,0.013820314340111346,0.06389429245451925,0.97,0.9361057075454807,0.9861796856598887
v3_oracle_simulation_truth,bimodal_symmetric,bimodal,2000,caution,200,0,0.0,1.734723475976807e-18,0.018845326377266575,,,,,,
v3_oracle_simulation_truth,bimodal_symmetric,bimodal,2000,insufficient,200,0,0.0,1.734723475976807e-18,0.018845326377266575,,,,,,
v2,contamination_asymmetric_eps_0p001,normal_contamination_asymmetric,5,all,200,200,1.0,0.9811546736227335,1.0,0.07,0.042152171828342806,0.11405480885610647,0.93,0.8859451911438936,0.9578478281716571
v2,contamination_asymmetric_eps_0p001,normal_contamination_asymmetric,5,acceptable,200,120,0.6,0.53083672039262,0.6653942143319266,0.058333333333333334,0.028541010000220295,0.11552592033630113,0.9416666666666667,0.8844740796636988,0.9714589899997798
v2,contamination_asymmetric_eps_0p001,normal_contamination_asymmetric,5,caution,200,0,0.0,1.734723475976807e-18,0.018845326377266575,,,,,,
v2,contamination_asymmetric_eps_0p001,normal_contamination_asymmetric,5,insufficient,200,80,0.4,0.33460578566807336,0.46916327960737997,0.0875,0.04303200178205986,0.16976795508474996,0.9125,0.8302320449152499,0.9569679982179401
v3_default,contamination_asymmetric_eps_0p001,normal_contamination_asymmetric,5,all,200,200,1.0,0.9811546736227335,1.0,0.07,0.042152171828342806,0.11405480885610647,0.93,0.8859451911438936,0.9578478281716571
v3_default,contamination_asymmetric_eps_0p001,normal_contamination_asymmetric,5,acceptable,200,0,0.0,1.734723475976807e-18,0.018845326377266575,,,,,,
v3_default,contamination_asymmetric_eps_0p001,normal_contamination_asymmetric,5,caution,200,200,1.0,0.9811546736227335,1.0,0.07,0.042152171828342806,0.11405480885610647,0.93,0.8859451911438936,0.9578478281716571
v3_default,contamination_asymmetric_eps_0p001,normal_contamination_asymmetric,5,insufficient,200,0,0.0,1.734723475976807e-18,0.018845326377266575,,,,,,
v3_oracle_simulation_truth,contamination_asymmetric_eps_0p001,normal_contamination_asymmetric,5,all,200,200,1.0,0.9811546736227335,1.0,0.07,0.042152171828342806,0.11405480885610647,0.93,0.8859451911438936,0.9578478281716571
v3_oracle_simulation_truth,contamination_asymmetric_eps_0p001,normal_contamination_asymmetric,5,acceptable,200,0,0.0,1.734723475976807e-18,0.018845326377266575,,,,,,
v3_oracle_simulation_truth,contamination_asymmetric_eps_0p001,normal_contamination_asymmetric,5,caution,200,200,1.0,0.9811546736227335,1.0,0.07,0.042152171828342806,0.11405480885610647,0.93,0.8859451911438936,0.9578478281716571
v3_oracle_simulation_truth,contamination_asymmetric_eps_0p001,normal_contamination_asymmetric,5,insufficient,200,0,0.0,1.734723475976807e-18,0.018845326377266575,,,,,,
v2,contamination_asymmetric_eps_0p001,normal_contamination_asymmetric,8,all,200,200,1.0,0.9811546736227335,1.0,0.07,0.042152171828342806,0.11405480885610647,0.93,0.8859451911438936,0.9578478281716571
v2,contamination_asymmetric_eps_0p001,normal_contamination_asymmetric,8,acceptable,200,161,0.805,0.7445595562538726,0.8539447946559949,0.08074534161490683,0.04779318846585438,0.13323808263660591,0.9192546583850931,0.866761917363394,0.9522068115341455
v2,contamination_asymmetric_eps_0p001,normal_contamination_asymmetric,8,caution,200,0,0.0,1.734723475976807e-18,0.018845326377266575,,,,,,
v2,contamination_asymmetric_eps_0p001,normal_contamination_asymmetric,8,insufficient,200,39,0.195,0.1460552053440051,0.25544044374612745,0.02564102564102564,0.004540703100990098,0.13180990169850076,0.9743589743589743,0.8681900983014993,0.99545929689901
v3_default,contamination_asymmetric_eps_0p001,normal_contamination_asymmetric,8,all,200,200,1.0,0.9811546736227335,1.0,0.07,0.042152171828342806,0.11405480885610647,0.93,0.8859451911438936,0.9578478281716571
v3_default,contamination_asymmetric_eps_0p001,normal_contamination_asymmetric,8,acceptable,200,0,0.0,1.734723475976807e-18,0.018845326377266575,,,,,,
v3_default,contamination_asymmetric_eps_0p001,normal_contamination_asymmetric,8,caution,200,200,1.0,0.9811546736227335,1.0,0.07,0.042152171828342806,0.11405480885610647,0.93,0.8859451911438936,0.9578478281716571
v3_default,contamination_asymmetric_eps_0p001,normal_contamination_asymmetric,8,insufficient,200,0,0.0,1.734723475976807e-18,0.018845326377266575,,,,,,
v3_oracle_simulation_truth,contamination_asymmetric_eps_0p001,normal_contamination_asymmetric,8,all,200,200,1.0,0.9811546736227335,1.0,0.07,0.042152171828342806,0.11405480885610647,0.93,0.8859451911438936,0.9578478281716571
v3_oracle_simulation_truth,contamination_asymmetric_eps_0p001,normal_contamination_asymmetric,8,acceptable,200,0,0.0,1.734723475976807e-18,0.018845326377266575,,,,,,
v3_oracle_simulation_truth,contamination_asymmetric_eps_0p001,normal_contamination_asymmetric,8,caution,200,200,1.0,0.9811546736227335,1.0,0.07,0.042152171828342806,0.11405480885610647,0.93,0.8859451911438936,0.9578478281716571
v3_oracle_simulation_truth,contamination_asymmetric_eps_0p001,normal_contamination_asymmetric,8,insufficient,200,0,0.0,1.734723475976807e-18,0.018845326377266575,,,,,,
v2,contamination_asymmetric_eps_0p001,normal_contamination_asymmetric,10,all,200,200,1.0,0.9811546736227335,1.0,0.025,0.010724719651761264,0.05717834040664198,0.975,0.942821659593358,0.9892752803482386
v2,contamination_asymmetric_eps_0p001,normal_contamination_asymmetric,10,acceptable,200,164,0.82,0.7608852497127511,0.8670537414057983,0.024390243902439025,0.009524838224461082,0.06102661493792126,0.975609756097561,0.9389733850620786,0.9904751617755388
v2,contamination_asymmetric_eps_0p001,normal_contamination_asymmetric,10,caution,200,0,0.0,1.734723475976807e-18,0.018845326377266575,,,,,,
v2,contamination_asymmetric_eps_0p001,normal_contamination_asymmetric,10,insufficient,200,36,0.18,0.13294625859420173,0.23911475028724882,0.027777777777777776,0.004920407139810443,0.14169718653273855,0.9722222222222222,0.8583028134672614,0.9950795928601897
v3_default,contamination_asymmetric_eps_0p001,normal_contamination_asymmetric,10,all,200,200,1.0,0.9811546736227335,1.0,0.025,0.010724719651761264,0.05717834040664198,0.975,0.942821659593358,0.9892752803482386
v3_default,contamination_asymmetric_eps_0p001,normal_contamination_asymmetric,10,acceptable,200,0,0.0,1.734723475976807e-18,0.018845326377266575,,,,,,
v3_default,contamination_asymmetric_eps_0p001,normal_contamination_asymmetric,10,caution,200,200,1.0,0.9811546736227335,1.0,0.025,0.010724719651761264,0.05717834040664198,0.975,0.942821659593358,0.9892752803482386
v3_default,contamination_asymmetric_eps_0p001,normal_contamination_asymmetric,10,insufficient,200,0,0.0,1.734723475976807e-18,0.018845326377266575,,,,,,
v3_oracle_simulation_truth,contamination_asymmetric_eps_0p001,normal_contamination_asymmetric,10,all,200,200,1.0,0.9811546736227335,1.0,0.025,0.010724719651761264,0.05717834040664198,0.975,0.942821659593358,0.9892752803482386
v3_oracle_simulation_truth,contamination_asymmetric_eps_0p001,normal_contamination_asymmetric,10,acceptable,200,0,0.0,1.734723475976807e-18,0.018845326377266575,,,,,,
v3_oracle_simulation_truth,contamination_asymmetric_eps_0p001,normal_contamination_asymmetric,10,caution,200,200,1.0,0.9811546736227335,1.0,0.025,0.010724719651761264,0.05717834040664198,0.975,0.942821659593358,0.9892752803482386
v3_oracle_simulation_truth,contamination_asymmetric_eps_0p001,normal_contamination_asymmetric,10,insufficient,200,0,0.0,1.734723475976807e-18,0.018845326377266575,,,,,,
v2,contamination_asymmetric_eps_0p001,normal_contamination_asymmetric,15,all,200,200,1.0,0.9811546736227335,1.0,0.075,0.04597491718438201,0.12004361023629456,0.925,0.8799563897637055,0.954025082815618
v2,contamination_asymmetric_eps_0p001,normal_contamination_asymmetric,15,acceptable,200,155,0.775,0.7122587676433947,0.8273763028491088,0.06451612903225806,0.03541805904536504,0.11467788566392656,0.9354838709677419,0.8853221143360734,0.964581940954635
v2,contamination_asymmetric_eps_0p001,normal_contamination_asymmetric,15,caution,200,0,0.0,1.734723475976807e-18,0.018845326377266575,,,,,,
v2,contamination_asymmetric_eps_0p001,normal_contamination_asymmetric,15,insufficient,200,45,0.225,0.17262369715089126,0.2877412323566053,0.1111111111111111,0.04840471794567186,0.2349909699576858,0.8888888888888888,0.7650090300423141,0.9515952820543282
v3_default,contamination_asymmetric_eps_0p001,normal_contamination_asymmetric,15,all,200,200,1.0,0.9811546736227335,1.0,0.075,0.04597491718438201,0.12004361023629456,0.925,0.8799563897637055,0.954025082815618
v3_default,contamination_asymmetric_eps_0p001,normal_contamination_asymmetric,15,acceptable,200,0,0.0,1.734723475976807e-18,0.018845326377266575,,,,,,
v3_default,contamination_asymmetric_eps_0p001,normal_contamination_asymmetric,15,caution,200,199,0.995,0.9722262956021069,0.9991168312843989,0.07537688442211055,0.04620866336854712,0.12062832852377095,0.9246231155778895,0.879371671476229,0.9537913366314528
v3_default,contamination_asymmetric_eps_0p001,normal_contamination_asymmetric,15,insufficient,200,1,0.005,0.0008831687156009814,0.02777370439789293,0.0,0.0,0.7934506856227626,1.0,0.20654931437723745,1.0
v3_oracle_simulation_truth,contamination_asymmetric_eps_0p001,normal_contamination_asymmetric,15,all,200,200,1.0,0.9811546736227335,1.0,0.075,0.04597491718438201,0.12004361023629456,0.925,0.8799563897637055,0.954025082815618
v3_oracle_simulation_truth,contamination_asymmetric_eps_0p001,normal_contamination_asymmetric,15,acceptable,200,0,0.0,1.734723475976807e-18,0.018845326377266575,,,,,,
v3_oracle_simulation_truth,contamination_asymmetric_eps_0p001,normal_contamination_asymmetric,15,caution,200,199,0.995,0.9722262956021069,0.9991168312843989,0.07537688442211055,0.04620866336854712,0.12062832852377095,0.9246231155778895,0.879371671476229,0.9537913366314528
v3_oracle_simulation_truth,contamination_asymmetric_eps_0p001,normal_contamination_asymmetric,15,insufficient,200,1,0.005,0.0008831687156009814,0.02777370439789293,0.0,0.0,0.7934506856227626,1.0,0.20654931437723745,1.0
v2,contamination_asymmetric_eps_0p001,normal_contamination_asymmetric,20,all,200,200,1.0,0.9811546736227335,1.0,0.045,0.023852543001492997,0.0832967040018196,0.955,0.9167032959981803,0.976147456998507
v2,contamination_asymmetric_eps_0p001,normal_contamination_asymmetric,20,acceptable,200,175,0.875,0.8219857499741765,0.9138802552428735,0.05142857142857143,0.027289573931240256,0.09483791800893845,0.9485714285714286,0.9051620819910615,0.9727104260687598
v2,contamination_asymmetric_eps_0p001,normal_contamination_asymmetric,20,caution,200,0,0.0,1.734723475976807e-18,0.018845326377266575,,,,,,
v2,contamination_asymmetric_eps_0p001,normal_contamination_asymmetric,20,insufficient,200,25,0.125,0.08611974475712644,0.17801425002582347,0.0,1.3877787807814457e-17,0.13319225093904846,1.0,0.8668077490609515,0.9999999999999999
v3_default,contamination_asymmetric_eps_0p001,normal_contamination_asymmetric,20,all,200,200,1.0,0.9811546736227335,1.0,0.045,0.023852543001492997,0.0832967040018196,0.955,0.9167032959981803,0.976147456998507
v3_default,contamination_asymmetric_eps_0p001,normal_contamination_asymmetric,20,acceptable,200,0,0.0,1.734723475976807e-18,0.018845326377266575,,,,,,
v3_default,contamination_asymmetric_eps_0p001,normal_contamination_asymmetric,20,caution,200,194,0.97,0.9361057075454807,0.9861796856598887,0.04639175257731959,0.024596004726009087,0.08580279111227512,0.9536082474226805,0.9141972088877249,0.9754039952739909
v3_default,contamination_asymmetric_eps_0p001,normal_contamination_asymmetric,20,insufficient,200,6,0.03,0.013820314340111346,0.06389429245451925,0.0,2.7755575615628914e-17,0.3903342879021653,1.0,0.6096657120978346,1.0
v3_oracle_simulation_truth,contamination_asymmetric_eps_0p001,normal_contamination_asymmetric,20,all,200,200,1.0,0.9811546736227335,1.0,0.045,0.023852543001492997,0.0832967040018196,0.955,0.9167032959981803,0.976147456998507
v3_oracle_simulation_truth,contamination_asymmetric_eps_0p001,normal_contamination_asymmetric,20,acceptable,200,0,0.0,1.734723475976807e-18,0.018845326377266575,,,,,,
v3_oracle_simulation_truth,contamination_asymmetric_eps_0p001,normal_contamination_asymmetric,20,caution,200,194,0.97,0.9361057075454807,0.9861796856598887,0.04639175257731959,0.024596004726009087,0.08580279111227512,0.9536082474226805,0.9141972088877249,0.9754039952739909
v3_oracle_simulation_truth,contamination_asymmetric_eps_0p001,normal_contamination_asymmetric,20,insufficient,200,6,0.03,0.013820314340111346,0.06389429245451925,0.0,2.7755575615628914e-17,0.3903342879021653,1.0,0.6096657120978346,1.0
v2,contamination_asymmetric_eps_0p001,normal_contamination_asymmetric,30,all,200,200,1.0,0.9811546736227335,1.0,0.065,0.03837635464915299,0.10801907929906895,0.935,0.8919809207009312,0.961623645350847
v2,contamination_asymmetric_eps_0p001,normal_contamination_asymmetric,30,acceptable,200,182,0.91,0.8622342812328346,0.9423125511378069,0.07142857142857142,0.042215244868037634,0.11835957525047067,0.9285714285714286,0.8816404247495294,0.9577847551319624
v2,contamination_asymmetric_eps_0p001,normal_contamination_asymmetric,30,caution,200,0,0.0,1.734723475976807e-18,0.018845326377266575,,,,,,
v2,contamination_asymmetric_eps_0p001,normal_contamination_asymmetric,30,insufficient,200,18,0.09,0.05768744886219316,0.13776571876716542,0.0,0.0,0.17587922364665765,1.0,0.8241207763533425,1.0
v3_default,contamination_asymmetric_eps_0p001,normal_contamination_asymmetric,30,all,200,200,1.0,0.9811546736227335,1.0,0.065,0.03837635464915299,0.10801907929906895,0.935,0.8919809207009312,0.961623645350847
v3_default,contamination_asymmetric_eps_0p001,normal_contamination_asymmetric,30,acceptable,200,0,0.0,1.734723475976807e-18,0.018845326377266575,,,,,,
v3_default,contamination_asymmetric_eps_0p001,normal_contamination_asymmetric,30,caution,200,198,0.99,0.9642782382838231,0.9972533418664555,0.06565656565656566,0.03876806184820926,0.10907797035473767,0.9343434343434344,0.8909220296452623,0.9612319381517908
v3_default,contamination_asymmetric_eps_0p001,normal_contamination_asymmetric,30,insufficient,200,2,0.01,0.0027466581335444384,0.0357217617161768,0.0,0.0,0.6576197724933469,1.0,0.34238022750665303,1.0
v3_oracle_simulation_truth,contamination_asymmetric_eps_0p001,normal_contamination_asymmetric,30,all,200,200,1.0,0.9811546736227335,1.0,0.065,0.03837635464915299,0.10801907929906895,0.935,0.8919809207009312,0.961623645350847
v3_oracle_simulation_truth,contamination_asymmetric_eps_0p001,normal_contamination_asymmetric,30,acceptable,200,0,0.0,1.734723475976807e-18,0.018845326377266575,,,,,,
v3_oracle_simulation_truth,contamination_asymmetric_eps_0p001,normal_contamination_asymmetric,30,caution,200,198,0.99,0.9642782382838231,0.9972533418664555,0.06565656565656566,0.03876806184820926,0.10907797035473767,0.9343434343434344,0.8909220296452623,0.9612319381517908
v3_oracle_simulation_truth,contamination_asymmetric_eps_0p001,normal_contamination_asymmetric,30,insufficient,200,2,0.01,0.0027466581335444384,0.0357217617161768,0.0,0.0,0.6576197724933469,1.0,0.34238022750665303,1.0
v2,contamination_asymmetric_eps_0p001,normal_contamination_asymmetric,40,all,200,200,1.0,0.9811546736227335,1.0,0.055,0.03098534170345884,0.0957869987723084,0.945,0.9042130012276914,0.9690146582965411
v2,contamination_asymmetric_eps_0p001,normal_contamination_asymmetric,40,acceptable,200,176,0.88,0.8276574790170326,0.9180200729362449,0.0625,0.03525401379661894,0.10843620641260784,0.9375,0.8915637935873921,0.9647459862033811
v2,contamination_asymmetric_eps_0p001,normal_contamination_asymmetric,40,caution,200,10,0.05,0.02738264560076393,0.08957814813877599,0.0,0.0,0.2775327998628892,1.0,0.7224672001371107,0.9999999999999999
v2,contamination_asymmetric_eps_0p001,normal_contamination_asymmetric,40,insufficient,200,14,0.07,0.042152171828342806,0.11405480885610647,0.0,1.3877787807814457e-17,0.2153108027376358,1.0,0.7846891972623643,1.0
v3_default,contamination_asymmetric_eps_0p001,normal_contamination_asymmetric,40,all,200,200,1.0,0.9811546736227335,1.0,0.055,0.03098534170345884,0.0957869987723084,0.945,0.9042130012276914,0.9690146582965411
v3_default,contamination_asymmetric_eps_0p001,normal_contamination_asymmetric,40,acceptable,200,0,0.0,1.734723475976807e-18,0.018845326377266575,,,,,,
v3_default,contamination_asymmetric_eps_0p001,normal_contamination_asymmetric,40,caution,200,193,0.965,0.9295293884777092,0.9829444579914328,0.05699481865284974,0.03211966495587143,0.09916090457208304,0.9430051813471503,0.900839095427917,0.9678803350441286
v3_default,contamination_asymmetric_eps_0p001,normal_contamination_asymmetric,40,insufficient,200,7,0.035,0.017055542008567192,0.07047061152229073,0.0,5.551115123125783e-17,0.35433043506668743,1.0,0.6456695649333126,1.0
v3_oracle_simulation_truth,contamination_asymmetric_eps_0p001,normal_contamination_asymmetric,40,all,200,200,1.0,0.9811546736227335,1.0,0.055,0.03098534170345884,0.0957869987723084,0.945,0.9042130012276914,0.9690146582965411
v3_oracle_simulation_truth,contamination_asymmetric_eps_0p001,normal_contamination_asymmetric,40,acceptable,200,0,0.0,1.734723475976807e-18,0.018845326377266575,,,,,,
v3_oracle_simulation_truth,contamination_asymmetric_eps_0p001,normal_contamination_asymmetric,40,caution,200,193,0.965,0.9295293884777092,0.9829444579914328,0.05699481865284974,0.03211966495587143,0.09916090457208304,0.9430051813471503,0.900839095427917,0.9678803350441286
v3_oracle_simulation_truth,contamination_asymmetric_eps_0p001,normal_contamination_asymmetric,40,insufficient,200,7,0.035,0.017055542008567192,0.07047061152229073,0.0,5.551115123125783e-17,0.35433043506668743,1.0,0.6456695649333126,1.0
v2,contamination_asymmetric_eps_0p001,normal_contamination_asymmetric,50,all,200,200,1.0,0.9811546736227335,1.0,0.045,0.023852543001492997,0.0832967040018196,0.955,0.9167032959981803,0.976147456998507
v2,contamination_asymmetric_eps_0p001,normal_contamination_asymmetric,50,acceptable,200,175,0.875,0.8219857499741765,0.9138802552428735,0.05142857142857143,0.027289573931240256,0.09483791800893845,0.9485714285714286,0.9051620819910615,0.9727104260687598
v2,contamination_asymmetric_eps_0p001,normal_contamination_asymmetric,50,caution,200,14,0.07,0.042152171828342806,0.11405480885610647,0.0,1.3877787807814457e-17,0.2153108027376358,1.0,0.7846891972623643,1.0
v2,contamination_asymmetric_eps_0p001,normal_contamination_asymmetric,50,insufficient,200,11,0.055,0.03098534170345884,0.0957869987723084,0.0,0.0,0.2588329669680317,1.0,0.7411670330319684,1.0
v3_default,contamination_asymmetric_eps_0p001,normal_contamination_asymmetric,50,all,200,200,1.0,0.9811546736227335,1.0,0.045,0.023852543001492997,0.0832967040018196,0.955,0.9167032959981803,0.976147456998507
v3_default,contamination_asymmetric_eps_0p001,normal_contamination_asymmetric,50,acceptable,200,0,0.0,1.734723475976807e-18,0.018845326377266575,,,,,,
v3_default,contamination_asymmetric_eps_0p001,normal_contamination_asymmetric,50,caution,200,196,0.98,0.9497129130941735,0.9921955735836505,0.04591836734693878,0.024343087125189636,0.08495084492267023,0.9540816326530612,0.9150491550773298,0.9756569128748104
v3_default,contamination_asymmetric_eps_0p001,normal_contamination_asymmetric,50,insufficient,200,4,0.02,0.0078044264163494685,0.050287086905826436,0.0,0.0,0.4898908364545973,1.0,0.5101091635454027,1.0
v3_oracle_simulation_truth,contamination_asymmetric_eps_0p001,normal_contamination_asymmetric,50,all,200,200,1.0,0.9811546736227335,1.0,0.045,0.023852543001492997,0.0832967040018196,0.955,0.9167032959981803,0.976147456998507
v3_oracle_simulation_truth,contamination_asymmetric_eps_0p001,normal_contamination_asymmetric,50,acceptable,200,0,0.0,1.734723475976807e-18,0.018845326377266575,,,,,,
v3_oracle_simulation_truth,contamination_asymmetric_eps_0p001,normal_contamination_asymmetric,50,caution,200,196,0.98,0.9497129130941735,0.9921955735836505,0.04591836734693878,0.024343087125189636,0.08495084492267023,0.9540816326530612,0.9150491550773298,0.9756569128748104
v3_oracle_simulation_truth,contamination_asymmetric_eps_0p001,normal_contamination_asymmetric,50,insufficient,200,4,0.02,0.0078044264163494685,0.050287086905826436,0.0,0.0,0.4898908364545973,1.0,0.5101091635454027,1.0
v2,contamination_asymmetric_eps_0p001,normal_contamination_asymmetric,80,all,200,200,1.0,0.9811546736227335,1.0,0.04,0.020405632066152306,0.07693206820093293,0.96,0.923067931799067,0.9795943679338476
v2,contamination_asymmetric_eps_0p001,normal_contamination_asymmetric,80,acceptable,200,173,0.865,0.8107086162924745,0.9055342954521209,0.046242774566473986,0.023615435969923965,0.08858369964573554,0.953757225433526,0.9114163003542645,0.976384564030076
v2,contamination_asymmetric_eps_0p001,normal_contamination_asymmetric,80,caution,200,16,0.08,0.049840585889759974,0.12598948826714396,0.0,0.0,0.1936076805344365,1.0,0.8063923194655637,1.0000000000000002
v2,contamination_asymmetric_eps_0p001,normal_contamination_asymmetric,80,insufficient,200,11,0.055,0.03098534170345884,0.0957869987723084,0.0,0.0,0.2588329669680317,1.0,0.7411670330319684,1.0
v3_default,contamination_asymmetric_eps_0p001,normal_contamination_asymmetric,80,all,200,200,1.0,0.9811546736227335,1.0,0.04,0.020405632066152306,0.07693206820093293,0.96,0.923067931799067,0.9795943679338476
v3_default,contamination_asymmetric_eps_0p001,normal_contamination_asymmetric,80,acceptable,200,0,0.0,1.734723475976807e-18,0.018845326377266575,,,,,,
v3_default,contamination_asymmetric_eps_0p001,normal_contamination_asymmetric,80,caution,200,190,0.95,0.9104218518612239,0.972617354399236,0.042105263157894736,0.021487310070989377,0.08087190111843803,0.9578947368421052,0.919128098881562,0.9785126899290106
v3_default,contamination_asymmetric_eps_0p001,normal_contamination_asymmetric,80,insufficient,200,10,0.05,0.02738264560076393,0.08957814813877599,0.0,0.0,0.2775327998628892,1.0,0.7224672001371107,0.9999999999999999
v3_oracle_simulation_truth,contamination_asymmetric_eps_0p001,normal_contamination_asymmetric,80,all,200,200,1.0,0.9811546736227335,1.0,0.04,0.020405632066152306,0.07693206820093293,0.96,0.923067931799067,0.9795943679338476
v3_oracle_simulation_truth,contamination_asymmetric_eps_0p001,normal_contamination_asymmetric,80,acceptable,200,0,0.0,1.734723475976807e-18,0.018845326377266575,,,,,,
v3_oracle_simulation_truth,contamination_asymmetric_eps_0p001,normal_contamination_asymmetric,80,caution,200,190,0.95,0.9104218518612239,0.972617354399236,0.042105263157894736,0.021487310070989377,0.08087190111843803,0.9578947368421052,0.919128098881562,0.9785126899290106
v3_oracle_simulation_truth,contamination_asymmetric_eps_0p001,normal_contamination_asymmetric,80,insufficient,200,10,0.05,0.02738264560076393,0.08957814813877599,0.0,0.0,0.2775327998628892,1.0,0.7224672001371107,0.9999999999999999
v2,contamination_asymmetric_eps_0p001,normal_contamination_asymmetric,100,all,5000,5000,1.0,0.9992322980549431,1.0000000000000002,0.0464,0.040909582282313894,0.052586876922241926,0.9536,0.9474131230777582,0.9590904177176861
v2,contamination_asymmetric_eps_0p001,normal_contamination_asymmetric,100,acceptable,5000,4047,0.8094,0.7982771132555532,0.8200478327808455,0.04719545342228811,0.041080535869134745,0.0541691703321597,0.9528045465777119,0.9458308296678403,0.9589194641308653
v2,contamination_asymmetric_eps_0p001,normal_contamination_asymmetric,100,caution,5000,476,0.0952,0.08737294742283017,0.1036485840718881,0.0546218487394958,0.03754489822789665,0.07882991223124046,0.9453781512605042,0.9211700877687595,0.9624551017721034
v2,contamination_asymmetric_eps_0p001,normal_contamination_asymmetric,100,insufficient,5000,477,0.0954,0.08756516763547541,0.10385605677846481,0.031446540880503145,0.019148026645175203,0.051231634259467404,0.9685534591194969,0.9487683657405326,0.9808519733548249
v3_default,contamination_asymmetric_eps_0p001,normal_contamination_asymmetric,100,all,5000,5000,1.0,0.9992322980549431,1.0000000000000002,0.0464,0.040909582282313894,0.052586876922241926,0.9536,0.9474131230777582,0.9590904177176861
v3_default,contamination_asymmetric_eps_0p001,normal_contamination_asymmetric,100,acceptable,5000,0,0.0,0.0,0.0007677019450571244,,,,,,
v3_default,contamination_asymmetric_eps_0p001,normal_contamination_asymmetric,100,caution,5000,4529,0.9058,0.897388943995219,0.9135879891061729,0.048134245970412895,0.04227414684845049,0.0547602327601245,0.9518657540295871,0.9452397672398755,0.9577258531515495
v3_default,contamination_asymmetric_eps_0p001,normal_contamination_asymmetric,100,insufficient,5000,471,0.0942,0.08641201089382725,0.10261105600478113,0.029723991507430998,0.017787063179323253,0.0492699686556283,0.970276008492569,0.9507300313443717,0.9822129368206768
v3_oracle_simulation_truth,contamination_asymmetric_eps_0p001,normal_contamination_asymmetric,100,all,5000,5000,1.0,0.9992322980549431,1.0000000000000002,0.0464,0.040909582282313894,0.052586876922241926,0.9536,0.9474131230777582,0.9590904177176861
v3_oracle_simulation_truth,contamination_asymmetric_eps_0p001,normal_contamination_asymmetric,100,acceptable,5000,0,0.0,0.0,0.0007677019450571244,,,,,,
v3_oracle_simulation_truth,contamination_asymmetric_eps_0p001,normal_contamination_asymmetric,100,caution,5000,4529,0.9058,0.897388943995219,0.9135879891061729,0.048134245970412895,0.04227414684845049,0.0547602327601245,0.9518657540295871,0.9452397672398755,0.9577258531515495
v3_oracle_simulation_truth,contamination_asymmetric_eps_0p001,normal_contamination_asymmetric,100,insufficient,5000,471,0.0942,0.08641201089382725,0.10261105600478113,0.029723991507430998,0.017787063179323253,0.0492699686556283,0.970276008492569,0.9507300313443717,0.9822129368206768
v2,contamination_asymmetric_eps_0p001,normal_contamination_asymmetric,200,all,200,200,1.0,0.9811546736227335,1.0,0.07,0.042152171828342806,0.11405480885610647,0.93,0.8859451911438936,0.9578478281716571
v2,contamination_asymmetric_eps_0p001,normal_contamination_asymmetric,200,acceptable,200,150,0.75,0.6856590168795417,0.8049183199318249,0.07333333333333333,0.041438815160384994,0.12653579336704038,0.9266666666666666,0.8734642066329596,0.9585611848396149
v2,contamination_asymmetric_eps_0p001,normal_contamination_asymmetric,200,caution,200,29,0.145,0.10289350642004402,0.20048667530781522,0.06896551724137931,0.019121266169433354,0.21964580150275695,0.9310344827586207,0.7803541984972431,0.9808787338305667
v2,contamination_asymmetric_eps_0p001,normal_contamination_asymmetric,200,insufficient,200,21,0.105,0.06970748792681017,0.1551803199112304,0.047619047619047616,0.008455987809826399,0.22669360074122563,0.9523809523809523,0.7733063992587743,0.9915440121901737
v3_default,contamination_asymmetric_eps_0p001,normal_contamination_asymmetric,200,all,200,200,1.0,0.9811546736227335,1.0,0.07,0.042152171828342806,0.11405480885610647,0.93,0.8859451911438936,0.9578478281716571
v3_default,contamination_asymmetric_eps_0p001,normal_contamination_asymmetric,200,acceptable,200,0,0.0,1.734723475976807e-18,0.018845326377266575,,,,,,
v3_default,contamination_asymmetric_eps_0p001,normal_contamination_asymmetric,200,caution,200,178,0.89,0.839073090026985,0.926227555398747,0.07303370786516854,0.04317502531026729,0.12093198864698143,0.9269662921348315,0.8790680113530186,0.9568249746897327
v3_default,contamination_asymmetric_eps_0p001,normal_contamination_asymmetric,200,insufficient,200,22,0.11,0.07377244460125303,0.1609269099730149,0.045454545454545456,0.00806942762126385,0.21798045838657332,0.9545454545454546,0.7820195416134267,0.991930572378736
v3_oracle_simulation_truth,contamination_asymmetric_eps_0p001,normal_contamination_asymmetric,200,all,200,200,1.0,0.9811546736227335,1.0,0.07,0.042152171828342806,0.11405480885610647,0.93,0.8859451911438936,0.9578478281716571
v3_oracle_simulation_truth,contamination_asymmetric_eps_0p001,normal_contamination_asymmetric,200,acceptable,200,0,0.0,1.734723475976807e-18,0.018845326377266575,,,,,,
v3_oracle_simulation_truth,contamination_asymmetric_eps_0p001,normal_contamination_asymmetric,200,caution,200,178,0.89,0.839073090026985,0.926227555398747,0.07303370786516854,0.04317502531026729,0.12093198864698143,0.9269662921348315,0.8790680113530186,0.9568249746897327
v3_oracle_simulation_truth,contamination_asymmetric_eps_0p001,normal_contamination_asymmetric,200,insufficient,200,22,0.11,0.07377244460125303,0.1609269099730149,0.045454545454545456,0.00806942762126385,0.21798045838657332,0.9545454545454546,0.7820195416134267,0.991930572378736
v2,contamination_asymmetric_eps_0p001,normal_contamination_asymmetric,500,all,200,200,1.0,0.9811546736227335,1.0,0.03,0.013820314340111346,0.06389429245451925,0.97,0.9361057075454807,0.9861796856598887
v2,contamination_asymmetric_eps_0p001,normal_contamination_asymmetric,500,acceptable,200,90,0.45,0.3826406840224836,0.5192438486152432,0.044444444444444446,0.01741724185270873,0.10876855032812233,0.9555555555555556,0.8912314496718777,0.9825827581472913
v2,contamination_asymmetric_eps_0p001,normal_contamination_asymmetric,500,caution,200,93,0.465,0.3971856415700402,0.5341335312763685,0.010752688172043012,0.0019006420286555546,0.058419172354870236,0.989247311827957,0.94158082764513,0.9980993579713445
v2,contamination_asymmetric_eps_0p001,normal_contamination_asymmetric,500,insufficient,200,17,0.085,0.05374575017747561,0.13189587071565567,0.058823529411764705,0.010460400984997592,0.26982030637575405,0.9411764705882353,0.7301796936242461,0.9895395990150025
v3_default,contamination_asymmetric_eps_0p001,normal_contamination_asymmetric,500,all,200,200,1.0,0.9811546736227335,1.0,0.03,0.013820314340111346,0.06389429245451925,0.97,0.9361057075454807,0.9861796856598887
v3_default,contamination_asymmetric_eps_0p001,normal_contamination_asymmetric,500,acceptable,200,0,0.0,1.734723475976807e-18,0.018845326377266575,,,,,,
v3_default,contamination_asymmetric_eps_0p001,normal_contamination_asymmetric,500,caution,200,175,0.875,0.8219857499741765,0.9138802552428735,0.02857142857142857,0.01226445119813369,0.0651306836434554,0.9714285714285714,0.9348693163565446,0.9877355488018663
v3_default,contamination_asymmetric_eps_0p001,normal_contamination_asymmetric,500,insufficient,200,25,0.125,0.08611974475712644,0.17801425002582347,0.04,0.007096233501987265,0.19544063736193734,0.96,0.8045593626380625,0.9929037664980127
v3_oracle_simulation_truth,contamination_asymmetric_eps_0p001,normal_contamination_asymmetric,500,all,200,200,1.0,0.9811546736227335,1.0,0.03,0.013820314340111346,0.06389429245451925,0.97,0.9361057075454807,0.9861796856598887
v3_oracle_simulation_truth,contamination_asymmetric_eps_0p001,normal_contamination_asymmetric,500,acceptable,200,0,0.0,1.734723475976807e-18,0.018845326377266575,,,,,,
v3_oracle_simulation_truth,contamination_asymmetric_eps_0p001,normal_contamination_asymmetric,500,caution,200,175,0.875,0.8219857499741765,0.9138802552428735,0.02857142857142857,0.01226445119813369,0.0651306836434554,0.9714285714285714,0.9348693163565446,0.9877355488018663
v3_oracle_simulation_truth,contamination_asymmetric_eps_0p001,normal_contamination_asymmetric,500,insufficient,200,25,0.125,0.08611974475712644,0.17801425002582347,0.04,0.007096233501987265,0.19544063736193734,0.96,0.8045593626380625,0.9929037664980127
v2,contamination_asymmetric_eps_0p001,normal_contamination_asymmetric,750,all,200,200,1.0,0.9811546736227335,1.0,0.025,0.010724719651761264,0.05717834040664198,0.975,0.942821659593358,0.9892752803482386
v2,contamination_asymmetric_eps_0p001,normal_contamination_asymmetric,750,acceptable,200,65,0.325,0.2639157153923429,0.3926801488397004,0.03076923076923077,0.008478997236440126,0.10542705523577942,0.9692307692307692,0.8945729447642206,0.9915210027635599
v2,contamination_asymmetric_eps_0p001,normal_contamination_asymmetric,750,caution,200,121,0.605,0.5358834915928536,0.6701589898679203,0.01652892561983471,0.004544593546124867,0.05826674248573428,0.9834710743801653,0.9417332575142658,0.9954554064538752
v2,contamination_asymmetric_eps_0p001,normal_contamination_asymmetric,750,insufficient,200,14,0.07,0.042152171828342806,0.11405480885610647,0.07142857142857142,0.012722215247890939,0.31468704424151117,0.9285714285714286,0.6853129557584889,0.9872777847521093
v3_default,contamination_asymmetric_eps_0p001,normal_contamination_asymmetric,750,all,200,200,1.0,0.9811546736227335,1.0,0.025,0.010724719651761264,0.05717834040664198,0.975,0.942821659593358,0.9892752803482386
v3_default,contamination_asymmetric_eps_0p001,normal_contamination_asymmetric,750,acceptable,200,0,0.0,1.734723475976807e-18,0.018845326377266575,,,,,,
v3_default,contamination_asymmetric_eps_0p001,normal_contamination_asymmetric,750,caution,200,181,0.905,0.8563983883518006,0.9383368972826135,0.022099447513812154,0.008626812097932448,0.055435973903886326,0.9779005524861878,0.9445640260961137,0.9913731879020675
v3_default,contamination_asymmetric_eps_0p001,normal_contamination_asymmetric,750,insufficient,200,19,0.095,0.06166310271738653,0.1436016116481994,0.05263157894736842,0.009351994062300362,0.24638731166898786,0.9473684210526315,0.753612688331012,0.9906480059376995
v3_oracle_simulation_truth,contamination_asymmetric_eps_0p001,normal_contamination_asymmetric,750,all,200,200,1.0,0.9811546736227335,1.0,0.025,0.010724719651761264,0.05717834040664198,0.975,0.942821659593358,0.9892752803482386
v3_oracle_simulation_truth,contamination_asymmetric_eps_0p001,normal_contamination_asymmetric,750,acceptable,200,0,0.0,1.734723475976807e-18,0.018845326377266575,,,,,,
v3_oracle_simulation_truth,contamination_asymmetric_eps_0p001,normal_contamination_asymmetric,750,caution,200,181,0.905,0.8563983883518006,0.9383368972826135,0.022099447513812154,0.008626812097932448,0.055435973903886326,0.9779005524861878,0.9445640260961137,0.9913731879020675
v3_oracle_simulation_truth,contamination_asymmetric_eps_0p001,normal_contamination_asymmetric,750,insufficient,200,19,0.095,0.06166310271738653,0.1436016116481994,0.05263157894736842,0.009351994062300362,0.24638731166898786,0.9473684210526315,0.753612688331012,0.9906480059376995
v2,contamination_asymmetric_eps_0p001,normal_contamination_asymmetric,2000,all,200,200,1.0,0.9811546736227335,1.0,0.045,0.023852543001492997,0.0832967040018196,0.955,0.9167032959981803,0.976147456998507
v2,contamination_asymmetric_eps_0p001,normal_contamination_asymmetric,2000,acceptable,200,13,0.065,0.03837635464915299,0.10801907929906895,0.15384615384615385,0.043258178358081184,0.4223463101948254,0.8461538461538461,0.5776536898051745,0.9567418216419186
v2,contamination_asymmetric_eps_0p001,normal_contamination_asymmetric,2000,caution,200,180,0.9,0.8505941875672826,0.9343295513309041,0.027777777777777776,0.011922122033089549,0.06336807044843389,0.9722222222222222,0.936631929551566,0.9880778779669105
v2,contamination_asymmetric_eps_0p001,normal_contamination_asymmetric,2000,insufficient,200,7,0.035,0.017055542008567192,0.07047061152229073,0.2857142857142857,0.08221892400405678,0.6410655481673808,0.7142857142857143,0.35893445183261935,0.9177810759959433
v3_default,contamination_asymmetric_eps_0p001,normal_contamination_asymmetric,2000,all,200,200,1.0,0.9811546736227335,1.0,0.045,0.023852543001492997,0.0832967040018196,0.955,0.9167032959981803,0.976147456998507
v3_default,contamination_asymmetric_eps_0p001,normal_contamination_asymmetric,2000,acceptable,200,0,0.0,1.734723475976807e-18,0.018845326377266575,,,,,,
v3_default,contamination_asymmetric_eps_0p001,normal_contamination_asymmetric,2000,caution,200,184,0.92,0.874010511732856,0.9501594141102401,0.03804347826086957,0.0185483447107941,0.07643313026659554,0.9619565217391305,0.9235668697334045,0.9814516552892059
v3_default,contamination_asymmetric_eps_0p001,normal_contamination_asymmetric,2000,insufficient,200,16,0.08,0.049840585889759974,0.12598948826714396,0.125,0.03497748774324047,0.36022827265758695,0.875,0.639771727342413,0.9650225122567595
v3_oracle_simulation_truth,contamination_asymmetric_eps_0p001,normal_contamination_asymmetric,2000,all,200,200,1.0,0.9811546736227335,1.0,0.045,0.023852543001492997,0.0832967040018196,0.955,0.9167032959981803,0.976147456998507
v3_oracle_simulation_truth,contamination_asymmetric_eps_0p001,normal_contamination_asymmetric,2000,acceptable,200,0,0.0,1.734723475976807e-18,0.018845326377266575,,,,,,
v3_oracle_simulation_truth,contamination_asymmetric_eps_0p001,normal_contamination_asymmetric,2000,caution,200,184,0.92,0.874010511732856,0.9501594141102401,0.03804347826086957,0.0185483447107941,0.07643313026659554,0.9619565217391305,0.9235668697334045,0.9814516552892059
v3_oracle_simulation_truth,contamination_asymmetric_eps_0p001,normal_contamination_asymmetric,2000,insufficient,200,16,0.08,0.049840585889759974,0.12598948826714396,0.125,0.03497748774324047,0.36022827265758695,0.875,0.639771727342413,0.9650225122567595
v2,contamination_asymmetric_eps_0p005,normal_contamination_asymmetric,5,all,200,200,1.0,0.9811546736227335,1.0,0.055,0.03098534170345884,0.0957869987723084,0.945,0.9042130012276914,0.9690146582965411
v2,contamination_asymmetric_eps_0p005,normal_contamination_asymmetric,5,acceptable,200,139,0.695,0.6280144790202163,0.7546358436926496,0.03597122302158273,0.015460841127593335,0.08144000919254388,0.9640287769784173,0.9185599908074561,0.9845391588724067
v2,contamination_asymmetric_eps_0p005,normal_contamination_asymmetric,5,caution,200,0,0.0,1.734723475976807e-18,0.018845326377266575,,,,,,
v2,contamination_asymmetric_eps_0p005,normal_contamination_asymmetric,5,insufficient,200,61,0.305,0.24536415630735034,0.37198552097978366,0.09836065573770492,0.04586457581547049,0.19844607216825946,0.9016393442622951,0.8015539278317405,0.9541354241845295
v3_default,contamination_asymmetric_eps_0p005,normal_contamination_asymmetric,5,all,200,200,1.0,0.9811546736227335,1.0,0.055,0.03098534170345884,0.0957869987723084,0.945,0.9042130012276914,0.9690146582965411
v3_default,contamination_asymmetric_eps_0p005,normal_contamination_asymmetric,5,acceptable,200,0,0.0,1.734723475976807e-18,0.018845326377266575,,,,,,
v3_default,contamination_asymmetric_eps_0p005,normal_contamination_asymmetric,5,caution,200,200,1.0,0.9811546736227335,1.0,0.055,0.03098534170345884,0.0957869987723084,0.945,0.9042130012276914,0.9690146582965411
v3_default,contamination_asymmetric_eps_0p005,normal_contamination_asymmetric,5,insufficient,200,0,0.0,1.734723475976807e-18,0.018845326377266575,,,,,,
v3_oracle_simulation_truth,contamination_asymmetric_eps_0p005,normal_contamination_asymmetric,5,all,200,200,1.0,0.9811546736227335,1.0,0.055,0.03098534170345884,0.0957869987723084,0.945,0.9042130012276914,0.9690146582965411
v3_oracle_simulation_truth,contamination_asymmetric_eps_0p005,normal_contamination_asymmetric,5,acceptable,200,0,0.0,1.734723475976807e-18,0.018845326377266575,,,,,,
v3_oracle_simulation_truth,contamination_asymmetric_eps_0p005,normal_contamination_asymmetric,5,caution,200,200,1.0,0.9811546736227335,1.0,0.055,0.03098534170345884,0.0957869987723084,0.945,0.9042130012276914,0.9690146582965411
v3_oracle_simulation_truth,contamination_asymmetric_eps_0p005,normal_contamination_asymmetric,5,insufficient,200,0,0.0,1.734723475976807e-18,0.018845326377266575,,,,,,
v2,contamination_asymmetric_eps_0p005,normal_contamination_asymmetric,8,all,200,200,1.0,0.9811546736227335,1.0,0.04,0.020405632066152306,0.07693206820093293,0.96,0.923067931799067,0.9795943679338476
v2,contamination_asymmetric_eps_0p005,normal_contamination_asymmetric,8,acceptable,200,148,0.74,0.6750925439746589,0.7958616993642531,0.0472972972972973,0.023096998492809107,0.09440357716856325,0.9527027027027027,0.9055964228314368,0.9769030015071909
v2,contamination_asymmetric_eps_0p005,normal_contamination_asymmetric,8,caution,200,0,0.0,1.734723475976807e-18,0.018845326377266575,,,,,,
v2,contamination_asymmetric_eps_0p005,normal_contamination_asymmetric,8,insufficient,200,52,0.26,0.20413830063574687,0.32490745602534116,0.019230769230769232,0.0034028080709451597,0.10120511127892247,0.9807692307692307,0.8987948887210774,0.9965971919290547
v3_default,contamination_asymmetric_eps_0p005,normal_contamination_asymmetric,8,all,200,200,1.0,0.9811546736227335,1.0,0.04,0.020405632066152306,0.07693206820093293,0.96,0.923067931799067,0.9795943679338476
v3_default,contamination_asymmetric_eps_0p005,normal_contamination_asymmetric,8,acceptable,200,0,0.0,1.734723475976807e-18,0.018845326377266575,,,,,,
v3_default,contamination_asymmetric_eps_0p005,normal_contamination_asymmetric,8,caution,200,200,1.0,0.9811546736227335,1.0,0.04,0.020405632066152306,0.07693206820093293,0.96,0.923067931799067,0.9795943679338476
v3_default,contamination_asymmetric_eps_0p005,normal_contamination_asymmetric,8,insufficient,200,0,0.0,1.734723475976807e-18,0.018845326377266575,,,,,,
v3_oracle_simulation_truth,contamination_asymmetric_eps_0p005,normal_contamination_asymmetric,8,all,200,200,1.0,0.9811546736227335,1.0,0.04,0.020405632066152306,0.07693206820093293,0.96,0.923067931799067,0.9795943679338476
v3_oracle_simulation_truth,contamination_asymmetric_eps_0p005,normal_contamination_asymmetric,8,acceptable,200,0,0.0,1.734723475976807e-18,0.018845326377266575,,,,,,
v3_oracle_simulation_truth,contamination_asymmetric_eps_0p005,normal_contamination_asymmetric,8,caution,200,200,1.0,0.9811546736227335,1.0,0.04,0.020405632066152306,0.07693206820093293,0.96,0.923067931799067,0.9795943679338476
v3_oracle_simulation_truth,contamination_asymmetric_eps_0p005,normal_contamination_asymmetric,8,insufficient,200,0,0.0,1.734723475976807e-18,0.018845326377266575,,,,,,
v2,contamination_asymmetric_eps_0p005,normal_contamination_asymmetric,10,all,200,200,1.0,0.9811546736227335,1.0,0.055,0.03098534170345884,0.0957869987723084,0.945,0.9042130012276914,0.9690146582965411
v2,contamination_asymmetric_eps_0p005,normal_contamination_asymmetric,10,acceptable,200,145,0.725,0.6593166064233035,0.7822029967069265,0.06206896551724138,0.032995082413584675,0.11374802930911102,0.9379310344827586,0.886251970690889,0.9670049175864154
v2,contamination_asymmetric_eps_0p005,normal_contamination_asymmetric,10,caution,200,0,0.0,1.734723475976807e-18,0.018845326377266575,,,,,,
v2,contamination_asymmetric_eps_0p005,normal_contamination_asymmetric,10,insufficient,200,55,0.275,0.21779700329307355,0.34068339357669647,0.03636363636363636,0.01002954128933356,0.12323463974651017,0.9636363636363636,0.8767653602534898,0.9899704587106665
v3_default,contamination_asymmetric_eps_0p005,normal_contamination_asymmetric,10,all,200,200,1.0,0.9811546736227335,1.0,0.055,0.03098534170345884,0.0957869987723084,0.945,0.9042130012276914,0.9690146582965411
v3_default,contamination_asymmetric_eps_0p005,normal_contamination_asymmetric,10,acceptable,200,0,0.0,1.734723475976807e-18,0.018845326377266575,,,,,,
v3_default,contamination_asymmetric_eps_0p005,normal_contamination_asymmetric,10,caution,200,200,1.0,0.9811546736227335,1.0,0.055,0.03098534170345884,0.0957869987723084,0.945,0.9042130012276914,0.9690146582965411
v3_default,contamination_asymmetric_eps_0p005,normal_contamination_asymmetric,10,insufficient,200,0,0.0,1.734723475976807e-18,0.018845326377266575,,,,,,
v3_oracle_simulation_truth,contamination_asymmetric_eps_0p005,normal_contamination_asymmetric,10,all,200,200,1.0,0.9811546736227335,1.0,0.055,0.03098534170345884,0.0957869987723084,0.945,0.9042130012276914,0.9690146582965411
v3_oracle_simulation_truth,contamination_asymmetric_eps_0p005,normal_contamination_asymmetric,10,acceptable,200,0,0.0,1.734723475976807e-18,0.018845326377266575,,,,,,
v3_oracle_simulation_truth,contamination_asymmetric_eps_0p005,normal_contamination_asymmetric,10,caution,200,200,1.0,0.9811546736227335,1.0,0.055,0.03098534170345884,0.0957869987723084,0.945,0.9042130012276914,0.9690146582965411
v3_oracle_simulation_truth,contamination_asymmetric_eps_0p005,normal_contamination_asymmetric,10,insufficient,200,0,0.0,1.734723475976807e-18,0.018845326377266575,,,,,,
v2,contamination_asymmetric_eps_0p005,normal_contamination_asymmetric,15,all,200,200,1.0,0.9811546736227335,1.0,0.055,0.03098534170345884,0.0957869987723084,0.945,0.9042130012276914,0.9690146582965411
v2,contamination_asymmetric_eps_0p005,normal_contamination_asymmetric,15,acceptable,200,151,0.755,0.6909575644379659,0.8094313191096282,0.059602649006622516,0.03167075659834807,0.10938616050281708,0.9403973509933775,0.890613839497183,0.9683292434016519
v2,contamination_asymmetric_eps_0p005,normal_contamination_asymmetric,15,caution,200,0,0.0,1.734723475976807e-18,0.018845326377266575,,,,,,
v2,contamination_asymmetric_eps_0p005,normal_contamination_asymmetric,15,insufficient,200,49,0.245,0.1905686808903718,0.30904243556203415,0.04081632653061224,0.011265633366185787,0.13713032306080064,0.9591836734693877,0.8628696769391992,0.9887343666338142
v3_default,contamination_asymmetric_eps_0p005,normal_contamination_asymmetric,15,all,200,200,1.0,0.9811546736227335,1.0,0.055,0.03098534170345884,0.0957869987723084,0.945,0.9042130012276914,0.9690146582965411
v3_default,contamination_asymmetric_eps_0p005,normal_contamination_asymmetric,15,acceptable,200,0,0.0,1.734723475976807e-18,0.018845326377266575,,,,,,
v3_default,contamination_asymmetric_eps_0p005,normal_contamination_asymmetric,15,caution,200,188,0.94,0.8980683070423372,0.9653478057456681,0.05851063829787234,0.03298211599561597,0.10172004369160272,0.9414893617021277,0.8982799563083974,0.9670178840043842
v3_default,contamination_asymmetric_eps_0p005,normal_contamination_asymmetric,15,insufficient,200,12,0.06,0.03465219425433187,0.1019316929576627,0.0,2.7755575615628914e-17,0.24249400665524085,1.0,0.7575059933447592,1.0
v3_oracle_simulation_truth,contamination_asymmetric_eps_0p005,normal_contamination_asymmetric,15,all,200,200,1.0,0.9811546736227335,1.0,0.055,0.03098534170345884,0.0957869987723084,0.945,0.9042130012276914,0.9690146582965411
v3_oracle_simulation_truth,contamination_asymmetric_eps_0p005,normal_contamination_asymmetric,15,acceptable,200,0,0.0,1.734723475976807e-18,0.018845326377266575,,,,,,
v3_oracle_simulation_truth,contamination_asymmetric_eps_0p005,normal_contamination_asymmetric,15,caution,200,188,0.94,0.8980683070423372,0.9653478057456681,0.05851063829787234,0.03298211599561597,0.10172004369160272,0.9414893617021277,0.8982799563083974,0.9670178840043842
v3_oracle_simulation_truth,contamination_asymmetric_eps_0p005,normal_contamination_asymmetric,15,insufficient,200,12,0.06,0.03465219425433187,0.1019316929576627,0.0,2.7755575615628914e-17,0.24249400665524085,1.0,0.7575059933447592,1.0
v2,contamination_asymmetric_eps_0p005,normal_contamination_asymmetric,20,all,200,200,1.0,0.9811546736227335,1.0,0.05,0.02738264560076393,0.08957814813877599,0.95,0.9104218518612239,0.972617354399236
v2,contamination_asymmetric_eps_0p005,normal_contamination_asymmetric,20,acceptable,200,160,0.8,0.7391448134346212,0.8495479907390189,0.0625,0.034299666746119624,0.11121575402894743,0.9375,0.8887842459710525,0.9657003332538804
v2,contamination_asymmetric_eps_0p005,normal_contamination_asymmetric,20,caution,200,0,0.0,1.734723475976807e-18,0.018845326377266575,,,,,,
v2,contamination_asymmetric_eps_0p005,normal_contamination_asymmetric,20,insufficient,200,40,0.2,0.15045200926098115,0.2608551865653788,0.0,0.0,0.08762160119728664,1.0,0.9123783988027135,1.0000000000000002
v3_default,contamination_asymmetric_eps_0p005,normal_contamination_asymmetric,20,all,200,200,1.0,0.9811546736227335,1.0,0.05,0.02738264560076393,0.08957814813877599,0.95,0.9104218518612239,0.972617354399236
v3_default,contamination_asymmetric_eps_0p005,normal_contamination_asymmetric,20,acceptable,200,0,0.0,1.734723475976807e-18,0.018845326377266575,,,,,,
v3_default,contamination_asymmetric_eps_0p005,normal_contamination_asymmetric,20,caution,200,189,0.945,0.9042130012276914,0.9690146582965411,0.05291005291005291,0.028990353541727513,0.09464207989086826,0.9470899470899471,0.9053579201091317,0.9710096464582725
v3_default,contamination_asymmetric_eps_0p005,normal_contamination_asymmetric,20,insufficient,200,11,0.055,0.03098534170345884,0.0957869987723084,0.0,0.0,0.2588329669680317,1.0,0.7411670330319684,1.0
v3_oracle_simulation_truth,contamination_asymmetric_eps_0p005,normal_contamination_asymmetric,20,all,200,200,1.0,0.9811546736227335,1.0,0.05,0.02738264560076393,0.08957814813877599,0.95,0.9104218518612239,0.972617354399236
v3_oracle_simulation_truth,contamination_asymmetric_eps_0p005,normal_contamination_asymmetric,20,acceptable,200,0,0.0,1.734723475976807e-18,0.018845326377266575,,,,,,
v3_oracle_simulation_truth,contamination_asymmetric_eps_0p005,normal_contamination_asymmetric,20,caution,200,189,0.945,0.9042130012276914,0.9690146582965411,0.05291005291005291,0.028990353541727513,0.09464207989086826,0.9470899470899471,0.9053579201091317,0.9710096464582725
v3_oracle_simulation_truth,contamination_asymmetric_eps_0p005,normal_contamination_asymmetric,20,insufficient,200,11,0.055,0.03098534170345884,0.0957869987723084,0.0,0.0,0.2588329669680317,1.0,0.7411670330319684,1.0
v2,contamination_asymmetric_eps_0p005,normal_contamination_asymmetric,30,all,200,200,1.0,0.9811546736227335,1.0,0.05,0.02738264560076393,0.08957814813877599,0.95,0.9104218518612239,0.972617354399236
v2,contamination_asymmetric_eps_0p005,normal_contamination_asymmetric,30,acceptable,200,166,0.83,0.7718411637168737,0.8757209208741302,0.05421686746987952,0.0287826798789121,0.09981642055482064,0.9457831325301205,0.9001835794451793,0.9712173201210879
v2,contamination_asymmetric_eps_0p005,normal_contamination_asymmetric,30,caution,200,0,0.0,1.734723475976807e-18,0.018845326377266575,,,,,,
v2,contamination_asymmetric_eps_0p005,normal_contamination_asymmetric,30,insufficient,200,34,0.17,0.12427907912586969,0.22815883628312625,0.029411764705882353,0.0052109062762689395,0.1491557329268593,0.9705882352941176,0.8508442670731406,0.9947890937237309
v3_default,contamination_asymmetric_eps_0p005,normal_contamination_asymmetric,30,all,200,200,1.0,0.9811546736227335,1.0,0.05,0.02738264560076393,0.08957814813877599,0.95,0.9104218518612239,0.972617354399236
v3_default,contamination_asymmetric_eps_0p005,normal_contamination_asymmetric,30,acceptable,200,0,0.0,1.734723475976807e-18,0.018845326377266575,,,,,,
v3_default,contamination_asymmetric_eps_0p005,normal_contamination_asymmetric,30,caution,200,182,0.91,0.8622342812328346,0.9423125511378069,0.054945054945054944,0.030115560859728503,0.09817367541718397,0.945054945054945,0.9018263245828161,0.9698844391402716
v3_default,contamination_asymmetric_eps_0p005,normal_contamination_asymmetric,30,insufficient,200,18,0.09,0.05768744886219316,0.13776571876716542,0.0,0.0,0.17587922364665765,1.0,0.8241207763533425,1.0
v3_oracle_simulation_truth,contamination_asymmetric_eps_0p005,normal_contamination_asymmetric,30,all,200,200,1.0,0.9811546736227335,1.0,0.05,0.02738264560076393,0.08957814813877599,0.95,0.9104218518612239,0.972617354399236
v3_oracle_simulation_truth,contamination_asymmetric_eps_0p005,normal_contamination_asymmetric,30,acceptable,200,0,0.0,1.734723475976807e-18,0.018845326377266575,,,,,,
v3_oracle_simulation_truth,contamination_asymmetric_eps_0p005,normal_contamination_asymmetric,30,caution,200,182,0.91,0.8622342812328346,0.9423125511378069,0.054945054945054944,0.030115560859728503,0.09817367541718397,0.945054945054945,0.9018263245828161,0.9698844391402716
v3_oracle_simulation_truth,contamination_asymmetric_eps_0p005,normal_contamination_asymmetric,30,insufficient,200,18,0.09,0.05768744886219316,0.13776571876716542,0.0,0.0,0.17587922364665765,1.0,0.8241207763533425,1.0
v2,contamination_asymmetric_eps_0p005,normal_contamination_asymmetric,40,all,200,200,1.0,0.9811546736227335,1.0,0.045,0.023852543001492997,0.0832967040018196,0.955,0.9167032959981803,0.976147456998507
v2,contamination_asymmetric_eps_0p005,normal_contamination_asymmetric,40,acceptable,200,154,0.77,0.7069169563469642,0.8229065674093119,0.05844155844155844,0.031047680593304497,0.10732825044459694,0.9415584415584416,0.8926717495554031,0.9689523194066956
v2,contamination_asymmetric_eps_0p005,normal_contamination_asymmetric,40,caution,200,5,0.025,0.010724719651761264,0.05717834040664198,0.0,0.0,0.43448246478317476,1.0,0.5655175352168251,1.0
v2,contamination_asymmetric_eps_0p005,normal_contamination_asymmetric,40,insufficient,200,41,0.205,0.15486176203836208,0.26625698052422514,0.0,-6.938893903907228e-18,0.08566757018443186,1.0,0.9143324298155681,0.9999999999999999
v3_default,contamination_asymmetric_eps_0p005,normal_contamination_asymmetric,40,all,200,200,1.0,0.9811546736227335,1.0,0.045,0.023852543001492997,0.0832967040018196,0.955,0.9167032959981803,0.976147456998507
v3_default,contamination_asymmetric_eps_0p005,normal_contamination_asymmetric,40,acceptable,200,0,0.0,1.734723475976807e-18,0.018845326377266575,,,,,,
v3_default,contamination_asymmetric_eps_0p005,normal_contamination_asymmetric,40,caution,200,161,0.805,0.7445595562538726,0.8539447946559949,0.055900621118012424,0.029685004208314075,0.10281478666318089,0.9440993788819876,0.897185213336819,0.9703149957916859
v3_default,contamination_asymmetric_eps_0p005,normal_contamination_asymmetric,40,insufficient,200,39,0.195,0.1460552053440051,0.25544044374612745,0.0,-6.938893903907228e-18,0.08966685370757144,1.0,0.9103331462924287,1.0
v3_oracle_simulation_truth,contamination_asymmetric_eps_0p005,normal_contamination_asymmetric,40,all,200,200,1.0,0.9811546736227335,1.0,0.045,0.023852543001492997,0.0832967040018196,0.955,0.9167032959981803,0.976147456998507
v3_oracle_simulation_truth,contamination_asymmetric_eps_0p005,normal_contamination_asymmetric,40,acceptable,200,0,0.0,1.734723475976807e-18,0.018845326377266575,,,,,,
v3_oracle_simulation_truth,contamination_asymmetric_eps_0p005,normal_contamination_asymmetric,40,caution,200,161,0.805,0.7445595562538726,0.8539447946559949,0.055900621118012424,0.029685004208314075,0.10281478666318089,0.9440993788819876,0.897185213336819,0.9703149957916859
v3_oracle_simulation_truth,contamination_asymmetric_eps_0p005,normal_contamination_asymmetric,40,insufficient,200,39,0.195,0.1460552053440051,0.25544044374612745,0.0,-6.938893903907228e-18,0.08966685370757144,1.0,0.9103331462924287,1.0
v2,contamination_asymmetric_eps_0p005,normal_contamination_asymmetric,50,all,200,200,1.0,0.9811546736227335,1.0,0.03,0.013820314340111346,0.06389429245451925,0.97,0.9361057075454807,0.9861796856598887
v2,contamination_asymmetric_eps_0p005,normal_contamination_asymmetric,50,acceptable,200,143,0.715,0.6488465397039482,0.7730499699538271,0.03496503496503497,0.015025721955368145,0.07923552368913148,0.965034965034965,0.9207644763108684,0.9849742780446318
v2,contamination_asymmetric_eps_0p005,normal_contamination_asymmetric,50,caution,200,9,0.045,0.023852543001492997,0.0832967040018196,0.1111111111111111,0.019890887638544907,0.434999705576656,0.8888888888888888,0.5650002944233439,0.9801091123614551
v2,contamination_asymmetric_eps_0p005,normal_contamination_asymmetric,50,insufficient,200,48,0.24,0.1860661599241369,0.30373340979204166,0.0,6.938893903907228e-18,0.07410012966611748,1.0,0.9258998703338824,0.9999999999999999
v3_default,contamination_asymmetric_eps_0p005,normal_contamination_asymmetric,50,all,200,200,1.0,0.9811546736227335,1.0,0.03,0.013820314340111346,0.06389429245451925,0.97,0.9361057075454807,0.9861796856598887
v3_default,contamination_asymmetric_eps_0p005,normal_contamination_asymmetric,50,acceptable,200,0,0.0,1.734723475976807e-18,0.018845326377266575,,,,,,
v3_default,contamination_asymmetric_eps_0p005,normal_contamination_asymmetric,50,caution,200,157,0.785,0.7229769265100339,0.8362812374549242,0.03821656050955414,0.017630657582683548,0.08086048354999023,0.9617834394904459,0.9191395164500097,0.9823693424173164
v3_default,contamination_asymmetric_eps_0p005,normal_contamination_asymmetric,50,insufficient,200,43,0.215,0.1637187625450758,0.27702307348996613,0.0,0.0,0.08200980322579117,1.0,0.9179901967742088,1.0
v3_oracle_simulation_truth,contamination_asymmetric_eps_0p005,normal_contamination_asymmetric,50,all,200,200,1.0,0.9811546736227335,1.0,0.03,0.013820314340111346,0.06389429245451925,0.97,0.9361057075454807,0.9861796856598887
v3_oracle_simulation_truth,contamination_asymmetric_eps_0p005,normal_contamination_asymmetric,50,acceptable,200,0,0.0,1.734723475976807e-18,0.018845326377266575,,,,,,
v3_oracle_simulation_truth,contamination_asymmetric_eps_0p005,normal_contamination_asymmetric,50,caution,200,157,0.785,0.7229769265100339,0.8362812374549242,0.03821656050955414,0.017630657582683548,0.08086048354999023,0.9617834394904459,0.9191395164500097,0.9823693424173164
v3_oracle_simulation_truth,contamination_asymmetric_eps_0p005,normal_contamination_asymmetric,50,insufficient,200,43,0.215,0.1637187625450758,0.27702307348996613,0.0,0.0,0.08200980322579117,1.0,0.9179901967742088,1.0
v2,contamination_asymmetric_eps_0p005,normal_contamination_asymmetric,80,all,200,200,1.0,0.9811546736227335,1.0,0.055,0.03098534170345884,0.0957869987723084,0.945,0.9042130012276914,0.9690146582965411
v2,contamination_asymmetric_eps_0p005,normal_contamination_asymmetric,80,acceptable,200,128,0.64,0.5714152816600309,0.7033080269543346,0.0703125,0.03742976830393997,0.12823480349360633,0.9296875,0.8717651965063937,0.96257023169606
v2,contamination_asymmetric_eps_0p005,normal_contamination_asymmetric,80,caution,200,10,0.05,0.02738264560076393,0.08957814813877599,0.1,0.017876213095072896,0.4041500267952385,0.9,0.5958499732047615,0.9821237869049271
v2,contamination_asymmetric_eps_0p005,normal_contamination_asymmetric,80,insufficient,200,62,0.31,0.2499894483607809,0.37717177566258037,0.016129032258064516,0.002852867168621827,0.08586720260689992,0.9838709677419355,0.9141327973931,0.9971471328313782
v3_default,contamination_asymmetric_eps_0p005,normal_contamination_asymmetric,80,all,200,200,1.0,0.9811546736227335,1.0,0.055,0.03098534170345884,0.0957869987723084,0.945,0.9042130012276914,0.9690146582965411
v3_default,contamination_asymmetric_eps_0p005,normal_contamination_asymmetric,80,acceptable,200,0,0.0,1.734723475976807e-18,0.018845326377266575,,,,,,
v3_default,contamination_asymmetric_eps_0p005,normal_contamination_asymmetric,80,caution,200,138,0.69,0.6228282243374195,0.750010551639219,0.07246376811594203,0.039834286943926704,0.1282509754251864,0.927536231884058,0.8717490245748136,0.9601657130560732
v3_default,contamination_asymmetric_eps_0p005,normal_contamination_asymmetric,80,insufficient,200,62,0.31,0.2499894483607809,0.37717177566258037,0.016129032258064516,0.002852867168621827,0.08586720260689992,0.9838709677419355,0.9141327973931,0.9971471328313782
v3_oracle_simulation_truth,contamination_asymmetric_eps_0p005,normal_contamination_asymmetric,80,all,200,200,1.0,0.9811546736227335,1.0,0.055,0.03098534170345884,0.0957869987723084,0.945,0.9042130012276914,0.9690146582965411
v3_oracle_simulation_truth,contamination_asymmetric_eps_0p005,normal_contamination_asymmetric,80,acceptable,200,0,0.0,1.734723475976807e-18,0.018845326377266575,,,,,,
v3_oracle_simulation_truth,contamination_asymmetric_eps_0p005,normal_contamination_asymmetric,80,caution,200,138,0.69,0.6228282243374195,0.750010551639219,0.07246376811594203,0.039834286943926704,0.1282509754251864,0.927536231884058,0.8717490245748136,0.9601657130560732
v3_oracle_simulation_truth,contamination_asymmetric_eps_0p005,normal_contamination_asymmetric,80,insufficient,200,62,0.31,0.2499894483607809,0.37717177566258037,0.016129032258064516,0.002852867168621827,0.08586720260689992,0.9838709677419355,0.9141327973931,0.9971471328313782
v2,contamination_asymmetric_eps_0p005,normal_contamination_asymmetric,100,all,5000,5000,1.0,0.9992322980549431,1.0000000000000002,0.0568,0.050718061546595514,0.06356242945750314,0.9432,0.936437570542497,0.9492819384534046
v2,contamination_asymmetric_eps_0p005,normal_contamination_asymmetric,100,acceptable,5000,2711,0.5422,0.5283632782389289,0.5559719277169084,0.08188860199188491,0.07214907599254508,0.09281137035898254,0.918111398008115,0.9071886296410174,0.9278509240074548
v2,contamination_asymmetric_eps_0p005,normal_contamination_asymmetric,100,caution,5000,278,0.0556,0.049582913854809285,0.06229941963395749,0.08633093525179857,0.05869931263435811,0.1252390583832123,0.9136690647482014,0.8747609416167877,0.9413006873656419
v2,contamination_asymmetric_eps_0p005,normal_contamination_asymmetric,100,insufficient,5000,2011,0.4022,0.38868875808366476,0.41586140441678854,0.018896071606166086,0.013797730551680102,0.02582894005863486,0.9811039283938339,0.9741710599413651,0.9862022694483199
v3_default,contamination_asymmetric_eps_0p005,normal_contamination_asymmetric,100,all,5000,5000,1.0,0.9992322980549431,1.0000000000000002,0.0568,0.050718061546595514,0.06356242945750314,0.9432,0.936437570542497,0.9492819384534046
v3_default,contamination_asymmetric_eps_0p005,normal_contamination_asymmetric,100,acceptable,5000,0,0.0,0.0,0.0007677019450571244,,,,,,
v3_default,contamination_asymmetric_eps_0p005,normal_contamination_asymmetric,100,caution,5000,3012,0.6024,0.5887610876239092,0.6158816870177432,0.08167330677290836,0.07241741214834437,0.09199489718259325,0.9183266932270916,0.9080051028174067,0.9275825878516556
v3_default,contamination_asymmetric_eps_0p005,normal_contamination_asymmetric,100,insufficient,5000,1988,0.3976,0.38411831298225696,0.4112389123760909,0.019114688128772636,0.01395771534751223,0.02612652854003377,0.9808853118712274,0.9738734714599663,0.9860422846524878
v3_oracle_simulation_truth,contamination_asymmetric_eps_0p005,normal_contamination_asymmetric,100,all,5000,5000,1.0,0.9992322980549431,1.0000000000000002,0.0568,0.050718061546595514,0.06356242945750314,0.9432,0.936437570542497,0.9492819384534046
v3_oracle_simulation_truth,contamination_asymmetric_eps_0p005,normal_contamination_asymmetric,100,acceptable,5000,0,0.0,0.0,0.0007677019450571244,,,,,,
v3_oracle_simulation_truth,contamination_asymmetric_eps_0p005,normal_contamination_asymmetric,100,caution,5000,3012,0.6024,0.5887610876239092,0.6158816870177432,0.08167330677290836,0.07241741214834437,0.09199489718259325,0.9183266932270916,0.9080051028174067,0.9275825878516556
v3_oracle_simulation_truth,contamination_asymmetric_eps_0p005,normal_contamination_asymmetric,100,insufficient,5000,1988,0.3976,0.38411831298225696,0.4112389123760909,0.019114688128772636,0.01395771534751223,0.02612652854003377,0.9808853118712274,0.9738734714599663,0.9860422846524878
v2,contamination_asymmetric_eps_0p005,normal_contamination_asymmetric,200,all,200,200,1.0,0.9811546736227335,1.0,0.045,0.023852543001492997,0.0832967040018196,0.955,0.9167032959981803,0.976147456998507
v2,contamination_asymmetric_eps_0p005,normal_contamination_asymmetric,200,acceptable,200,48,0.24,0.1860661599241369,0.30373340979204166,0.16666666666666666,0.08695513576485567,0.295778284012556,0.8333333333333334,0.7042217159874441,0.9130448642351444
v2,contamination_asymmetric_eps_0p005,normal_contamination_asymmetric,200,caution,200,16,0.08,0.049840585889759974,0.12598948826714396,0.0,0.0,0.1936076805344365,1.0,0.8063923194655637,1.0000000000000002
v2,contamination_asymmetric_eps_0p005,normal_contamination_asymmetric,200,insufficient,200,136,0.68,0.6124810156588646,0.7407346668453195,0.007352941176470588,0.001299156036095813,0.04047285399552214,0.9926470588235294,0.9595271460044779,0.9987008439639042
v3_default,contamination_asymmetric_eps_0p005,normal_contamination_asymmetric,200,all,200,200,1.0,0.9811546736227335,1.0,0.045,0.023852543001492997,0.0832967040018196,0.955,0.9167032959981803,0.976147456998507
v3_default,contamination_asymmetric_eps_0p005,normal_contamination_asymmetric,200,acceptable,200,0,0.0,1.734723475976807e-18,0.018845326377266575,,,,,,
v3_default,contamination_asymmetric_eps_0p005,normal_contamination_asymmetric,200,caution,200,64,0.32,0.25926533315468053,0.38751898434113546,0.125,0.06472242663330453,0.22774561821129946,0.875,0.7722543817887005,0.9352775733666955
v3_default,contamination_asymmetric_eps_0p005,normal_contamination_asymmetric,200,insufficient,200,136,0.68,0.6124810156588646,0.7407346668453195,0.007352941176470588,0.001299156036095813,0.04047285399552214,0.9926470588235294,0.9595271460044779,0.9987008439639042
v3_oracle_simulation_truth,contamination_asymmetric_eps_0p005,normal_contamination_asymmetric,200,all,200,200,1.0,0.9811546736227335,1.0,0.045,0.023852543001492997,0.0832967040018196,0.955,0.9167032959981803,0.976147456998507
v3_oracle_simulation_truth,contamination_asymmetric_eps_0p005,normal_contamination_asymmetric,200,acceptable,200,0,0.0,1.734723475976807e-18,0.018845326377266575,,,,,,
v3_oracle_simulation_truth,contamination_asymmetric_eps_0p005,normal_contamination_asymmetric,200,caution,200,64,0.32,0.25926533315468053,0.38751898434113546,0.125,0.06472242663330453,0.22774561821129946,0.875,0.7722543817887005,0.9352775733666955
v3_oracle_simulation_truth,contamination_asymmetric_eps_0p005,normal_contamination_asymmetric,200,insufficient,200,136,0.68,0.6124810156588646,0.7407346668453195,0.007352941176470588,0.001299156036095813,0.04047285399552214,0.9926470588235294,0.9595271460044779,0.9987008439639042
v2,contamination_asymmetric_eps_0p005,normal_contamination_asymmetric,500,all,200,200,1.0,0.9811546736227335,1.0,0.03,0.013820314340111346,0.06389429245451925,0.97,0.9361057075454807,0.9861796856598887
v2,contamination_asymmetric_eps_0p005,normal_contamination_asymmetric,500,acceptable,200,11,0.055,0.03098534170345884,0.0957869987723084,0.2727272727272727,0.09746059290024889,0.5656453011761291,0.7272727272727273,0.43435469882387084,0.902539407099751
v2,contamination_asymmetric_eps_0p005,normal_contamination_asymmetric,500,caution,200,49,0.245,0.1905686808903718,0.30904243556203415,0.061224489795918366,0.02104014667296747,0.16520487835726402,0.9387755102040817,0.834795121642736,0.9789598533270324
v2,contamination_asymmetric_eps_0p005,normal_contamination_asymmetric,500,insufficient,200,140,0.7,0.6332093162728074,0.7592525531762859,0.0,1.734723475976807e-18,0.026706200369412993,1.0,0.9732937996305869,0.9999999999999999
v3_default,contamination_asymmetric_eps_0p005,normal_contamination_asymmetric,500,all,200,200,1.0,0.9811546736227335,1.0,0.03,0.013820314340111346,0.06389429245451925,0.97,0.9361057075454807,0.9861796856598887
v3_default,contamination_asymmetric_eps_0p005,normal_contamination_asymmetric,500,acceptable,200,0,0.0,1.734723475976807e-18,0.018845326377266575,,,,,,
v3_default,contamination_asymmetric_eps_0p005,normal_contamination_asymmetric,500,caution,200,55,0.275,0.21779700329307355,0.34068339357669647,0.10909090909090909,0.05096725000782336,0.21825549086553508,0.8909090909090909,0.7817445091344648,0.9490327499921767
v3_default,contamination_asymmetric_eps_0p005,normal_contamination_asymmetric,500,insufficient,200,145,0.725,0.6593166064233035,0.7822029967069265,0.0,1.734723475976807e-18,0.02580906456528246,1.0,0.9741909354347176,1.0
v3_oracle_simulation_truth,contamination_asymmetric_eps_0p005,normal_contamination_asymmetric,500,all,200,200,1.0,0.9811546736227335,1.0,0.03,0.013820314340111346,0.06389429245451925,0.97,0.9361057075454807,0.9861796856598887
v3_oracle_simulation_truth,contamination_asymmetric_eps_0p005,normal_contamination_asymmetric,500,acceptable,200,0,0.0,1.734723475976807e-18,0.018845326377266575,,,,,,
v3_oracle_simulation_truth,contamination_asymmetric_eps_0p005,normal_contamination_asymmetric,500,caution,200,55,0.275,0.21779700329307355,0.34068339357669647,0.10909090909090909,0.05096725000782336,0.21825549086553508,0.8909090909090909,0.7817445091344648,0.9490327499921767
v3_oracle_simulation_truth,contamination_asymmetric_eps_0p005,normal_contamination_asymmetric,500,insufficient,200,145,0.725,0.6593166064233035,0.7822029967069265,0.0,1.734723475976807e-18,0.02580906456528246,1.0,0.9741909354347176,1.0
v2,contamination_asymmetric_eps_0p005,normal_contamination_asymmetric,750,all,200,200,1.0,0.9811546736227335,1.0,0.085,0.05374575017747561,0.13189587071565567,0.915,0.8681041292843443,0.9462542498225244
v2,contamination_asymmetric_eps_0p005,normal_contamination_asymmetric,750,acceptable,200,3,0.015,0.00511423779325831,0.04316572879269026,0.6666666666666666,0.2076596008020477,0.9385080552796037,0.3333333333333333,0.06149194472039621,0.7923403991979522
v2,contamination_asymmetric_eps_0p005,normal_contamination_asymmetric,750,caution,200,45,0.225,0.17262369715089126,0.2877412323566053,0.1111111111111111,0.04840471794567186,0.2349909699576858,0.8888888888888888,0.7650090300423141,0.9515952820543282
v2,contamination_asymmetric_eps_0p005,normal_contamination_asymmetric,750,insufficient,200,152,0.76,0.6962665902079583,0.8139338400758631,0.06578947368421052,0.036124807321366526,0.11686053432719501,0.9342105263157895,0.883139465672805,0.9638751926786334
v3_default,contamination_asymmetric_eps_0p005,normal_contamination_asymmetric,750,all,200,200,1.0,0.9811546736227335,1.0,0.085,0.05374575017747561,0.13189587071565567,0.915,0.8681041292843443,0.9462542498225244
v3_default,contamination_asymmetric_eps_0p005,normal_contamination_asymmetric,750,acceptable,200,0,0.0,1.734723475976807e-18,0.018845326377266575,,,,,,
v3_default,contamination_asymmetric_eps_0p005,normal_contamination_asymmetric,750,caution,200,34,0.17,0.12427907912586969,0.22815883628312625,0.20588235294117646,0.10349526899031913,0.36798388051163594,0.7941176470588235,0.632016119488364,0.8965047310096808
v3_default,contamination_asymmetric_eps_0p005,normal_contamination_asymmetric,750,insufficient,200,166,0.83,0.7718411637168737,0.8757209208741302,0.060240963855421686,0.03304743761879114,0.10732735064691815,0.9397590361445783,0.8926726493530818,0.9669525623812089
v3_oracle_simulation_truth,contamination_asymmetric_eps_0p005,normal_contamination_asymmetric,750,all,200,200,1.0,0.9811546736227335,1.0,0.085,0.05374575017747561,0.13189587071565567,0.915,0.8681041292843443,0.9462542498225244
v3_oracle_simulation_truth,contamination_asymmetric_eps_0p005,normal_contamination_asymmetric,750,acceptable,200,0,0.0,1.734723475976807e-18,0.018845326377266575,,,,,,
v3_oracle_simulation_truth,contamination_asymmetric_eps_0p005,normal_contamination_asymmetric,750,caution,200,34,0.17,0.12427907912586969,0.22815883628312625,0.20588235294117646,0.10349526899031913,0.36798388051163594,0.7941176470588235,0.632016119488364,0.8965047310096808
v3_oracle_simulation_truth,contamination_asymmetric_eps_0p005,normal_contamination_asymmetric,750,insufficient,200,166,0.83,0.7718411637168737,0.8757209208741302,0.060240963855421686,0.03304743761879114,0.10732735064691815,0.9397590361445783,0.8926726493530818,0.9669525623812089
v2,contamination_asymmetric_eps_0p005,normal_contamination_asymmetric,2000,all,200,200,1.0,0.9811546736227335,1.0,0.07,0.042152171828342806,0.11405480885610647,0.93,0.8859451911438936,0.9578478281716571
v2,contamination_asymmetric_eps_0p005,normal_contamination_asymmetric,2000,acceptable,200,0,0.0,1.734723475976807e-18,0.018845326377266575,,,,,,
v2,contamination_asymmetric_eps_0p005,normal_contamination_asymmetric,2000,caution,200,16,0.08,0.049840585889759974,0.12598948826714396,0.125,0.03497748774324047,0.36022827265758695,0.875,0.639771727342413,0.9650225122567595
v2,contamination_asymmetric_eps_0p005,normal_contamination_asymmetric,2000,insufficient,200,184,0.92,0.874010511732856,0.9501594141102401,0.06521739130434782,0.03769728667054057,0.11052057213170849,0.9347826086956522,0.8894794278682915,0.9623027133294594
v3_default,contamination_asymmetric_eps_0p005,normal_contamination_asymmetric,2000,all,200,200,1.0,0.9811546736227335,1.0,0.07,0.042152171828342806,0.11405480885610647,0.93,0.8859451911438936,0.9578478281716571
v3_default,contamination_asymmetric_eps_0p005,normal_contamination_asymmetric,2000,acceptable,200,0,0.0,1.734723475976807e-18,0.018845326377266575,,,,,,
v3_default,contamination_asymmetric_eps_0p005,normal_contamination_asymmetric,2000,caution,200,7,0.035,0.017055542008567192,0.07047061152229073,0.2857142857142857,0.08221892400405678,0.6410655481673808,0.7142857142857143,0.35893445183261935,0.9177810759959433
v3_default,contamination_asymmetric_eps_0p005,normal_contamination_asymmetric,2000,insufficient,200,193,0.965,0.9295293884777092,0.9829444579914328,0.06217616580310881,0.03592166221486093,0.1055193684882052,0.9378238341968912,0.8944806315117948,0.964078337785139
v3_oracle_simulation_truth,contamination_asymmetric_eps_0p005,normal_contamination_asymmetric,2000,all,200,200,1.0,0.9811546736227335,1.0,0.07,0.042152171828342806,0.11405480885610647,0.93,0.8859451911438936,0.9578478281716571
v3_oracle_simulation_truth,contamination_asymmetric_eps_0p005,normal_contamination_asymmetric,2000,acceptable,200,0,0.0,1.734723475976807e-18,0.018845326377266575,,,,,,
v3_oracle_simulation_truth,contamination_asymmetric_eps_0p005,normal_contamination_asymmetric,2000,caution,200,7,0.035,0.017055542008567192,0.07047061152229073,0.2857142857142857,0.08221892400405678,0.6410655481673808,0.7142857142857143,0.35893445183261935,0.9177810759959433
v3_oracle_simulation_truth,contamination_asymmetric_eps_0p005,normal_contamination_asymmetric,2000,insufficient,200,193,0.965,0.9295293884777092,0.9829444579914328,0.06217616580310881,0.03592166221486093,0.1055193684882052,0.9378238341968912,0.8944806315117948,0.964078337785139
v2,contamination_asymmetric_eps_0p01,normal_contamination_asymmetric,5,all,200,200,1.0,0.9811546736227335,1.0,0.03,0.013820314340111346,0.06389429245451925,0.97,0.9361057075454807,0.9861796856598887
v2,contamination_asymmetric_eps_0p01,normal_contamination_asymmetric,5,acceptable,200,121,0.605,0.5358834915928536,0.6701589898679203,0.03305785123966942,0.012929181394125314,0.08192279272211472,0.9669421487603306,0.9180772072778853,0.9870708186058748
v2,contamination_asymmetric_eps_0p01,normal_contamination_asymmetric,5,caution,200,0,0.0,1.734723475976807e-18,0.018845326377266575,,,,,,
v2,contamination_asymmetric_eps_0p01,normal_contamination_asymmetric,5,insufficient,200,79,0.395,0.32984101013207967,0.46411650840714636,0.02531645569620253,0.006970367306584818,0.08768584628891136,0.9746835443037974,0.9123141537110886,0.9930296326934152
v3_default,contamination_asymmetric_eps_0p01,normal_contamination_asymmetric,5,all,200,200,1.0,0.9811546736227335,1.0,0.03,0.013820314340111346,0.06389429245451925,0.97,0.9361057075454807,0.9861796856598887
v3_default,contamination_asymmetric_eps_0p01,normal_contamination_asymmetric,5,acceptable,200,0,0.0,1.734723475976807e-18,0.018845326377266575,,,,,,
v3_default,contamination_asymmetric_eps_0p01,normal_contamination_asymmetric,5,caution,200,200,1.0,0.9811546736227335,1.0,0.03,0.013820314340111346,0.06389429245451925,0.97,0.9361057075454807,0.9861796856598887
v3_default,contamination_asymmetric_eps_0p01,normal_contamination_asymmetric,5,insufficient,200,0,0.0,1.734723475976807e-18,0.018845326377266575,,,,,,
v3_oracle_simulation_truth,contamination_asymmetric_eps_0p01,normal_contamination_asymmetric,5,all,200,200,1.0,0.9811546736227335,1.0,0.03,0.013820314340111346,0.06389429245451925,0.97,0.9361057075454807,0.9861796856598887
v3_oracle_simulation_truth,contamination_asymmetric_eps_0p01,normal_contamination_asymmetric,5,acceptable,200,0,0.0,1.734723475976807e-18,0.018845326377266575,,,,,,
v3_oracle_simulation_truth,contamination_asymmetric_eps_0p01,normal_contamination_asymmetric,5,caution,200,200,1.0,0.9811546736227335,1.0,0.03,0.013820314340111346,0.06389429245451925,0.97,0.9361057075454807,0.9861796856598887
v3_oracle_simulation_truth,contamination_asymmetric_eps_0p01,normal_contamination_asymmetric,5,insufficient,200,0,0.0,1.734723475976807e-18,0.018845326377266575,,,,,,
v2,contamination_asymmetric_eps_0p01,normal_contamination_asymmetric,8,all,200,200,1.0,0.9811546736227335,1.0,0.06,0.03465219425433187,0.1019316929576627,0.94,0.8980683070423372,0.9653478057456681
v2,contamination_asymmetric_eps_0p01,normal_contamination_asymmetric,8,acceptable,200,143,0.715,0.6488465397039482,0.7730499699538271,0.055944055944055944,0.028617235305217863,0.1065044052726126,0.9440559440559441,0.8934955947273875,0.9713827646947821
v2,contamination_asymmetric_eps_0p01,normal_contamination_asymmetric,8,caution,200,0,0.0,1.734723475976807e-18,0.018845326377266575,,,,,,
v2,contamination_asymmetric_eps_0p01,normal_contamination_asymmetric,8,insufficient,200,57,0.285,0.22695003004617292,0.3511534602960517,0.07017543859649122,0.027626420229066015,0.1670017009603369,0.9298245614035088,0.832998299039663,0.972373579770934
v3_default,contamination_asymmetric_eps_0p01,normal_contamination_asymmetric,8,all,200,200,1.0,0.9811546736227335,1.0,0.06,0.03465219425433187,0.1019316929576627,0.94,0.8980683070423372,0.9653478057456681
v3_default,contamination_asymmetric_eps_0p01,normal_contamination_asymmetric,8,acceptable,200,0,0.0,1.734723475976807e-18,0.018845326377266575,,,,,,
v3_default,contamination_asymmetric_eps_0p01,normal_contamination_asymmetric,8,caution,200,200,1.0,0.9811546736227335,1.0,0.06,0.03465219425433187,0.1019316929576627,0.94,0.8980683070423372,0.9653478057456681
v3_default,contamination_asymmetric_eps_0p01,normal_contamination_asymmetric,8,insufficient,200,0,0.0,1.734723475976807e-18,0.018845326377266575,,,,,,
v3_oracle_simulation_truth,contamination_asymmetric_eps_0p01,normal_contamination_asymmetric,8,all,200,200,1.0,0.9811546736227335,1.0,0.06,0.03465219425433187,0.1019316929576627,0.94,0.8980683070423372,0.9653478057456681
v3_oracle_simulation_truth,contamination_asymmetric_eps_0p01,normal_contamination_asymmetric,8,acceptable,200,0,0.0,1.734723475976807e-18,0.018845326377266575,,,,,,
v3_oracle_simulation_truth,contamination_asymmetric_eps_0p01,normal_contamination_asymmetric,8,caution,200,200,1.0,0.9811546736227335,1.0,0.06,0.03465219425433187,0.1019316929576627,0.94,0.8980683070423372,0.9653478057456681
v3_oracle_simulation_truth,contamination_asymmetric_eps_0p01,normal_contamination_asymmetric,8,insufficient,200,0,0.0,1.734723475976807e-18,0.018845326377266575,,,,,,
v2,contamination_asymmetric_eps_0p01,normal_contamination_asymmetric,10,all,200,200,1.0,0.9811546736227335,1.0,0.06,0.03465219425433187,0.1019316929576627,0.94,0.8980683070423372,0.9653478057456681
v2,contamination_asymmetric_eps_0p01,normal_contamination_asymmetric,10,acceptable,200,144,0.72,0.6540769541334929,0.7776311022605097,0.0625,0.033226648433715554,0.11450903406644158,0.9375,0.8854909659335584,0.9667733515662844
v2,contamination_asymmetric_eps_0p01,normal_contamination_asymmetric,10,caution,200,0,0.0,1.734723475976807e-18,0.018845326377266575,,,,,,
v2,contamination_asymmetric_eps_0p01,normal_contamination_asymmetric,10,insufficient,200,56,0.28,0.22236889773949026,0.3459230458665071,0.05357142857142857,0.018385781382109126,0.14607309068821533,0.9464285714285714,0.8539269093117847,0.9816142186178909
v3_default,contamination_asymmetric_eps_0p01,normal_contamination_asymmetric,10,all,200,200,1.0,0.9811546736227335,1.0,0.06,0.03465219425433187,0.1019316929576627,0.94,0.8980683070423372,0.9653478057456681
v3_default,contamination_asymmetric_eps_0p01,normal_contamination_asymmetric,10,acceptable,200,0,0.0,1.734723475976807e-18,0.018845326377266575,,,,,,
v3_default,contamination_asymmetric_eps_0p01,normal_contamination_asymmetric,10,caution,200,200,1.0,0.9811546736227335,1.0,0.06,0.03465219425433187,0.1019316929576627,0.94,0.8980683070423372,0.9653478057456681
v3_default,contamination_asymmetric_eps_0p01,normal_contamination_asymmetric,10,insufficient,200,0,0.0,1.734723475976807e-18,0.018845326377266575,,,,,,
v3_oracle_simulation_truth,contamination_asymmetric_eps_0p01,normal_contamination_asymmetric,10,all,200,200,1.0,0.9811546736227335,1.0,0.06,0.03465219425433187,0.1019316929576627,0.94,0.8980683070423372,0.9653478057456681
v3_oracle_simulation_truth,contamination_asymmetric_eps_0p01,normal_contamination_asymmetric,10,acceptable,200,0,0.0,1.734723475976807e-18,0.018845326377266575,,,,,,
v3_oracle_simulation_truth,contamination_asymmetric_eps_0p01,normal_contamination_asymmetric,10,caution,200,200,1.0,0.9811546736227335,1.0,0.06,0.03465219425433187,0.1019316929576627,0.94,0.8980683070423372,0.9653478057456681
v3_oracle_simulation_truth,contamination_asymmetric_eps_0p01,normal_contamination_asymmetric,10,insufficient,200,0,0.0,1.734723475976807e-18,0.018845326377266575,,,,,,
v2,contamination_asymmetric_eps_0p01,normal_contamination_asymmetric,15,all,200,200,1.0,0.9811546736227335,1.0,0.09,0.05768744886219316,0.13776571876716542,0.91,0.8622342812328346,0.9423125511378069
v2,contamination_asymmetric_eps_0p01,normal_contamination_asymmetric,15,acceptable,200,146,0.73,0.6645656480133157,0.7867655018531416,0.11643835616438356,0.07398186903449244,0.1785614465373122,0.8835616438356164,0.8214385534626878,0.9260181309655076
v2,contamination_asymmetric_eps_0p01,normal_contamination_asymmetric,15,caution,200,0,0.0,1.734723475976807e-18,0.018845326377266575,,,,,,
v2,contamination_asymmetric_eps_0p01,normal_contamination_asymmetric,15,insufficient,200,54,0.27,0.21323449814685846,0.33543435198668425,0.018518518518518517,0.003276487718229061,0.09771437488781931,0.9814814814814815,0.9022856251121808,0.9967235122817709
v3_default,contamination_asymmetric_eps_0p01,normal_contamination_asymmetric,15,all,200,200,1.0,0.9811546736227335,1.0,0.09,0.05768744886219316,0.13776571876716542,0.91,0.8622342812328346,0.9423125511378069
v3_default,contamination_asymmetric_eps_0p01,normal_contamination_asymmetric,15,acceptable,200,0,0.0,1.734723475976807e-18,0.018845326377266575,,,,,,
v3_default,contamination_asymmetric_eps_0p01,normal_contamination_asymmetric,15,caution,200,179,0.895,0.8448196800887696,0.9302925120731899,0.1005586592178771,0.06455835613141787,0.15334331167230042,0.8994413407821229,0.8466566883276995,0.9354416438685821
v3_default,contamination_asymmetric_eps_0p01,normal_contamination_asymmetric,15,insufficient,200,21,0.105,0.06970748792681017,0.1551803199112304,0.0,-1.3877787807814457e-17,0.154639018924847,1.0,0.8453609810751531,1.0
v3_oracle_simulation_truth,contamination_asymmetric_eps_0p01,normal_contamination_asymmetric,15,all,200,200,1.0,0.9811546736227335,1.0,0.09,0.05768744886219316,0.13776571876716542,0.91,0.8622342812328346,0.9423125511378069
v3_oracle_simulation_truth,contamination_asymmetric_eps_0p01,normal_contamination_asymmetric,15,acceptable,200,0,0.0,1.734723475976807e-18,0.018845326377266575,,,,,,
v3_oracle_simulation_truth,contamination_asymmetric_eps_0p01,normal_contamination_asymmetric,15,caution,200,179,0.895,0.8448196800887696,0.9302925120731899,0.1005586592178771,0.06455835613141787,0.15334331167230042,0.8994413407821229,0.8466566883276995,0.9354416438685821
v3_oracle_simulation_truth,contamination_asymmetric_eps_0p01,normal_contamination_asymmetric,15,insufficient,200,21,0.105,0.06970748792681017,0.1551803199112304,0.0,-1.3877787807814457e-17,0.154639018924847,1.0,0.8453609810751531,1.0
v2,contamination_asymmetric_eps_0p01,normal_contamination_asymmetric,20,all,200,200,1.0,0.9811546736227335,1.0,0.065,0.03837635464915299,0.10801907929906895,0.935,0.8919809207009312,0.961623645350847
v2,contamination_asymmetric_eps_0p01,normal_contamination_asymmetric,20,acceptable,200,156,0.78,0.7176120008170632,0.8318346164116674,0.08333333333333333,0.049345650854239156,0.13734845867693996,0.9166666666666666,0.86265154132306,0.9506543491457609
v2,contamination_asymmetric_eps_0p01,normal_contamination_asymmetric,20,caution,200,0,0.0,1.734723475976807e-18,0.018845326377266575,,,,,,
v2,contamination_asymmetric_eps_0p01,normal_contamination_asymmetric,20,insufficient,200,44,0.22,0.16816538358833258,0.28238799918293667,0.0,0.0,0.08029560375848066,1.0,0.9197043962415192,1.0
v3_default,contamination_asymmetric_eps_0p01,normal_contamination_asymmetric,20,all,200,200,1.0,0.9811546736227335,1.0,0.065,0.03837635464915299,0.10801907929906895,0.935,0.8919809207009312,0.961623645350847
v3_default,contamination_asymmetric_eps_0p01,normal_contamination_asymmetric,20,acceptable,200,0,0.0,1.734723475976807e-18,0.018845326377266575,,,,,,
v3_default,contamination_asymmetric_eps_0p01,normal_contamination_asymmetric,20,caution,200,177,0.885,0.8333528310151243,0.9221362676743804,0.07344632768361582,0.04342182991031228,0.12159264749601183,0.9265536723163842,0.8784073525039882,0.9565781700896876
v3_default,contamination_asymmetric_eps_0p01,normal_contamination_asymmetric,20,insufficient,200,23,0.115,0.07786373232561955,0.16664716898487572,0.0,0.0,0.14311661845042686,1.0,0.8568833815495731,1.0
v3_oracle_simulation_truth,contamination_asymmetric_eps_0p01,normal_contamination_asymmetric,20,all,200,200,1.0,0.9811546736227335,1.0,0.065,0.03837635464915299,0.10801907929906895,0.935,0.8919809207009312,0.961623645350847
v3_oracle_simulation_truth,contamination_asymmetric_eps_0p01,normal_contamination_asymmetric,20,acceptable,200,0,0.0,1.734723475976807e-18,0.018845326377266575,,,,,,
v3_oracle_simulation_truth,contamination_asymmetric_eps_0p01,normal_contamination_asymmetric,20,caution,200,177,0.885,0.8333528310151243,0.9221362676743804,0.07344632768361582,0.04342182991031228,0.12159264749601183,0.9265536723163842,0.8784073525039882,0.9565781700896876
v3_oracle_simulation_truth,contamination_asymmetric_eps_0p01,normal_contamination_asymmetric,20,insufficient,200,23,0.115,0.07786373232561955,0.16664716898487572,0.0,0.0,0.14311661845042686,1.0,0.8568833815495731,1.0
v2,contamination_asymmetric_eps_0p01,normal_contamination_asymmetric,30,all,200,200,1.0,0.9811546736227335,1.0,0.04,0.020405632066152306,0.07693206820093293,0.96,0.923067931799067,0.9795943679338476
v2,contamination_asymmetric_eps_0p01,normal_contamination_asymmetric,30,acceptable,200,138,0.69,0.6228282243374195,0.750010551639219,0.057971014492753624,0.02966442743301114,0.11022033535539394,0.9420289855072463,0.889779664644606,0.9703355725669888
v2,contamination_asymmetric_eps_0p01,normal_contamination_asymmetric,30,caution,200,0,0.0,1.734723475976807e-18,0.018845326377266575,,,,,,
v2,contamination_asymmetric_eps_0p01,normal_contamination_asymmetric,30,insufficient,200,62,0.31,0.2499894483607809,0.37717177566258037,0.0,0.0,0.058344072101372484,1.0,0.9416559278986275,0.9999999999999999
v3_default,contamination_asymmetric_eps_0p01,normal_contamination_asymmetric,30,all,200,200,1.0,0.9811546736227335,1.0,0.04,0.020405632066152306,0.07693206820093293,0.96,0.923067931799067,0.9795943679338476
v3_default,contamination_asymmetric_eps_0p01,normal_contamination_asymmetric,30,acceptable,200,0,0.0,1.734723475976807e-18,0.018845326377266575,,,,,,
v3_default,contamination_asymmetric_eps_0p01,normal_contamination_asymmetric,30,caution,200,153,0.765,0.7015863111723746,0.8184256658476741,0.05228758169934641,0.02673004958411372,0.09977641732765787,0.9477124183006536,0.9002235826723421,0.9732699504158864
v3_default,contamination_asymmetric_eps_0p01,normal_contamination_asymmetric,30,insufficient,200,47,0.235,0.18157433415232588,0.29841368882762537,0.0,-6.938893903907228e-18,0.07555760416399632,1.0,0.9244423958360037,1.0
v3_oracle_simulation_truth,contamination_asymmetric_eps_0p01,normal_contamination_asymmetric,30,all,200,200,1.0,0.9811546736227335,1.0,0.04,0.020405632066152306,0.07693206820093293,0.96,0.923067931799067,0.9795943679338476
v3_oracle_simulation_truth,contamination_asymmetric_eps_0p01,normal_contamination_asymmetric,30,acceptable,200,0,0.0,1.734723475976807e-18,0.018845326377266575,,,,,,
v3_oracle_simulation_truth,contamination_asymmetric_eps_0p01,normal_contamination_asymmetric,30,caution,200,153,0.765,0.7015863111723746,0.8184256658476741,0.05228758169934641,0.02673004958411372,0.09977641732765787,0.9477124183006536,0.9002235826723421,0.9732699504158864
v3_oracle_simulation_truth,contamination_asymmetric_eps_0p01,normal_contamination_asymmetric,30,insufficient,200,47,0.235,0.18157433415232588,0.29841368882762537,0.0,-6.938893903907228e-18,0.07555760416399632,1.0,0.9244423958360037,1.0
v2,contamination_asymmetric_eps_0p01,normal_contamination_asymmetric,40,all,200,200,1.0,0.9811546736227335,1.0,0.065,0.03837635464915299,0.10801907929906895,0.935,0.8919809207009312,0.961623645350847
v2,contamination_asymmetric_eps_0p01,normal_contamination_asymmetric,40,acceptable,200,126,0.63,0.5612262992405018,0.6938739159014088,0.09523809523809523,0.05532161543536931,0.15910495581212467,0.9047619047619048,0.8408950441878753,0.9446783845646307
v2,contamination_asymmetric_eps_0p01,normal_contamination_asymmetric,40,caution,200,5,0.025,0.010724719651761264,0.05717834040664198,0.0,0.0,0.43448246478317476,1.0,0.5655175352168251,1.0
v2,contamination_asymmetric_eps_0p01,normal_contamination_asymmetric,40,insufficient,200,69,0.345,0.2825979437674894,0.4132441074094632,0.014492753623188406,0.002562924644588474,0.07763122461144727,0.9855072463768116,0.9223687753885529,0.9974370753554117
v3_default,contamination_asymmetric_eps_0p01,normal_contamination_asymmetric,40,all,200,200,1.0,0.9811546736227335,1.0,0.065,0.03837635464915299,0.10801907929906895,0.935,0.8919809207009312,0.961623645350847
v3_default,contamination_asymmetric_eps_0p01,normal_contamination_asymmetric,40,acceptable,200,0,0.0,1.734723475976807e-18,0.018845326377266575,,,,,,
v3_default,contamination_asymmetric_eps_0p01,normal_contamination_asymmetric,40,caution,200,136,0.68,0.6124810156588646,0.7407346668453195,0.08823529411764706,0.051194589116891134,0.14789843419311788,0.9117647058823529,0.852101565806882,0.9488054108831088
v3_default,contamination_asymmetric_eps_0p01,normal_contamination_asymmetric,40,insufficient,200,64,0.32,0.25926533315468053,0.38751898434113546,0.015625,0.002763541923337505,0.08334101600094265,0.984375,0.9166589839990573,0.9972364580766624
v3_oracle_simulation_truth,contamination_asymmetric_eps_0p01,normal_contamination_asymmetric,40,all,200,200,1.0,0.9811546736227335,1.0,0.065,0.03837635464915299,0.10801907929906895,0.935,0.8919809207009312,0.961623645350847
v3_oracle_simulation_truth,contamination_asymmetric_eps_0p01,normal_contamination_asymmetric,40,acceptable,200,0,0.0,1.734723475976807e-18,0.018845326377266575,,,,,,
v3_oracle_simulation_truth,contamination_asymmetric_eps_0p01,normal_contamination_asymmetric,40,caution,200,136,0.68,0.6124810156588646,0.7407346668453195,0.08823529411764706,0.051194589116891134,0.14789843419311788,0.9117647058823529,0.852101565806882,0.9488054108831088
v3_oracle_simulation_truth,contamination_asymmetric_eps_0p01,normal_contamination_asymmetric,40,insufficient,200,64,0.32,0.25926533315468053,0.38751898434113546,0.015625,0.002763541923337505,0.08334101600094265,0.984375,0.9166589839990573,0.9972364580766624
v2,contamination_asymmetric_eps_0p01,normal_contamination_asymmetric,50,all,200,200,1.0,0.9811546736227335,1.0,0.07,0.042152171828342806,0.11405480885610647,0.93,0.8859451911438936,0.9578478281716571
v2,contamination_asymmetric_eps_0p01,normal_contamination_asymmetric,50,acceptable,200,127,0.635,0.566317026527406,0.698594735350732,0.09448818897637795,0.05487919864648995,0.15790854517443625,0.905511811023622,0.8420914548255637,0.9451208013535101
v2,contamination_asymmetric_eps_0p01,normal_contamination_asymmetric,50,caution,200,6,0.03,0.013820314340111346,0.06389429245451925,0.16666666666666666,0.030053369748306635,0.5635028221864702,0.8333333333333334,0.43649717781352987,0.9699466302516935
v2,contamination_asymmetric_eps_0p01,normal_contamination_asymmetric,50,insufficient,200,67,0.335,0.2732408697841632,0.40297808792033485,0.014925373134328358,0.0026395717340788882,0.07981862319778105,0.9850746268656716,0.9201813768022187,0.997360428265921
v3_default,contamination_asymmetric_eps_0p01,normal_contamination_asymmetric,50,all,200,200,1.0,0.9811546736227335,1.0,0.07,0.042152171828342806,0.11405480885610647,0.93,0.8859451911438936,0.9578478281716571
v3_default,contamination_asymmetric_eps_0p01,normal_contamination_asymmetric,50,acceptable,200,0,0.0,1.734723475976807e-18,0.018845326377266575,,,,,,
v3_default,contamination_asymmetric_eps_0p01,normal_contamination_asymmetric,50,caution,200,135,0.675,0.6073198511602996,0.7360842846076571,0.0962962962962963,0.05714181943506583,0.1577900825642691,0.9037037037037037,0.8422099174357309,0.9428581805649341
v3_default,contamination_asymmetric_eps_0p01,normal_contamination_asymmetric,50,insufficient,200,65,0.325,0.2639157153923429,0.3926801488397004,0.015384615384615385,0.0027209446020234687,0.08213284729551473,0.9846153846153847,0.9178671527044854,0.9972790553979766
v3_oracle_simulation_truth,contamination_asymmetric_eps_0p01,normal_contamination_asymmetric,50,all,200,200,1.0,0.9811546736227335,1.0,0.07,0.042152171828342806,0.11405480885610647,0.93,0.8859451911438936,0.9578478281716571
v3_oracle_simulation_truth,contamination_asymmetric_eps_0p01,normal_contamination_asymmetric,50,acceptable,200,0,0.0,1.734723475976807e-18,0.018845326377266575,,,,,,
v3_oracle_simulation_truth,contamination_asymmetric_eps_0p01,normal_contamination_asymmetric,50,caution,200,135,0.675,0.6073198511602996,0.7360842846076571,0.0962962962962963,0.05714181943506583,0.1577900825642691,0.9037037037037037,0.8422099174357309,0.9428581805649341
v3_oracle_simulation_truth,contamination_asymmetric_eps_0p01,normal_contamination_asymmetric,50,insufficient,200,65,0.325,0.2639157153923429,0.3926801488397004,0.015384615384615385,0.0027209446020234687,0.08213284729551473,0.9846153846153847,0.9178671527044854,0.9972790553979766
v2,contamination_asymmetric_eps_0p01,normal_contamination_asymmetric,80,all,200,200,1.0,0.9811546736227335,1.0,0.09,0.05768744886219316,0.13776571876716542,0.91,0.8622342812328346,0.9423125511378069
v2,contamination_asymmetric_eps_0p01,normal_contamination_asymmetric,80,acceptable,200,73,0.365,0.301405264649268,0.433682973472594,0.2191780821917808,0.13966120635950685,0.32677266112247905,0.7808219178082192,0.673227338877521,0.8603387936404931
v2,contamination_asymmetric_eps_0p01,normal_contamination_asymmetric,80,caution,200,15,0.075,0.04597491718438201,0.12004361023629456,0.06666666666666667,0.011866895493268553,0.2981652987378003,0.9333333333333333,0.7018347012621998,0.9881331045067315
v2,contamination_asymmetric_eps_0p01,normal_contamination_asymmetric,80,insufficient,200,112,0.56,0.4907167533465867,0.6270218074881414,0.008928571428571428,0.001577854703292133,0.048848468308884896,0.9910714285714286,0.9511515316911152,0.9984221452967079
v3_default,contamination_asymmetric_eps_0p01,normal_contamination_asymmetric,80,all,200,200,1.0,0.9811546736227335,1.0,0.09,0.05768744886219316,0.13776571876716542,0.91,0.8622342812328346,0.9423125511378069
v3_default,contamination_asymmetric_eps_0p01,normal_contamination_asymmetric,80,acceptable,200,0,0.0,1.734723475976807e-18,0.018845326377266575,,,,,,
v3_default,contamination_asymmetric_eps_0p01,normal_contamination_asymmetric,80,caution,200,89,0.445,0.3778060100295335,0.5142669758719658,0.19101123595505617,0.1228195648849351,0.28477268217117596,0.8089887640449438,0.715227317828824,0.8771804351150649
v3_default,contamination_asymmetric_eps_0p01,normal_contamination_asymmetric,80,insufficient,200,111,0.555,0.4857330241280342,0.6221939899704665,0.009009009009009009,0.0015920854870672164,0.04927333263527303,0.990990990990991,0.950726667364727,0.9984079145129328
v3_oracle_simulation_truth,contamination_asymmetric_eps_0p01,normal_contamination_asymmetric,80,all,200,200,1.0,0.9811546736227335,1.0,0.09,0.05768744886219316,0.13776571876716542,0.91,0.8622342812328346,0.9423125511378069
v3_oracle_simulation_truth,contamination_asymmetric_eps_0p01,normal_contamination_asymmetric,80,acceptable,200,0,0.0,1.734723475976807e-18,0.018845326377266575,,,,,,
v3_oracle_simulation_truth,contamination_asymmetric_eps_0p01,normal_contamination_asymmetric,80,caution,200,89,0.445,0.3778060100295335,0.5142669758719658,0.19101123595505617,0.1228195648849351,0.28477268217117596,0.8089887640449438,0.715227317828824,0.8771804351150649
v3_oracle_simulation_truth,contamination_asymmetric_eps_0p01,normal_contamination_asymmetric,80,insufficient,200,111,0.555,0.4857330241280342,0.6221939899704665,0.009009009009009009,0.0015920854870672164,0.04927333263527303,0.990990990990991,0.950726667364727,0.9984079145129328
v2,contamination_asymmetric_eps_0p01,normal_contamination_asymmetric,100,all,5000,5000,1.0,0.9992322980549431,1.0000000000000002,0.073,0.0661126429744546,0.08054297448662417,0.927,0.9194570255133758,0.9338873570255455
v2,contamination_asymmetric_eps_0p01,normal_contamination_asymmetric,100,acceptable,5000,1676,0.3352,0.3222463244282717,0.3484067101328192,0.1718377088305489,0.154532781443546,0.19064351824592732,0.8281622911694511,0.8093564817540727,0.8454672185564539
v2,contamination_asymmetric_eps_0p01,normal_contamination_asymmetric,100,caution,5000,168,0.0336,0.028952430871671923,0.038963681502677365,0.22023809523809523,0.1642172633580192,0.2887668963139308,0.7797619047619048,0.7112331036860692,0.8357827366419809
v2,contamination_asymmetric_eps_0p01,normal_contamination_asymmetric,100,insufficient,5000,3156,0.6312,0.6177306261174698,0.6444679288921473,0.012674271229404309,0.00932159865901627,0.017211839778741668,0.9873257287705957,0.9827881602212583,0.9906784013409837
v3_default,contamination_asymmetric_eps_0p01,normal_contamination_asymmetric,100,all,5000,5000,1.0,0.9992322980549431,1.0000000000000002,0.073,0.0661126429744546,0.08054297448662417,0.927,0.9194570255133758,0.9338873570255455
v3_default,contamination_asymmetric_eps_0p01,normal_contamination_asymmetric,100,acceptable,5000,0,0.0,0.0,0.0007677019450571244,,,,,,
v3_default,contamination_asymmetric_eps_0p01,normal_contamination_asymmetric,100,caution,5000,1872,0.3744,0.3610865758941194,0.38790627083447904,0.1736111111111111,0.1571256852349515,0.19143333383681585,0.8263888888888888,0.8085666661631842,0.8428743147650485
v3_default,contamination_asymmetric_eps_0p01,normal_contamination_asymmetric,100,insufficient,5000,3128,0.6256,0.6120937291655211,0.6389134241058807,0.01278772378516624,0.009405160999955323,0.017365497707738303,0.9872122762148338,0.9826345022922617,0.9905948390000446
v3_oracle_simulation_truth,contamination_asymmetric_eps_0p01,normal_contamination_asymmetric,100,all,5000,5000,1.0,0.9992322980549431,1.0000000000000002,0.073,0.0661126429744546,0.08054297448662417,0.927,0.9194570255133758,0.9338873570255455
v3_oracle_simulation_truth,contamination_asymmetric_eps_0p01,normal_contamination_asymmetric,100,acceptable,5000,0,0.0,0.0,0.0007677019450571244,,,,,,
v3_oracle_simulation_truth,contamination_asymmetric_eps_0p01,normal_contamination_asymmetric,100,caution,5000,1872,0.3744,0.3610865758941194,0.38790627083447904,0.1736111111111111,0.1571256852349515,0.19143333383681585,0.8263888888888888,0.8085666661631842,0.8428743147650485
v3_oracle_simulation_truth,contamination_asymmetric_eps_0p01,normal_contamination_asymmetric,100,insufficient,5000,3128,0.6256,0.6120937291655211,0.6389134241058807,0.01278772378516624,0.009405160999955323,0.017365497707738303,0.9872122762148338,0.9826345022922617,0.9905948390000446
v2,contamination_asymmetric_eps_0p01,normal_contamination_asymmetric,200,all,200,200,1.0,0.9811546736227335,1.0,0.03,0.013820314340111346,0.06389429245451925,0.97,0.9361057075454807,0.9861796856598887
v2,contamination_asymmetric_eps_0p01,normal_contamination_asymmetric,200,acceptable,200,14,0.07,0.042152171828342806,0.11405480885610647,0.14285714285714285,0.040093921271464966,0.39941379496970353,0.8571428571428571,0.6005862050302965,0.9599060787285351
v2,contamination_asymmetric_eps_0p01,normal_contamination_asymmetric,200,caution,200,10,0.05,0.02738264560076393,0.08957814813877599,0.0,0.0,0.2775327998628892,1.0,0.7224672001371107,0.9999999999999999
v2,contamination_asymmetric_eps_0p01,normal_contamination_asymmetric,200,insufficient,200,176,0.88,0.8276574790170326,0.9180200729362449,0.022727272727272728,0.008872857577817753,0.056971019014065996,0.9772727272727273,0.9430289809859341,0.9911271424221823
v3_default,contamination_asymmetric_eps_0p01,normal_contamination_asymmetric,200,all,200,200,1.0,0.9811546736227335,1.0,0.03,0.013820314340111346,0.06389429245451925,0.97,0.9361057075454807,0.9861796856598887
v3_default,contamination_asymmetric_eps_0p01,normal_contamination_asymmetric,200,acceptable,200,0,0.0,1.734723475976807e-18,0.018845326377266575,,,,,,
v3_default,contamination_asymmetric_eps_0p01,normal_contamination_asymmetric,200,caution,200,24,0.12,0.08197992706375512,0.17234252098296743,0.08333333333333333,0.023158815297043306,0.25848802193210685,0.9166666666666666,0.741511978067893,0.9768411847029567
v3_default,contamination_asymmetric_eps_0p01,normal_contamination_asymmetric,200,insufficient,200,176,0.88,0.8276574790170326,0.9180200729362449,0.022727272727272728,0.008872857577817753,0.056971019014065996,0.9772727272727273,0.9430289809859341,0.9911271424221823
v3_oracle_simulation_truth,contamination_asymmetric_eps_0p01,normal_contamination_asymmetric,200,all,200,200,1.0,0.9811546736227335,1.0,0.03,0.013820314340111346,0.06389429245451925,0.97,0.9361057075454807,0.9861796856598887
v3_oracle_simulation_truth,contamination_asymmetric_eps_0p01,normal_contamination_asymmetric,200,acceptable,200,0,0.0,1.734723475976807e-18,0.018845326377266575,,,,,,
v3_oracle_simulation_truth,contamination_asymmetric_eps_0p01,normal_contamination_asymmetric,200,caution,200,24,0.12,0.08197992706375512,0.17234252098296743,0.08333333333333333,0.023158815297043306,0.25848802193210685,0.9166666666666666,0.741511978067893,0.9768411847029567
v3_oracle_simulation_truth,contamination_asymmetric_eps_0p01,normal_contamination_asymmetric,200,insufficient,200,176,0.88,0.8276574790170326,0.9180200729362449,0.022727272727272728,0.008872857577817753,0.056971019014065996,0.9772727272727273,0.9430289809859341,0.9911271424221823
v2,contamination_asymmetric_eps_0p01,normal_contamination_asymmetric,500,all,200,200,1.0,0.9811546736227335,1.0,0.045,0.023852543001492997,0.0832967040018196,0.955,0.9167032959981803,0.976147456998507
v2,contamination_asymmetric_eps_0p01,normal_contamination_asymmetric,500,acceptable,200,2,0.01,0.0027466581335444384,0.0357217617161768,0.5,0.09453120573423074,0.9054687942657693,0.5,0.09453120573423074,0.9054687942657693
v2,contamination_asymmetric_eps_0p01,normal_contamination_asymmetric,500,caution,200,11,0.055,0.03098534170345884,0.0957869987723084,0.2727272727272727,0.09746059290024889,0.5656453011761291,0.7272727272727273,0.43435469882387084,0.902539407099751
v2,contamination_asymmetric_eps_0p01,normal_contamination_asymmetric,500,insufficient,200,187,0.935,0.8919809207009312,0.961623645350847,0.026737967914438502,0.011473760074718398,0.06105481367559508,0.9732620320855615,0.9389451863244049,0.9885262399252817
v3_default,contamination_asymmetric_eps_0p01,normal_contamination_asymmetric,500,all,200,200,1.0,0.9811546736227335,1.0,0.045,0.023852543001492997,0.0832967040018196,0.955,0.9167032959981803,0.976147456998507
v3_default,contamination_asymmetric_eps_0p01,normal_contamination_asymmetric,500,acceptable,200,0,0.0,1.734723475976807e-18,0.018845326377266575,,,,,,
v3_default,contamination_asymmetric_eps_0p01,normal_contamination_asymmetric,500,caution,200,10,0.05,0.02738264560076393,0.08957814813877599,0.3,0.10779126740630099,0.6032218525388546,0.7,0.39677814746114537,0.8922087325936989
v3_default,contamination_asymmetric_eps_0p01,normal_contamination_asymmetric,500,insufficient,200,190,0.95,0.9104218518612239,0.972617354399236,0.031578947368421054,0.014551684237534043,0.06717210651946641,0.968421052631579,0.9328278934805336,0.985448315762466
v3_oracle_simulation_truth,contamination_asymmetric_eps_0p01,normal_contamination_asymmetric,500,all,200,200,1.0,0.9811546736227335,1.0,0.045,0.023852543001492997,0.0832967040018196,0.955,0.9167032959981803,0.976147456998507
v3_oracle_simulation_truth,contamination_asymmetric_eps_0p01,normal_contamination_asymmetric,500,acceptable,200,0,0.0,1.734723475976807e-18,0.018845326377266575,,,,,,
v3_oracle_simulation_truth,contamination_asymmetric_eps_0p01,normal_contamination_asymmetric,500,caution,200,10,0.05,0.02738264560076393,0.08957814813877599,0.3,0.10779126740630099,0.6032218525388546,0.7,0.39677814746114537,0.8922087325936989
v3_oracle_simulation_truth,contamination_asymmetric_eps_0p01,normal_contamination_asymmetric,500,insufficient,200,190,0.95,0.9104218518612239,0.972617354399236,0.031578947368421054,0.014551684237534043,0.06717210651946641,0.968421052631579,0.9328278934805336,0.985448315762466
v2,contamination_asymmetric_eps_0p01,normal_contamination_asymmetric,750,all,200,200,1.0,0.9811546736227335,1.0,0.055,0.03098534170345884,0.0957869987723084,0.945,0.9042130012276914,0.9690146582965411
v2,contamination_asymmetric_eps_0p01,normal_contamination_asymmetric,750,acceptable,200,0,0.0,1.734723475976807e-18,0.018845326377266575,,,,,,
v2,contamination_asymmetric_eps_0p01,normal_contamination_asymmetric,750,caution,200,2,0.01,0.0027466581335444384,0.0357217617161768,0.0,0.0,0.6576197724933469,1.0,0.34238022750665303,1.0
v2,contamination_asymmetric_eps_0p01,normal_contamination_asymmetric,750,insufficient,200,198,0.99,0.9642782382838231,0.9972533418664555,0.05555555555555555,0.03130117438121367,0.09672732368691807,0.9444444444444444,0.903272676313082,0.9686988256187864
v3_default,contamination_asymmetric_eps_0p01,normal_contamination_asymmetric,750,all,200,200,1.0,0.9811546736227335,1.0,0.055,0.03098534170345884,0.0957869987723084,0.945,0.9042130012276914,0.9690146582965411
v3_default,contamination_asymmetric_eps_0p01,normal_contamination_asymmetric,750,acceptable,200,0,0.0,1.734723475976807e-18,0.018845326377266575,,,,,,
v3_default,contamination_asymmetric_eps_0p01,normal_contamination_asymmetric,750,caution,200,1,0.005,0.0008831687156009814,0.02777370439789293,0.0,0.0,0.7934506856227626,1.0,0.20654931437723745,1.0
v3_default,contamination_asymmetric_eps_0p01,normal_contamination_asymmetric,750,insufficient,200,199,0.995,0.9722262956021069,0.9991168312843989,0.05527638190954774,0.03114245720959706,0.0962548656598722,0.9447236180904522,0.9037451343401277,0.9688575427904029
v3_oracle_simulation_truth,contamination_asymmetric_eps_0p01,normal_contamination_asymmetric,750,all,200,200,1.0,0.9811546736227335,1.0,0.055,0.03098534170345884,0.0957869987723084,0.945,0.9042130012276914,0.9690146582965411
v3_oracle_simulation_truth,contamination_asymmetric_eps_0p01,normal_contamination_asymmetric,750,acceptable,200,0,0.0,1.734723475976807e-18,0.018845326377266575,,,,,,
v3_oracle_simulation_truth,contamination_asymmetric_eps_0p01,normal_contamination_asymmetric,750,caution,200,1,0.005,0.0008831687156009814,0.02777370439789293,0.0,0.0,0.7934506856227626,1.0,0.20654931437723745,1.0
v3_oracle_simulation_truth,contamination_asymmetric_eps_0p01,normal_contamination_asymmetric,750,insufficient,200,199,0.995,0.9722262956021069,0.9991168312843989,0.05527638190954774,0.03114245720959706,0.0962548656598722,0.9447236180904522,0.9037451343401277,0.9688575427904029
v2,contamination_asymmetric_eps_0p01,normal_contamination_asymmetric,2000,all,200,200,1.0,0.9811546736227335,1.0,0.05,0.02738264560076393,0.08957814813877599,0.95,0.9104218518612239,0.972617354399236
v2,contamination_asymmetric_eps_0p01,normal_contamination_asymmetric,2000,acceptable,200,0,0.0,1.734723475976807e-18,0.018845326377266575,,,,,,
v2,contamination_asymmetric_eps_0p01,normal_contamination_asymmetric,2000,caution,200,0,0.0,1.734723475976807e-18,0.018845326377266575,,,,,,
v2,contamination_asymmetric_eps_0p01,normal_contamination_asymmetric,2000,insufficient,200,200,1.0,0.9811546736227335,1.0,0.05,0.02738264560076393,0.08957814813877599,0.95,0.9104218518612239,0.972617354399236
v3_default,contamination_asymmetric_eps_0p01,normal_contamination_asymmetric,2000,all,200,200,1.0,0.9811546736227335,1.0,0.05,0.02738264560076393,0.08957814813877599,0.95,0.9104218518612239,0.972617354399236
v3_default,contamination_asymmetric_eps_0p01,normal_contamination_asymmetric,2000,acceptable,200,0,0.0,1.734723475976807e-18,0.018845326377266575,,,,,,
v3_default,contamination_asymmetric_eps_0p01,normal_contamination_asymmetric,2000,caution,200,0,0.0,1.734723475976807e-18,0.018845326377266575,,,,,,
v3_default,contamination_asymmetric_eps_0p01,normal_contamination_asymmetric,2000,insufficient,200,200,1.0,0.9811546736227335,1.0,0.05,0.02738264560076393,0.08957814813877599,0.95,0.9104218518612239,0.972617354399236
v3_oracle_simulation_truth,contamination_asymmetric_eps_0p01,normal_contamination_asymmetric,2000,all,200,200,1.0,0.9811546736227335,1.0,0.05,0.02738264560076393,0.08957814813877599,0.95,0.9104218518612239,0.972617354399236
v3_oracle_simulation_truth,contamination_asymmetric_eps_0p01,normal_contamination_asymmetric,2000,acceptable,200,0,0.0,1.734723475976807e-18,0.018845326377266575,,,,,,
v3_oracle_simulation_truth,contamination_asymmetric_eps_0p01,normal_contamination_asymmetric,2000,caution,200,0,0.0,1.734723475976807e-18,0.018845326377266575,,,,,,
v3_oracle_simulation_truth,contamination_asymmetric_eps_0p01,normal_contamination_asymmetric,2000,insufficient,200,200,1.0,0.9811546736227335,1.0,0.05,0.02738264560076393,0.08957814813877599,0.95,0.9104218518612239,0.972617354399236
v2,contamination_asymmetric_eps_0p025,normal_contamination_asymmetric,5,all,200,200,1.0,0.9811546736227335,1.0,0.055,0.03098534170345884,0.0957869987723084,0.945,0.9042130012276914,0.9690146582965411
v2,contamination_asymmetric_eps_0p025,normal_contamination_asymmetric,5,acceptable,200,109,0.545,0.47578611372488105,0.6125178069011651,0.06422018348623854,0.03145364631393962,0.126657202368408,0.9357798165137615,0.8733427976315921,0.9685463536860605
v2,contamination_asymmetric_eps_0p025,normal_contamination_asymmetric,5,caution,200,0,0.0,1.734723475976807e-18,0.018845326377266575,,,,,,
v2,contamination_asymmetric_eps_0p025,normal_contamination_asymmetric,5,insufficient,200,91,0.455,0.387482193098835,0.524213886275119,0.04395604395604396,0.01722436644411733,0.10763093384266353,0.9560439560439561,0.8923690661573366,0.9827756335558827
v3_default,contamination_asymmetric_eps_0p025,normal_contamination_asymmetric,5,all,200,200,1.0,0.9811546736227335,1.0,0.055,0.03098534170345884,0.0957869987723084,0.945,0.9042130012276914,0.9690146582965411
v3_default,contamination_asymmetric_eps_0p025,normal_contamination_asymmetric,5,acceptable,200,0,0.0,1.734723475976807e-18,0.018845326377266575,,,,,,
v3_default,contamination_asymmetric_eps_0p025,normal_contamination_asymmetric,5,caution,200,200,1.0,0.9811546736227335,1.0,0.055,0.03098534170345884,0.0957869987723084,0.945,0.9042130012276914,0.9690146582965411
v3_default,contamination_asymmetric_eps_0p025,normal_contamination_asymmetric,5,insufficient,200,0,0.0,1.734723475976807e-18,0.018845326377266575,,,,,,
v3_oracle_simulation_truth,contamination_asymmetric_eps_0p025,normal_contamination_asymmetric,5,all,200,200,1.0,0.9811546736227335,1.0,0.055,0.03098534170345884,0.0957869987723084,0.945,0.9042130012276914,0.9690146582965411
v3_oracle_simulation_truth,contamination_asymmetric_eps_0p025,normal_contamination_asymmetric,5,acceptable,200,0,0.0,1.734723475976807e-18,0.018845326377266575,,,,,,
v3_oracle_simulation_truth,contamination_asymmetric_eps_0p025,normal_contamination_asymmetric,5,caution,200,200,1.0,0.9811546736227335,1.0,0.055,0.03098534170345884,0.0957869987723084,0.945,0.9042130012276914,0.9690146582965411
v3_oracle_simulation_truth,contamination_asymmetric_eps_0p025,normal_contamination_asymmetric,5,insufficient,200,0,0.0,1.734723475976807e-18,0.018845326377266575,,,,,,
v2,contamination_asymmetric_eps_0p025,normal_contamination_asymmetric,8,all,200,200,1.0,0.9811546736227335,1.0,0.04,0.020405632066152306,0.07693206820093293,0.96,0.923067931799067,0.9795943679338476
v2,contamination_asymmetric_eps_0p025,normal_contamination_asymmetric,8,acceptable,200,124,0.62,0.5510671801561923,0.6844099415132637,0.03225806451612903,0.012614619069790334,0.08001150495858558,0.967741935483871,0.9199884950414144,0.9873853809302097
v2,contamination_asymmetric_eps_0p025,normal_contamination_asymmetric,8,caution,200,0,0.0,1.734723475976807e-18,0.018845326377266575,,,,,,
v2,contamination_asymmetric_eps_0p025,normal_contamination_asymmetric,8,insufficient,200,76,0.38,0.31559005848673627,0.44893281984380773,0.05263157894736842,0.020655429299384284,0.12765672575889647,0.9473684210526315,0.8723432742411035,0.9793445707006156
v3_default,contamination_asymmetric_eps_0p025,normal_contamination_asymmetric,8,all,200,200,1.0,0.9811546736227335,1.0,0.04,0.020405632066152306,0.07693206820093293,0.96,0.923067931799067,0.9795943679338476
v3_default,contamination_asymmetric_eps_0p025,normal_contamination_asymmetric,8,acceptable,200,0,0.0,1.734723475976807e-18,0.018845326377266575,,,,,,
v3_default,contamination_asymmetric_eps_0p025,normal_contamination_asymmetric,8,caution,200,200,1.0,0.9811546736227335,1.0,0.04,0.020405632066152306,0.07693206820093293,0.96,0.923067931799067,0.9795943679338476
v3_default,contamination_asymmetric_eps_0p025,normal_contamination_asymmetric,8,insufficient,200,0,0.0,1.734723475976807e-18,0.018845326377266575,,,,,,
v3_oracle_simulation_truth,contamination_asymmetric_eps_0p025,normal_contamination_asymmetric,8,all,200,200,1.0,0.9811546736227335,1.0,0.04,0.020405632066152306,0.07693206820093293,0.96,0.923067931799067,0.9795943679338476
v3_oracle_simulation_truth,contamination_asymmetric_eps_0p025,normal_contamination_asymmetric,8,acceptable,200,0,0.0,1.734723475976807e-18,0.018845326377266575,,,,,,
v3_oracle_simulation_truth,contamination_asymmetric_eps_0p025,normal_contamination_asymmetric,8,caution,200,200,1.0,0.9811546736227335,1.0,0.04,0.020405632066152306,0.07693206820093293,0.96,0.923067931799067,0.9795943679338476
v3_oracle_simulation_truth,contamination_asymmetric_eps_0p025,normal_contamination_asymmetric,8,insufficient,200,0,0.0,1.734723475976807e-18,0.018845326377266575,,,,,,
v2,contamination_asymmetric_eps_0p025,normal_contamination_asymmetric,10,all,200,200,1.0,0.9811546736227335,1.0,0.08,0.049840585889759974,0.12598948826714396,0.92,0.874010511732856,0.9501594141102401
v2,contamination_asymmetric_eps_0p025,normal_contamination_asymmetric,10,acceptable,200,127,0.635,0.566317026527406,0.698594735350732,0.11023622047244094,0.06681000217884539,0.17654909139660796,0.889763779527559,0.8234509086033921,0.9331899978211546
v2,contamination_asymmetric_eps_0p025,normal_contamination_asymmetric,10,caution,200,0,0.0,1.734723475976807e-18,0.018845326377266575,,,,,,
v2,contamination_asymmetric_eps_0p025,normal_contamination_asymmetric,10,insufficient,200,73,0.365,0.301405264649268,0.433682973472594,0.0273972602739726,0.007545758679607641,0.09450148171690531,0.9726027397260274,0.9054985182830946,0.9924542413203923
v3_default,contamination_asymmetric_eps_0p025,normal_contamination_asymmetric,10,all,200,200,1.0,0.9811546736227335,1.0,0.08,0.049840585889759974,0.12598948826714396,0.92,0.874010511732856,0.9501594141102401
v3_default,contamination_asymmetric_eps_0p025,normal_contamination_asymmetric,10,acceptable,200,0,0.0,1.734723475976807e-18,0.018845326377266575,,,,,,
v3_default,contamination_asymmetric_eps_0p025,normal_contamination_asymmetric,10,caution,200,200,1.0,0.9811546736227335,1.0,0.08,0.049840585889759974,0.12598948826714396,0.92,0.874010511732856,0.9501594141102401
v3_default,contamination_asymmetric_eps_0p025,normal_contamination_asymmetric,10,insufficient,200,0,0.0,1.734723475976807e-18,0.018845326377266575,,,,,,
v3_oracle_simulation_truth,contamination_asymmetric_eps_0p025,normal_contamination_asymmetric,10,all,200,200,1.0,0.9811546736227335,1.0,0.08,0.049840585889759974,0.12598948826714396,0.92,0.874010511732856,0.9501594141102401
v3_oracle_simulation_truth,contamination_asymmetric_eps_0p025,normal_contamination_asymmetric,10,acceptable,200,0,0.0,1.734723475976807e-18,0.018845326377266575,,,,,,
v3_oracle_simulation_truth,contamination_asymmetric_eps_0p025,normal_contamination_asymmetric,10,caution,200,200,1.0,0.9811546736227335,1.0,0.08,0.049840585889759974,0.12598948826714396,0.92,0.874010511732856,0.9501594141102401
v3_oracle_simulation_truth,contamination_asymmetric_eps_0p025,normal_contamination_asymmetric,10,insufficient,200,0,0.0,1.734723475976807e-18,0.018845326377266575,,,,,,
v2,contamination_asymmetric_eps_0p025,normal_contamination_asymmetric,15,all,200,200,1.0,0.9811546736227335,1.0,0.035,0.017055542008567192,0.07047061152229073,0.965,0.9295293884777092,0.9829444579914328
v2,contamination_asymmetric_eps_0p025,normal_contamination_asymmetric,15,acceptable,200,111,0.555,0.4857330241280342,0.6221939899704665,0.05405405405405406,0.025006314260033254,0.11293567100704646,0.9459459459459459,0.8870643289929536,0.9749936857399668
v2,contamination_asymmetric_eps_0p025,normal_contamination_asymmetric,15,caution,200,0,0.0,1.734723475976807e-18,0.018845326377266575,,,,,,
v2,contamination_asymmetric_eps_0p025,normal_contamination_asymmetric,15,insufficient,200,89,0.445,0.3778060100295335,0.5142669758719658,0.011235955056179775,0.001986183228256385,0.060932462115046646,0.9887640449438202,0.9390675378849535,0.9980138167717437
v3_default,contamination_asymmetric_eps_0p025,normal_contamination_asymmetric,15,all,200,200,1.0,0.9811546736227335,1.0,0.035,0.017055542008567192,0.07047061152229073,0.965,0.9295293884777092,0.9829444579914328
v3_default,contamination_asymmetric_eps_0p025,normal_contamination_asymmetric,15,acceptable,200,0,0.0,1.734723475976807e-18,0.018845326377266575,,,,,,
v3_default,contamination_asymmetric_eps_0p025,normal_contamination_asymmetric,15,caution,200,154,0.77,0.7069169563469642,0.8229065674093119,0.045454545454545456,0.02219003374649918,0.09084401291016404,0.9545454545454546,0.909155987089836,0.9778099662535009
v3_default,contamination_asymmetric_eps_0p025,normal_contamination_asymmetric,15,insufficient,200,46,0.23,0.17709343259068805,0.2930830436530359,0.0,0.0,0.07707356308558039,1.0,0.9229264369144198,1.0000000000000002
v3_oracle_simulation_truth,contamination_asymmetric_eps_0p025,normal_contamination_asymmetric,15,all,200,200,1.0,0.9811546736227335,1.0,0.035,0.017055542008567192,0.07047061152229073,0.965,0.9295293884777092,0.9829444579914328
v3_oracle_simulation_truth,contamination_asymmetric_eps_0p025,normal_contamination_asymmetric,15,acceptable,200,0,0.0,1.734723475976807e-18,0.018845326377266575,,,,,,
v3_oracle_simulation_truth,contamination_asymmetric_eps_0p025,normal_contamination_asymmetric,15,caution,200,154,0.77,0.7069169563469642,0.8229065674093119,0.045454545454545456,0.02219003374649918,0.09084401291016404,0.9545454545454546,0.909155987089836,0.9778099662535009
v3_oracle_simulation_truth,contamination_asymmetric_eps_0p025,normal_contamination_asymmetric,15,insufficient,200,46,0.23,0.17709343259068805,0.2930830436530359,0.0,0.0,0.07707356308558039,1.0,0.9229264369144198,1.0000000000000002
v2,contamination_asymmetric_eps_0p025,normal_contamination_asymmetric,20,all,200,200,1.0,0.9811546736227335,1.0,0.12,0.08197992706375512,0.17234252098296743,0.88,0.8276574790170326,0.9180200729362449
v2,contamination_asymmetric_eps_0p025,normal_contamination_asymmetric,20,acceptable,200,101,0.505,0.43627000033527485,0.5735415464009526,0.19801980198019803,0.13200501483806298,0.2861640884331373,0.801980198019802,0.7138359115668629,0.8679949851619371
v2,contamination_asymmetric_eps_0p025,normal_contamination_asymmetric,20,caution,200,0,0.0,1.734723475976807e-18,0.018845326377266575,,,,,,
v2,contamination_asymmetric_eps_0p025,normal_contamination_asymmetric,20,insufficient,200,99,0.495,0.4264584535990475,0.5637299996647251,0.04040404040404041,0.015822638994147556,0.09932021250254229,0.9595959595959596,0.9006797874974577,0.9841773610058524
v3_default,contamination_asymmetric_eps_0p025,normal_contamination_asymmetric,20,all,200,200,1.0,0.9811546736227335,1.0,0.12,0.08197992706375512,0.17234252098296743,0.88,0.8276574790170326,0.9180200729362449
v3_default,contamination_asymmetric_eps_0p025,normal_contamination_asymmetric,20,acceptable,200,0,0.0,1.734723475976807e-18,0.018845326377266575,,,,,,
v3_default,contamination_asymmetric_eps_0p025,normal_contamination_asymmetric,20,caution,200,134,0.67,0.602166847737769,0.7314257412939605,0.1791044776119403,0.12341461988689192,0.2526802013971031,0.8208955223880597,0.7473197986028969,0.8765853801131082
v3_default,contamination_asymmetric_eps_0p025,normal_contamination_asymmetric,20,insufficient,200,66,0.33,0.26857425870603957,0.39783315226223115,0.0,0.0,0.05500255701354129,1.0,0.9449974429864586,0.9999999999999999
v3_oracle_simulation_truth,contamination_asymmetric_eps_0p025,normal_contamination_asymmetric,20,all,200,200,1.0,0.9811546736227335,1.0,0.12,0.08197992706375512,0.17234252098296743,0.88,0.8276574790170326,0.9180200729362449
v3_oracle_simulation_truth,contamination_asymmetric_eps_0p025,normal_contamination_asymmetric,20,acceptable,200,0,0.0,1.734723475976807e-18,0.018845326377266575,,,,,,
v3_oracle_simulation_truth,contamination_asymmetric_eps_0p025,normal_contamination_asymmetric,20,caution,200,134,0.67,0.602166847737769,0.7314257412939605,0.1791044776119403,0.12341461988689192,0.2526802013971031,0.8208955223880597,0.7473197986028969,0.8765853801131082
v3_oracle_simulation_truth,contamination_asymmetric_eps_0p025,normal_contamination_asymmetric,20,insufficient,200,66,0.33,0.26857425870603957,0.39783315226223115,0.0,0.0,0.05500255701354129,1.0,0.9449974429864586,0.9999999999999999
v2,contamination_asymmetric_eps_0p025,normal_contamination_asymmetric,30,all,200,200,1.0,0.9811546736227335,1.0,0.115,0.07786373232561955,0.16664716898487572,0.885,0.8333528310151243,0.9221362676743804
v2,contamination_asymmetric_eps_0p025,normal_contamination_asymmetric,30,acceptable,200,79,0.395,0.32984101013207967,0.46411650840714636,0.26582278481012656,0.1809333769412442,0.3724303550992005,0.7341772151898734,0.6275696449007995,0.8190666230587558
v2,contamination_asymmetric_eps_0p025,normal_contamination_asymmetric,30,caution,200,0,0.0,1.734723475976807e-18,0.018845326377266575,,,,,,
v2,contamination_asymmetric_eps_0p025,normal_contamination_asymmetric,30,insufficient,200,121,0.605,0.5358834915928536,0.6701589898679203,0.01652892561983471,0.004544593546124867,0.05826674248573428,0.9834710743801653,0.9417332575142658,0.9954554064538752
v3_default,contamination_asymmetric_eps_0p025,normal_contamination_asymmetric,30,all,200,200,1.0,0.9811546736227335,1.0,0.115,0.07786373232561955,0.16664716898487572,0.885,0.8333528310151243,0.9221362676743804
v3_default,contamination_asymmetric_eps_0p025,normal_contamination_asymmetric,30,acceptable,200,0,0.0,1.734723475976807e-18,0.018845326377266575,,,,,,
v3_default,contamination_asymmetric_eps_0p025,normal_contamination_asymmetric,30,caution,200,99,0.495,0.4264584535990475,0.5637299996647251,0.23232323232323232,0.16009113599176228,0.3245525027920242,0.7676767676767676,0.6754474972079758,0.8399088640082377
v3_default,contamination_asymmetric_eps_0p025,normal_contamination_asymmetric,30,insufficient,200,101,0.505,0.43627000033527485,0.5735415464009526,0.0,0.0,0.03664064639985608,1.0,0.9633593536001439,1.0
v3_oracle_simulation_truth,contamination_asymmetric_eps_0p025,normal_contamination_asymmetric,30,all,200,200,1.0,0.9811546736227335,1.0,0.115,0.07786373232561955,0.16664716898487572,0.885,0.8333528310151243,0.9221362676743804
v3_oracle_simulation_truth,contamination_asymmetric_eps_0p025,normal_contamination_asymmetric,30,acceptable,200,0,0.0,1.734723475976807e-18,0.018845326377266575,,,,,,
v3_oracle_simulation_truth,contamination_asymmetric_eps_0p025,normal_contamination_asymmetric,30,caution,200,99,0.495,0.4264584535990475,0.5637299996647251,0.23232323232323232,0.16009113599176228,0.3245525027920242,0.7676767676767676,0.6754474972079758,0.8399088640082377
v3_oracle_simulation_truth,contamination_asymmetric_eps_0p025,normal_contamination_asymmetric,30,insufficient,200,101,0.505,0.43627000033527485,0.5735415464009526,0.0,0.0,0.03664064639985608,1.0,0.9633593536001439,1.0
v2,contamination_asymmetric_eps_0p025,normal_contamination_asymmetric,40,all,200,200,1.0,0.9811546736227335,1.0,0.14,0.09866982633455634,0.1948988086570756,0.86,0.8051011913429243,0.9013301736654437
v2,contamination_asymmetric_eps_0p025,normal_contamination_asymmetric,40,acceptable,200,69,0.345,0.2825979437674894,0.4132441074094632,0.34782608695652173,0.24618141928624354,0.4655212245104244,0.6521739130434783,0.5344787754895757,0.7538185807137565
v2,contamination_asymmetric_eps_0p025,normal_contamination_asymmetric,40,caution,200,7,0.035,0.017055542008567192,0.07047061152229073,0.42857142857142855,0.15821985525146975,0.7495416354723428,0.5714285714285714,0.2504583645276572,0.8417801447485302
v2,contamination_asymmetric_eps_0p025,normal_contamination_asymmetric,40,insufficient,200,124,0.62,0.5510671801561923,0.6844099415132637,0.008064516129032258,0.0014250064581251692,0.04426798605447708,0.9919354838709677,0.9557320139455229,0.9985749935418747
v3_default,contamination_asymmetric_eps_0p025,normal_contamination_asymmetric,40,all,200,200,1.0,0.9811546736227335,1.0,0.14,0.09866982633455634,0.1948988086570756,0.86,0.8051011913429243,0.9013301736654437
v3_default,contamination_asymmetric_eps_0p025,normal_contamination_asymmetric,40,acceptable,200,0,0.0,1.734723475976807e-18,0.018845326377266575,,,,,,
v3_default,contamination_asymmetric_eps_0p025,normal_contamination_asymmetric,40,caution,200,82,0.41,0.34415674908482885,0.4792354096630791,0.34146341463414637,0.24799344936511664,0.44912260204881777,0.6585365853658537,0.5508773979511824,0.7520065506348835
v3_default,contamination_asymmetric_eps_0p025,normal_contamination_asymmetric,40,insufficient,200,118,0.59,0.5207645903369208,0.6558432509151711,0.0,-3.469446951953614e-18,0.03152833902249433,1.0,0.9684716609775057,1.0
v3_oracle_simulation_truth,contamination_asymmetric_eps_0p025,normal_contamination_asymmetric,40,all,200,200,1.0,0.9811546736227335,1.0,0.14,0.09866982633455634,0.1948988086570756,0.86,0.8051011913429243,0.9013301736654437
v3_oracle_simulation_truth,contamination_asymmetric_eps_0p025,normal_contamination_asymmetric,40,acceptable,200,0,0.0,1.734723475976807e-18,0.018845326377266575,,,,,,
v3_oracle_simulation_truth,contamination_asymmetric_eps_0p025,normal_contamination_asymmetric,40,caution,200,82,0.41,0.34415674908482885,0.4792354096630791,0.34146341463414637,0.24799344936511664,0.44912260204881777,0.6585365853658537,0.5508773979511824,0.7520065506348835
v3_oracle_simulation_truth,contamination_asymmetric_eps_0p025,normal_contamination_asymmetric,40,insufficient,200,118,0.59,0.5207645903369208,0.6558432509151711,0.0,-3.469446951953614e-18,0.03152833902249433,1.0,0.9684716609775057,1.0
v2,contamination_asymmetric_eps_0p025,normal_contamination_asymmetric,50,all,200,200,1.0,0.9811546736227335,1.0,0.16,0.1156741203158702,0.21714070162067106,0.84,0.7828592983793289,0.8843258796841297
v2,contamination_asymmetric_eps_0p025,normal_contamination_asymmetric,50,acceptable,200,55,0.275,0.21779700329307355,0.34068339357669647,0.5636363636363636,0.43269816346414447,0.6862655763936809,0.43636363636363634,0.3137344236063191,0.5673018365358555
v2,contamination_asymmetric_eps_0p025,normal_contamination_asymmetric,50,caution,200,0,0.0,1.734723475976807e-18,0.018845326377266575,,,,,,
v2,contamination_asymmetric_eps_0p025,normal_contamination_asymmetric,50,insufficient,200,145,0.725,0.6593166064233035,0.7822029967069265,0.006896551724137931,0.00121844987051168,0.038027731045594475,0.993103448275862,0.9619722689544055,0.9987815501294883
v3_default,contamination_asymmetric_eps_0p025,normal_contamination_asymmetric,50,all,200,200,1.0,0.9811546736227335,1.0,0.16,0.1156741203158702,0.21714070162067106,0.84,0.7828592983793289,0.8843258796841297
v3_default,contamination_asymmetric_eps_0p025,normal_contamination_asymmetric,50,acceptable,200,0,0.0,1.734723475976807e-18,0.018845326377266575,,,,,,
v3_default,contamination_asymmetric_eps_0p025,normal_contamination_asymmetric,50,caution,200,55,0.275,0.21779700329307355,0.34068339357669647,0.5636363636363636,0.43269816346414447,0.6862655763936809,0.43636363636363634,0.3137344236063191,0.5673018365358555
v3_default,contamination_asymmetric_eps_0p025,normal_contamination_asymmetric,50,insufficient,200,145,0.725,0.6593166064233035,0.7822029967069265,0.006896551724137931,0.00121844987051168,0.038027731045594475,0.993103448275862,0.9619722689544055,0.9987815501294883
v3_oracle_simulation_truth,contamination_asymmetric_eps_0p025,normal_contamination_asymmetric,50,all,200,200,1.0,0.9811546736227335,1.0,0.16,0.1156741203158702,0.21714070162067106,0.84,0.7828592983793289,0.8843258796841297
v3_oracle_simulation_truth,contamination_asymmetric_eps_0p025,normal_contamination_asymmetric,50,acceptable,200,0,0.0,1.734723475976807e-18,0.018845326377266575,,,,,,
v3_oracle_simulation_truth,contamination_asymmetric_eps_0p025,normal_contamination_asymmetric,50,caution,200,55,0.275,0.21779700329307355,0.34068339357669647,0.5636363636363636,0.43269816346414447,0.6862655763936809,0.43636363636363634,0.3137344236063191,0.5673018365358555
v3_oracle_simulation_truth,contamination_asymmetric_eps_0p025,normal_contamination_asymmetric,50,insufficient,200,145,0.725,0.6593166064233035,0.7822029967069265,0.006896551724137931,0.00121844987051168,0.038027731045594475,0.993103448275862,0.9619722689544055,0.9987815501294883
v2,contamination_asymmetric_eps_0p025,normal_contamination_asymmetric,80,all,200,200,1.0,0.9811546736227335,1.0,0.1,0.06567044866909588,0.1494058124327174,0.9,0.8505941875672826,0.9343295513309041
v2,contamination_asymmetric_eps_0p025,normal_contamination_asymmetric,80,acceptable,200,17,0.085,0.05374575017747561,0.13189587071565567,0.7647058823529411,0.5273820188043501,0.9044495567791988,0.23529411764705882,0.09555044322080117,0.4726179811956498
v2,contamination_asymmetric_eps_0p025,normal_contamination_asymmetric,80,caution,200,3,0.015,0.00511423779325831,0.04316572879269026,1.0,0.4385029682449546,1.0,0.0,5.551115123125783e-17,0.5614970317550454
v2,contamination_asymmetric_eps_0p025,normal_contamination_asymmetric,80,insufficient,200,180,0.9,0.8505941875672826,0.9343295513309041,0.022222222222222223,0.008674923426990527,0.05573633014255083,0.9777777777777777,0.944263669857449,0.9913250765730094
v3_default,contamination_asymmetric_eps_0p025,normal_contamination_asymmetric,80,all,200,200,1.0,0.9811546736227335,1.0,0.1,0.06567044866909588,0.1494058124327174,0.9,0.8505941875672826,0.9343295513309041
v3_default,contamination_asymmetric_eps_0p025,normal_contamination_asymmetric,80,acceptable,200,0,0.0,1.734723475976807e-18,0.018845326377266575,,,,,,
v3_default,contamination_asymmetric_eps_0p025,normal_contamination_asymmetric,80,caution,200,21,0.105,0.06970748792681017,0.1551803199112304,0.7619047619047619,0.5490882631704924,0.8937198697736354,0.23809523809523808,0.10628013022636468,0.4509117368295075
v3_default,contamination_asymmetric_eps_0p025,normal_contamination_asymmetric,80,insufficient,200,179,0.895,0.8448196800887696,0.9302925120731899,0.0223463687150838,0.008723574404384326,0.056039958423838215,0.9776536312849162,0.9439600415761618,0.9912764255956157
v3_oracle_simulation_truth,contamination_asymmetric_eps_0p025,normal_contamination_asymmetric,80,all,200,200,1.0,0.9811546736227335,1.0,0.1,0.06567044866909588,0.1494058124327174,0.9,0.8505941875672826,0.9343295513309041
v3_oracle_simulation_truth,contamination_asymmetric_eps_0p025,normal_contamination_asymmetric,80,acceptable,200,0,0.0,1.734723475976807e-18,0.018845326377266575,,,,,,
v3_oracle_simulation_truth,contamination_asymmetric_eps_0p025,normal_contamination_asymmetric,80,caution,200,21,0.105,0.06970748792681017,0.1551803199112304,0.7619047619047619,0.5490882631704924,0.8937198697736354,0.23809523809523808,0.10628013022636468,0.4509117368295075
v3_oracle_simulation_truth,contamination_asymmetric_eps_0p025,normal_contamination_asymmetric,80,insufficient,200,179,0.895,0.8448196800887696,0.9302925120731899,0.0223463687150838,0.008723574404384326,0.056039958423838215,0.9776536312849162,0.9439600415761618,0.9912764255956157
v2,contamination_asymmetric_eps_0p025,normal_contamination_asymmetric,100,all,5000,5000,1.0,0.9992322980549431,1.0000000000000002,0.0806,0.07337259170799372,0.0884713566835202,0.9194,0.9115286433164798,0.9266274082920063
v2,contamination_asymmetric_eps_0p025,normal_contamination_asymmetric,100,acceptable,5000,359,0.0718,0.06496832668290924,0.0792891332628377,0.7409470752089137,0.6932446794291396,0.7835475828506009,0.2590529247910863,0.21645241714939922,0.3067553205708604
v2,contamination_asymmetric_eps_0p025,normal_contamination_asymmetric,100,caution,5000,35,0.007,0.005037635094103144,0.009719319023723182,0.7142857142857143,0.5494506513681738,0.836734637635653,0.2857142857142857,0.16326536236434688,0.45054934863182616
v2,contamination_asymmetric_eps_0p025,normal_contamination_asymmetric,100,insufficient,5000,4606,0.9212,0.9134045309031973,0.9283487569782867,0.0243161094224924,0.020248489117206957,0.029176520583447985,0.9756838905775076,0.970823479416552,0.979751510882793
v3_default,contamination_asymmetric_eps_0p025,normal_contamination_asymmetric,100,all,5000,5000,1.0,0.9992322980549431,1.0000000000000002,0.0806,0.07337259170799372,0.0884713566835202,0.9194,0.9115286433164798,0.9266274082920063
v3_default,contamination_asymmetric_eps_0p025,normal_contamination_asymmetric,100,acceptable,5000,0,0.0,0.0,0.0007677019450571244,,,,,,
v3_default,contamination_asymmetric_eps_0p025,normal_contamination_asymmetric,100,caution,5000,412,0.0824,0.07509504921994331,0.0903461354445684,0.7160194174757282,0.6706377562618947,0.757409991802474,0.28398058252427183,0.24259000819752605,0.32936224373810535
v3_default,contamination_asymmetric_eps_0p025,normal_contamination_asymmetric,100,insufficient,5000,4588,0.9176,0.9096538645554316,0.9249049507800567,0.023539668700959023,0.01953506244026812,0.028341472669277057,0.976460331299041,0.971658527330723,0.9804649375597319
v3_oracle_simulation_truth,contamination_asymmetric_eps_0p025,normal_contamination_asymmetric,100,all,5000,5000,1.0,0.9992322980549431,1.0000000000000002,0.0806,0.07337259170799372,0.0884713566835202,0.9194,0.9115286433164798,0.9266274082920063
v3_oracle_simulation_truth,contamination_asymmetric_eps_0p025,normal_contamination_asymmetric,100,acceptable,5000,0,0.0,0.0,0.0007677019450571244,,,,,,
v3_oracle_simulation_truth,contamination_asymmetric_eps_0p025,normal_contamination_asymmetric,100,caution,5000,412,0.0824,0.07509504921994331,0.0903461354445684,0.7160194174757282,0.6706377562618947,0.757409991802474,0.28398058252427183,0.24259000819752605,0.32936224373810535
v3_oracle_simulation_truth,contamination_asymmetric_eps_0p025,normal_contamination_asymmetric,100,insufficient,5000,4588,0.9176,0.9096538645554316,0.9249049507800567,0.023539668700959023,0.01953506244026812,0.028341472669277057,0.976460331299041,0.971658527330723,0.9804649375597319
v2,contamination_asymmetric_eps_0p025,normal_contamination_asymmetric,200,all,200,200,1.0,0.9811546736227335,1.0,0.075,0.04597491718438201,0.12004361023629456,0.925,0.8799563897637055,0.954025082815618
v2,contamination_asymmetric_eps_0p025,normal_contamination_asymmetric,200,acceptable,200,1,0.005,0.0008831687156009814,0.02777370439789293,1.0,0.20654931437723745,1.0,0.0,0.0,0.7934506856227626
v2,contamination_asymmetric_eps_0p025,normal_contamination_asymmetric,200,caution,200,0,0.0,1.734723475976807e-18,0.018845326377266575,,,,,,
v2,contamination_asymmetric_eps_0p025,normal_contamination_asymmetric,200,insufficient,200,199,0.995,0.9722262956021069,0.9991168312843989,0.07035175879396985,0.042366344045329206,0.11461073059127666,0.9296482412060302,0.8853892694087233,0.9576336559546708
v3_default,contamination_asymmetric_eps_0p025,normal_contamination_asymmetric,200,all,200,200,1.0,0.9811546736227335,1.0,0.075,0.04597491718438201,0.12004361023629456,0.925,0.8799563897637055,0.954025082815618
v3_default,contamination_asymmetric_eps_0p025,normal_contamination_asymmetric,200,acceptable,200,0,0.0,1.734723475976807e-18,0.018845326377266575,,,,,,
v3_default,contamination_asymmetric_eps_0p025,normal_contamination_asymmetric,200,caution,200,1,0.005,0.0008831687156009814,0.02777370439789293,1.0,0.20654931437723745,1.0,0.0,0.0,0.7934506856227626
v3_default,contamination_asymmetric_eps_0p025,normal_contamination_asymmetric,200,insufficient,200,199,0.995,0.9722262956021069,0.9991168312843989,0.07035175879396985,0.042366344045329206,0.11461073059127666,0.9296482412060302,0.8853892694087233,0.9576336559546708
v3_oracle_simulation_truth,contamination_asymmetric_eps_0p025,normal_contamination_asymmetric,200,all,200,200,1.0,0.9811546736227335,1.0,0.075,0.04597491718438201,0.12004361023629456,0.925,0.8799563897637055,0.954025082815618
v3_oracle_simulation_truth,contamination_asymmetric_eps_0p025,normal_contamination_asymmetric,200,acceptable,200,0,0.0,1.734723475976807e-18,0.018845326377266575,,,,,,
v3_oracle_simulation_truth,contamination_asymmetric_eps_0p025,normal_contamination_asymmetric,200,caution,200,1,0.005,0.0008831687156009814,0.02777370439789293,1.0,0.20654931437723745,1.0,0.0,0.0,0.7934506856227626
v3_oracle_simulation_truth,contamination_asymmetric_eps_0p025,normal_contamination_asymmetric,200,insufficient,200,199,0.995,0.9722262956021069,0.9991168312843989,0.07035175879396985,0.042366344045329206,0.11461073059127666,0.9296482412060302,0.8853892694087233,0.9576336559546708
v2,contamination_asymmetric_eps_0p025,normal_contamination_asymmetric,500,all,200,200,1.0,0.9811546736227335,1.0,0.03,0.013820314340111346,0.06389429245451925,0.97,0.9361057075454807,0.9861796856598887
v2,contamination_asymmetric_eps_0p025,normal_contamination_asymmetric,500,acceptable,200,0,0.0,1.734723475976807e-18,0.018845326377266575,,,,,,
v2,contamination_asymmetric_eps_0p025,normal_contamination_asymmetric,500,caution,200,0,0.0,1.734723475976807e-18,0.018845326377266575,,,,,,
v2,contamination_asymmetric_eps_0p025,normal_contamination_asymmetric,500,insufficient,200,200,1.0,0.9811546736227335,1.0,0.03,0.013820314340111346,0.06389429245451925,0.97,0.9361057075454807,0.9861796856598887
v3_default,contamination_asymmetric_eps_0p025,normal_contamination_asymmetric,500,all,200,200,1.0,0.9811546736227335,1.0,0.03,0.013820314340111346,0.06389429245451925,0.97,0.9361057075454807,0.9861796856598887
v3_default,contamination_asymmetric_eps_0p025,normal_contamination_asymmetric,500,acceptable,200,0,0.0,1.734723475976807e-18,0.018845326377266575,,,,,,
v3_default,contamination_asymmetric_eps_0p025,normal_contamination_asymmetric,500,caution,200,0,0.0,1.734723475976807e-18,0.018845326377266575,,,,,,
v3_default,contamination_asymmetric_eps_0p025,normal_contamination_asymmetric,500,insufficient,200,200,1.0,0.9811546736227335,1.0,0.03,0.013820314340111346,0.06389429245451925,0.97,0.9361057075454807,0.9861796856598887
v3_oracle_simulation_truth,contamination_asymmetric_eps_0p025,normal_contamination_asymmetric,500,all,200,200,1.0,0.9811546736227335,1.0,0.03,0.013820314340111346,0.06389429245451925,0.97,0.9361057075454807,0.9861796856598887
v3_oracle_simulation_truth,contamination_asymmetric_eps_0p025,normal_contamination_asymmetric,500,acceptable,200,0,0.0,1.734723475976807e-18,0.018845326377266575,,,,,,
v3_oracle_simulation_truth,contamination_asymmetric_eps_0p025,normal_contamination_asymmetric,500,caution,200,0,0.0,1.734723475976807e-18,0.018845326377266575,,,,,,
v3_oracle_simulation_truth,contamination_asymmetric_eps_0p025,normal_contamination_asymmetric,500,insufficient,200,200,1.0,0.9811546736227335,1.0,0.03,0.013820314340111346,0.06389429245451925,0.97,0.9361057075454807,0.9861796856598887
v2,contamination_asymmetric_eps_0p025,normal_contamination_asymmetric,750,all,200,200,1.0,0.9811546736227335,1.0,0.05,0.02738264560076393,0.08957814813877599,0.95,0.9104218518612239,0.972617354399236
v2,contamination_asymmetric_eps_0p025,normal_contamination_asymmetric,750,acceptable,200,0,0.0,1.734723475976807e-18,0.018845326377266575,,,,,,
v2,contamination_asymmetric_eps_0p025,normal_contamination_asymmetric,750,caution,200,0,0.0,1.734723475976807e-18,0.018845326377266575,,,,,,
v2,contamination_asymmetric_eps_0p025,normal_contamination_asymmetric,750,insufficient,200,200,1.0,0.9811546736227335,1.0,0.05,0.02738264560076393,0.08957814813877599,0.95,0.9104218518612239,0.972617354399236
v3_default,contamination_asymmetric_eps_0p025,normal_contamination_asymmetric,750,all,200,200,1.0,0.9811546736227335,1.0,0.05,0.02738264560076393,0.08957814813877599,0.95,0.9104218518612239,0.972617354399236
v3_default,contamination_asymmetric_eps_0p025,normal_contamination_asymmetric,750,acceptable,200,0,0.0,1.734723475976807e-18,0.018845326377266575,,,,,,
v3_default,contamination_asymmetric_eps_0p025,normal_contamination_asymmetric,750,caution,200,0,0.0,1.734723475976807e-18,0.018845326377266575,,,,,,
v3_default,contamination_asymmetric_eps_0p025,normal_contamination_asymmetric,750,insufficient,200,200,1.0,0.9811546736227335,1.0,0.05,0.02738264560076393,0.08957814813877599,0.95,0.9104218518612239,0.972617354399236
v3_oracle_simulation_truth,contamination_asymmetric_eps_0p025,normal_contamination_asymmetric,750,all,200,200,1.0,0.9811546736227335,1.0,0.05,0.02738264560076393,0.08957814813877599,0.95,0.9104218518612239,0.972617354399236
v3_oracle_simulation_truth,contamination_asymmetric_eps_0p025,normal_contamination_asymmetric,750,acceptable,200,0,0.0,1.734723475976807e-18,0.018845326377266575,,,,,,
v3_oracle_simulation_truth,contamination_asymmetric_eps_0p025,normal_contamination_asymmetric,750,caution,200,0,0.0,1.734723475976807e-18,0.018845326377266575,,,,,,
v3_oracle_simulation_truth,contamination_asymmetric_eps_0p025,normal_contamination_asymmetric,750,insufficient,200,200,1.0,0.9811546736227335,1.0,0.05,0.02738264560076393,0.08957814813877599,0.95,0.9104218518612239,0.972617354399236
v2,contamination_asymmetric_eps_0p025,normal_contamination_asymmetric,2000,all,200,200,1.0,0.9811546736227335,1.0,0.055,0.03098534170345884,0.0957869987723084,0.945,0.9042130012276914,0.9690146582965411
v2,contamination_asymmetric_eps_0p025,normal_contamination_asymmetric,2000,acceptable,200,0,0.0,1.734723475976807e-18,0.018845326377266575,,,,,,
v2,contamination_asymmetric_eps_0p025,normal_contamination_asymmetric,2000,caution,200,0,0.0,1.734723475976807e-18,0.018845326377266575,,,,,,
v2,contamination_asymmetric_eps_0p025,normal_contamination_asymmetric,2000,insufficient,200,200,1.0,0.9811546736227335,1.0,0.055,0.03098534170345884,0.0957869987723084,0.945,0.9042130012276914,0.9690146582965411
v3_default,contamination_asymmetric_eps_0p025,normal_contamination_asymmetric,2000,all,200,200,1.0,0.9811546736227335,1.0,0.055,0.03098534170345884,0.0957869987723084,0.945,0.9042130012276914,0.9690146582965411
v3_default,contamination_asymmetric_eps_0p025,normal_contamination_asymmetric,2000,acceptable,200,0,0.0,1.734723475976807e-18,0.018845326377266575,,,,,,
v3_default,contamination_asymmetric_eps_0p025,normal_contamination_asymmetric,2000,caution,200,0,0.0,1.734723475976807e-18,0.018845326377266575,,,,,,
v3_default,contamination_asymmetric_eps_0p025,normal_contamination_asymmetric,2000,insufficient,200,200,1.0,0.9811546736227335,1.0,0.055,0.03098534170345884,0.0957869987723084,0.945,0.9042130012276914,0.9690146582965411
v3_oracle_simulation_truth,contamination_asymmetric_eps_0p025,normal_contamination_asymmetric,2000,all,200,200,1.0,0.9811546736227335,1.0,0.055,0.03098534170345884,0.0957869987723084,0.945,0.9042130012276914,0.9690146582965411
v3_oracle_simulation_truth,contamination_asymmetric_eps_0p025,normal_contamination_asymmetric,2000,acceptable,200,0,0.0,1.734723475976807e-18,0.018845326377266575,,,,,,
v3_oracle_simulation_truth,contamination_asymmetric_eps_0p025,normal_contamination_asymmetric,2000,caution,200,0,0.0,1.734723475976807e-18,0.018845326377266575,,,,,,
v3_oracle_simulation_truth,contamination_asymmetric_eps_0p025,normal_contamination_asymmetric,2000,insufficient,200,200,1.0,0.9811546736227335,1.0,0.055,0.03098534170345884,0.0957869987723084,0.945,0.9042130012276914,0.9690146582965411
v2,contamination_asymmetric_eps_0p05,normal_contamination_asymmetric,5,all,200,200,1.0,0.9811546736227335,1.0,0.095,0.06166310271738653,0.1436016116481994,0.905,0.8563983883518006,0.9383368972826135
v2,contamination_asymmetric_eps_0p05,normal_contamination_asymmetric,5,acceptable,200,84,0.42,0.35373599161616726,0.4892792606041954,0.13095238095238096,0.07472221316943048,0.21946072923186608,0.8690476190476191,0.780539270768134,0.9252777868305695
v2,contamination_asymmetric_eps_0p05,normal_contamination_asymmetric,5,caution,200,0,0.0,1.734723475976807e-18,0.018845326377266575,,,,,,
v2,contamination_asymmetric_eps_0p05,normal_contamination_asymmetric,5,insufficient,200,116,0.58,0.5107207393958046,0.6462640083838327,0.06896551724137931,0.03535749065073652,0.13020673909033134,0.9310344827586207,0.8697932609096686,0.9646425093492634
v3_default,contamination_asymmetric_eps_0p05,normal_contamination_asymmetric,5,all,200,200,1.0,0.9811546736227335,1.0,0.095,0.06166310271738653,0.1436016116481994,0.905,0.8563983883518006,0.9383368972826135
v3_default,contamination_asymmetric_eps_0p05,normal_contamination_asymmetric,5,acceptable,200,0,0.0,1.734723475976807e-18,0.018845326377266575,,,,,,
v3_default,contamination_asymmetric_eps_0p05,normal_contamination_asymmetric,5,caution,200,200,1.0,0.9811546736227335,1.0,0.095,0.06166310271738653,0.1436016116481994,0.905,0.8563983883518006,0.9383368972826135
v3_default,contamination_asymmetric_eps_0p05,normal_contamination_asymmetric,5,insufficient,200,0,0.0,1.734723475976807e-18,0.018845326377266575,,,,,,
v3_oracle_simulation_truth,contamination_asymmetric_eps_0p05,normal_contamination_asymmetric,5,all,200,200,1.0,0.9811546736227335,1.0,0.095,0.06166310271738653,0.1436016116481994,0.905,0.8563983883518006,0.9383368972826135
v3_oracle_simulation_truth,contamination_asymmetric_eps_0p05,normal_contamination_asymmetric,5,acceptable,200,0,0.0,1.734723475976807e-18,0.018845326377266575,,,,,,
v3_oracle_simulation_truth,contamination_asymmetric_eps_0p05,normal_contamination_asymmetric,5,caution,200,200,1.0,0.9811546736227335,1.0,0.095,0.06166310271738653,0.1436016116481994,0.905,0.8563983883518006,0.9383368972826135
v3_oracle_simulation_truth,contamination_asymmetric_eps_0p05,normal_contamination_asymmetric,5,insufficient,200,0,0.0,1.734723475976807e-18,0.018845326377266575,,,,,,
v2,contamination_asymmetric_eps_0p05,normal_contamination_asymmetric,8,all,200,200,1.0,0.9811546736227335,1.0,0.15,0.10713593562241995,0.20605579284166659,0.85,0.7939442071583334,0.89286406437758
v2,contamination_asymmetric_eps_0p05,normal_contamination_asymmetric,8,acceptable,200,116,0.58,0.5107207393958046,0.6462640083838327,0.19827586206896552,0.13591272407554178,0.2799822367432057,0.8017241379310345,0.7200177632567943,0.8640872759244582
v2,contamination_asymmetric_eps_0p05,normal_contamination_asymmetric,8,caution,200,0,0.0,1.734723475976807e-18,0.018845326377266575,,,,,,
v2,contamination_asymmetric_eps_0p05,normal_contamination_asymmetric,8,insufficient,200,84,0.42,0.35373599161616726,0.4892792606041954,0.08333333333333333,0.04095255062240715,0.16215722305647606,0.9166666666666666,0.8378427769435238,0.9590474493775928
v3_default,contamination_asymmetric_eps_0p05,normal_contamination_asymmetric,8,all,200,200,1.0,0.9811546736227335,1.0,0.15,0.10713593562241995,0.20605579284166659,0.85,0.7939442071583334,0.89286406437758
v3_default,contamination_asymmetric_eps_0p05,normal_contamination_asymmetric,8,acceptable,200,0,0.0,1.734723475976807e-18,0.018845326377266575,,,,,,
v3_default,contamination_asymmetric_eps_0p05,normal_contamination_asymmetric,8,caution,200,200,1.0,0.9811546736227335,1.0,0.15,0.10713593562241995,0.20605579284166659,0.85,0.7939442071583334,0.89286406437758
v3_default,contamination_asymmetric_eps_0p05,normal_contamination_asymmetric,8,insufficient,200,0,0.0,1.734723475976807e-18,0.018845326377266575,,,,,,
v3_oracle_simulation_truth,contamination_asymmetric_eps_0p05,normal_contamination_asymmetric,8,all,200,200,1.0,0.9811546736227335,1.0,0.15,0.10713593562241995,0.20605579284166659,0.85,0.7939442071583334,0.89286406437758
v3_oracle_simulation_truth,contamination_asymmetric_eps_0p05,normal_contamination_asymmetric,8,acceptable,200,0,0.0,1.734723475976807e-18,0.018845326377266575,,,,,,
v3_oracle_simulation_truth,contamination_asymmetric_eps_0p05,normal_contamination_asymmetric,8,caution,200,200,1.0,0.9811546736227335,1.0,0.15,0.10713593562241995,0.20605579284166659,0.85,0.7939442071583334,0.89286406437758
v3_oracle_simulation_truth,contamination_asymmetric_eps_0p05,normal_contamination_asymmetric,8,insufficient,200,0,0.0,1.734723475976807e-18,0.018845326377266575,,,,,,
v2,contamination_asymmetric_eps_0p05,normal_contamination_asymmetric,10,all,200,200,1.0,0.9811546736227335,1.0,0.165,0.11996855328217307,0.2226578153905955,0.835,0.7773421846094045,0.8800314467178268
v2,contamination_asymmetric_eps_0p05,normal_contamination_asymmetric,10,acceptable,200,93,0.465,0.3971856415700402,0.5341335312763685,0.27956989247311825,0.19850339172000364,0.37812421695828824,0.7204301075268817,0.6218757830417118,0.8014966082799965
v2,contamination_asymmetric_eps_0p05,normal_contamination_asymmetric,10,caution,200,0,0.0,1.734723475976807e-18,0.018845326377266575,,,,,,
v2,contamination_asymmetric_eps_0p05,normal_contamination_asymmetric,10,insufficient,200,107,0.535,0.4658664687236316,0.6028143584299599,0.06542056074766354,0.03204830428813078,0.1289154633356414,0.9345794392523364,0.8710845366643586,0.9679516957118693
v3_default,contamination_asymmetric_eps_0p05,normal_contamination_asymmetric,10,all,200,200,1.0,0.9811546736227335,1.0,0.165,0.11996855328217307,0.2226578153905955,0.835,0.7773421846094045,0.8800314467178268
v3_default,contamination_asymmetric_eps_0p05,normal_contamination_asymmetric,10,acceptable,200,0,0.0,1.734723475976807e-18,0.018845326377266575,,,,,,
v3_default,contamination_asymmetric_eps_0p05,normal_contamination_asymmetric,10,caution,200,200,1.0,0.9811546736227335,1.0,0.165,0.11996855328217307,0.2226578153905955,0.835,0.7773421846094045,0.8800314467178268
v3_default,contamination_asymmetric_eps_0p05,normal_contamination_asymmetric,10,insufficient,200,0,0.0,1.734723475976807e-18,0.018845326377266575,,,,,,
v3_oracle_simulation_truth,contamination_asymmetric_eps_0p05,normal_contamination_asymmetric,10,all,200,200,1.0,0.9811546736227335,1.0,0.165,0.11996855328217307,0.2226578153905955,0.835,0.7773421846094045,0.8800314467178268
v3_oracle_simulation_truth,contamination_asymmetric_eps_0p05,normal_contamination_asymmetric,10,acceptable,200,0,0.0,1.734723475976807e-18,0.018845326377266575,,,,,,
v3_oracle_simulation_truth,contamination_asymmetric_eps_0p05,normal_contamination_asymmetric,10,caution,200,200,1.0,0.9811546736227335,1.0,0.165,0.11996855328217307,0.2226578153905955,0.835,0.7773421846094045,0.8800314467178268
v3_oracle_simulation_truth,contamination_asymmetric_eps_0p05,normal_contamination_asymmetric,10,insufficient,200,0,0.0,1.734723475976807e-18,0.018845326377266575,,,,,,
v2,contamination_asymmetric_eps_0p05,normal_contamination_asymmetric,15,all,200,200,1.0,0.9811546736227335,1.0,0.165,0.11996855328217307,0.2226578153905955,0.835,0.7773421846094045,0.8800314467178268
v2,contamination_asymmetric_eps_0p05,normal_contamination_asymmetric,15,acceptable,200,73,0.365,0.301405264649268,0.433682973472594,0.3972602739726027,0.29286701857646835,0.5119258597705996,0.6027397260273972,0.4880741402294003,0.7071329814235315
v2,contamination_asymmetric_eps_0p05,normal_contamination_asymmetric,15,caution,200,0,0.0,1.734723475976807e-18,0.018845326377266575,,,,,,
v2,contamination_asymmetric_eps_0p05,normal_contamination_asymmetric,15,insufficient,200,127,0.635,0.566317026527406,0.698594735350732,0.031496062992125984,0.012315000096796348,0.07818734470602129,0.968503937007874,0.9218126552939786,0.9876849999032037
v3_default,contamination_asymmetric_eps_0p05,normal_contamination_asymmetric,15,all,200,200,1.0,0.9811546736227335,1.0,0.165,0.11996855328217307,0.2226578153905955,0.835,0.7773421846094045,0.8800314467178268
v3_default,contamination_asymmetric_eps_0p05,normal_contamination_asymmetric,15,acceptable,200,0,0.0,1.734723475976807e-18,0.018845326377266575,,,,,,
v3_default,contamination_asymmetric_eps_0p05,normal_contamination_asymmetric,15,caution,200,135,0.675,0.6073198511602996,0.7360842846076571,0.24444444444444444,0.17968181945205527,0.3233484671346797,0.7555555555555555,0.6766515328653203,0.8203181805479448
v3_default,contamination_asymmetric_eps_0p05,normal_contamination_asymmetric,15,insufficient,200,65,0.325,0.2639157153923429,0.3926801488397004,0.0,0.0,0.05580153132285689,1.0,0.9441984686771432,1.0
v3_oracle_simulation_truth,contamination_asymmetric_eps_0p05,normal_contamination_asymmetric,15,all,200,200,1.0,0.9811546736227335,1.0,0.165,0.11996855328217307,0.2226578153905955,0.835,0.7773421846094045,0.8800314467178268
v3_oracle_simulation_truth,contamination_asymmetric_eps_0p05,normal_contamination_asymmetric,15,acceptable,200,0,0.0,1.734723475976807e-18,0.018845326377266575,,,,,,
v3_oracle_simulation_truth,contamination_asymmetric_eps_0p05,normal_contamination_asymmetric,15,caution,200,135,0.675,0.6073198511602996,0.7360842846076571,0.24444444444444444,0.17968181945205527,0.3233484671346797,0.7555555555555555,0.6766515328653203,0.8203181805479448
v3_oracle_simulation_truth,contamination_asymmetric_eps_0p05,normal_contamination_asymmetric,15,insufficient,200,65,0.325,0.2639157153923429,0.3926801488397004,0.0,0.0,0.05580153132285689,1.0,0.9441984686771432,1.0
v2,contamination_asymmetric_eps_0p05,normal_contamination_asymmetric,20,all,200,200,1.0,0.9811546736227335,1.0,0.21,0.15928412069979,0.2716461685990246,0.79,0.7283538314009754,0.8407158793002101
v2,contamination_asymmetric_eps_0p05,normal_contamination_asymmetric,20,acceptable,200,79,0.395,0.32984101013207967,0.46411650840714636,0.4810126582278481,0.37429730453787924,0.5894889440059407,0.5189873417721519,0.4105110559940594,0.6257026954621209
v2,contamination_asymmetric_eps_0p05,normal_contamination_asymmetric,20,caution,200,0,0.0,1.734723475976807e-18,0.018845326377266575,,,,,,
v2,contamination_asymmetric_eps_0p05,normal_contamination_asymmetric,20,insufficient,200,121,0.605,0.5358834915928536,0.6701589898679203,0.03305785123966942,0.012929181394125314,0.08192279272211472,0.9669421487603306,0.9180772072778853,0.9870708186058748
v3_default,contamination_asymmetric_eps_0p05,normal_contamination_asymmetric,20,all,200,200,1.0,0.9811546736227335,1.0,0.21,0.15928412069979,0.2716461685990246,0.79,0.7283538314009754,0.8407158793002101
v3_default,contamination_asymmetric_eps_0p05,normal_contamination_asymmetric,20,acceptable,200,0,0.0,1.734723475976807e-18,0.018845326377266575,,,,,,
v3_default,contamination_asymmetric_eps_0p05,normal_contamination_asymmetric,20,caution,200,132,0.66,0.5918849552683626,0.7220845402909121,0.3181818181818182,0.2448292449661456,0.40181765932425756,0.6818181818181818,0.5981823406757425,0.7551707550338544
v3_default,contamination_asymmetric_eps_0p05,normal_contamination_asymmetric,20,insufficient,200,68,0.34,0.27791545970908793,0.4081150447316374,0.0,0.0,0.053471336520070537,1.0,0.9465286634799296,1.0000000000000002
v3_oracle_simulation_truth,contamination_asymmetric_eps_0p05,normal_contamination_asymmetric,20,all,200,200,1.0,0.9811546736227335,1.0,0.21,0.15928412069979,0.2716461685990246,0.79,0.7283538314009754,0.8407158793002101
v3_oracle_simulation_truth,contamination_asymmetric_eps_0p05,normal_contamination_asymmetric,20,acceptable,200,0,0.0,1.734723475976807e-18,0.018845326377266575,,,,,,
v3_oracle_simulation_truth,contamination_asymmetric_eps_0p05,normal_contamination_asymmetric,20,caution,200,132,0.66,0.5918849552683626,0.7220845402909121,0.3181818181818182,0.2448292449661456,0.40181765932425756,0.6818181818181818,0.5981823406757425,0.7551707550338544
v3_oracle_simulation_truth,contamination_asymmetric_eps_0p05,normal_contamination_asymmetric,20,insufficient,200,68,0.34,0.27791545970908793,0.4081150447316374,0.0,0.0,0.053471336520070537,1.0,0.9465286634799296,1.0000000000000002
v2,contamination_asymmetric_eps_0p05,normal_contamination_asymmetric,30,all,200,200,1.0,0.9811546736227335,1.0,0.17,0.12427907912586969,0.22815883628312625,0.83,0.7718411637168737,0.8757209208741302
v2,contamination_asymmetric_eps_0p05,normal_contamination_asymmetric,30,acceptable,200,34,0.17,0.12427907912586969,0.22815883628312625,0.8529411764705882,0.6987194350454783,0.9355055855521753,0.14705882352941177,0.06449441444782457,0.3012805649545216
v2,contamination_asymmetric_eps_0p05,normal_contamination_asymmetric,30,caution,200,0,0.0,1.734723475976807e-18,0.018845326377266575,,,,,,
v2,contamination_asymmetric_eps_0p05,normal_contamination_asymmetric,30,insufficient,200,166,0.83,0.7718411637168737,0.8757209208741302,0.030120481927710843,0.012932886525083166,0.06856346258074322,0.9698795180722891,0.9314365374192567,0.9870671134749168
v3_default,contamination_asymmetric_eps_0p05,normal_contamination_asymmetric,30,all,200,200,1.0,0.9811546736227335,1.0,0.17,0.12427907912586969,0.22815883628312625,0.83,0.7718411637168737,0.8757209208741302
v3_default,contamination_asymmetric_eps_0p05,normal_contamination_asymmetric,30,acceptable,200,0,0.0,1.734723475976807e-18,0.018845326377266575,,,,,,
v3_default,contamination_asymmetric_eps_0p05,normal_contamination_asymmetric,30,caution,200,82,0.41,0.34415674908482885,0.4792354096630791,0.4146341463414634,0.3141656014131662,0.5227430416558754,0.5853658536585366,0.4772569583441246,0.6858343985868338
v3_default,contamination_asymmetric_eps_0p05,normal_contamination_asymmetric,30,insufficient,200,118,0.59,0.5207645903369208,0.6558432509151711,0.0,-3.469446951953614e-18,0.03152833902249433,1.0,0.9684716609775057,1.0
v3_oracle_simulation_truth,contamination_asymmetric_eps_0p05,normal_contamination_asymmetric,30,all,200,200,1.0,0.9811546736227335,1.0,0.17,0.12427907912586969,0.22815883628312625,0.83,0.7718411637168737,0.8757209208741302
v3_oracle_simulation_truth,contamination_asymmetric_eps_0p05,normal_contamination_asymmetric,30,acceptable,200,0,0.0,1.734723475976807e-18,0.018845326377266575,,,,,,
v3_oracle_simulation_truth,contamination_asymmetric_eps_0p05,normal_contamination_asymmetric,30,caution,200,82,0.41,0.34415674908482885,0.4792354096630791,0.4146341463414634,0.3141656014131662,0.5227430416558754,0.5853658536585366,0.4772569583441246,0.6858343985868338
v3_oracle_simulation_truth,contamination_asymmetric_eps_0p05,normal_contamination_asymmetric,30,insufficient,200,118,0.59,0.5207645903369208,0.6558432509151711,0.0,-3.469446951953614e-18,0.03152833902249433,1.0,0.9684716609775057,1.0
v2,contamination_asymmetric_eps_0p05,normal_contamination_asymmetric,40,all,200,200,1.0,0.9811546736227335,1.0,0.085,0.05374575017747561,0.13189587071565567,0.915,0.8681041292843443,0.9462542498225244
v2,contamination_asymmetric_eps_0p05,normal_contamination_asymmetric,40,acceptable,200,21,0.105,0.06970748792681017,0.1551803199112304,0.7619047619047619,0.5490882631704924,0.8937198697736354,0.23809523809523808,0.10628013022636468,0.4509117368295075
v2,contamination_asymmetric_eps_0p05,normal_contamination_asymmetric,40,caution,200,0,0.0,1.734723475976807e-18,0.018845326377266575,,,,,,
v2,contamination_asymmetric_eps_0p05,normal_contamination_asymmetric,40,insufficient,200,179,0.895,0.8448196800887696,0.9302925120731899,0.00558659217877095,0.0009868523514691765,0.030961365839147145,0.994413407821229,0.9690386341608527,0.9990131476485308
v3_default,contamination_asymmetric_eps_0p05,normal_contamination_asymmetric,40,all,200,200,1.0,0.9811546736227335,1.0,0.085,0.05374575017747561,0.13189587071565567,0.915,0.8681041292843443,0.9462542498225244
v3_default,contamination_asymmetric_eps_0p05,normal_contamination_asymmetric,40,acceptable,200,0,0.0,1.734723475976807e-18,0.018845326377266575,,,,,,
v3_default,contamination_asymmetric_eps_0p05,normal_contamination_asymmetric,40,caution,200,45,0.225,0.17262369715089126,0.2877412323566053,0.37777777777777777,0.25108084672137915,0.5237006551911048,0.6222222222222222,0.47629934480889535,0.7489191532786209
v3_default,contamination_asymmetric_eps_0p05,normal_contamination_asymmetric,40,insufficient,200,155,0.775,0.7122587676433947,0.8273763028491088,0.0,0.0,0.024184232814371848,1.0,0.9758157671856282,1.0
v3_oracle_simulation_truth,contamination_asymmetric_eps_0p05,normal_contamination_asymmetric,40,all,200,200,1.0,0.9811546736227335,1.0,0.085,0.05374575017747561,0.13189587071565567,0.915,0.8681041292843443,0.9462542498225244
v3_oracle_simulation_truth,contamination_asymmetric_eps_0p05,normal_contamination_asymmetric,40,acceptable,200,0,0.0,1.734723475976807e-18,0.018845326377266575,,,,,,
v3_oracle_simulation_truth,contamination_asymmetric_eps_0p05,normal_contamination_asymmetric,40,caution,200,45,0.225,0.17262369715089126,0.2877412323566053,0.37777777777777777,0.25108084672137915,0.5237006551911048,0.6222222222222222,0.47629934480889535,0.7489191532786209
v3_oracle_simulation_truth,contamination_asymmetric_eps_0p05,normal_contamination_asymmetric,40,insufficient,200,155,0.775,0.7122587676433947,0.8273763028491088,0.0,0.0,0.024184232814371848,1.0,0.9758157671856282,1.0
v2,contamination_asymmetric_eps_0p05,normal_contamination_asymmetric,50,all,200,200,1.0,0.9811546736227335,1.0,0.105,0.06970748792681017,0.1551803199112304,0.895,0.8448196800887696,0.9302925120731899
v2,contamination_asymmetric_eps_0p05,normal_contamination_asymmetric,50,acceptable,200,14,0.07,0.042152171828342806,0.11405480885610647,0.9285714285714286,0.6853129557584889,0.9872777847521093,0.07142857142857142,0.012722215247890939,0.31468704424151117
v2,contamination_asymmetric_eps_0p05,normal_contamination_asymmetric,50,caution,200,3,0.015,0.00511423779325831,0.04316572879269026,1.0,0.4385029682449546,1.0,0.0,5.551115123125783e-17,0.5614970317550454
v2,contamination_asymmetric_eps_0p05,normal_contamination_asymmetric,50,insufficient,200,183,0.915,0.8681041292843443,0.9462542498225244,0.0273224043715847,0.011725746680430384,0.06235555683784999,0.9726775956284153,0.93764444316215,0.9882742533195696
v3_default,contamination_asymmetric_eps_0p05,normal_contamination_asymmetric,50,all,200,200,1.0,0.9811546736227335,1.0,0.105,0.06970748792681017,0.1551803199112304,0.895,0.8448196800887696,0.9302925120731899
v3_default,contamination_asymmetric_eps_0p05,normal_contamination_asymmetric,50,acceptable,200,0,0.0,1.734723475976807e-18,0.018845326377266575,,,,,,
v3_default,contamination_asymmetric_eps_0p05,normal_contamination_asymmetric,50,caution,200,23,0.115,0.07786373232561955,0.16664716898487572,0.6956521739130435,0.49134243731240795,0.8439597554678597,0.30434782608695654,0.15604024453214022,0.508657562687592
v3_default,contamination_asymmetric_eps_0p05,normal_contamination_asymmetric,50,insufficient,200,177,0.885,0.8333528310151243,0.9221362676743804,0.02824858757062147,0.012125187155558284,0.06441400308852203,0.9717514124293786,0.9355859969114779,0.9878748128444417
v3_oracle_simulation_truth,contamination_asymmetric_eps_0p05,normal_contamination_asymmetric,50,all,200,200,1.0,0.9811546736227335,1.0,0.105,0.06970748792681017,0.1551803199112304,0.895,0.8448196800887696,0.9302925120731899
v3_oracle_simulation_truth,contamination_asymmetric_eps_0p05,normal_contamination_asymmetric,50,acceptable,200,0,0.0,1.734723475976807e-18,0.018845326377266575,,,,,,
v3_oracle_simulation_truth,contamination_asymmetric_eps_0p05,normal_contamination_asymmetric,50,caution,200,23,0.115,0.07786373232561955,0.16664716898487572,0.6956521739130435,0.49134243731240795,0.8439597554678597,0.30434782608695654,0.15604024453214022,0.508657562687592
v3_oracle_simulation_truth,contamination_asymmetric_eps_0p05,normal_contamination_asymmetric,50,insufficient,200,177,0.885,0.8333528310151243,0.9221362676743804,0.02824858757062147,0.012125187155558284,0.06441400308852203,0.9717514124293786,0.9355859969114779,0.9878748128444417
v2,contamination_asymmetric_eps_0p05,normal_contamination_asymmetric,80,all,200,200,1.0,0.9811546736227335,1.0,0.085,0.05374575017747561,0.13189587071565567,0.915,0.8681041292843443,0.9462542498225244
v2,contamination_asymmetric_eps_0p05,normal_contamination_asymmetric,80,acceptable,200,6,0.03,0.013820314340111346,0.06389429245451925,1.0,0.6096657120978346,1.0,0.0,2.7755575615628914e-17,0.3903342879021653
v2,contamination_asymmetric_eps_0p05,normal_contamination_asymmetric,80,caution,200,1,0.005,0.0008831687156009814,0.02777370439789293,1.0,0.20654931437723745,1.0,0.0,0.0,0.7934506856227626
v2,contamination_asymmetric_eps_0p05,normal_contamination_asymmetric,80,insufficient,200,193,0.965,0.9295293884777092,0.9829444579914328,0.05181347150259067,0.028384343864107146,0.09273576448873569,0.9481865284974094,0.9072642355112643,0.9716156561358928
v3_default,contamination_asymmetric_eps_0p05,normal_contamination_asymmetric,80,all,200,200,1.0,0.9811546736227335,1.0,0.085,0.05374575017747561,0.13189587071565567,0.915,0.8681041292843443,0.9462542498225244
v3_default,contamination_asymmetric_eps_0p05,normal_contamination_asymmetric,80,acceptable,200,0,0.0,1.734723475976807e-18,0.018845326377266575,,,,,,
v3_default,contamination_asymmetric_eps_0p05,normal_contamination_asymmetric,80,caution,200,12,0.06,0.03465219425433187,0.1019316929576627,0.6666666666666666,0.39062208887279953,0.8618799089087867,0.3333333333333333,0.13812009109121315,0.6093779111272004
v3_default,contamination_asymmetric_eps_0p05,normal_contamination_asymmetric,80,insufficient,200,188,0.94,0.8980683070423372,0.9653478057456681,0.047872340425531915,0.025387307800360248,0.08846430151787575,0.9521276595744681,0.9115356984821243,0.9746126921996399
v3_oracle_simulation_truth,contamination_asymmetric_eps_0p05,normal_contamination_asymmetric,80,all,200,200,1.0,0.9811546736227335,1.0,0.085,0.05374575017747561,0.13189587071565567,0.915,0.8681041292843443,0.9462542498225244
v3_oracle_simulation_truth,contamination_asymmetric_eps_0p05,normal_contamination_asymmetric,80,acceptable,200,0,0.0,1.734723475976807e-18,0.018845326377266575,,,,,,
v3_oracle_simulation_truth,contamination_asymmetric_eps_0p05,normal_contamination_asymmetric,80,caution,200,12,0.06,0.03465219425433187,0.1019316929576627,0.6666666666666666,0.39062208887279953,0.8618799089087867,0.3333333333333333,0.13812009109121315,0.6093779111272004
v3_oracle_simulation_truth,contamination_asymmetric_eps_0p05,normal_contamination_asymmetric,80,insufficient,200,188,0.94,0.8980683070423372,0.9653478057456681,0.047872340425531915,0.025387307800360248,0.08846430151787575,0.9521276595744681,0.9115356984821243,0.9746126921996399
v2,contamination_asymmetric_eps_0p05,normal_contamination_asymmetric,100,all,5000,5000,1.0,0.9992322980549431,1.0000000000000002,0.0696,0.06287192325712557,0.0769889145771796,0.9304,0.9230110854228204,0.9371280767428745
v2,contamination_asymmetric_eps_0p05,normal_contamination_asymmetric,100,acceptable,5000,24,0.0048,0.003227780878929331,0.007132551127455243,1.0,0.8620237953250198,1.0,0.0,1.3877787807814457e-17,0.13797620467498017
v2,contamination_asymmetric_eps_0p05,normal_contamination_asymmetric,100,caution,5000,5,0.001,0.00042721349110879964,0.002338953050058211,1.0,0.5655175352168251,1.0,0.0,0.0,0.43448246478317476
v2,contamination_asymmetric_eps_0p05,normal_contamination_asymmetric,100,insufficient,5000,4971,0.9942,0.9916826613677592,0.9959585420297463,0.06417219875276604,0.05769069417881004,0.07132677585185204,0.935827801247234,0.9286732241481479,0.94230930582119
v3_default,contamination_asymmetric_eps_0p05,normal_contamination_asymmetric,100,all,5000,5000,1.0,0.9992322980549431,1.0000000000000002,0.0696,0.06287192325712557,0.0769889145771796,0.9304,0.9230110854228204,0.9371280767428745
v3_default,contamination_asymmetric_eps_0p05,normal_contamination_asymmetric,100,acceptable,5000,0,0.0,0.0,0.0007677019450571244,,,,,,
v3_default,contamination_asymmetric_eps_0p05,normal_contamination_asymmetric,100,caution,5000,52,0.0104,0.007939964636342375,0.013611769108257562,0.9230769230769231,0.8182643761570466,0.9696806548150699,0.07692307692307693,0.030319345184930124,0.1817356238429534
v3_default,contamination_asymmetric_eps_0p05,normal_contamination_asymmetric,100,insufficient,5000,4948,0.9896,0.9863882308917424,0.9920600353636577,0.060630557801131774,0.054315624869852475,0.06762718445516619,0.9393694421988682,0.9323728155448339,0.9456843751301476
v3_oracle_simulation_truth,contamination_asymmetric_eps_0p05,normal_contamination_asymmetric,100,all,5000,5000,1.0,0.9992322980549431,1.0000000000000002,0.0696,0.06287192325712557,0.0769889145771796,0.9304,0.9230110854228204,0.9371280767428745
v3_oracle_simulation_truth,contamination_asymmetric_eps_0p05,normal_contamination_asymmetric,100,acceptable,5000,0,0.0,0.0,0.0007677019450571244,,,,,,
v3_oracle_simulation_truth,contamination_asymmetric_eps_0p05,normal_contamination_asymmetric,100,caution,5000,52,0.0104,0.007939964636342375,0.013611769108257562,0.9230769230769231,0.8182643761570466,0.9696806548150699,0.07692307692307693,0.030319345184930124,0.1817356238429534
v3_oracle_simulation_truth,contamination_asymmetric_eps_0p05,normal_contamination_asymmetric,100,insufficient,5000,4948,0.9896,0.9863882308917424,0.9920600353636577,0.060630557801131774,0.054315624869852475,0.06762718445516619,0.9393694421988682,0.9323728155448339,0.9456843751301476
v2,contamination_asymmetric_eps_0p05,normal_contamination_asymmetric,200,all,200,200,1.0,0.9811546736227335,1.0,0.04,0.020405632066152306,0.07693206820093293,0.96,0.923067931799067,0.9795943679338476
v2,contamination_asymmetric_eps_0p05,normal_contamination_asymmetric,200,acceptable,200,0,0.0,1.734723475976807e-18,0.018845326377266575,,,,,,
v2,contamination_asymmetric_eps_0p05,normal_contamination_asymmetric,200,caution,200,0,0.0,1.734723475976807e-18,0.018845326377266575,,,,,,
v2,contamination_asymmetric_eps_0p05,normal_contamination_asymmetric,200,insufficient,200,200,1.0,0.9811546736227335,1.0,0.04,0.020405632066152306,0.07693206820093293,0.96,0.923067931799067,0.9795943679338476
v3_default,contamination_asymmetric_eps_0p05,normal_contamination_asymmetric,200,all,200,200,1.0,0.9811546736227335,1.0,0.04,0.020405632066152306,0.07693206820093293,0.96,0.923067931799067,0.9795943679338476
v3_default,contamination_asymmetric_eps_0p05,normal_contamination_asymmetric,200,acceptable,200,0,0.0,1.734723475976807e-18,0.018845326377266575,,,,,,
v3_default,contamination_asymmetric_eps_0p05,normal_contamination_asymmetric,200,caution,200,0,0.0,1.734723475976807e-18,0.018845326377266575,,,,,,
v3_default,contamination_asymmetric_eps_0p05,normal_contamination_asymmetric,200,insufficient,200,200,1.0,0.9811546736227335,1.0,0.04,0.020405632066152306,0.07693206820093293,0.96,0.923067931799067,0.9795943679338476
v3_oracle_simulation_truth,contamination_asymmetric_eps_0p05,normal_contamination_asymmetric,200,all,200,200,1.0,0.9811546736227335,1.0,0.04,0.020405632066152306,0.07693206820093293,0.96,0.923067931799067,0.9795943679338476
v3_oracle_simulation_truth,contamination_asymmetric_eps_0p05,normal_contamination_asymmetric,200,acceptable,200,0,0.0,1.734723475976807e-18,0.018845326377266575,,,,,,
v3_oracle_simulation_truth,contamination_asymmetric_eps_0p05,normal_contamination_asymmetric,200,caution,200,0,0.0,1.734723475976807e-18,0.018845326377266575,,,,,,
v3_oracle_simulation_truth,contamination_asymmetric_eps_0p05,normal_contamination_asymmetric,200,insufficient,200,200,1.0,0.9811546736227335,1.0,0.04,0.020405632066152306,0.07693206820093293,0.96,0.923067931799067,0.9795943679338476
v2,contamination_asymmetric_eps_0p05,normal_contamination_asymmetric,500,all,200,200,1.0,0.9811546736227335,1.0,0.055,0.03098534170345884,0.0957869987723084,0.945,0.9042130012276914,0.9690146582965411
v2,contamination_asymmetric_eps_0p05,normal_contamination_asymmetric,500,acceptable,200,0,0.0,1.734723475976807e-18,0.018845326377266575,,,,,,
v2,contamination_asymmetric_eps_0p05,normal_contamination_asymmetric,500,caution,200,0,0.0,1.734723475976807e-18,0.018845326377266575,,,,,,
v2,contamination_asymmetric_eps_0p05,normal_contamination_asymmetric,500,insufficient,200,200,1.0,0.9811546736227335,1.0,0.055,0.03098534170345884,0.0957869987723084,0.945,0.9042130012276914,0.9690146582965411
v3_default,contamination_asymmetric_eps_0p05,normal_contamination_asymmetric,500,all,200,200,1.0,0.9811546736227335,1.0,0.055,0.03098534170345884,0.0957869987723084,0.945,0.9042130012276914,0.9690146582965411
v3_default,contamination_asymmetric_eps_0p05,normal_contamination_asymmetric,500,acceptable,200,0,0.0,1.734723475976807e-18,0.018845326377266575,,,,,,
v3_default,contamination_asymmetric_eps_0p05,normal_contamination_asymmetric,500,caution,200,0,0.0,1.734723475976807e-18,0.018845326377266575,,,,,,
v3_default,contamination_asymmetric_eps_0p05,normal_contamination_asymmetric,500,insufficient,200,200,1.0,0.9811546736227335,1.0,0.055,0.03098534170345884,0.0957869987723084,0.945,0.9042130012276914,0.9690146582965411
v3_oracle_simulation_truth,contamination_asymmetric_eps_0p05,normal_contamination_asymmetric,500,all,200,200,1.0,0.9811546736227335,1.0,0.055,0.03098534170345884,0.0957869987723084,0.945,0.9042130012276914,0.9690146582965411
v3_oracle_simulation_truth,contamination_asymmetric_eps_0p05,normal_contamination_asymmetric,500,acceptable,200,0,0.0,1.734723475976807e-18,0.018845326377266575,,,,,,
v3_oracle_simulation_truth,contamination_asymmetric_eps_0p05,normal_contamination_asymmetric,500,caution,200,0,0.0,1.734723475976807e-18,0.018845326377266575,,,,,,
v3_oracle_simulation_truth,contamination_asymmetric_eps_0p05,normal_contamination_asymmetric,500,insufficient,200,200,1.0,0.9811546736227335,1.0,0.055,0.03098534170345884,0.0957869987723084,0.945,0.9042130012276914,0.9690146582965411
v2,contamination_asymmetric_eps_0p05,normal_contamination_asymmetric,750,all,200,200,1.0,0.9811546736227335,1.0,0.045,0.023852543001492997,0.0832967040018196,0.955,0.9167032959981803,0.976147456998507
v2,contamination_asymmetric_eps_0p05,normal_contamination_asymmetric,750,acceptable,200,0,0.0,1.734723475976807e-18,0.018845326377266575,,,,,,
v2,contamination_asymmetric_eps_0p05,normal_contamination_asymmetric,750,caution,200,0,0.0,1.734723475976807e-18,0.018845326377266575,,,,,,
v2,contamination_asymmetric_eps_0p05,normal_contamination_asymmetric,750,insufficient,200,200,1.0,0.9811546736227335,1.0,0.045,0.023852543001492997,0.0832967040018196,0.955,0.9167032959981803,0.976147456998507
v3_default,contamination_asymmetric_eps_0p05,normal_contamination_asymmetric,750,all,200,200,1.0,0.9811546736227335,1.0,0.045,0.023852543001492997,0.0832967040018196,0.955,0.9167032959981803,0.976147456998507
v3_default,contamination_asymmetric_eps_0p05,normal_contamination_asymmetric,750,acceptable,200,0,0.0,1.734723475976807e-18,0.018845326377266575,,,,,,
v3_default,contamination_asymmetric_eps_0p05,normal_contamination_asymmetric,750,caution,200,0,0.0,1.734723475976807e-18,0.018845326377266575,,,,,,
v3_default,contamination_asymmetric_eps_0p05,normal_contamination_asymmetric,750,insufficient,200,200,1.0,0.9811546736227335,1.0,0.045,0.023852543001492997,0.0832967040018196,0.955,0.9167032959981803,0.976147456998507
v3_oracle_simulation_truth,contamination_asymmetric_eps_0p05,normal_contamination_asymmetric,750,all,200,200,1.0,0.9811546736227335,1.0,0.045,0.023852543001492997,0.0832967040018196,0.955,0.9167032959981803,0.976147456998507
v3_oracle_simulation_truth,contamination_asymmetric_eps_0p05,normal_contamination_asymmetric,750,acceptable,200,0,0.0,1.734723475976807e-18,0.018845326377266575,,,,,,
v3_oracle_simulation_truth,contamination_asymmetric_eps_0p05,normal_contamination_asymmetric,750,caution,200,0,0.0,1.734723475976807e-18,0.018845326377266575,,,,,,
v3_oracle_simulation_truth,contamination_asymmetric_eps_0p05,normal_contamination_asymmetric,750,insufficient,200,200,1.0,0.9811546736227335,1.0,0.045,0.023852543001492997,0.0832967040018196,0.955,0.9167032959981803,0.976147456998507
v2,contamination_asymmetric_eps_0p05,normal_contamination_asymmetric,2000,all,200,200,1.0,0.9811546736227335,1.0,0.025,0.010724719651761264,0.05717834040664198,0.975,0.942821659593358,0.9892752803482386
v2,contamination_asymmetric_eps_0p05,normal_contamination_asymmetric,2000,acceptable,200,0,0.0,1.734723475976807e-18,0.018845326377266575,,,,,,
v2,contamination_asymmetric_eps_0p05,normal_contamination_asymmetric,2000,caution,200,0,0.0,1.734723475976807e-18,0.018845326377266575,,,,,,
v2,contamination_asymmetric_eps_0p05,normal_contamination_asymmetric,2000,insufficient,200,200,1.0,0.9811546736227335,1.0,0.025,0.010724719651761264,0.05717834040664198,0.975,0.942821659593358,0.9892752803482386
v3_default,contamination_asymmetric_eps_0p05,normal_contamination_asymmetric,2000,all,200,200,1.0,0.9811546736227335,1.0,0.025,0.010724719651761264,0.05717834040664198,0.975,0.942821659593358,0.9892752803482386
v3_default,contamination_asymmetric_eps_0p05,normal_contamination_asymmetric,2000,acceptable,200,0,0.0,1.734723475976807e-18,0.018845326377266575,,,,,,
v3_default,contamination_asymmetric_eps_0p05,normal_contamination_asymmetric,2000,caution,200,0,0.0,1.734723475976807e-18,0.018845326377266575,,,,,,
v3_default,contamination_asymmetric_eps_0p05,normal_contamination_asymmetric,2000,insufficient,200,200,1.0,0.9811546736227335,1.0,0.025,0.010724719651761264,0.05717834040664198,0.975,0.942821659593358,0.9892752803482386
v3_oracle_simulation_truth,contamination_asymmetric_eps_0p05,normal_contamination_asymmetric,2000,all,200,200,1.0,0.9811546736227335,1.0,0.025,0.010724719651761264,0.05717834040664198,0.975,0.942821659593358,0.9892752803482386
v3_oracle_simulation_truth,contamination_asymmetric_eps_0p05,normal_contamination_asymmetric,2000,acceptable,200,0,0.0,1.734723475976807e-18,0.018845326377266575,,,,,,
v3_oracle_simulation_truth,contamination_asymmetric_eps_0p05,normal_contamination_asymmetric,2000,caution,200,0,0.0,1.734723475976807e-18,0.018845326377266575,,,,,,
v3_oracle_simulation_truth,contamination_asymmetric_eps_0p05,normal_contamination_asymmetric,2000,insufficient,200,200,1.0,0.9811546736227335,1.0,0.025,0.010724719651761264,0.05717834040664198,0.975,0.942821659593358,0.9892752803482386
v2,contamination_asymmetric_eps_0p1,normal_contamination_asymmetric,5,all,200,200,1.0,0.9811546736227335,1.0,0.2,0.15045200926098115,0.2608551865653788,0.8,0.7391448134346212,0.8495479907390189
v2,contamination_asymmetric_eps_0p1,normal_contamination_asymmetric,5,acceptable,200,83,0.415,0.34894285449757567,0.4842608509865596,0.3253012048192771,0.23419333708259782,0.43186478315375454,0.6746987951807228,0.5681352168462454,0.7658066629174022
v2,contamination_asymmetric_eps_0p1,normal_contamination_asymmetric,5,caution,200,0,0.0,1.734723475976807e-18,0.018845326377266575,,,,,,
v2,contamination_asymmetric_eps_0p1,normal_contamination_asymmetric,5,insufficient,200,117,0.585,0.5157391490134403,0.6510571455024242,0.1111111111111111,0.06609320162681151,0.18085398944420336,0.8888888888888888,0.8191460105557966,0.9339067983731886
v3_default,contamination_asymmetric_eps_0p1,normal_contamination_asymmetric,5,all,200,200,1.0,0.9811546736227335,1.0,0.2,0.15045200926098115,0.2608551865653788,0.8,0.7391448134346212,0.8495479907390189
v3_default,contamination_asymmetric_eps_0p1,normal_contamination_asymmetric,5,acceptable,200,0,0.0,1.734723475976807e-18,0.018845326377266575,,,,,,
v3_default,contamination_asymmetric_eps_0p1,normal_contamination_asymmetric,5,caution,200,200,1.0,0.9811546736227335,1.0,0.2,0.15045200926098115,0.2608551865653788,0.8,0.7391448134346212,0.8495479907390189
v3_default,contamination_asymmetric_eps_0p1,normal_contamination_asymmetric,5,insufficient,200,0,0.0,1.734723475976807e-18,0.018845326377266575,,,,,,
v3_oracle_simulation_truth,contamination_asymmetric_eps_0p1,normal_contamination_asymmetric,5,all,200,200,1.0,0.9811546736227335,1.0,0.2,0.15045200926098115,0.2608551865653788,0.8,0.7391448134346212,0.8495479907390189
v3_oracle_simulation_truth,contamination_asymmetric_eps_0p1,normal_contamination_asymmetric,5,acceptable,200,0,0.0,1.734723475976807e-18,0.018845326377266575,,,,,,
v3_oracle_simulation_truth,contamination_asymmetric_eps_0p1,normal_contamination_asymmetric,5,caution,200,200,1.0,0.9811546736227335,1.0,0.2,0.15045200926098115,0.2608551865653788,0.8,0.7391448134346212,0.8495479907390189
v3_oracle_simulation_truth,contamination_asymmetric_eps_0p1,normal_contamination_asymmetric,5,insufficient,200,0,0.0,1.734723475976807e-18,0.018845326377266575,,,,,,
v2,contamination_asymmetric_eps_0p1,normal_contamination_asymmetric,8,all,200,200,1.0,0.9811546736227335,1.0,0.285,0.22695003004617292,0.3511534602960517,0.715,0.6488465397039482,0.7730499699538271
v2,contamination_asymmetric_eps_0p1,normal_contamination_asymmetric,8,acceptable,200,53,0.265,0.2086815414710911,0.3301757619262242,0.6981132075471698,0.5646316733114988,0.8048169727242108,0.3018867924528302,0.19518302727578896,0.4353683266885011
v2,contamination_asymmetric_eps_0p1,normal_contamination_asymmetric,8,caution,200,0,0.0,1.734723475976807e-18,0.018845326377266575,,,,,,
v2,contamination_asymmetric_eps_0p1,normal_contamination_asymmetric,8,insufficient,200,147,0.735,0.6698242380737758,0.7913184585289088,0.1360544217687075,0.0898308730963235,0.20081507506311896,0.8639455782312925,0.7991849249368811,0.9101691269036766
v3_default,contamination_asymmetric_eps_0p1,normal_contamination_asymmetric,8,all,200,200,1.0,0.9811546736227335,1.0,0.285,0.22695003004617292,0.3511534602960517,0.715,0.6488465397039482,0.7730499699538271
v3_default,contamination_asymmetric_eps_0p1,normal_contamination_asymmetric,8,acceptable,200,0,0.0,1.734723475976807e-18,0.018845326377266575,,,,,,
v3_default,contamination_asymmetric_eps_0p1,normal_contamination_asymmetric,8,caution,200,200,1.0,0.9811546736227335,1.0,0.285,0.22695003004617292,0.3511534602960517,0.715,0.6488465397039482,0.7730499699538271
v3_default,contamination_asymmetric_eps_0p1,normal_contamination_asymmetric,8,insufficient,200,0,0.0,1.734723475976807e-18,0.018845326377266575,,,,,,
v3_oracle_simulation_truth,contamination_asymmetric_eps_0p1,normal_contamination_asymmetric,8,all,200,200,1.0,0.9811546736227335,1.0,0.285,0.22695003004617292,0.3511534602960517,0.715,0.6488465397039482,0.7730499699538271
v3_oracle_simulation_truth,contamination_asymmetric_eps_0p1,normal_contamination_asymmetric,8,acceptable,200,0,0.0,1.734723475976807e-18,0.018845326377266575,,,,,,
v3_oracle_simulation_truth,contamination_asymmetric_eps_0p1,normal_contamination_asymmetric,8,caution,200,200,1.0,0.9811546736227335,1.0,0.285,0.22695003004617292,0.3511534602960517,0.715,0.6488465397039482,0.7730499699538271
v3_oracle_simulation_truth,contamination_asymmetric_eps_0p1,normal_contamination_asymmetric,8,insufficient,200,0,0.0,1.734723475976807e-18,0.018845326377266575,,,,,,
v2,contamination_asymmetric_eps_0p1,normal_contamination_asymmetric,10,all,200,200,1.0,0.9811546736227335,1.0,0.27,0.21323449814685846,0.33543435198668425,0.73,0.6645656480133157,0.7867655018531416
v2,contamination_asymmetric_eps_0p1,normal_contamination_asymmetric,10,acceptable,200,63,0.315,0.2546232099022851,0.3823495608573036,0.746031746031746,0.6265881256339354,0.8371958872667884,0.25396825396825395,0.1628041127332116,0.3734118743660646
v2,contamination_asymmetric_eps_0p1,normal_contamination_asymmetric,10,caution,200,0,0.0,1.734723475976807e-18,0.018845326377266575,,,,,,
v2,contamination_asymmetric_eps_0p1,normal_contamination_asymmetric,10,insufficient,200,137,0.685,0.6176504391426966,0.745376790097715,0.051094890510948905,0.02496794443140947,0.10170966150995021,0.948905109489051,0.8982903384900498,0.9750320555685905
v3_default,contamination_asymmetric_eps_0p1,normal_contamination_asymmetric,10,all,200,200,1.0,0.9811546736227335,1.0,0.27,0.21323449814685846,0.33543435198668425,0.73,0.6645656480133157,0.7867655018531416
v3_default,contamination_asymmetric_eps_0p1,normal_contamination_asymmetric,10,acceptable,200,0,0.0,1.734723475976807e-18,0.018845326377266575,,,,,,
v3_default,contamination_asymmetric_eps_0p1,normal_contamination_asymmetric,10,caution,200,200,1.0,0.9811546736227335,1.0,0.27,0.21323449814685846,0.33543435198668425,0.73,0.6645656480133157,0.7867655018531416
v3_default,contamination_asymmetric_eps_0p1,normal_contamination_asymmetric,10,insufficient,200,0,0.0,1.734723475976807e-18,0.018845326377266575,,,,,,
v3_oracle_simulation_truth,contamination_asymmetric_eps_0p1,normal_contamination_asymmetric,10,all,200,200,1.0,0.9811546736227335,1.0,0.27,0.21323449814685846,0.33543435198668425,0.73,0.6645656480133157,0.7867655018531416
v3_oracle_simulation_truth,contamination_asymmetric_eps_0p1,normal_contamination_asymmetric,10,acceptable,200,0,0.0,1.734723475976807e-18,0.018845326377266575,,,,,,
v3_oracle_simulation_truth,contamination_asymmetric_eps_0p1,normal_contamination_asymmetric,10,caution,200,200,1.0,0.9811546736227335,1.0,0.27,0.21323449814685846,0.33543435198668425,0.73,0.6645656480133157,0.7867655018531416
v3_oracle_simulation_truth,contamination_asymmetric_eps_0p1,normal_contamination_asymmetric,10,insufficient,200,0,0.0,1.734723475976807e-18,0.018845326377266575,,,,,,
v2,contamination_asymmetric_eps_0p1,normal_contamination_asymmetric,15,all,200,200,1.0,0.9811546736227335,1.0,0.23,0.17709343259068805,0.2930830436530359,0.77,0.7069169563469642,0.8229065674093119
v2,contamination_asymmetric_eps_0p1,normal_contamination_asymmetric,15,acceptable,200,41,0.205,0.15486176203836208,0.26625698052422514,0.9512195121951219,0.8386102112962914,0.9865190546348308,0.04878048780487805,0.013480945365169042,0.16138978870370846
v2,contamination_asymmetric_eps_0p1,normal_contamination_asymmetric,15,caution,200,0,0.0,1.734723475976807e-18,0.018845326377266575,,,,,,
v2,contamination_asymmetric_eps_0p1,normal_contamination_asymmetric,15,insufficient,200,159,0.795,0.7337430194757748,0.8451382379616379,0.0440251572327044,0.02148692054549619,0.08807644832814845,0.9559748427672956,0.9119235516718516,0.9785130794545038
v3_default,contamination_asymmetric_eps_0p1,normal_contamination_asymmetric,15,all,200,200,1.0,0.9811546736227335,1.0,0.23,0.17709343259068805,0.2930830436530359,0.77,0.7069169563469642,0.8229065674093119
v3_default,contamination_asymmetric_eps_0p1,normal_contamination_asymmetric,15,acceptable,200,0,0.0,1.734723475976807e-18,0.018845326377266575,,,,,,
v3_default,contamination_asymmetric_eps_0p1,normal_contamination_asymmetric,15,caution,200,149,0.745,0.6803707417954529,0.8003950482796865,0.3087248322147651,0.2401362706359187,0.38692826774388367,0.6912751677852349,0.6130717322561163,0.7598637293640813
v3_default,contamination_asymmetric_eps_0p1,normal_contamination_asymmetric,15,insufficient,200,51,0.255,0.1996049517203135,0.3196292582045472,0.0,0.0,0.07004661989853143,1.0,0.9299533801014687,1.0
v3_oracle_simulation_truth,contamination_asymmetric_eps_0p1,normal_contamination_asymmetric,15,all,200,200,1.0,0.9811546736227335,1.0,0.23,0.17709343259068805,0.2930830436530359,0.77,0.7069169563469642,0.8229065674093119
v3_oracle_simulation_truth,contamination_asymmetric_eps_0p1,normal_contamination_asymmetric,15,acceptable,200,0,0.0,1.734723475976807e-18,0.018845326377266575,,,,,,
v3_oracle_simulation_truth,contamination_asymmetric_eps_0p1,normal_contamination_asymmetric,15,caution,200,149,0.745,0.6803707417954529,0.8003950482796865,0.3087248322147651,0.2401362706359187,0.38692826774388367,0.6912751677852349,0.6130717322561163,0.7598637293640813
v3_oracle_simulation_truth,contamination_asymmetric_eps_0p1,normal_contamination_asymmetric,15,insufficient,200,51,0.255,0.1996049517203135,0.3196292582045472,0.0,0.0,0.07004661989853143,1.0,0.9299533801014687,1.0
v2,contamination_asymmetric_eps_0p1,normal_contamination_asymmetric,20,all,200,200,1.0,0.9811546736227335,1.0,0.16,0.1156741203158702,0.21714070162067106,0.84,0.7828592983793289,0.8843258796841297
v2,contamination_asymmetric_eps_0p1,normal_contamination_asymmetric,20,acceptable,200,28,0.14,0.09866982633455634,0.1948988086570756,1.0,0.8793566952341543,0.9999999999999998,0.0,1.3877787807814457e-17,0.12064330476584563
v2,contamination_asymmetric_eps_0p1,normal_contamination_asymmetric,20,caution,200,0,0.0,1.734723475976807e-18,0.018845326377266575,,,,,,
v2,contamination_asymmetric_eps_0p1,normal_contamination_asymmetric,20,insufficient,200,172,0.86,0.8051011913429243,0.9013301736654437,0.023255813953488372,0.00908003526439749,0.058261642290546395,0.9767441860465116,0.9417383577094536,0.9909199647356026
v3_default,contamination_asymmetric_eps_0p1,normal_contamination_asymmetric,20,all,200,200,1.0,0.9811546736227335,1.0,0.16,0.1156741203158702,0.21714070162067106,0.84,0.7828592983793289,0.8843258796841297
v3_default,contamination_asymmetric_eps_0p1,normal_contamination_asymmetric,20,acceptable,200,0,0.0,1.734723475976807e-18,0.018845326377266575,,,,,,
v3_default,contamination_asymmetric_eps_0p1,normal_contamination_asymmetric,20,caution,200,155,0.775,0.7122587676433947,0.8273763028491088,0.2064516129032258,0.15020666665923887,0.27689504421887623,0.7935483870967742,0.7231049557811239,0.8497933333407611
v3_default,contamination_asymmetric_eps_0p1,normal_contamination_asymmetric,20,insufficient,200,45,0.225,0.17262369715089126,0.2877412323566053,0.0,0.0,0.07865159873288836,1.0,0.9213484012671117,1.0
v3_oracle_simulation_truth,contamination_asymmetric_eps_0p1,normal_contamination_asymmetric,20,all,200,200,1.0,0.9811546736227335,1.0,0.16,0.1156741203158702,0.21714070162067106,0.84,0.7828592983793289,0.8843258796841297
v3_oracle_simulation_truth,contamination_asymmetric_eps_0p1,normal_contamination_asymmetric,20,acceptable,200,0,0.0,1.734723475976807e-18,0.018845326377266575,,,,,,
v3_oracle_simulation_truth,contamination_asymmetric_eps_0p1,normal_contamination_asymmetric,20,caution,200,155,0.775,0.7122587676433947,0.8273763028491088,0.2064516129032258,0.15020666665923887,0.27689504421887623,0.7935483870967742,0.7231049557811239,0.8497933333407611
v3_oracle_simulation_truth,contamination_asymmetric_eps_0p1,normal_contamination_asymmetric,20,insufficient,200,45,0.225,0.17262369715089126,0.2877412323566053,0.0,0.0,0.07865159873288836,1.0,0.9213484012671117,1.0
v2,contamination_asymmetric_eps_0p1,normal_contamination_asymmetric,30,all,200,200,1.0,0.9811546736227335,1.0,0.06,0.03465219425433187,0.1019316929576627,0.94,0.8980683070423372,0.9653478057456681
v2,contamination_asymmetric_eps_0p1,normal_contamination_asymmetric,30,acceptable,200,5,0.025,0.010724719651761264,0.05717834040664198,1.0,0.5655175352168251,1.0,0.0,0.0,0.43448246478317476
v2,contamination_asymmetric_eps_0p1,normal_contamination_asymmetric,30,caution,200,0,0.0,1.734723475976807e-18,0.018845326377266575,,,,,,
v2,contamination_asymmetric_eps_0p1,normal_contamination_asymmetric,30,insufficient,200,195,0.975,0.942821659593358,0.9892752803482386,0.035897435897435895,0.017495563557414016,0.07223149299562964,0.9641025641025641,0.9277685070043703,0.982504436442586
v3_default,contamination_asymmetric_eps_0p1,normal_contamination_asymmetric,30,all,200,200,1.0,0.9811546736227335,1.0,0.06,0.03465219425433187,0.1019316929576627,0.94,0.8980683070423372,0.9653478057456681
v3_default,contamination_asymmetric_eps_0p1,normal_contamination_asymmetric,30,acceptable,200,0,0.0,1.734723475976807e-18,0.018845326377266575,,,,,,
v3_default,contamination_asymmetric_eps_0p1,normal_contamination_asymmetric,30,caution,200,111,0.555,0.4857330241280342,0.6221939899704665,0.06306306306306306,0.0308806575864322,0.12447664110959537,0.9369369369369369,0.8755233588904047,0.9691193424135679
v3_default,contamination_asymmetric_eps_0p1,normal_contamination_asymmetric,30,insufficient,200,89,0.445,0.3778060100295335,0.5142669758719658,0.056179775280898875,0.024232878420720118,0.12485416735078494,0.9438202247191011,0.8751458326492151,0.9757671215792799
v3_oracle_simulation_truth,contamination_asymmetric_eps_0p1,normal_contamination_asymmetric,30,all,200,200,1.0,0.9811546736227335,1.0,0.06,0.03465219425433187,0.1019316929576627,0.94,0.8980683070423372,0.9653478057456681
v3_oracle_simulation_truth,contamination_asymmetric_eps_0p1,normal_contamination_asymmetric,30,acceptable,200,0,0.0,1.734723475976807e-18,0.018845326377266575,,,,,,
v3_oracle_simulation_truth,contamination_asymmetric_eps_0p1,normal_contamination_asymmetric,30,caution,200,111,0.555,0.4857330241280342,0.6221939899704665,0.06306306306306306,0.0308806575864322,0.12447664110959537,0.9369369369369369,0.8755233588904047,0.9691193424135679
v3_oracle_simulation_truth,contamination_asymmetric_eps_0p1,normal_contamination_asymmetric,30,insufficient,200,89,0.445,0.3778060100295335,0.5142669758719658,0.056179775280898875,0.024232878420720118,0.12485416735078494,0.9438202247191011,0.8751458326492151,0.9757671215792799
v2,contamination_asymmetric_eps_0p1,normal_contamination_asymmetric,40,all,200,200,1.0,0.9811546736227335,1.0,0.085,0.05374575017747561,0.13189587071565567,0.915,0.8681041292843443,0.9462542498225244
v2,contamination_asymmetric_eps_0p1,normal_contamination_asymmetric,40,acceptable,200,3,0.015,0.00511423779325831,0.04316572879269026,1.0,0.4385029682449546,1.0,0.0,5.551115123125783e-17,0.5614970317550454
v2,contamination_asymmetric_eps_0p1,normal_contamination_asymmetric,40,caution,200,0,0.0,1.734723475976807e-18,0.018845326377266575,,,,,,
v2,contamination_asymmetric_eps_0p1,normal_contamination_asymmetric,40,insufficient,200,197,0.985,0.9568342712073097,0.9948857622067417,0.07106598984771574,0.04280128596133862,0.1157389826050301,0.9289340101522843,0.88426101739497,0.9571987140386614
v3_default,contamination_asymmetric_eps_0p1,normal_contamination_asymmetric,40,all,200,200,1.0,0.9811546736227335,1.0,0.085,0.05374575017747561,0.13189587071565567,0.915,0.8681041292843443,0.9462542498225244
v3_default,contamination_asymmetric_eps_0p1,normal_contamination_asymmetric,40,acceptable,200,0,0.0,1.734723475976807e-18,0.018845326377266575,,,,,,
v3_default,contamination_asymmetric_eps_0p1,normal_contamination_asymmetric,40,caution,200,96,0.48,0.411791663783233,0.5489621492718576,0.052083333333333336,0.02244960047424143,0.11618478031492638,0.9479166666666666,0.8838152196850738,0.9775503995257587
v3_default,contamination_asymmetric_eps_0p1,normal_contamination_asymmetric,40,insufficient,200,104,0.52,0.4510378507281424,0.588208336216767,0.11538461538461539,0.06724977629813572,0.19092049629605806,0.8846153846153846,0.8090795037039419,0.9327502237018642
v3_oracle_simulation_truth,contamination_asymmetric_eps_0p1,normal_contamination_asymmetric,40,all,200,200,1.0,0.9811546736227335,1.0,0.085,0.05374575017747561,0.13189587071565567,0.915,0.8681041292843443,0.9462542498225244
v3_oracle_simulation_truth,contamination_asymmetric_eps_0p1,normal_contamination_asymmetric,40,acceptable,200,0,0.0,1.734723475976807e-18,0.018845326377266575,,,,,,
v3_oracle_simulation_truth,contamination_asymmetric_eps_0p1,normal_contamination_asymmetric,40,caution,200,96,0.48,0.411791663783233,0.5489621492718576,0.052083333333333336,0.02244960047424143,0.11618478031492638,0.9479166666666666,0.8838152196850738,0.9775503995257587
v3_oracle_simulation_truth,contamination_asymmetric_eps_0p1,normal_contamination_asymmetric,40,insufficient,200,104,0.52,0.4510378507281424,0.588208336216767,0.11538461538461539,0.06724977629813572,0.19092049629605806,0.8846153846153846,0.8090795037039419,0.9327502237018642
v2,contamination_asymmetric_eps_0p1,normal_contamination_asymmetric,50,all,200,200,1.0,0.9811546736227335,1.0,0.09,0.05768744886219316,0.13776571876716542,0.91,0.8622342812328346,0.9423125511378069
v2,contamination_asymmetric_eps_0p1,normal_contamination_asymmetric,50,acceptable,200,1,0.005,0.0008831687156009814,0.02777370439789293,1.0,0.20654931437723745,1.0,0.0,0.0,0.7934506856227626
v2,contamination_asymmetric_eps_0p1,normal_contamination_asymmetric,50,caution,200,0,0.0,1.734723475976807e-18,0.018845326377266575,,,,,,
v2,contamination_asymmetric_eps_0p1,normal_contamination_asymmetric,50,insufficient,200,199,0.995,0.9722262956021069,0.9991168312843989,0.08542713567839195,0.05401934786128085,0.13253747854246167,0.914572864321608,0.8674625214575382,0.9459806521387191
v3_default,contamination_asymmetric_eps_0p1,normal_contamination_asymmetric,50,all,200,200,1.0,0.9811546736227335,1.0,0.09,0.05768744886219316,0.13776571876716542,0.91,0.8622342812328346,0.9423125511378069
v3_default,contamination_asymmetric_eps_0p1,normal_contamination_asymmetric,50,acceptable,200,0,0.0,1.734723475976807e-18,0.018845326377266575,,,,,,
v3_default,contamination_asymmetric_eps_0p1,normal_contamination_asymmetric,50,caution,200,78,0.39,0.3250834313746962,0.4590625404283025,0.038461538461538464,0.013165825413161053,0.1070844604750183,0.9615384615384616,0.8929155395249817,0.986834174586839
v3_default,contamination_asymmetric_eps_0p1,normal_contamination_asymmetric,50,insufficient,200,122,0.61,0.5409374595716976,0.6749165686253038,0.12295081967213115,0.07594373143728067,0.1929776489872208,0.8770491803278688,0.8070223510127791,0.9240562685627193
v3_oracle_simulation_truth,contamination_asymmetric_eps_0p1,normal_contamination_asymmetric,50,all,200,200,1.0,0.9811546736227335,1.0,0.09,0.05768744886219316,0.13776571876716542,0.91,0.8622342812328346,0.9423125511378069
v3_oracle_simulation_truth,contamination_asymmetric_eps_0p1,normal_contamination_asymmetric,50,acceptable,200,0,0.0,1.734723475976807e-18,0.018845326377266575,,,,,,
v3_oracle_simulation_truth,contamination_asymmetric_eps_0p1,normal_contamination_asymmetric,50,caution,200,78,0.39,0.3250834313746962,0.4590625404283025,0.038461538461538464,0.013165825413161053,0.1070844604750183,0.9615384615384616,0.8929155395249817,0.986834174586839
v3_oracle_simulation_truth,contamination_asymmetric_eps_0p1,normal_contamination_asymmetric,50,insufficient,200,122,0.61,0.5409374595716976,0.6749165686253038,0.12295081967213115,0.07594373143728067,0.1929776489872208,0.8770491803278688,0.8070223510127791,0.9240562685627193
v2,contamination_asymmetric_eps_0p1,normal_contamination_asymmetric,80,all,200,200,1.0,0.9811546736227335,1.0,0.065,0.03837635464915299,0.10801907929906895,0.935,0.8919809207009312,0.961623645350847
v2,contamination_asymmetric_eps_0p1,normal_contamination_asymmetric,80,acceptable,200,0,0.0,1.734723475976807e-18,0.018845326377266575,,,,,,
v2,contamination_asymmetric_eps_0p1,normal_contamination_asymmetric,80,caution,200,0,0.0,1.734723475976807e-18,0.018845326377266575,,,,,,
v2,contamination_asymmetric_eps_0p1,normal_contamination_asymmetric,80,insufficient,200,200,1.0,0.9811546736227335,1.0,0.065,0.03837635464915299,0.10801907929906895,0.935,0.8919809207009312,0.961623645350847
v3_default,contamination_asymmetric_eps_0p1,normal_contamination_asymmetric,80,all,200,200,1.0,0.9811546736227335,1.0,0.065,0.03837635464915299,0.10801907929906895,0.935,0.8919809207009312,0.961623645350847
v3_default,contamination_asymmetric_eps_0p1,normal_contamination_asymmetric,80,acceptable,200,0,0.0,1.734723475976807e-18,0.018845326377266575,,,,,,
v3_default,contamination_asymmetric_eps_0p1,normal_contamination_asymmetric,80,caution,200,81,0.405,0.3393777128250677,0.47420289918661307,0.037037037037037035,0.012675114183298107,0.10332311306893818,0.9629629629629629,0.8966768869310617,0.9873248858167019
v3_default,contamination_asymmetric_eps_0p1,normal_contamination_asymmetric,80,insufficient,200,119,0.595,0.525797100813387,0.6606222871749323,0.08403361344537816,0.04628480919483177,0.14779835335938682,0.9159663865546218,0.8522016466406133,0.9537151908051682
v3_oracle_simulation_truth,contamination_asymmetric_eps_0p1,normal_contamination_asymmetric,80,all,200,200,1.0,0.9811546736227335,1.0,0.065,0.03837635464915299,0.10801907929906895,0.935,0.8919809207009312,0.961623645350847
v3_oracle_simulation_truth,contamination_asymmetric_eps_0p1,normal_contamination_asymmetric,80,acceptable,200,0,0.0,1.734723475976807e-18,0.018845326377266575,,,,,,
v3_oracle_simulation_truth,contamination_asymmetric_eps_0p1,normal_contamination_asymmetric,80,caution,200,81,0.405,0.3393777128250677,0.47420289918661307,0.037037037037037035,0.012675114183298107,0.10332311306893818,0.9629629629629629,0.8966768869310617,0.9873248858167019
v3_oracle_simulation_truth,contamination_asymmetric_eps_0p1,normal_contamination_asymmetric,80,insufficient,200,119,0.595,0.525797100813387,0.6606222871749323,0.08403361344537816,0.04628480919483177,0.14779835335938682,0.9159663865546218,0.8522016466406133,0.9537151908051682
v2,contamination_asymmetric_eps_0p1,normal_contamination_asymmetric,100,all,5000,5000,1.0,0.9992322980549431,1.0000000000000002,0.065,0.05849519252435276,0.07217270816784693,0.935,0.9278272918321532,0.9415048074756472
v2,contamination_asymmetric_eps_0p1,normal_contamination_asymmetric,100,acceptable,5000,0,0.0,0.0,0.0007677019450571244,,,,,,
v2,contamination_asymmetric_eps_0p1,normal_contamination_asymmetric,100,caution,5000,0,0.0,0.0,0.0007677019450571244,,,,,,
v2,contamination_asymmetric_eps_0p1,normal_contamination_asymmetric,100,insufficient,5000,5000,1.0,0.9992322980549431,1.0000000000000002,0.065,0.05849519252435276,0.07217270816784693,0.935,0.9278272918321532,0.9415048074756472
v3_default,contamination_asymmetric_eps_0p1,normal_contamination_asymmetric,100,all,5000,5000,1.0,0.9992322980549431,1.0000000000000002,0.065,0.05849519252435276,0.07217270816784693,0.935,0.9278272918321532,0.9415048074756472
v3_default,contamination_asymmetric_eps_0p1,normal_contamination_asymmetric,100,acceptable,5000,0,0.0,0.0,0.0007677019450571244,,,,,,
v3_default,contamination_asymmetric_eps_0p1,normal_contamination_asymmetric,100,caution,5000,1459,0.2918,0.2793632775545869,0.3045563935353349,0.03221384509938314,0.024311092807172367,0.042573434036612484,0.9677861549006168,0.9574265659633875,0.9756889071928275
v3_default,contamination_asymmetric_eps_0p1,normal_contamination_asymmetric,100,insufficient,5000,3541,0.7082,0.6954436064646651,0.7206367224454132,0.0785088957921491,0.07009957273819678,0.08783173824543841,0.9214911042078509,0.9121682617545617,0.9299004272618032
v3_oracle_simulation_truth,contamination_asymmetric_eps_0p1,normal_contamination_asymmetric,100,all,5000,5000,1.0,0.9992322980549431,1.0000000000000002,0.065,0.05849519252435276,0.07217270816784693,0.935,0.9278272918321532,0.9415048074756472
v3_oracle_simulation_truth,contamination_asymmetric_eps_0p1,normal_contamination_asymmetric,100,acceptable,5000,0,0.0,0.0,0.0007677019450571244,,,,,,
v3_oracle_simulation_truth,contamination_asymmetric_eps_0p1,normal_contamination_asymmetric,100,caution,5000,1459,0.2918,0.2793632775545869,0.3045563935353349,0.03221384509938314,0.024311092807172367,0.042573434036612484,0.9677861549006168,0.9574265659633875,0.9756889071928275
v3_oracle_simulation_truth,contamination_asymmetric_eps_0p1,normal_contamination_asymmetric,100,insufficient,5000,3541,0.7082,0.6954436064646651,0.7206367224454132,0.0785088957921491,0.07009957273819678,0.08783173824543841,0.9214911042078509,0.9121682617545617,0.9299004272618032
v2,contamination_asymmetric_eps_0p1,normal_contamination_asymmetric,200,all,200,200,1.0,0.9811546736227335,1.0,0.06,0.03465219425433187,0.1019316929576627,0.94,0.8980683070423372,0.9653478057456681
v2,contamination_asymmetric_eps_0p1,normal_contamination_asymmetric,200,acceptable,200,0,0.0,1.734723475976807e-18,0.018845326377266575,,,,,,
v2,contamination_asymmetric_eps_0p1,normal_contamination_asymmetric,200,caution,200,0,0.0,1.734723475976807e-18,0.018845326377266575,,,,,,
v2,contamination_asymmetric_eps_0p1,normal_contamination_asymmetric,200,insufficient,200,200,1.0,0.9811546736227335,1.0,0.06,0.03465219425433187,0.1019316929576627,0.94,0.8980683070423372,0.9653478057456681
v3_default,contamination_asymmetric_eps_0p1,normal_contamination_asymmetric,200,all,200,200,1.0,0.9811546736227335,1.0,0.06,0.03465219425433187,0.1019316929576627,0.94,0.8980683070423372,0.9653478057456681
v3_default,contamination_asymmetric_eps_0p1,normal_contamination_asymmetric,200,acceptable,200,0,0.0,1.734723475976807e-18,0.018845326377266575,,,,,,
v3_default,contamination_asymmetric_eps_0p1,normal_contamination_asymmetric,200,caution,200,37,0.185,0.13730192800616042,0.2445706276115175,0.02702702702702703,0.004786974451940429,0.13824069863730518,0.972972972972973,0.861759301362695,0.9952130255480596
v3_default,contamination_asymmetric_eps_0p1,normal_contamination_asymmetric,200,insufficient,200,163,0.815,0.7554293723884824,0.8626980719938395,0.06748466257668712,0.03809698653639222,0.11678932891153342,0.9325153374233128,0.8832106710884666,0.9619030134636077
v3_oracle_simulation_truth,contamination_asymmetric_eps_0p1,normal_contamination_asymmetric,200,all,200,200,1.0,0.9811546736227335,1.0,0.06,0.03465219425433187,0.1019316929576627,0.94,0.8980683070423372,0.9653478057456681
v3_oracle_simulation_truth,contamination_asymmetric_eps_0p1,normal_contamination_asymmetric,200,acceptable,200,0,0.0,1.734723475976807e-18,0.018845326377266575,,,,,,
v3_oracle_simulation_truth,contamination_asymmetric_eps_0p1,normal_contamination_asymmetric,200,caution,200,37,0.185,0.13730192800616042,0.2445706276115175,0.02702702702702703,0.004786974451940429,0.13824069863730518,0.972972972972973,0.861759301362695,0.9952130255480596
v3_oracle_simulation_truth,contamination_asymmetric_eps_0p1,normal_contamination_asymmetric,200,insufficient,200,163,0.815,0.7554293723884824,0.8626980719938395,0.06748466257668712,0.03809698653639222,0.11678932891153342,0.9325153374233128,0.8832106710884666,0.9619030134636077
v2,contamination_asymmetric_eps_0p1,normal_contamination_asymmetric,500,all,200,200,1.0,0.9811546736227335,1.0,0.055,0.03098534170345884,0.0957869987723084,0.945,0.9042130012276914,0.9690146582965411
v2,contamination_asymmetric_eps_0p1,normal_contamination_asymmetric,500,acceptable,200,0,0.0,1.734723475976807e-18,0.018845326377266575,,,,,,
v2,contamination_asymmetric_eps_0p1,normal_contamination_asymmetric,500,caution,200,0,0.0,1.734723475976807e-18,0.018845326377266575,,,,,,
v2,contamination_asymmetric_eps_0p1,normal_contamination_asymmetric,500,insufficient,200,200,1.0,0.9811546736227335,1.0,0.055,0.03098534170345884,0.0957869987723084,0.945,0.9042130012276914,0.9690146582965411
v3_default,contamination_asymmetric_eps_0p1,normal_contamination_asymmetric,500,all,200,200,1.0,0.9811546736227335,1.0,0.055,0.03098534170345884,0.0957869987723084,0.945,0.9042130012276914,0.9690146582965411
v3_default,contamination_asymmetric_eps_0p1,normal_contamination_asymmetric,500,acceptable,200,0,0.0,1.734723475976807e-18,0.018845326377266575,,,,,,
v3_default,contamination_asymmetric_eps_0p1,normal_contamination_asymmetric,500,caution,200,11,0.055,0.03098534170345884,0.0957869987723084,0.36363636363636365,0.15166471095367573,0.6461988254921511,0.6363636363636364,0.35380117450784887,0.8483352890463243
v3_default,contamination_asymmetric_eps_0p1,normal_contamination_asymmetric,500,insufficient,200,189,0.945,0.9042130012276914,0.9690146582965411,0.037037037037037035,0.018054518511292878,0.07446427350470866,0.9629629629629629,0.9255357264952914,0.9819454814887071
v3_oracle_simulation_truth,contamination_asymmetric_eps_0p1,normal_contamination_asymmetric,500,all,200,200,1.0,0.9811546736227335,1.0,0.055,0.03098534170345884,0.0957869987723084,0.945,0.9042130012276914,0.9690146582965411
v3_oracle_simulation_truth,contamination_asymmetric_eps_0p1,normal_contamination_asymmetric,500,acceptable,200,0,0.0,1.734723475976807e-18,0.018845326377266575,,,,,,
v3_oracle_simulation_truth,contamination_asymmetric_eps_0p1,normal_contamination_asymmetric,500,caution,200,11,0.055,0.03098534170345884,0.0957869987723084,0.36363636363636365,0.15166471095367573,0.6461988254921511,0.6363636363636364,0.35380117450784887,0.8483352890463243
v3_oracle_simulation_truth,contamination_asymmetric_eps_0p1,normal_contamination_asymmetric,500,insufficient,200,189,0.945,0.9042130012276914,0.9690146582965411,0.037037037037037035,0.018054518511292878,0.07446427350470866,0.9629629629629629,0.9255357264952914,0.9819454814887071
v2,contamination_asymmetric_eps_0p1,normal_contamination_asymmetric,750,all,200,200,1.0,0.9811546736227335,1.0,0.06,0.03465219425433187,0.1019316929576627,0.94,0.8980683070423372,0.9653478057456681
v2,contamination_asymmetric_eps_0p1,normal_contamination_asymmetric,750,acceptable,200,0,0.0,1.734723475976807e-18,0.018845326377266575,,,,,,
v2,contamination_asymmetric_eps_0p1,normal_contamination_asymmetric,750,caution,200,0,0.0,1.734723475976807e-18,0.018845326377266575,,,,,,
v2,contamination_asymmetric_eps_0p1,normal_contamination_asymmetric,750,insufficient,200,200,1.0,0.9811546736227335,1.0,0.06,0.03465219425433187,0.1019316929576627,0.94,0.8980683070423372,0.9653478057456681
v3_default,contamination_asymmetric_eps_0p1,normal_contamination_asymmetric,750,all,200,200,1.0,0.9811546736227335,1.0,0.06,0.03465219425433187,0.1019316929576627,0.94,0.8980683070423372,0.9653478057456681
v3_default,contamination_asymmetric_eps_0p1,normal_contamination_asymmetric,750,acceptable,200,0,0.0,1.734723475976807e-18,0.018845326377266575,,,,,,
v3_default,contamination_asymmetric_eps_0p1,normal_contamination_asymmetric,750,caution,200,8,0.04,0.020405632066152306,0.07693206820093293,0.625,0.30574239460262737,0.8631557141764026,0.375,0.13684428582359742,0.6942576053973727
v3_default,contamination_asymmetric_eps_0p1,normal_contamination_asymmetric,750,insufficient,200,192,0.96,0.923067931799067,0.9795943679338476,0.036458333333333336,0.017770646576572728,0.07333089508948057,0.9635416666666666,0.9266691049105195,0.9822293534234273
v3_oracle_simulation_truth,contamination_asymmetric_eps_0p1,normal_contamination_asymmetric,750,all,200,200,1.0,0.9811546736227335,1.0,0.06,0.03465219425433187,0.1019316929576627,0.94,0.8980683070423372,0.9653478057456681
v3_oracle_simulation_truth,contamination_asymmetric_eps_0p1,normal_contamination_asymmetric,750,acceptable,200,0,0.0,1.734723475976807e-18,0.018845326377266575,,,,,,
v3_oracle_simulation_truth,contamination_asymmetric_eps_0p1,normal_contamination_asymmetric,750,caution,200,8,0.04,0.020405632066152306,0.07693206820093293,0.625,0.30574239460262737,0.8631557141764026,0.375,0.13684428582359742,0.6942576053973727
v3_oracle_simulation_truth,contamination_asymmetric_eps_0p1,normal_contamination_asymmetric,750,insufficient,200,192,0.96,0.923067931799067,0.9795943679338476,0.036458333333333336,0.017770646576572728,0.07333089508948057,0.9635416666666666,0.9266691049105195,0.9822293534234273
v2,contamination_asymmetric_eps_0p1,normal_contamination_asymmetric,2000,all,200,200,1.0,0.9811546736227335,1.0,0.015,0.00511423779325831,0.04316572879269026,0.985,0.9568342712073097,0.9948857622067417
v2,contamination_asymmetric_eps_0p1,normal_contamination_asymmetric,2000,acceptable,200,0,0.0,1.734723475976807e-18,0.018845326377266575,,,,,,
v2,contamination_asymmetric_eps_0p1,normal_contamination_asymmetric,2000,caution,200,0,0.0,1.734723475976807e-18,0.018845326377266575,,,,,,
v2,contamination_asymmetric_eps_0p1,normal_contamination_asymmetric,2000,insufficient,200,200,1.0,0.9811546736227335,1.0,0.015,0.00511423779325831,0.04316572879269026,0.985,0.9568342712073097,0.9948857622067417
v3_default,contamination_asymmetric_eps_0p1,normal_contamination_asymmetric,2000,all,200,200,1.0,0.9811546736227335,1.0,0.015,0.00511423779325831,0.04316572879269026,0.985,0.9568342712073097,0.9948857622067417
v3_default,contamination_asymmetric_eps_0p1,normal_contamination_asymmetric,2000,acceptable,200,0,0.0,1.734723475976807e-18,0.018845326377266575,,,,,,
v3_default,contamination_asymmetric_eps_0p1,normal_contamination_asymmetric,2000,caution,200,0,0.0,1.734723475976807e-18,0.018845326377266575,,,,,,
v3_default,contamination_asymmetric_eps_0p1,normal_contamination_asymmetric,2000,insufficient,200,200,1.0,0.9811546736227335,1.0,0.015,0.00511423779325831,0.04316572879269026,0.985,0.9568342712073097,0.9948857622067417
v3_oracle_simulation_truth,contamination_asymmetric_eps_0p1,normal_contamination_asymmetric,2000,all,200,200,1.0,0.9811546736227335,1.0,0.015,0.00511423779325831,0.04316572879269026,0.985,0.9568342712073097,0.9948857622067417
v3_oracle_simulation_truth,contamination_asymmetric_eps_0p1,normal_contamination_asymmetric,2000,acceptable,200,0,0.0,1.734723475976807e-18,0.018845326377266575,,,,,,
v3_oracle_simulation_truth,contamination_asymmetric_eps_0p1,normal_contamination_asymmetric,2000,caution,200,0,0.0,1.734723475976807e-18,0.018845326377266575,,,,,,
v3_oracle_simulation_truth,contamination_asymmetric_eps_0p1,normal_contamination_asymmetric,2000,insufficient,200,200,1.0,0.9811546736227335,1.0,0.015,0.00511423779325831,0.04316572879269026,0.985,0.9568342712073097,0.9948857622067417
v2,contamination_symmetric_eps_0p001,normal_contamination_symmetric,5,all,200,200,1.0,0.9811546736227335,1.0,0.055,0.03098534170345884,0.0957869987723084,0.945,0.9042130012276914,0.9690146582965411
v2,contamination_symmetric_eps_0p001,normal_contamination_symmetric,5,acceptable,200,129,0.645,0.5765211307549043,0.7080137245956883,0.05426356589147287,0.026530955330892246,0.10777545005702246,0.9457364341085271,0.8922245499429776,0.9734690446691078
v2,contamination_symmetric_eps_0p001,normal_contamination_symmetric,5,caution,200,0,0.0,1.734723475976807e-18,0.018845326377266575,,,,,,
v2,contamination_symmetric_eps_0p001,normal_contamination_symmetric,5,insufficient,200,71,0.355,0.2919862754043116,0.42347886924509565,0.056338028169014086,0.022124519301696642,0.13609605799976943,0.9436619718309859,0.8639039420002305,0.9778754806983033
v3_default,contamination_symmetric_eps_0p001,normal_contamination_symmetric,5,all,200,200,1.0,0.9811546736227335,1.0,0.055,0.03098534170345884,0.0957869987723084,0.945,0.9042130012276914,0.9690146582965411
v3_default,contamination_symmetric_eps_0p001,normal_contamination_symmetric,5,acceptable,200,0,0.0,1.734723475976807e-18,0.018845326377266575,,,,,,
v3_default,contamination_symmetric_eps_0p001,normal_contamination_symmetric,5,caution,200,200,1.0,0.9811546736227335,1.0,0.055,0.03098534170345884,0.0957869987723084,0.945,0.9042130012276914,0.9690146582965411
v3_default,contamination_symmetric_eps_0p001,normal_contamination_symmetric,5,insufficient,200,0,0.0,1.734723475976807e-18,0.018845326377266575,,,,,,
v3_oracle_simulation_truth,contamination_symmetric_eps_0p001,normal_contamination_symmetric,5,all,200,200,1.0,0.9811546736227335,1.0,0.055,0.03098534170345884,0.0957869987723084,0.945,0.9042130012276914,0.9690146582965411
v3_oracle_simulation_truth,contamination_symmetric_eps_0p001,normal_contamination_symmetric,5,acceptable,200,98,0.49,0.42156278331213176,0.5588141232154135,0.061224489795918366,0.02835932368138567,0.12719087173151772,0.9387755102040817,0.8728091282684823,0.9716406763186144
v3_oracle_simulation_truth,contamination_symmetric_eps_0p001,normal_contamination_symmetric,5,caution,200,102,0.51,0.44118587678458643,0.5784372166878682,0.049019607843137254,0.0211175965489143,0.10965780068122896,0.9509803921568627,0.8903421993187709,0.9788824034510856
v3_oracle_simulation_truth,contamination_symmetric_eps_0p001,normal_contamination_symmetric,5,insufficient,200,0,0.0,1.734723475976807e-18,0.018845326377266575,,,,,,
v2,contamination_symmetric_eps_0p001,normal_contamination_symmetric,8,all,200,200,1.0,0.9811546736227335,1.0,0.06,0.03465219425433187,0.1019316929576627,0.94,0.8980683070423372,0.9653478057456681
v2,contamination_symmetric_eps_0p001,normal_contamination_symmetric,8,acceptable,200,155,0.775,0.7122587676433947,0.8273763028491088,0.04516129032258064,0.022045753492620307,0.09027667764819537,0.9548387096774194,0.9097233223518046,0.9779542465073798
v2,contamination_symmetric_eps_0p001,normal_contamination_symmetric,8,caution,200,0,0.0,1.734723475976807e-18,0.018845326377266575,,,,,,
v2,contamination_symmetric_eps_0p001,normal_contamination_symmetric,8,insufficient,200,45,0.225,0.17262369715089126,0.2877412323566053,0.1111111111111111,0.04840471794567186,0.2349909699576858,0.8888888888888888,0.7650090300423141,0.9515952820543282
v3_default,contamination_symmetric_eps_0p001,normal_contamination_symmetric,8,all,200,200,1.0,0.9811546736227335,1.0,0.06,0.03465219425433187,0.1019316929576627,0.94,0.8980683070423372,0.9653478057456681
v3_default,contamination_symmetric_eps_0p001,normal_contamination_symmetric,8,acceptable,200,0,0.0,1.734723475976807e-18,0.018845326377266575,,,,,,
v3_default,contamination_symmetric_eps_0p001,normal_contamination_symmetric,8,caution,200,200,1.0,0.9811546736227335,1.0,0.06,0.03465219425433187,0.1019316929576627,0.94,0.8980683070423372,0.9653478057456681
v3_default,contamination_symmetric_eps_0p001,normal_contamination_symmetric,8,insufficient,200,0,0.0,1.734723475976807e-18,0.018845326377266575,,,,,,
v3_oracle_simulation_truth,contamination_symmetric_eps_0p001,normal_contamination_symmetric,8,all,200,200,1.0,0.9811546736227335,1.0,0.06,0.03465219425433187,0.1019316929576627,0.94,0.8980683070423372,0.9653478057456681
v3_oracle_simulation_truth,contamination_symmetric_eps_0p001,normal_contamination_symmetric,8,acceptable,200,123,0.615,0.5459986722024608,0.6796669027307678,0.032520325203252036,0.012717758499415699,0.08063861670148349,0.967479674796748,0.9193613832985165,0.9872822415005843
v3_oracle_simulation_truth,contamination_symmetric_eps_0p001,normal_contamination_symmetric,8,caution,200,77,0.385,0.32033309726923215,0.45400132779753916,0.1038961038961039,0.053592923647580934,0.19184375092681488,0.8961038961038961,0.8081562490731851,0.946407076352419
v3_oracle_simulation_truth,contamination_symmetric_eps_0p001,normal_contamination_symmetric,8,insufficient,200,0,0.0,1.734723475976807e-18,0.018845326377266575,,,,,,
v2,contamination_symmetric_eps_0p001,normal_contamination_symmetric,10,all,200,200,1.0,0.9811546736227335,1.0,0.025,0.010724719651761264,0.05717834040664198,0.975,0.942821659593358,0.9892752803482386
v2,contamination_symmetric_eps_0p001,normal_contamination_symmetric,10,acceptable,200,160,0.8,0.7391448134346212,0.8495479907390189,0.03125,0.013420516687644407,0.07106029128564172,0.96875,0.9289397087143583,0.9865794833123556
v2,contamination_symmetric_eps_0p001,normal_contamination_symmetric,10,caution,200,0,0.0,1.734723475976807e-18,0.018845326377266575,,,,,,
v2,contamination_symmetric_eps_0p001,normal_contamination_symmetric,10,insufficient,200,40,0.2,0.15045200926098115,0.2608551865653788,0.0,0.0,0.08762160119728664,1.0,0.9123783988027135,1.0000000000000002
v3_default,contamination_symmetric_eps_0p001,normal_contamination_symmetric,10,all,200,200,1.0,0.9811546736227335,1.0,0.025,0.010724719651761264,0.05717834040664198,0.975,0.942821659593358,0.9892752803482386
v3_default,contamination_symmetric_eps_0p001,normal_contamination_symmetric,10,acceptable,200,0,0.0,1.734723475976807e-18,0.018845326377266575,,,,,,
v3_default,contamination_symmetric_eps_0p001,normal_contamination_symmetric,10,caution,200,200,1.0,0.9811546736227335,1.0,0.025,0.010724719651761264,0.05717834040664198,0.975,0.942821659593358,0.9892752803482386
v3_default,contamination_symmetric_eps_0p001,normal_contamination_symmetric,10,insufficient,200,0,0.0,1.734723475976807e-18,0.018845326377266575,,,,,,
v3_oracle_simulation_truth,contamination_symmetric_eps_0p001,normal_contamination_symmetric,10,all,200,200,1.0,0.9811546736227335,1.0,0.025,0.010724719651761264,0.05717834040664198,0.975,0.942821659593358,0.9892752803482386
v3_oracle_simulation_truth,contamination_symmetric_eps_0p001,normal_contamination_symmetric,10,acceptable,200,126,0.63,0.5612262992405018,0.6938739159014088,0.031746031746031744,0.012413278972689408,0.07878608776460755,0.9682539682539683,0.9212139122353924,0.9875867210273106
v3_oracle_simulation_truth,contamination_symmetric_eps_0p001,normal_contamination_symmetric,10,caution,200,74,0.37,0.30612608409859116,0.4387737007594981,0.013513513513513514,0.002389463403456818,0.07265356519843233,0.9864864864864865,0.9273464348015678,0.9976105365965432
v3_oracle_simulation_truth,contamination_symmetric_eps_0p001,normal_contamination_symmetric,10,insufficient,200,0,0.0,1.734723475976807e-18,0.018845326377266575,,,,,,
v2,contamination_symmetric_eps_0p001,normal_contamination_symmetric,15,all,200,200,1.0,0.9811546736227335,1.0,0.06,0.03465219425433187,0.1019316929576627,0.94,0.8980683070423372,0.9653478057456681
v2,contamination_symmetric_eps_0p001,normal_contamination_symmetric,15,acceptable,200,164,0.82,0.7608852497127511,0.8670537414057983,0.06707317073170732,0.0378621146733797,0.11610138756417344,0.9329268292682927,0.8838986124358266,0.9621378853266203
v2,contamination_symmetric_eps_0p001,normal_contamination_symmetric,15,caution,200,0,0.0,1.734723475976807e-18,0.018845326377266575,,,,,,
v2,contamination_symmetric_eps_0p001,normal_contamination_symmetric,15,insufficient,200,36,0.18,0.13294625859420173,0.23911475028724882,0.027777777777777776,0.004920407139810443,0.14169718653273855,0.9722222222222222,0.8583028134672614,0.9950795928601897
v3_default,contamination_symmetric_eps_0p001,normal_contamination_symmetric,15,all,200,200,1.0,0.9811546736227335,1.0,0.06,0.03465219425433187,0.1019316929576627,0.94,0.8980683070423372,0.9653478057456681
v3_default,contamination_symmetric_eps_0p001,normal_contamination_symmetric,15,acceptable,200,0,0.0,1.734723475976807e-18,0.018845326377266575,,,,,,
v3_default,contamination_symmetric_eps_0p001,normal_contamination_symmetric,15,caution,200,198,0.99,0.9642782382838231,0.9972533418664555,0.06060606060606061,0.03500564898628547,0.10293161614925386,0.9393939393939394,0.8970683838507462,0.9649943510137146
v3_default,contamination_symmetric_eps_0p001,normal_contamination_symmetric,15,insufficient,200,2,0.01,0.0027466581335444384,0.0357217617161768,0.0,0.0,0.6576197724933469,1.0,0.34238022750665303,1.0
v3_oracle_simulation_truth,contamination_symmetric_eps_0p001,normal_contamination_symmetric,15,all,200,200,1.0,0.9811546736227335,1.0,0.06,0.03465219425433187,0.1019316929576627,0.94,0.8980683070423372,0.9653478057456681
v3_oracle_simulation_truth,contamination_symmetric_eps_0p001,normal_contamination_symmetric,15,acceptable,200,143,0.715,0.6488465397039482,0.7730499699538271,0.06993006993006994,0.038425096602856826,0.12393680726386087,0.9300699300699301,0.8760631927361392,0.9615749033971431
v3_oracle_simulation_truth,contamination_symmetric_eps_0p001,normal_contamination_symmetric,15,caution,200,57,0.285,0.22695003004617292,0.3511534602960517,0.03508771929824561,0.009675664344932881,0.11920781367625805,0.9649122807017544,0.8807921863237419,0.9903243356550672
v3_oracle_simulation_truth,contamination_symmetric_eps_0p001,normal_contamination_symmetric,15,insufficient,200,0,0.0,1.734723475976807e-18,0.018845326377266575,,,,,,
v2,contamination_symmetric_eps_0p001,normal_contamination_symmetric,20,all,200,200,1.0,0.9811546736227335,1.0,0.04,0.020405632066152306,0.07693206820093293,0.96,0.923067931799067,0.9795943679338476
v2,contamination_symmetric_eps_0p001,normal_contamination_symmetric,20,acceptable,200,170,0.85,0.7939442071583334,0.89286406437758,0.041176470588235294,0.020086703286031737,0.08254392891026384,0.9588235294117647,0.9174560710897361,0.9799132967139683
v2,contamination_symmetric_eps_0p001,normal_contamination_symmetric,20,caution,200,0,0.0,1.734723475976807e-18,0.018845326377266575,,,,,,
v2,contamination_symmetric_eps_0p001,normal_contamination_symmetric,20,insufficient,200,30,0.15,0.10713593562241995,0.20605579284166659,0.03333333333333333,0.005908590381612455,0.16670390991409173,0.9666666666666667,0.8332960900859082,0.9940914096183874
v3_default,contamination_symmetric_eps_0p001,normal_contamination_symmetric,20,all,200,200,1.0,0.9811546736227335,1.0,0.04,0.020405632066152306,0.07693206820093293,0.96,0.923067931799067,0.9795943679338476
v3_default,contamination_symmetric_eps_0p001,normal_contamination_symmetric,20,acceptable,200,0,0.0,1.734723475976807e-18,0.018845326377266575,,,,,,
v3_default,contamination_symmetric_eps_0p001,normal_contamination_symmetric,20,caution,200,198,0.99,0.9642782382838231,0.9972533418664555,0.04040404040404041,0.020613166178095263,0.07768903068781369,0.9595959595959596,0.9223109693121863,0.9793868338219047
v3_default,contamination_symmetric_eps_0p001,normal_contamination_symmetric,20,insufficient,200,2,0.01,0.0027466581335444384,0.0357217617161768,0.0,0.0,0.6576197724933469,1.0,0.34238022750665303,1.0
v3_oracle_simulation_truth,contamination_symmetric_eps_0p001,normal_contamination_symmetric,20,all,200,200,1.0,0.9811546736227335,1.0,0.04,0.020405632066152306,0.07693206820093293,0.96,0.923067931799067,0.9795943679338476
v3_oracle_simulation_truth,contamination_symmetric_eps_0p001,normal_contamination_symmetric,20,acceptable,200,151,0.755,0.6909575644379659,0.8094313191096282,0.046357615894039736,0.02263443345238309,0.09258960897513288,0.9536423841059603,0.9074103910248671,0.977365566547617
v3_oracle_simulation_truth,contamination_symmetric_eps_0p001,normal_contamination_symmetric,20,caution,200,49,0.245,0.1905686808903718,0.30904243556203415,0.02040816326530612,0.0036116725898252405,0.10693521523391616,0.9795918367346939,0.8930647847660838,0.9963883274101746
v3_oracle_simulation_truth,contamination_symmetric_eps_0p001,normal_contamination_symmetric,20,insufficient,200,0,0.0,1.734723475976807e-18,0.018845326377266575,,,,,,
v2,contamination_symmetric_eps_0p001,normal_contamination_symmetric,30,all,200,200,1.0,0.9811546736227335,1.0,0.04,0.020405632066152306,0.07693206820093293,0.96,0.923067931799067,0.9795943679338476
v2,contamination_symmetric_eps_0p001,normal_contamination_symmetric,30,acceptable,200,174,0.87,0.8163364812775159,0.9097179772033067,0.04597701149425287,0.023478649695361148,0.08808959177244512,0.9540229885057471,0.9119104082275549,0.9765213503046388
v2,contamination_symmetric_eps_0p001,normal_contamination_symmetric,30,caution,200,0,0.0,1.734723475976807e-18,0.018845326377266575,,,,,,
v2,contamination_symmetric_eps_0p001,normal_contamination_symmetric,30,insufficient,200,26,0.13,0.0902820227966932,0.18366351872248407,0.0,0.0,0.1287289218592153,1.0,0.8712710781407846,1.0
v3_default,contamination_symmetric_eps_0p001,normal_contamination_symmetric,30,all,200,200,1.0,0.9811546736227335,1.0,0.04,0.020405632066152306,0.07693206820093293,0.96,0.923067931799067,0.9795943679338476
v3_default,contamination_symmetric_eps_0p001,normal_contamination_symmetric,30,acceptable,200,0,0.0,1.734723475976807e-18,0.018845326377266575,,,,,,
v3_default,contamination_symmetric_eps_0p001,normal_contamination_symmetric,30,caution,200,194,0.97,0.9361057075454807,0.9861796856598887,0.041237113402061855,0.02104116247795532,0.07924852876758214,0.9587628865979382,0.920751471232418,0.9789588375220447
v3_default,contamination_symmetric_eps_0p001,normal_contamination_symmetric,30,insufficient,200,6,0.03,0.013820314340111346,0.06389429245451925,0.0,2.7755575615628914e-17,0.3903342879021653,1.0,0.6096657120978346,1.0
v3_oracle_simulation_truth,contamination_symmetric_eps_0p001,normal_contamination_symmetric,30,all,200,200,1.0,0.9811546736227335,1.0,0.04,0.020405632066152306,0.07693206820093293,0.96,0.923067931799067,0.9795943679338476
v3_oracle_simulation_truth,contamination_symmetric_eps_0p001,normal_contamination_symmetric,30,acceptable,200,161,0.805,0.7445595562538726,0.8539447946559949,0.049689440993788817,0.025390547575837065,0.09497637323791658,0.9503105590062112,0.9050236267620834,0.974609452424163
v3_oracle_simulation_truth,contamination_symmetric_eps_0p001,normal_contamination_symmetric,30,caution,200,39,0.195,0.1460552053440051,0.25544044374612745,0.0,-6.938893903907228e-18,0.08966685370757144,1.0,0.9103331462924287,1.0
v3_oracle_simulation_truth,contamination_symmetric_eps_0p001,normal_contamination_symmetric,30,insufficient,200,0,0.0,1.734723475976807e-18,0.018845326377266575,,,,,,
v2,contamination_symmetric_eps_0p001,normal_contamination_symmetric,40,all,200,200,1.0,0.9811546736227335,1.0,0.025,0.010724719651761264,0.05717834040664198,0.975,0.942821659593358,0.9892752803482386
v2,contamination_symmetric_eps_0p001,normal_contamination_symmetric,40,acceptable,200,183,0.915,0.8681041292843443,0.9462542498225244,0.0273224043715847,0.011725746680430384,0.06235555683784999,0.9726775956284153,0.93764444316215,0.9882742533195696
v2,contamination_symmetric_eps_0p001,normal_contamination_symmetric,40,caution,200,9,0.045,0.023852543001492997,0.0832967040018196,0.0,0.0,0.2991450484195441,1.0,0.7008549515804559,1.0
v2,contamination_symmetric_eps_0p001,normal_contamination_symmetric,40,insufficient,200,8,0.04,0.020405632066152306,0.07693206820093293,0.0,0.0,0.32440756488388023,1.0,0.6755924351161198,1.0
v3_default,contamination_symmetric_eps_0p001,normal_contamination_symmetric,40,all,200,200,1.0,0.9811546736227335,1.0,0.025,0.010724719651761264,0.05717834040664198,0.975,0.942821659593358,0.9892752803482386
v3_default,contamination_symmetric_eps_0p001,normal_contamination_symmetric,40,acceptable,200,0,0.0,1.734723475976807e-18,0.018845326377266575,,,,,,
v3_default,contamination_symmetric_eps_0p001,normal_contamination_symmetric,40,caution,200,197,0.985,0.9568342712073097,0.9948857622067417,0.025380710659898477,0.010888761760002093,0.058028576831186944,0.9746192893401016,0.9419714231688132,0.989111238239998
v3_default,contamination_symmetric_eps_0p001,normal_contamination_symmetric,40,insufficient,200,3,0.015,0.00511423779325831,0.04316572879269026,0.0,5.551115123125783e-17,0.5614970317550454,1.0,0.4385029682449546,1.0
v3_oracle_simulation_truth,contamination_symmetric_eps_0p001,normal_contamination_symmetric,40,all,200,200,1.0,0.9811546736227335,1.0,0.025,0.010724719651761264,0.05717834040664198,0.975,0.942821659593358,0.9892752803482386
v3_oracle_simulation_truth,contamination_symmetric_eps_0p001,normal_contamination_symmetric,40,acceptable,200,171,0.855,0.7995133246921847,0.8971064935799559,0.023391812865497075,0.009133350315669333,0.058593485759508596,0.9766081871345029,0.9414065142404914,0.9908666496843307
v3_oracle_simulation_truth,contamination_symmetric_eps_0p001,normal_contamination_symmetric,40,caution,200,29,0.145,0.10289350642004402,0.20048667530781522,0.034482758620689655,0.006113214292762653,0.17175521879320288,0.9655172413793104,0.8282447812067973,0.9938867857072374
v3_oracle_simulation_truth,contamination_symmetric_eps_0p001,normal_contamination_symmetric,40,insufficient,200,0,0.0,1.734723475976807e-18,0.018845326377266575,,,,,,
v2,contamination_symmetric_eps_0p001,normal_contamination_symmetric,50,all,200,200,1.0,0.9811546736227335,1.0,0.05,0.02738264560076393,0.08957814813877599,0.95,0.9104218518612239,0.972617354399236
v2,contamination_symmetric_eps_0p001,normal_contamination_symmetric,50,acceptable,200,166,0.83,0.7718411637168737,0.8757209208741302,0.060240963855421686,0.03304743761879114,0.10732735064691815,0.9397590361445783,0.8926726493530818,0.9669525623812089
v2,contamination_symmetric_eps_0p001,normal_contamination_symmetric,50,caution,200,25,0.125,0.08611974475712644,0.17801425002582347,0.0,1.3877787807814457e-17,0.13319225093904846,1.0,0.8668077490609515,0.9999999999999999
v2,contamination_symmetric_eps_0p001,normal_contamination_symmetric,50,insufficient,200,9,0.045,0.023852543001492997,0.0832967040018196,0.0,0.0,0.2991450484195441,1.0,0.7008549515804559,1.0
v3_default,contamination_symmetric_eps_0p001,normal_contamination_symmetric,50,all,200,200,1.0,0.9811546736227335,1.0,0.05,0.02738264560076393,0.08957814813877599,0.95,0.9104218518612239,0.972617354399236
v3_default,contamination_symmetric_eps_0p001,normal_contamination_symmetric,50,acceptable,200,0,0.0,1.734723475976807e-18,0.018845326377266575,,,,,,
v3_default,contamination_symmetric_eps_0p001,normal_contamination_symmetric,50,caution,200,199,0.995,0.9722262956021069,0.9991168312843989,0.05025125628140704,0.027521394363559718,0.09001601125019734,0.949748743718593,0.9099839887498027,0.9724786056364403
v3_default,contamination_symmetric_eps_0p001,normal_contamination_symmetric,50,insufficient,200,1,0.005,0.0008831687156009814,0.02777370439789293,0.0,0.0,0.7934506856227626,1.0,0.20654931437723745,1.0
v3_oracle_simulation_truth,contamination_symmetric_eps_0p001,normal_contamination_symmetric,50,all,200,200,1.0,0.9811546736227335,1.0,0.05,0.02738264560076393,0.08957814813877599,0.95,0.9104218518612239,0.972617354399236
v3_oracle_simulation_truth,contamination_symmetric_eps_0p001,normal_contamination_symmetric,50,acceptable,200,161,0.805,0.7445595562538726,0.8539447946559949,0.062111801242236024,0.034084412068514494,0.11054824886072183,0.937888198757764,0.8894517511392782,0.9659155879314855
v3_oracle_simulation_truth,contamination_symmetric_eps_0p001,normal_contamination_symmetric,50,caution,200,39,0.195,0.1460552053440051,0.25544044374612745,0.0,-6.938893903907228e-18,0.08966685370757144,1.0,0.9103331462924287,1.0
v3_oracle_simulation_truth,contamination_symmetric_eps_0p001,normal_contamination_symmetric,50,insufficient,200,0,0.0,1.734723475976807e-18,0.018845326377266575,,,,,,
v2,contamination_symmetric_eps_0p001,normal_contamination_symmetric,80,all,200,200,1.0,0.9811546736227335,1.0,0.045,0.023852543001492997,0.0832967040018196,0.955,0.9167032959981803,0.976147456998507
v2,contamination_symmetric_eps_0p001,normal_contamination_symmetric,80,acceptable,200,166,0.83,0.7718411637168737,0.8757209208741302,0.04819277108433735,0.024619468718975003,0.09220394388278114,0.9518072289156626,0.9077960561172188,0.975380531281025
v2,contamination_symmetric_eps_0p001,normal_contamination_symmetric,80,caution,200,25,0.125,0.08611974475712644,0.17801425002582347,0.0,1.3877787807814457e-17,0.13319225093904846,1.0,0.8668077490609515,0.9999999999999999
v2,contamination_symmetric_eps_0p001,normal_contamination_symmetric,80,insufficient,200,9,0.045,0.023852543001492997,0.0832967040018196,0.1111111111111111,0.019890887638544907,0.434999705576656,0.8888888888888888,0.5650002944233439,0.9801091123614551
v3_default,contamination_symmetric_eps_0p001,normal_contamination_symmetric,80,all,200,200,1.0,0.9811546736227335,1.0,0.045,0.023852543001492997,0.0832967040018196,0.955,0.9167032959981803,0.976147456998507
v3_default,contamination_symmetric_eps_0p001,normal_contamination_symmetric,80,acceptable,200,0,0.0,1.734723475976807e-18,0.018845326377266575,,,,,,
v3_default,contamination_symmetric_eps_0p001,normal_contamination_symmetric,80,caution,200,192,0.96,0.923067931799067,0.9795943679338476,0.041666666666666664,0.021261895946792238,0.08005198794773236,0.9583333333333334,0.9199480120522677,0.9787381040532078
v3_default,contamination_symmetric_eps_0p001,normal_contamination_symmetric,80,insufficient,200,8,0.04,0.020405632066152306,0.07693206820093293,0.125,0.02241749145005667,0.4708881822128535,0.875,0.5291118177871464,0.9775825085499433
v3_oracle_simulation_truth,contamination_symmetric_eps_0p001,normal_contamination_symmetric,80,all,200,200,1.0,0.9811546736227335,1.0,0.045,0.023852543001492997,0.0832967040018196,0.955,0.9167032959981803,0.976147456998507
v3_oracle_simulation_truth,contamination_symmetric_eps_0p001,normal_contamination_symmetric,80,acceptable,200,164,0.82,0.7608852497127511,0.8670537414057983,0.04878048780487805,0.024922210615967555,0.09329327058936952,0.9512195121951219,0.9067067294106304,0.9750777893840323
v3_oracle_simulation_truth,contamination_symmetric_eps_0p001,normal_contamination_symmetric,80,caution,200,36,0.18,0.13294625859420173,0.23911475028724882,0.027777777777777776,0.004920407139810443,0.14169718653273855,0.9722222222222222,0.8583028134672614,0.9950795928601897
v3_oracle_simulation_truth,contamination_symmetric_eps_0p001,normal_contamination_symmetric,80,insufficient,200,0,0.0,1.734723475976807e-18,0.018845326377266575,,,,,,
v2,contamination_symmetric_eps_0p001,normal_contamination_symmetric,100,all,5000,5000,1.0,0.9992322980549431,1.0000000000000002,0.0542,0.04825961924472352,0.06082486380948941,0.9458,0.9391751361905106,0.9517403807552766
v2,contamination_symmetric_eps_0p001,normal_contamination_symmetric,100,acceptable,5000,4240,0.848,0.8377817048871515,0.8576839745590886,0.05518867924528302,0.048709379542726056,0.06247325142949986,0.944811320754717,0.9375267485705001,0.951290620457274
v2,contamination_symmetric_eps_0p001,normal_contamination_symmetric,100,caution,5000,509,0.1018,0.09372180779356479,0.11048959003547873,0.0550098231827112,0.03833062899889324,0.07835544969354068,0.9449901768172888,0.9216445503064593,0.9616693710011067
v2,contamination_symmetric_eps_0p001,normal_contamination_symmetric,100,insufficient,5000,251,0.0502,0.04448534215006972,0.05660528251970369,0.035856573705179286,0.018976915304131595,0.06672915042696174,0.9641434262948207,0.9332708495730383,0.9810230846958684
v3_default,contamination_symmetric_eps_0p001,normal_contamination_symmetric,100,all,5000,5000,1.0,0.9992322980549431,1.0000000000000002,0.0542,0.04825961924472352,0.06082486380948941,0.9458,0.9391751361905106,0.9517403807552766
v3_default,contamination_symmetric_eps_0p001,normal_contamination_symmetric,100,acceptable,5000,0,0.0,0.0,0.0007677019450571244,,,,,,
v3_default,contamination_symmetric_eps_0p001,normal_contamination_symmetric,100,caution,5000,4781,0.9562,0.9501686465740613,0.9615309021712688,0.05521857352018406,0.04909405499188531,0.06205726807656502,0.9447814264798159,0.9379427319234349,0.9509059450081147
v3_default,contamination_symmetric_eps_0p001,normal_contamination_symmetric,100,insufficient,5000,219,0.0438,0.03846909782873126,0.04983135342593886,0.0319634703196347,0.015567715862581072,0.06449574681224361,0.9680365296803652,0.9355042531877564,0.9844322841374189
v3_oracle_simulation_truth,contamination_symmetric_eps_0p001,normal_contamination_symmetric,100,all,5000,5000,1.0,0.9992322980549431,1.0000000000000002,0.0542,0.04825961924472352,0.06082486380948941,0.9458,0.9391751361905106,0.9517403807552766
v3_oracle_simulation_truth,contamination_symmetric_eps_0p001,normal_contamination_symmetric,100,acceptable,5000,4230,0.846,0.8357298842962396,0.8557388659577808,0.05531914893617021,0.04882490150449737,0.0626203340835452,0.9446808510638298,0.9373796659164548,0.9511750984955027
v3_oracle_simulation_truth,contamination_symmetric_eps_0p001,normal_contamination_symmetric,100,caution,5000,770,0.154,0.14426113404221916,0.1642701157037604,0.048051948051948054,0.035060391811628726,0.06553057282771954,0.951948051948052,0.9344694271722805,0.9649396081883713
v3_oracle_simulation_truth,contamination_symmetric_eps_0p001,normal_contamination_symmetric,100,insufficient,5000,0,0.0,0.0,0.0007677019450571244,,,,,,
v2,contamination_symmetric_eps_0p001,normal_contamination_symmetric,200,all,200,200,1.0,0.9811546736227335,1.0,0.025,0.010724719651761264,0.05717834040664198,0.975,0.942821659593358,0.9892752803482386
v2,contamination_symmetric_eps_0p001,normal_contamination_symmetric,200,acceptable,200,139,0.695,0.6280144790202163,0.7546358436926496,0.02158273381294964,0.007366814443784942,0.06153096146767435,0.9784172661870504,0.9384690385323257,0.992633185556215
v2,contamination_symmetric_eps_0p001,normal_contamination_symmetric,200,caution,200,45,0.225,0.17262369715089126,0.2877412323566053,0.044444444444444446,0.012274126706719846,0.14827510769435623,0.9555555555555556,0.8517248923056439,0.9877258732932802
v2,contamination_symmetric_eps_0p001,normal_contamination_symmetric,200,insufficient,200,16,0.08,0.049840585889759974,0.12598948826714396,0.0,0.0,0.1936076805344365,1.0,0.8063923194655637,1.0000000000000002
v3_default,contamination_symmetric_eps_0p001,normal_contamination_symmetric,200,all,200,200,1.0,0.9811546736227335,1.0,0.025,0.010724719651761264,0.05717834040664198,0.975,0.942821659593358,0.9892752803482386
v3_default,contamination_symmetric_eps_0p001,normal_contamination_symmetric,200,acceptable,200,0,0.0,1.734723475976807e-18,0.018845326377266575,,,,,,
v3_default,contamination_symmetric_eps_0p001,normal_contamination_symmetric,200,caution,200,184,0.92,0.874010511732856,0.9501594141102401,0.02717391304347826,0.011661718017993986,0.06202520342945188,0.9728260869565217,0.9379747965705482,0.988338281982006
v3_default,contamination_symmetric_eps_0p001,normal_contamination_symmetric,200,insufficient,200,16,0.08,0.049840585889759974,0.12598948826714396,0.0,0.0,0.1936076805344365,1.0,0.8063923194655637,1.0000000000000002
v3_oracle_simulation_truth,contamination_symmetric_eps_0p001,normal_contamination_symmetric,200,all,200,200,1.0,0.9811546736227335,1.0,0.025,0.010724719651761264,0.05717834040664198,0.975,0.942821659593358,0.9892752803482386
v3_oracle_simulation_truth,contamination_symmetric_eps_0p001,normal_contamination_symmetric,200,acceptable,200,141,0.705,0.6384128547538122,0.7638605614315084,0.02127659574468085,0.007261943876534137,0.06068447768552233,0.9787234042553191,0.9393155223144777,0.9927380561234659
v3_oracle_simulation_truth,contamination_symmetric_eps_0p001,normal_contamination_symmetric,200,caution,200,59,0.295,0.23613943856849148,0.36158714524618774,0.03389830508474576,0.00934590909166131,0.11543570750110752,0.9661016949152542,0.8845642924988925,0.9906540909083387
v3_oracle_simulation_truth,contamination_symmetric_eps_0p001,normal_contamination_symmetric,200,insufficient,200,0,0.0,1.734723475976807e-18,0.018845326377266575,,,,,,
v2,contamination_symmetric_eps_0p001,normal_contamination_symmetric,500,all,200,200,1.0,0.9811546736227335,1.0,0.035,0.017055542008567192,0.07047061152229073,0.965,0.9295293884777092,0.9829444579914328
v2,contamination_symmetric_eps_0p001,normal_contamination_symmetric,500,acceptable,200,111,0.555,0.4857330241280342,0.6221939899704665,0.02702702702702703,0.009233638497232216,0.07646240648300381,0.972972972972973,0.9235375935169964,0.9907663615027679
v2,contamination_symmetric_eps_0p001,normal_contamination_symmetric,500,caution,200,65,0.325,0.2639157153923429,0.3926801488397004,0.03076923076923077,0.008478997236440126,0.10542705523577942,0.9692307692307692,0.8945729447642206,0.9915210027635599
v2,contamination_symmetric_eps_0p001,normal_contamination_symmetric,500,insufficient,200,24,0.12,0.08197992706375512,0.17234252098296743,0.08333333333333333,0.023158815297043306,0.25848802193210685,0.9166666666666666,0.741511978067893,0.9768411847029567
v3_default,contamination_symmetric_eps_0p001,normal_contamination_symmetric,500,all,200,200,1.0,0.9811546736227335,1.0,0.035,0.017055542008567192,0.07047061152229073,0.965,0.9295293884777092,0.9829444579914328
v3_default,contamination_symmetric_eps_0p001,normal_contamination_symmetric,500,acceptable,200,0,0.0,1.734723475976807e-18,0.018845326377266575,,,,,,
v3_default,contamination_symmetric_eps_0p001,normal_contamination_symmetric,500,caution,200,177,0.885,0.8333528310151243,0.9221362676743804,0.02824858757062147,0.012125187155558284,0.06441400308852203,0.9717514124293786,0.9355859969114779,0.9878748128444417
v3_default,contamination_symmetric_eps_0p001,normal_contamination_symmetric,500,insufficient,200,23,0.115,0.07786373232561955,0.16664716898487572,0.08695652173913043,0.024180004484220363,0.26795981075743663,0.9130434782608695,0.7320401892425634,0.9758199955157796
v3_oracle_simulation_truth,contamination_symmetric_eps_0p001,normal_contamination_symmetric,500,all,200,200,1.0,0.9811546736227335,1.0,0.035,0.017055542008567192,0.07047061152229073,0.965,0.9295293884777092,0.9829444579914328
v3_oracle_simulation_truth,contamination_symmetric_eps_0p001,normal_contamination_symmetric,500,acceptable,200,135,0.675,0.6073198511602996,0.7360842846076571,0.02962962962962963,0.011581456715444326,0.07370617221956058,0.9703703703703703,0.9262938277804393,0.9884185432845556
v3_oracle_simulation_truth,contamination_symmetric_eps_0p001,normal_contamination_symmetric,500,caution,200,65,0.325,0.2639157153923429,0.3926801488397004,0.046153846153846156,0.015819840413512566,0.12713847263338832,0.9538461538461539,0.8728615273666118,0.9841801595864874
v3_oracle_simulation_truth,contamination_symmetric_eps_0p001,normal_contamination_symmetric,500,insufficient,200,0,0.0,1.734723475976807e-18,0.018845326377266575,,,,,,
v2,contamination_symmetric_eps_0p001,normal_contamination_symmetric,750,all,200,200,1.0,0.9811546736227335,1.0,0.015,0.00511423779325831,0.04316572879269026,0.985,0.9568342712073097,0.9948857622067417
v2,contamination_symmetric_eps_0p001,normal_contamination_symmetric,750,acceptable,200,77,0.385,0.32033309726923215,0.45400132779753916,0.012987012987012988,0.0022962172971240508,0.06996198914680525,0.987012987012987,0.9300380108531947,0.9977037827028759
v2,contamination_symmetric_eps_0p001,normal_contamination_symmetric,750,caution,200,99,0.495,0.4264584535990475,0.5637299996647251,0.020202020202020204,0.005557720110757801,0.07069031167150083,0.9797979797979798,0.9293096883284993,0.9944422798892423
v2,contamination_symmetric_eps_0p001,normal_contamination_symmetric,750,insufficient,200,24,0.12,0.08197992706375512,0.17234252098296743,0.0,1.3877787807814457e-17,0.13797620467498017,1.0,0.8620237953250198,1.0
v3_default,contamination_symmetric_eps_0p001,normal_contamination_symmetric,750,all,200,200,1.0,0.9811546736227335,1.0,0.015,0.00511423779325831,0.04316572879269026,0.985,0.9568342712073097,0.9948857622067417
v3_default,contamination_symmetric_eps_0p001,normal_contamination_symmetric,750,acceptable,200,0,0.0,1.734723475976807e-18,0.018845326377266575,,,,,,
v3_default,contamination_symmetric_eps_0p001,normal_contamination_symmetric,750,caution,200,176,0.88,0.8276574790170326,0.9180200729362449,0.017045454545454544,0.005813642625307883,0.04890932773552685,0.9829545454545454,0.9510906722644731,0.9941863573746922
v3_default,contamination_symmetric_eps_0p001,normal_contamination_symmetric,750,insufficient,200,24,0.12,0.08197992706375512,0.17234252098296743,0.0,1.3877787807814457e-17,0.13797620467498017,1.0,0.8620237953250198,1.0
v3_oracle_simulation_truth,contamination_symmetric_eps_0p001,normal_contamination_symmetric,750,all,200,200,1.0,0.9811546736227335,1.0,0.015,0.00511423779325831,0.04316572879269026,0.985,0.9568342712073097,0.9948857622067417
v3_oracle_simulation_truth,contamination_symmetric_eps_0p001,normal_contamination_symmetric,750,acceptable,200,111,0.555,0.4857330241280342,0.6221939899704665,0.018018018018018018,0.004955178708528081,0.06332555284276006,0.9819819819819819,0.9366744471572399,0.995044821291472
v3_oracle_simulation_truth,contamination_symmetric_eps_0p001,normal_contamination_symmetric,750,caution,200,89,0.445,0.3778060100295335,0.5142669758719658,0.011235955056179775,0.001986183228256385,0.060932462115046646,0.9887640449438202,0.9390675378849535,0.9980138167717437
v3_oracle_simulation_truth,contamination_symmetric_eps_0p001,normal_contamination_symmetric,750,insufficient,200,0,0.0,1.734723475976807e-18,0.018845326377266575,,,,,,
v2,contamination_symmetric_eps_0p001,normal_contamination_symmetric,2000,all,200,200,1.0,0.9811546736227335,1.0,0.06,0.03465219425433187,0.1019316929576627,0.94,0.8980683070423372,0.9653478057456681
v2,contamination_symmetric_eps_0p001,normal_contamination_symmetric,2000,acceptable,200,23,0.115,0.07786373232561955,0.16664716898487572,0.043478260869565216,0.007716666143453149,0.20991155070258877,0.9565217391304348,0.7900884492974114,0.9922833338565469
v2,contamination_symmetric_eps_0p001,normal_contamination_symmetric,2000,caution,200,135,0.675,0.6073198511602996,0.7360842846076571,0.05185185185185185,0.025341171985529154,0.10316121463758576,0.9481481481481482,0.8968387853624143,0.9746588280144709
v2,contamination_symmetric_eps_0p001,normal_contamination_symmetric,2000,insufficient,200,42,0.21,0.15928412069979,0.2716461685990246,0.09523809523809523,0.03766224880557388,0.22065105808571023,0.9047619047619048,0.7793489419142897,0.9623377511944261
v3_default,contamination_symmetric_eps_0p001,normal_contamination_symmetric,2000,all,200,200,1.0,0.9811546736227335,1.0,0.06,0.03465219425433187,0.1019316929576627,0.94,0.8980683070423372,0.9653478057456681
v3_default,contamination_symmetric_eps_0p001,normal_contamination_symmetric,2000,acceptable,200,0,0.0,1.734723475976807e-18,0.018845326377266575,,,,,,
v3_default,contamination_symmetric_eps_0p001,normal_contamination_symmetric,2000,caution,200,158,0.79,0.7283538314009754,0.8407158793002101,0.05063291139240506,0.025876825383582304,0.09672129604509741,0.9493670886075949,0.9032787039549025,0.9741231746164177
v3_default,contamination_symmetric_eps_0p001,normal_contamination_symmetric,2000,insufficient,200,42,0.21,0.15928412069979,0.2716461685990246,0.09523809523809523,0.03766224880557388,0.22065105808571023,0.9047619047619048,0.7793489419142897,0.9623377511944261
v3_oracle_simulation_truth,contamination_symmetric_eps_0p001,normal_contamination_symmetric,2000,all,200,200,1.0,0.9811546736227335,1.0,0.06,0.03465219425433187,0.1019316929576627,0.94,0.8980683070423372,0.9653478057456681
v3_oracle_simulation_truth,contamination_symmetric_eps_0p001,normal_contamination_symmetric,2000,acceptable,200,75,0.375,0.31085436858409826,0.44385696301021843,0.02666666666666667,0.0073436890061313945,0.09211488187759151,0.9733333333333334,0.9078851181224086,0.9926563109938686
v3_oracle_simulation_truth,contamination_symmetric_eps_0p001,normal_contamination_symmetric,2000,caution,200,125,0.625,0.5561430369897816,0.6891456314159018,0.08,0.04403303232758284,0.1410118983874114,0.92,0.8589881016125887,0.9559669676724172
v3_oracle_simulation_truth,contamination_symmetric_eps_0p001,normal_contamination_symmetric,2000,insufficient,200,0,0.0,1.734723475976807e-18,0.018845326377266575,,,,,,
v2,contamination_symmetric_eps_0p005,normal_contamination_symmetric,5,all,200,200,1.0,0.9811546736227335,1.0,0.07,0.042152171828342806,0.11405480885610647,0.93,0.8859451911438936,0.9578478281716571
v2,contamination_symmetric_eps_0p005,normal_contamination_symmetric,5,acceptable,200,112,0.56,0.4907167533465867,0.6270218074881414,0.07142857142857142,0.03663590189789057,0.13464525273091846,0.9285714285714286,0.8653547472690817,0.9633640981021094
v2,contamination_symmetric_eps_0p005,normal_contamination_symmetric,5,caution,200,0,0.0,1.734723475976807e-18,0.018845326377266575,,,,,,
v2,contamination_symmetric_eps_0p005,normal_contamination_symmetric,5,insufficient,200,88,0.44,0.37297819251185865,0.5092832466534134,0.06818181818181818,0.03162092817146724,0.14086608394821237,0.9318181818181818,0.8591339160517876,0.9683790718285327
v3_default,contamination_symmetric_eps_0p005,normal_contamination_symmetric,5,all,200,200,1.0,0.9811546736227335,1.0,0.07,0.042152171828342806,0.11405480885610647,0.93,0.8859451911438936,0.9578478281716571
v3_default,contamination_symmetric_eps_0p005,normal_contamination_symmetric,5,acceptable,200,0,0.0,1.734723475976807e-18,0.018845326377266575,,,,,,
v3_default,contamination_symmetric_eps_0p005,normal_contamination_symmetric,5,caution,200,200,1.0,0.9811546736227335,1.0,0.07,0.042152171828342806,0.11405480885610647,0.93,0.8859451911438936,0.9578478281716571
v3_default,contamination_symmetric_eps_0p005,normal_contamination_symmetric,5,insufficient,200,0,0.0,1.734723475976807e-18,0.018845326377266575,,,,,,
v3_oracle_simulation_truth,contamination_symmetric_eps_0p005,normal_contamination_symmetric,5,all,200,200,1.0,0.9811546736227335,1.0,0.07,0.042152171828342806,0.11405480885610647,0.93,0.8859451911438936,0.9578478281716571
v3_oracle_simulation_truth,contamination_symmetric_eps_0p005,normal_contamination_symmetric,5,acceptable,200,82,0.41,0.34415674908482885,0.4792354096630791,0.07317073170731707,0.033964777256659195,0.1505784380885484,0.926829268292683,0.8494215619114518,0.9660352227433409
v3_oracle_simulation_truth,contamination_symmetric_eps_0p005,normal_contamination_symmetric,5,caution,200,118,0.59,0.5207645903369208,0.6558432509151711,0.06779661016949153,0.0347511750251653,0.12809535531631283,0.9322033898305084,0.8719046446836871,0.9652488249748348
v3_oracle_simulation_truth,contamination_symmetric_eps_0p005,normal_contamination_symmetric,5,insufficient,200,0,0.0,1.734723475976807e-18,0.018845326377266575,,,,,,
v2,contamination_symmetric_eps_0p005,normal_contamination_symmetric,8,all,200,200,1.0,0.9811546736227335,1.0,0.055,0.03098534170345884,0.0957869987723084,0.945,0.9042130012276914,0.9690146582965411
v2,contamination_symmetric_eps_0p005,normal_contamination_symmetric,8,acceptable,200,154,0.77,0.7069169563469642,0.8229065674093119,0.05844155844155844,0.031047680593304497,0.10732825044459694,0.9415584415584416,0.8926717495554031,0.9689523194066956
v2,contamination_symmetric_eps_0p005,normal_contamination_symmetric,8,caution,200,0,0.0,1.734723475976807e-18,0.018845326377266575,,,,,,
v2,contamination_symmetric_eps_0p005,normal_contamination_symmetric,8,insufficient,200,46,0.23,0.17709343259068805,0.2930830436530359,0.043478260869565216,0.012005445598556624,0.1453225902621907,0.9565217391304348,0.8546774097378094,0.9879945544014435
v3_default,contamination_symmetric_eps_0p005,normal_contamination_symmetric,8,all,200,200,1.0,0.9811546736227335,1.0,0.055,0.03098534170345884,0.0957869987723084,0.945,0.9042130012276914,0.9690146582965411
v3_default,contamination_symmetric_eps_0p005,normal_contamination_symmetric,8,acceptable,200,0,0.0,1.734723475976807e-18,0.018845326377266575,,,,,,
v3_default,contamination_symmetric_eps_0p005,normal_contamination_symmetric,8,caution,200,200,1.0,0.9811546736227335,1.0,0.055,0.03098534170345884,0.0957869987723084,0.945,0.9042130012276914,0.9690146582965411
v3_default,contamination_symmetric_eps_0p005,normal_contamination_symmetric,8,insufficient,200,0,0.0,1.734723475976807e-18,0.018845326377266575,,,,,,
v3_oracle_simulation_truth,contamination_symmetric_eps_0p005,normal_contamination_symmetric,8,all,200,200,1.0,0.9811546736227335,1.0,0.055,0.03098534170345884,0.0957869987723084,0.945,0.9042130012276914,0.9690146582965411
v3_oracle_simulation_truth,contamination_symmetric_eps_0p005,normal_contamination_symmetric,8,acceptable,200,111,0.555,0.4857330241280342,0.6221939899704665,0.05405405405405406,0.025006314260033254,0.11293567100704646,0.9459459459459459,0.8870643289929536,0.9749936857399668
v3_oracle_simulation_truth,contamination_symmetric_eps_0p005,normal_contamination_symmetric,8,caution,200,89,0.445,0.3778060100295335,0.5142669758719658,0.056179775280898875,0.024232878420720118,0.12485416735078494,0.9438202247191011,0.8751458326492151,0.9757671215792799
v3_oracle_simulation_truth,contamination_symmetric_eps_0p005,normal_contamination_symmetric,8,insufficient,200,0,0.0,1.734723475976807e-18,0.018845326377266575,,,,,,
v2,contamination_symmetric_eps_0p005,normal_contamination_symmetric,10,all,200,200,1.0,0.9811546736227335,1.0,0.025,0.010724719651761264,0.05717834040664198,0.975,0.942821659593358,0.9892752803482386
v2,contamination_symmetric_eps_0p005,normal_contamination_symmetric,10,acceptable,200,161,0.805,0.7445595562538726,0.8539447946559949,0.024844720496894408,0.00970308506388464,0.062132355518903705,0.9751552795031055,0.9378676444810962,0.9902969149361153
v2,contamination_symmetric_eps_0p005,normal_contamination_symmetric,10,caution,200,0,0.0,1.734723475976807e-18,0.018845326377266575,,,,,,
v2,contamination_symmetric_eps_0p005,normal_contamination_symmetric,10,insufficient,200,39,0.195,0.1460552053440051,0.25544044374612745,0.02564102564102564,0.004540703100990098,0.13180990169850076,0.9743589743589743,0.8681900983014993,0.99545929689901
v3_default,contamination_symmetric_eps_0p005,normal_contamination_symmetric,10,all,200,200,1.0,0.9811546736227335,1.0,0.025,0.010724719651761264,0.05717834040664198,0.975,0.942821659593358,0.9892752803482386
v3_default,contamination_symmetric_eps_0p005,normal_contamination_symmetric,10,acceptable,200,0,0.0,1.734723475976807e-18,0.018845326377266575,,,,,,
v3_default,contamination_symmetric_eps_0p005,normal_contamination_symmetric,10,caution,200,200,1.0,0.9811546736227335,1.0,0.025,0.010724719651761264,0.05717834040664198,0.975,0.942821659593358,0.9892752803482386
v3_default,contamination_symmetric_eps_0p005,normal_contamination_symmetric,10,insufficient,200,0,0.0,1.734723475976807e-18,0.018845326377266575,,,,,,
v3_oracle_simulation_truth,contamination_symmetric_eps_0p005,normal_contamination_symmetric,10,all,200,200,1.0,0.9811546736227335,1.0,0.025,0.010724719651761264,0.05717834040664198,0.975,0.942821659593358,0.9892752803482386
v3_oracle_simulation_truth,contamination_symmetric_eps_0p005,normal_contamination_symmetric,10,acceptable,200,126,0.63,0.5612262992405018,0.6938739159014088,0.031746031746031744,0.012413278972689408,0.07878608776460755,0.9682539682539683,0.9212139122353924,0.9875867210273106
v3_oracle_simulation_truth,contamination_symmetric_eps_0p005,normal_contamination_symmetric,10,caution,200,74,0.37,0.30612608409859116,0.4387737007594981,0.013513513513513514,0.002389463403456818,0.07265356519843233,0.9864864864864865,0.9273464348015678,0.9976105365965432
v3_oracle_simulation_truth,contamination_symmetric_eps_0p005,normal_contamination_symmetric,10,insufficient,200,0,0.0,1.734723475976807e-18,0.018845326377266575,,,,,,
v2,contamination_symmetric_eps_0p005,normal_contamination_symmetric,15,all,200,200,1.0,0.9811546736227335,1.0,0.09,0.05768744886219316,0.13776571876716542,0.91,0.8622342812328346,0.9423125511378069
v2,contamination_symmetric_eps_0p005,normal_contamination_symmetric,15,acceptable,200,165,0.825,0.7663556885175099,0.8713948493372666,0.09090909090909091,0.0558663538315333,0.1445669938608306,0.9090909090909091,0.8554330061391694,0.9441336461684667
v2,contamination_symmetric_eps_0p005,normal_contamination_symmetric,15,caution,200,0,0.0,1.734723475976807e-18,0.018845326377266575,,,,,,
v2,contamination_symmetric_eps_0p005,normal_contamination_symmetric,15,insufficient,200,35,0.175,0.12860515066273331,0.23364431148248993,0.08571428571428572,0.02958236826696982,0.22379273965896496,0.9142857142857143,0.7762072603410349,0.9704176317330301
v3_default,contamination_symmetric_eps_0p005,normal_contamination_symmetric,15,all,200,200,1.0,0.9811546736227335,1.0,0.09,0.05768744886219316,0.13776571876716542,0.91,0.8622342812328346,0.9423125511378069
v3_default,contamination_symmetric_eps_0p005,normal_contamination_symmetric,15,acceptable,200,0,0.0,1.734723475976807e-18,0.018845326377266575,,,,,,
v3_default,contamination_symmetric_eps_0p005,normal_contamination_symmetric,15,caution,200,198,0.99,0.9642782382838231,0.9972533418664555,0.09090909090909091,0.058278143982683446,0.13911172355730148,0.9090909090909091,0.8608882764426985,0.9417218560173165
v3_default,contamination_symmetric_eps_0p005,normal_contamination_symmetric,15,insufficient,200,2,0.01,0.0027466581335444384,0.0357217617161768,0.0,0.0,0.6576197724933469,1.0,0.34238022750665303,1.0
v3_oracle_simulation_truth,contamination_symmetric_eps_0p005,normal_contamination_symmetric,15,all,200,200,1.0,0.9811546736227335,1.0,0.09,0.05768744886219316,0.13776571876716542,0.91,0.8622342812328346,0.9423125511378069
v3_oracle_simulation_truth,contamination_symmetric_eps_0p005,normal_contamination_symmetric,15,acceptable,200,138,0.69,0.6228282243374195,0.750010551639219,0.09420289855072464,0.05588053401488235,0.1545054777252928,0.9057971014492754,0.8454945222747072,0.9441194659851178
v3_oracle_simulation_truth,contamination_symmetric_eps_0p005,normal_contamination_symmetric,15,caution,200,62,0.31,0.2499894483607809,0.37717177566258037,0.08064516129032258,0.03493834698599271,0.17528571348612612,0.9193548387096774,0.8247142865138739,0.9650616530140073
v3_oracle_simulation_truth,contamination_symmetric_eps_0p005,normal_contamination_symmetric,15,insufficient,200,0,0.0,1.734723475976807e-18,0.018845326377266575,,,,,,
v2,contamination_symmetric_eps_0p005,normal_contamination_symmetric,20,all,200,200,1.0,0.9811546736227335,1.0,0.06,0.03465219425433187,0.1019316929576627,0.94,0.8980683070423372,0.9653478057456681
v2,contamination_symmetric_eps_0p005,normal_contamination_symmetric,20,acceptable,200,164,0.82,0.7608852497127511,0.8670537414057983,0.04878048780487805,0.024922210615967555,0.09329327058936952,0.9512195121951219,0.9067067294106304,0.9750777893840323
v2,contamination_symmetric_eps_0p005,normal_contamination_symmetric,20,caution,200,0,0.0,1.734723475976807e-18,0.018845326377266575,,,,,,
v2,contamination_symmetric_eps_0p005,normal_contamination_symmetric,20,insufficient,200,36,0.18,0.13294625859420173,0.23911475028724882,0.1111111111111111,0.04406640300315648,0.25314808590364857,0.8888888888888888,0.7468519140963513,0.9559335969968435
v3_default,contamination_symmetric_eps_0p005,normal_contamination_symmetric,20,all,200,200,1.0,0.9811546736227335,1.0,0.06,0.03465219425433187,0.1019316929576627,0.94,0.8980683070423372,0.9653478057456681
v3_default,contamination_symmetric_eps_0p005,normal_contamination_symmetric,20,acceptable,200,0,0.0,1.734723475976807e-18,0.018845326377266575,,,,,,
v3_default,contamination_symmetric_eps_0p005,normal_contamination_symmetric,20,caution,200,193,0.965,0.9295293884777092,0.9829444579914328,0.06217616580310881,0.03592166221486093,0.1055193684882052,0.9378238341968912,0.8944806315117948,0.964078337785139
v3_default,contamination_symmetric_eps_0p005,normal_contamination_symmetric,20,insufficient,200,7,0.035,0.017055542008567192,0.07047061152229073,0.0,5.551115123125783e-17,0.35433043506668743,1.0,0.6456695649333126,1.0
v3_oracle_simulation_truth,contamination_symmetric_eps_0p005,normal_contamination_symmetric,20,all,200,200,1.0,0.9811546736227335,1.0,0.06,0.03465219425433187,0.1019316929576627,0.94,0.8980683070423372,0.9653478057456681
v3_oracle_simulation_truth,contamination_symmetric_eps_0p005,normal_contamination_symmetric,20,acceptable,200,142,0.71,0.6436252189922268,0.7684597439293211,0.04929577464788732,0.024081270065973936,0.09825334565279394,0.9507042253521126,0.901746654347206,0.9759187299340261
v3_oracle_simulation_truth,contamination_symmetric_eps_0p005,normal_contamination_symmetric,20,caution,200,58,0.29,0.23154025607067882,0.3563747810077731,0.08620689655172414,0.037385383126191135,0.18643629062873543,0.9137931034482759,0.8135637093712647,0.962614616873809
v3_oracle_simulation_truth,contamination_symmetric_eps_0p005,normal_contamination_symmetric,20,insufficient,200,0,0.0,1.734723475976807e-18,0.018845326377266575,,,,,,
v2,contamination_symmetric_eps_0p005,normal_contamination_symmetric,30,all,200,200,1.0,0.9811546736227335,1.0,0.07,0.042152171828342806,0.11405480885610647,0.93,0.8859451911438936,0.9578478281716571
v2,contamination_symmetric_eps_0p005,normal_contamination_symmetric,30,acceptable,200,162,0.81,0.7499876129240015,0.8583282847220932,0.08024691358024691,0.04749434773982899,0.13244533099248584,0.9197530864197531,0.8675546690075141,0.952505652260171
v2,contamination_symmetric_eps_0p005,normal_contamination_symmetric,30,caution,200,0,0.0,1.734723475976807e-18,0.018845326377266575,,,,,,
v2,contamination_symmetric_eps_0p005,normal_contamination_symmetric,30,insufficient,200,38,0.19,0.14167171527790676,0.25001238707599854,0.02631578947368421,0.004660587685768783,0.1349487611595213,0.9736842105263158,0.8650512388404787,0.9953394123142312
v3_default,contamination_symmetric_eps_0p005,normal_contamination_symmetric,30,all,200,200,1.0,0.9811546736227335,1.0,0.07,0.042152171828342806,0.11405480885610647,0.93,0.8859451911438936,0.9578478281716571
v3_default,contamination_symmetric_eps_0p005,normal_contamination_symmetric,30,acceptable,200,0,0.0,1.734723475976807e-18,0.018845326377266575,,,,,,
v3_default,contamination_symmetric_eps_0p005,normal_contamination_symmetric,30,caution,200,189,0.945,0.9042130012276914,0.9690146582965411,0.07407407407407407,0.044634201872807804,0.1204830867819136,0.9259259259259259,0.8795169132180863,0.9553657981271922
v3_default,contamination_symmetric_eps_0p005,normal_contamination_symmetric,30,insufficient,200,11,0.055,0.03098534170345884,0.0957869987723084,0.0,0.0,0.2588329669680317,1.0,0.7411670330319684,1.0
v3_oracle_simulation_truth,contamination_symmetric_eps_0p005,normal_contamination_symmetric,30,all,200,200,1.0,0.9811546736227335,1.0,0.07,0.042152171828342806,0.11405480885610647,0.93,0.8859451911438936,0.9578478281716571
v3_oracle_simulation_truth,contamination_symmetric_eps_0p005,normal_contamination_symmetric,30,acceptable,200,141,0.705,0.6384128547538122,0.7638605614315084,0.0851063829787234,0.049353746803088794,0.14286648521736015,0.9148936170212766,0.8571335147826399,0.9506462531969112
v3_oracle_simulation_truth,contamination_symmetric_eps_0p005,normal_contamination_symmetric,30,caution,200,59,0.295,0.23613943856849148,0.36158714524618774,0.03389830508474576,0.00934590909166131,0.11543570750110752,0.9661016949152542,0.8845642924988925,0.9906540909083387
v3_oracle_simulation_truth,contamination_symmetric_eps_0p005,normal_contamination_symmetric,30,insufficient,200,0,0.0,1.734723475976807e-18,0.018845326377266575,,,,,,
v2,contamination_symmetric_eps_0p005,normal_contamination_symmetric,40,all,200,200,1.0,0.9811546736227335,1.0,0.04,0.020405632066152306,0.07693206820093293,0.96,0.923067931799067,0.9795943679338476
v2,contamination_symmetric_eps_0p005,normal_contamination_symmetric,40,acceptable,200,158,0.79,0.7283538314009754,0.8407158793002101,0.05063291139240506,0.025876825383582304,0.09672129604509741,0.9493670886075949,0.9032787039549025,0.9741231746164177
v2,contamination_symmetric_eps_0p005,normal_contamination_symmetric,40,caution,200,12,0.06,0.03465219425433187,0.1019316929576627,0.0,2.7755575615628914e-17,0.24249400665524085,1.0,0.7575059933447592,1.0
v2,contamination_symmetric_eps_0p005,normal_contamination_symmetric,40,insufficient,200,30,0.15,0.10713593562241995,0.20605579284166659,0.0,0.0,0.11351339317396876,1.0,0.8864866068260312,0.9999999999999999
v3_default,contamination_symmetric_eps_0p005,normal_contamination_symmetric,40,all,200,200,1.0,0.9811546736227335,1.0,0.04,0.020405632066152306,0.07693206820093293,0.96,0.923067931799067,0.9795943679338476
v3_default,contamination_symmetric_eps_0p005,normal_contamination_symmetric,40,acceptable,200,0,0.0,1.734723475976807e-18,0.018845326377266575,,,,,,
v3_default,contamination_symmetric_eps_0p005,normal_contamination_symmetric,40,caution,200,178,0.89,0.839073090026985,0.926227555398747,0.0449438202247191,0.0229469929777038,0.0861670613714692,0.9550561797752809,0.9138329386285308,0.9770530070222961
v3_default,contamination_symmetric_eps_0p005,normal_contamination_symmetric,40,insufficient,200,22,0.11,0.07377244460125303,0.1609269099730149,0.0,0.0,0.14865487460862087,1.0,0.8513451253913791,1.0
v3_oracle_simulation_truth,contamination_symmetric_eps_0p005,normal_contamination_symmetric,40,all,200,200,1.0,0.9811546736227335,1.0,0.04,0.020405632066152306,0.07693206820093293,0.96,0.923067931799067,0.9795943679338476
v3_oracle_simulation_truth,contamination_symmetric_eps_0p005,normal_contamination_symmetric,40,acceptable,200,145,0.725,0.6593166064233035,0.7822029967069265,0.05517241379310345,0.028218774309542574,0.10508722106232939,0.9448275862068966,0.8949127789376705,0.9717812256904574
v3_oracle_simulation_truth,contamination_symmetric_eps_0p005,normal_contamination_symmetric,40,caution,200,55,0.275,0.21779700329307355,0.34068339357669647,0.0,0.0,0.06528490111708637,1.0,0.9347150988829137,1.0
v3_oracle_simulation_truth,contamination_symmetric_eps_0p005,normal_contamination_symmetric,40,insufficient,200,0,0.0,1.734723475976807e-18,0.018845326377266575,,,,,,
v2,contamination_symmetric_eps_0p005,normal_contamination_symmetric,50,all,200,200,1.0,0.9811546736227335,1.0,0.035,0.017055542008567192,0.07047061152229073,0.965,0.9295293884777092,0.9829444579914328
v2,contamination_symmetric_eps_0p005,normal_contamination_symmetric,50,acceptable,200,154,0.77,0.7069169563469642,0.8229065674093119,0.045454545454545456,0.02219003374649918,0.09084401291016404,0.9545454545454546,0.909155987089836,0.9778099662535009
v2,contamination_symmetric_eps_0p005,normal_contamination_symmetric,50,caution,200,14,0.07,0.042152171828342806,0.11405480885610647,0.0,1.3877787807814457e-17,0.2153108027376358,1.0,0.7846891972623643,1.0
v2,contamination_symmetric_eps_0p005,normal_contamination_symmetric,50,insufficient,200,32,0.16,0.1156741203158702,0.21714070162067106,0.0,0.0,0.1071791982550706,1.0,0.8928208017449293,1.0
v3_default,contamination_symmetric_eps_0p005,normal_contamination_symmetric,50,all,200,200,1.0,0.9811546736227335,1.0,0.035,0.017055542008567192,0.07047061152229073,0.965,0.9295293884777092,0.9829444579914328
v3_default,contamination_symmetric_eps_0p005,normal_contamination_symmetric,50,acceptable,200,0,0.0,1.734723475976807e-18,0.018845326377266575,,,,,,
v3_default,contamination_symmetric_eps_0p005,normal_contamination_symmetric,50,caution,200,176,0.88,0.8276574790170326,0.9180200729362449,0.03977272727272727,0.019397231363104343,0.07980936392192642,0.9602272727272727,0.9201906360780736,0.9806027686368957
v3_default,contamination_symmetric_eps_0p005,normal_contamination_symmetric,50,insufficient,200,24,0.12,0.08197992706375512,0.17234252098296743,0.0,1.3877787807814457e-17,0.13797620467498017,1.0,0.8620237953250198,1.0
v3_oracle_simulation_truth,contamination_symmetric_eps_0p005,normal_contamination_symmetric,50,all,200,200,1.0,0.9811546736227335,1.0,0.035,0.017055542008567192,0.07047061152229073,0.965,0.9295293884777092,0.9829444579914328
v3_oracle_simulation_truth,contamination_symmetric_eps_0p005,normal_contamination_symmetric,50,acceptable,200,146,0.73,0.6645656480133157,0.7867655018531416,0.04794520547945205,0.02341602470846764,0.09565288292973068,0.952054794520548,0.9043471170702695,0.9765839752915324
v3_oracle_simulation_truth,contamination_symmetric_eps_0p005,normal_contamination_symmetric,50,caution,200,54,0.27,0.21323449814685846,0.33543435198668425,0.0,0.0,0.0664135880908964,1.0,0.9335864119091037,1.0000000000000002
v3_oracle_simulation_truth,contamination_symmetric_eps_0p005,normal_contamination_symmetric,50,insufficient,200,0,0.0,1.734723475976807e-18,0.018845326377266575,,,,,,
v2,contamination_symmetric_eps_0p005,normal_contamination_symmetric,80,all,200,200,1.0,0.9811546736227335,1.0,0.015,0.00511423779325831,0.04316572879269026,0.985,0.9568342712073097,0.9948857622067417
v2,contamination_symmetric_eps_0p005,normal_contamination_symmetric,80,acceptable,200,128,0.64,0.5714152816600309,0.7033080269543346,0.0234375,0.008002416396755481,0.06664374505143222,0.9765625,0.9333562549485678,0.9919975836032445
v2,contamination_symmetric_eps_0p005,normal_contamination_symmetric,80,caution,200,23,0.115,0.07786373232561955,0.16664716898487572,0.0,0.0,0.14311661845042686,1.0,0.8568833815495731,1.0
v2,contamination_symmetric_eps_0p005,normal_contamination_symmetric,80,insufficient,200,49,0.245,0.1905686808903718,0.30904243556203415,0.0,6.938893903907228e-18,0.07269781922049637,1.0,0.9273021807795035,0.9999999999999999
v3_default,contamination_symmetric_eps_0p005,normal_contamination_symmetric,80,all,200,200,1.0,0.9811546736227335,1.0,0.015,0.00511423779325831,0.04316572879269026,0.985,0.9568342712073097,0.9948857622067417
v3_default,contamination_symmetric_eps_0p005,normal_contamination_symmetric,80,acceptable,200,0,0.0,1.734723475976807e-18,0.018845326377266575,,,,,,
v3_default,contamination_symmetric_eps_0p005,normal_contamination_symmetric,80,caution,200,156,0.78,0.7176120008170632,0.8318346164116674,0.019230769230769232,0.00656140638822535,0.0550087199939044,0.9807692307692307,0.9449912800060954,0.9934385936117746
v3_default,contamination_symmetric_eps_0p005,normal_contamination_symmetric,80,insufficient,200,44,0.22,0.16816538358833258,0.28238799918293667,0.0,0.0,0.08029560375848066,1.0,0.9197043962415192,1.0
v3_oracle_simulation_truth,contamination_symmetric_eps_0p005,normal_contamination_symmetric,80,all,200,200,1.0,0.9811546736227335,1.0,0.015,0.00511423779325831,0.04316572879269026,0.985,0.9568342712073097,0.9948857622067417
v3_oracle_simulation_truth,contamination_symmetric_eps_0p005,normal_contamination_symmetric,80,acceptable,200,126,0.63,0.5612262992405018,0.6938739159014088,0.023809523809523808,0.008129952024257238,0.0676660141492651,0.9761904761904762,0.9323339858507348,0.9918700479757426
v3_oracle_simulation_truth,contamination_symmetric_eps_0p005,normal_contamination_symmetric,80,caution,200,74,0.37,0.30612608409859116,0.4387737007594981,0.0,-3.469446951953614e-18,0.04934977939638607,1.0,0.950650220603614,1.0000000000000002
v3_oracle_simulation_truth,contamination_symmetric_eps_0p005,normal_contamination_symmetric,80,insufficient,200,0,0.0,1.734723475976807e-18,0.018845326377266575,,,,,,
v2,contamination_symmetric_eps_0p005,normal_contamination_symmetric,100,all,5000,5000,1.0,0.9992322980549431,1.0000000000000002,0.0432,0.037906663853665874,0.049194708643338324,0.9568,0.9508052913566617,0.9620933361463341
v2,contamination_symmetric_eps_0p005,normal_contamination_symmetric,100,acceptable,5000,3132,0.6264,0.6128988825252036,0.6397070424230858,0.04533844189016603,0.03859250246797103,0.05319831750828619,0.954661558109834,0.9468016824917138,0.961407497532029
v2,contamination_symmetric_eps_0p005,normal_contamination_symmetric,100,caution,5000,713,0.1426,0.13318218677190888,0.15256656657841802,0.06451612903225806,0.04871494058243729,0.08498471872349476,0.9354838709677419,0.9150152812765052,0.9512850594175627
v2,contamination_symmetric_eps_0p005,normal_contamination_symmetric,100,insufficient,5000,1155,0.231,0.21952676640856636,0.24288625723787446,0.024242424242424242,0.01682504310426942,0.034813995493462785,0.9757575757575757,0.9651860045065371,0.9831749568957305
v3_default,contamination_symmetric_eps_0p005,normal_contamination_symmetric,100,all,5000,5000,1.0,0.9992322980549431,1.0000000000000002,0.0432,0.037906663853665874,0.049194708643338324,0.9568,0.9508052913566617,0.9620933361463341
v3_default,contamination_symmetric_eps_0p005,normal_contamination_symmetric,100,acceptable,5000,0,0.0,0.0,0.0007677019450571244,,,,,,
v3_default,contamination_symmetric_eps_0p005,normal_contamination_symmetric,100,caution,5000,4031,0.8062,0.7950103777533034,0.8169194815755437,0.04887124782932275,0.0426344599876977,0.05596704960841305,0.9511287521706773,0.9440329503915871,0.9573655400123023
v3_default,contamination_symmetric_eps_0p005,normal_contamination_symmetric,100,insufficient,5000,969,0.1938,0.1830805184244563,0.20498962224669673,0.0196078431372549,0.012588172851544642,0.030421362197892425,0.9803921568627451,0.9695786378021076,0.9874118271484553
v3_oracle_simulation_truth,contamination_symmetric_eps_0p005,normal_contamination_symmetric,100,all,5000,5000,1.0,0.9992322980549431,1.0000000000000002,0.0432,0.037906663853665874,0.049194708643338324,0.9568,0.9508052913566617,0.9620933361463341
v3_oracle_simulation_truth,contamination_symmetric_eps_0p005,normal_contamination_symmetric,100,acceptable,5000,3120,0.624,0.61048353962156,0.6373260702960659,0.04583333333333333,0.039037178030903,0.05374648677458121,0.9541666666666667,0.9462535132254187,0.960962821969097
v3_oracle_simulation_truth,contamination_symmetric_eps_0p005,normal_contamination_symmetric,100,caution,5000,1880,0.376,0.3626739297039341,0.3895164603784401,0.038829787234042554,0.03099579097412441,0.04854458548329602,0.9611702127659575,0.9514554145167039,0.9690042090258756
v3_oracle_simulation_truth,contamination_symmetric_eps_0p005,normal_contamination_symmetric,100,insufficient,5000,0,0.0,0.0,0.0007677019450571244,,,,,,
v2,contamination_symmetric_eps_0p005,normal_contamination_symmetric,200,all,200,200,1.0,0.9811546736227335,1.0,0.03,0.013820314340111346,0.06389429245451925,0.97,0.9361057075454807,0.9861796856598887
v2,contamination_symmetric_eps_0p005,normal_contamination_symmetric,200,acceptable,200,82,0.41,0.34415674908482885,0.4792354096630791,0.036585365853658534,0.012519573081569195,0.10212734643608476,0.9634146341463414,0.8978726535639152,0.9874804269184307
v2,contamination_symmetric_eps_0p005,normal_contamination_symmetric,200,caution,200,57,0.285,0.22695003004617292,0.3511534602960517,0.03508771929824561,0.009675664344932881,0.11920781367625805,0.9649122807017544,0.8807921863237419,0.9903243356550672
v2,contamination_symmetric_eps_0p005,normal_contamination_symmetric,200,insufficient,200,61,0.305,0.24536415630735034,0.37198552097978366,0.01639344262295082,0.002899730799299824,0.08718860044641587,0.9836065573770492,0.9128113995535841,0.9971002692007002
v3_default,contamination_symmetric_eps_0p005,normal_contamination_symmetric,200,all,200,200,1.0,0.9811546736227335,1.0,0.03,0.013820314340111346,0.06389429245451925,0.97,0.9361057075454807,0.9861796856598887
v3_default,contamination_symmetric_eps_0p005,normal_contamination_symmetric,200,acceptable,200,0,0.0,1.734723475976807e-18,0.018845326377266575,,,,,,
v3_default,contamination_symmetric_eps_0p005,normal_contamination_symmetric,200,caution,200,143,0.715,0.6488465397039482,0.7730499699538271,0.03496503496503497,0.015025721955368145,0.07923552368913148,0.965034965034965,0.9207644763108684,0.9849742780446318
v3_default,contamination_symmetric_eps_0p005,normal_contamination_symmetric,200,insufficient,200,57,0.285,0.22695003004617292,0.3511534602960517,0.017543859649122806,0.003103664651408093,0.09290749178567684,0.9824561403508771,0.9070925082143229,0.9968963353485918
v3_oracle_simulation_truth,contamination_symmetric_eps_0p005,normal_contamination_symmetric,200,all,200,200,1.0,0.9811546736227335,1.0,0.03,0.013820314340111346,0.06389429245451925,0.97,0.9361057075454807,0.9861796856598887
v3_oracle_simulation_truth,contamination_symmetric_eps_0p005,normal_contamination_symmetric,200,acceptable,200,83,0.415,0.34894285449757567,0.4842608509865596,0.03614457831325301,0.012367803271745428,0.10095892976960381,0.963855421686747,0.8990410702303961,0.9876321967282546
v3_oracle_simulation_truth,contamination_symmetric_eps_0p005,normal_contamination_symmetric,200,caution,200,117,0.585,0.5157391490134403,0.6510571455024242,0.02564102564102564,0.00875805570382017,0.07268302351467049,0.9743589743589743,0.9273169764853294,0.9912419442961798
v3_oracle_simulation_truth,contamination_symmetric_eps_0p005,normal_contamination_symmetric,200,insufficient,200,0,0.0,1.734723475976807e-18,0.018845326377266575,,,,,,
v2,contamination_symmetric_eps_0p005,normal_contamination_symmetric,500,all,200,200,1.0,0.9811546736227335,1.0,0.075,0.04597491718438201,0.12004361023629456,0.925,0.8799563897637055,0.954025082815618
v2,contamination_symmetric_eps_0p005,normal_contamination_symmetric,500,acceptable,200,25,0.125,0.08611974475712644,0.17801425002582347,0.04,0.007096233501987265,0.19544063736193734,0.96,0.8045593626380625,0.9929037664980127
v2,contamination_symmetric_eps_0p005,normal_contamination_symmetric,500,caution,200,81,0.405,0.3393777128250677,0.47420289918661307,0.1111111111111111,0.059567564076505305,0.19787094681537315,0.8888888888888888,0.8021290531846268,0.9404324359234946
v2,contamination_symmetric_eps_0p005,normal_contamination_symmetric,500,insufficient,200,94,0.47,0.40204754873265425,0.5390831708499817,0.05319148936170213,0.022931748685590003,0.11853648970259889,0.9468085106382979,0.8814635102974011,0.97706825131441
v3_default,contamination_symmetric_eps_0p005,normal_contamination_symmetric,500,all,200,200,1.0,0.9811546736227335,1.0,0.075,0.04597491718438201,0.12004361023629456,0.925,0.8799563897637055,0.954025082815618
v3_default,contamination_symmetric_eps_0p005,normal_contamination_symmetric,500,acceptable,200,0,0.0,1.734723475976807e-18,0.018845326377266575,,,,,,
v3_default,contamination_symmetric_eps_0p005,normal_contamination_symmetric,500,caution,200,120,0.6,0.53083672039262,0.6653942143319266,0.08333333333333333,0.045893650374929706,0.14662232164065653,0.9166666666666666,0.8533776783593434,0.9541063496250703
v3_default,contamination_symmetric_eps_0p005,normal_contamination_symmetric,500,insufficient,200,80,0.4,0.33460578566807336,0.46916327960737997,0.0625,0.026989375670841982,0.13810148767274424,0.9375,0.8618985123272557,0.973010624329158
v3_oracle_simulation_truth,contamination_symmetric_eps_0p005,normal_contamination_symmetric,500,all,200,200,1.0,0.9811546736227335,1.0,0.075,0.04597491718438201,0.12004361023629456,0.925,0.8799563897637055,0.954025082815618
v3_oracle_simulation_truth,contamination_symmetric_eps_0p005,normal_contamination_symmetric,500,acceptable,200,33,0.165,0.11996855328217307,0.2226578153905955,0.06060606060606061,0.016780883087191875,0.1960624480864781,0.9393939393939394,0.8039375519135219,0.9832191169128082
v3_oracle_simulation_truth,contamination_symmetric_eps_0p005,normal_contamination_symmetric,500,caution,200,167,0.835,0.7773421846094045,0.8800314467178268,0.07784431137724551,0.04605451531521136,0.12861888671897576,0.9221556886227545,0.8713811132810243,0.9539454846847886
v3_oracle_simulation_truth,contamination_symmetric_eps_0p005,normal_contamination_symmetric,500,insufficient,200,0,0.0,1.734723475976807e-18,0.018845326377266575,,,,,,
v2,contamination_symmetric_eps_0p005,normal_contamination_symmetric,750,all,200,200,1.0,0.9811546736227335,1.0,0.045,0.023852543001492997,0.0832967040018196,0.955,0.9167032959981803,0.976147456998507
v2,contamination_symmetric_eps_0p005,normal_contamination_symmetric,750,acceptable,200,5,0.025,0.010724719651761264,0.05717834040664198,0.0,0.0,0.43448246478317476,1.0,0.5655175352168251,1.0
v2,contamination_symmetric_eps_0p005,normal_contamination_symmetric,750,caution,200,74,0.37,0.30612608409859116,0.4387737007594981,0.06756756756756757,0.029204086165362186,0.1486119392585393,0.9324324324324325,0.8513880607414608,0.9707959138346378
v2,contamination_symmetric_eps_0p005,normal_contamination_symmetric,750,insufficient,200,121,0.605,0.5358834915928536,0.6701589898679203,0.03305785123966942,0.012929181394125314,0.08192279272211472,0.9669421487603306,0.9180772072778853,0.9870708186058748
v3_default,contamination_symmetric_eps_0p005,normal_contamination_symmetric,750,all,200,200,1.0,0.9811546736227335,1.0,0.045,0.023852543001492997,0.0832967040018196,0.955,0.9167032959981803,0.976147456998507
v3_default,contamination_symmetric_eps_0p005,normal_contamination_symmetric,750,acceptable,200,0,0.0,1.734723475976807e-18,0.018845326377266575,,,,,,
v3_default,contamination_symmetric_eps_0p005,normal_contamination_symmetric,750,caution,200,98,0.49,0.42156278331213176,0.5588141232154135,0.05102040816326531,0.021987311404024726,0.11392451646034153,0.9489795918367347,0.8860754835396585,0.9780126885959752
v3_default,contamination_symmetric_eps_0p005,normal_contamination_symmetric,750,insufficient,200,102,0.51,0.44118587678458643,0.5784372166878682,0.0392156862745098,0.015354071528489173,0.09652513868491805,0.9607843137254902,0.903474861315082,0.9846459284715108
v3_oracle_simulation_truth,contamination_symmetric_eps_0p005,normal_contamination_symmetric,750,all,200,200,1.0,0.9811546736227335,1.0,0.045,0.023852543001492997,0.0832967040018196,0.955,0.9167032959981803,0.976147456998507
v3_oracle_simulation_truth,contamination_symmetric_eps_0p005,normal_contamination_symmetric,750,acceptable,200,8,0.04,0.020405632066152306,0.07693206820093293,0.0,0.0,0.32440756488388023,1.0,0.6755924351161198,1.0
v3_oracle_simulation_truth,contamination_symmetric_eps_0p005,normal_contamination_symmetric,750,caution,200,192,0.96,0.923067931799067,0.9795943679338476,0.046875,0.024854233439434065,0.08667199268356186,0.953125,0.9133280073164382,0.975145766560566
v3_oracle_simulation_truth,contamination_symmetric_eps_0p005,normal_contamination_symmetric,750,insufficient,200,0,0.0,1.734723475976807e-18,0.018845326377266575,,,,,,
v2,contamination_symmetric_eps_0p005,normal_contamination_symmetric,2000,all,200,200,1.0,0.9811546736227335,1.0,0.025,0.010724719651761264,0.05717834040664198,0.975,0.942821659593358,0.9892752803482386
v2,contamination_symmetric_eps_0p005,normal_contamination_symmetric,2000,acceptable,200,0,0.0,1.734723475976807e-18,0.018845326377266575,,,,,,
v2,contamination_symmetric_eps_0p005,normal_contamination_symmetric,2000,caution,200,53,0.265,0.2086815414710911,0.3301757619262242,0.018867924528301886,0.0033384533882637665,0.09942912052501235,0.9811320754716981,0.9005708794749876,0.9966615466117361
v2,contamination_symmetric_eps_0p005,normal_contamination_symmetric,2000,insufficient,200,147,0.735,0.6698242380737758,0.7913184585289088,0.027210884353741496,0.010631557432044515,0.06787112288723109,0.9727891156462585,0.9321288771127689,0.9893684425679554
v3_default,contamination_symmetric_eps_0p005,normal_contamination_symmetric,2000,all,200,200,1.0,0.9811546736227335,1.0,0.025,0.010724719651761264,0.05717834040664198,0.975,0.942821659593358,0.9892752803482386
v3_default,contamination_symmetric_eps_0p005,normal_contamination_symmetric,2000,acceptable,200,0,0.0,1.734723475976807e-18,0.018845326377266575,,,,,,
v3_default,contamination_symmetric_eps_0p005,normal_contamination_symmetric,2000,caution,200,124,0.62,0.5510671801561923,0.6844099415132637,0.0,0.0,0.030048615340677695,1.0,0.9699513846593223,0.9999999999999999
v3_default,contamination_symmetric_eps_0p005,normal_contamination_symmetric,2000,insufficient,200,76,0.38,0.31559005848673627,0.44893281984380773,0.06578947368421052,0.028426532219532126,0.14493526533703452,0.9342105263157895,0.8550647346629656,0.9715734677804679
v3_oracle_simulation_truth,contamination_symmetric_eps_0p005,normal_contamination_symmetric,2000,all,200,200,1.0,0.9811546736227335,1.0,0.025,0.010724719651761264,0.05717834040664198,0.975,0.942821659593358,0.9892752803482386
v3_oracle_simulation_truth,contamination_symmetric_eps_0p005,normal_contamination_symmetric,2000,acceptable,200,0,0.0,1.734723475976807e-18,0.018845326377266575,,,,,,
v3_oracle_simulation_truth,contamination_symmetric_eps_0p005,normal_contamination_symmetric,2000,caution,200,200,1.0,0.9811546736227335,1.0,0.025,0.010724719651761264,0.05717834040664198,0.975,0.942821659593358,0.9892752803482386
v3_oracle_simulation_truth,contamination_symmetric_eps_0p005,normal_contamination_symmetric,2000,insufficient,200,0,0.0,1.734723475976807e-18,0.018845326377266575,,,,,,
v2,contamination_symmetric_eps_0p01,normal_contamination_symmetric,5,all,200,200,1.0,0.9811546736227335,1.0,0.04,0.020405632066152306,0.07693206820093293,0.96,0.923067931799067,0.9795943679338476
v2,contamination_symmetric_eps_0p01,normal_contamination_symmetric,5,acceptable,200,117,0.585,0.5157391490134403,0.6510571455024242,0.05128205128205128,0.023712378528816566,0.10738053424543133,0.9487179487179487,0.8926194657545686,0.9762876214711834
v2,contamination_symmetric_eps_0p01,normal_contamination_symmetric,5,caution,200,0,0.0,1.734723475976807e-18,0.018845326377266575,,,,,,
v2,contamination_symmetric_eps_0p01,normal_contamination_symmetric,5,insufficient,200,83,0.415,0.34894285449757567,0.4842608509865596,0.024096385542168676,0.006633166140727599,0.08366309243416317,0.9759036144578314,0.916336907565837,0.9933668338592725
v3_default,contamination_symmetric_eps_0p01,normal_contamination_symmetric,5,all,200,200,1.0,0.9811546736227335,1.0,0.04,0.020405632066152306,0.07693206820093293,0.96,0.923067931799067,0.9795943679338476
v3_default,contamination_symmetric_eps_0p01,normal_contamination_symmetric,5,acceptable,200,0,0.0,1.734723475976807e-18,0.018845326377266575,,,,,,
v3_default,contamination_symmetric_eps_0p01,normal_contamination_symmetric,5,caution,200,200,1.0,0.9811546736227335,1.0,0.04,0.020405632066152306,0.07693206820093293,0.96,0.923067931799067,0.9795943679338476
v3_default,contamination_symmetric_eps_0p01,normal_contamination_symmetric,5,insufficient,200,0,0.0,1.734723475976807e-18,0.018845326377266575,,,,,,
v3_oracle_simulation_truth,contamination_symmetric_eps_0p01,normal_contamination_symmetric,5,all,200,200,1.0,0.9811546736227335,1.0,0.04,0.020405632066152306,0.07693206820093293,0.96,0.923067931799067,0.9795943679338476
v3_oracle_simulation_truth,contamination_symmetric_eps_0p01,normal_contamination_symmetric,5,acceptable,200,91,0.455,0.387482193098835,0.524213886275119,0.054945054945054944,0.023695099703426786,0.12224802467282925,0.945054945054945,0.8777519753271708,0.9763049002965734
v3_oracle_simulation_truth,contamination_symmetric_eps_0p01,normal_contamination_symmetric,5,caution,200,109,0.545,0.47578611372488105,0.6125178069011651,0.027522935779816515,0.00940385586167223,0.07781106428866252,0.9724770642201835,0.9221889357113375,0.9905961441383277
v3_oracle_simulation_truth,contamination_symmetric_eps_0p01,normal_contamination_symmetric,5,insufficient,200,0,0.0,1.734723475976807e-18,0.018845326377266575,,,,,,
v2,contamination_symmetric_eps_0p01,normal_contamination_symmetric,8,all,200,200,1.0,0.9811546736227335,1.0,0.04,0.020405632066152306,0.07693206820093293,0.96,0.923067931799067,0.9795943679338476
v2,contamination_symmetric_eps_0p01,normal_contamination_symmetric,8,acceptable,200,140,0.7,0.6332093162728074,0.7592525531762859,0.05,0.02442827303676487,0.09960730729570683,0.95,0.9003926927042931,0.9755717269632351
v2,contamination_symmetric_eps_0p01,normal_contamination_symmetric,8,caution,200,0,0.0,1.734723475976807e-18,0.018845326377266575,,,,,,
v2,contamination_symmetric_eps_0p01,normal_contamination_symmetric,8,insufficient,200,60,0.3,0.24074744682371402,0.36679068372719265,0.016666666666666666,0.0029481597947862495,0.08855129727590061,0.9833333333333333,0.9114487027240993,0.9970518402052136
v3_default,contamination_symmetric_eps_0p01,normal_contamination_symmetric,8,all,200,200,1.0,0.9811546736227335,1.0,0.04,0.020405632066152306,0.07693206820093293,0.96,0.923067931799067,0.9795943679338476
v3_default,contamination_symmetric_eps_0p01,normal_contamination_symmetric,8,acceptable,200,0,0.0,1.734723475976807e-18,0.018845326377266575,,,,,,
v3_default,contamination_symmetric_eps_0p01,normal_contamination_symmetric,8,caution,200,200,1.0,0.9811546736227335,1.0,0.04,0.020405632066152306,0.07693206820093293,0.96,0.923067931799067,0.9795943679338476
v3_default,contamination_symmetric_eps_0p01,normal_contamination_symmetric,8,insufficient,200,0,0.0,1.734723475976807e-18,0.018845326377266575,,,,,,
v3_oracle_simulation_truth,contamination_symmetric_eps_0p01,normal_contamination_symmetric,8,all,200,200,1.0,0.9811546736227335,1.0,0.04,0.020405632066152306,0.07693206820093293,0.96,0.923067931799067,0.9795943679338476
v3_oracle_simulation_truth,contamination_symmetric_eps_0p01,normal_contamination_symmetric,8,acceptable,200,101,0.505,0.43627000033527485,0.5735415464009526,0.04950495049504951,0.02132850988800644,0.11069425072968567,0.9504950495049505,0.8893057492703144,0.9786714901119936
v3_oracle_simulation_truth,contamination_symmetric_eps_0p01,normal_contamination_symmetric,8,caution,200,99,0.495,0.4264584535990475,0.5637299996647251,0.030303030303030304,0.010358639578454044,0.08533680206102018,0.9696969696969697,0.9146631979389799,0.9896413604215459
v3_oracle_simulation_truth,contamination_symmetric_eps_0p01,normal_contamination_symmetric,8,insufficient,200,0,0.0,1.734723475976807e-18,0.018845326377266575,,,,,,
v2,contamination_symmetric_eps_0p01,normal_contamination_symmetric,10,all,200,200,1.0,0.9811546736227335,1.0,0.03,0.013820314340111346,0.06389429245451925,0.97,0.9361057075454807,0.9861796856598887
v2,contamination_symmetric_eps_0p01,normal_contamination_symmetric,10,acceptable,200,146,0.73,0.6645656480133157,0.7867655018531416,0.0136986301369863,0.00376473249794778,0.04856697117344738,0.9863013698630136,0.9514330288265526,0.9962352675020522
v2,contamination_symmetric_eps_0p01,normal_contamination_symmetric,10,caution,200,0,0.0,1.734723475976807e-18,0.018845326377266575,,,,,,
v2,contamination_symmetric_eps_0p01,normal_contamination_symmetric,10,insufficient,200,54,0.27,0.21323449814685846,0.33543435198668425,0.07407407407407407,0.02918152776550481,0.1755411583859995,0.9259259259259259,0.8244588416140005,0.9708184722344951
v3_default,contamination_symmetric_eps_0p01,normal_contamination_symmetric,10,all,200,200,1.0,0.9811546736227335,1.0,0.03,0.013820314340111346,0.06389429245451925,0.97,0.9361057075454807,0.9861796856598887
v3_default,contamination_symmetric_eps_0p01,normal_contamination_symmetric,10,acceptable,200,0,0.0,1.734723475976807e-18,0.018845326377266575,,,,,,
v3_default,contamination_symmetric_eps_0p01,normal_contamination_symmetric,10,caution,200,200,1.0,0.9811546736227335,1.0,0.03,0.013820314340111346,0.06389429245451925,0.97,0.9361057075454807,0.9861796856598887
v3_default,contamination_symmetric_eps_0p01,normal_contamination_symmetric,10,insufficient,200,0,0.0,1.734723475976807e-18,0.018845326377266575,,,,,,
v3_oracle_simulation_truth,contamination_symmetric_eps_0p01,normal_contamination_symmetric,10,all,200,200,1.0,0.9811546736227335,1.0,0.03,0.013820314340111346,0.06389429245451925,0.97,0.9361057075454807,0.9861796856598887
v3_oracle_simulation_truth,contamination_symmetric_eps_0p01,normal_contamination_symmetric,10,acceptable,200,112,0.56,0.4907167533465867,0.6270218074881414,0.008928571428571428,0.001577854703292133,0.048848468308884896,0.9910714285714286,0.9511515316911152,0.9984221452967079
v3_oracle_simulation_truth,contamination_symmetric_eps_0p01,normal_contamination_symmetric,10,caution,200,88,0.44,0.37297819251185865,0.5092832466534134,0.056818181818181816,0.024511027973809198,0.12619932657007255,0.9431818181818182,0.8738006734299275,0.9754889720261908
v3_oracle_simulation_truth,contamination_symmetric_eps_0p01,normal_contamination_symmetric,10,insufficient,200,0,0.0,1.734723475976807e-18,0.018845326377266575,,,,,,
v2,contamination_symmetric_eps_0p01,normal_contamination_symmetric,15,all,200,200,1.0,0.9811546736227335,1.0,0.03,0.013820314340111346,0.06389429245451925,0.97,0.9361057075454807,0.9861796856598887
v2,contamination_symmetric_eps_0p01,normal_contamination_symmetric,15,acceptable,200,154,0.77,0.7069169563469642,0.8229065674093119,0.025974025974025976,0.010146123885996193,0.06487509619880974,0.974025974025974,0.9351249038011903,0.9898538761140038
v2,contamination_symmetric_eps_0p01,normal_contamination_symmetric,15,caution,200,0,0.0,1.734723475976807e-18,0.018845326377266575,,,,,,
v2,contamination_symmetric_eps_0p01,normal_contamination_symmetric,15,insufficient,200,46,0.23,0.17709343259068805,0.2930830436530359,0.043478260869565216,0.012005445598556624,0.1453225902621907,0.9565217391304348,0.8546774097378094,0.9879945544014435
v3_default,contamination_symmetric_eps_0p01,normal_contamination_symmetric,15,all,200,200,1.0,0.9811546736227335,1.0,0.03,0.013820314340111346,0.06389429245451925,0.97,0.9361057075454807,0.9861796856598887
v3_default,contamination_symmetric_eps_0p01,normal_contamination_symmetric,15,acceptable,200,0,0.0,1.734723475976807e-18,0.018845326377266575,,,,,,
v3_default,contamination_symmetric_eps_0p01,normal_contamination_symmetric,15,caution,200,189,0.945,0.9042130012276914,0.9690146582965411,0.031746031746031744,0.014629101485308861,0.06751847672516126,0.9682539682539683,0.9324815232748387,0.9853708985146912
v3_default,contamination_symmetric_eps_0p01,normal_contamination_symmetric,15,insufficient,200,11,0.055,0.03098534170345884,0.0957869987723084,0.0,0.0,0.2588329669680317,1.0,0.7411670330319684,1.0
v3_oracle_simulation_truth,contamination_symmetric_eps_0p01,normal_contamination_symmetric,15,all,200,200,1.0,0.9811546736227335,1.0,0.03,0.013820314340111346,0.06389429245451925,0.97,0.9361057075454807,0.9861796856598887
v3_oracle_simulation_truth,contamination_symmetric_eps_0p01,normal_contamination_symmetric,15,acceptable,200,128,0.64,0.5714152816600309,0.7033080269543346,0.03125,0.01221826524505338,0.07759763126136077,0.96875,0.9224023687386392,0.9877817347549466
v3_oracle_simulation_truth,contamination_symmetric_eps_0p01,normal_contamination_symmetric,15,caution,200,72,0.36,0.2966919730456654,0.42858471833996925,0.027777777777777776,0.007651021904494577,0.09574175221438225,0.9722222222222222,0.9042582477856177,0.9923489780955054
v3_oracle_simulation_truth,contamination_symmetric_eps_0p01,normal_contamination_symmetric,15,insufficient,200,0,0.0,1.734723475976807e-18,0.018845326377266575,,,,,,
v2,contamination_symmetric_eps_0p01,normal_contamination_symmetric,20,all,200,200,1.0,0.9811546736227335,1.0,0.075,0.04597491718438201,0.12004361023629456,0.925,0.8799563897637055,0.954025082815618
v2,contamination_symmetric_eps_0p01,normal_contamination_symmetric,20,acceptable,200,159,0.795,0.7337430194757748,0.8451382379616379,0.08176100628930817,0.048402298802567155,0.13485237747463794,0.9182389937106918,0.8651476225253621,0.9515977011974329
v2,contamination_symmetric_eps_0p01,normal_contamination_symmetric,20,caution,200,0,0.0,1.734723475976807e-18,0.018845326377266575,,,,,,
v2,contamination_symmetric_eps_0p01,normal_contamination_symmetric,20,insufficient,200,41,0.205,0.15486176203836208,0.26625698052422514,0.04878048780487805,0.013480945365169042,0.16138978870370846,0.9512195121951219,0.8386102112962914,0.9865190546348308
v3_default,contamination_symmetric_eps_0p01,normal_contamination_symmetric,20,all,200,200,1.0,0.9811546736227335,1.0,0.075,0.04597491718438201,0.12004361023629456,0.925,0.8799563897637055,0.954025082815618
v3_default,contamination_symmetric_eps_0p01,normal_contamination_symmetric,20,acceptable,200,0,0.0,1.734723475976807e-18,0.018845326377266575,,,,,,
v3_default,contamination_symmetric_eps_0p01,normal_contamination_symmetric,20,caution,200,182,0.91,0.8622342812328346,0.9423125511378069,0.08241758241758242,0.05058051309846166,0.13151802958111053,0.9175824175824175,0.8684819704188894,0.9494194869015383
v3_default,contamination_symmetric_eps_0p01,normal_contamination_symmetric,20,insufficient,200,18,0.09,0.05768744886219316,0.13776571876716542,0.0,0.0,0.17587922364665765,1.0,0.8241207763533425,1.0
v3_oracle_simulation_truth,contamination_symmetric_eps_0p01,normal_contamination_symmetric,20,all,200,200,1.0,0.9811546736227335,1.0,0.075,0.04597491718438201,0.12004361023629456,0.925,0.8799563897637055,0.954025082815618
v3_oracle_simulation_truth,contamination_symmetric_eps_0p01,normal_contamination_symmetric,20,acceptable,200,132,0.66,0.5918849552683626,0.7220845402909121,0.09848484848484848,0.05846137974381156,0.1612172005641619,0.9015151515151515,0.8387827994358381,0.9415386202561884
v3_oracle_simulation_truth,contamination_symmetric_eps_0p01,normal_contamination_symmetric,20,caution,200,68,0.34,0.27791545970908793,0.4081150447316374,0.029411764705882353,0.008103179543129883,0.10104631365223063,0.9705882352941176,0.8989536863477694,0.9918968204568701
v3_oracle_simulation_truth,contamination_symmetric_eps_0p01,normal_contamination_symmetric,20,insufficient,200,0,0.0,1.734723475976807e-18,0.018845326377266575,,,,,,
v2,contamination_symmetric_eps_0p01,normal_contamination_symmetric,30,all,200,200,1.0,0.9811546736227335,1.0,0.025,0.010724719651761264,0.05717834040664198,0.975,0.942821659593358,0.9892752803482386
v2,contamination_symmetric_eps_0p01,normal_contamination_symmetric,30,acceptable,200,145,0.725,0.6593166064233035,0.7822029967069265,0.034482758620689655,0.014817219595970148,0.07817742672343075,0.9655172413793104,0.9218225732765692,0.9851827804040298
v2,contamination_symmetric_eps_0p01,normal_contamination_symmetric,30,caution,200,0,0.0,1.734723475976807e-18,0.018845326377266575,,,,,,
v2,contamination_symmetric_eps_0p01,normal_contamination_symmetric,30,insufficient,200,55,0.275,0.21779700329307355,0.34068339357669647,0.0,0.0,0.06528490111708637,1.0,0.9347150988829137,1.0
v3_default,contamination_symmetric_eps_0p01,normal_contamination_symmetric,30,all,200,200,1.0,0.9811546736227335,1.0,0.025,0.010724719651761264,0.05717834040664198,0.975,0.942821659593358,0.9892752803482386
v3_default,contamination_symmetric_eps_0p01,normal_contamination_symmetric,30,acceptable,200,0,0.0,1.734723475976807e-18,0.018845326377266575,,,,,,
v3_default,contamination_symmetric_eps_0p01,normal_contamination_symmetric,30,caution,200,175,0.875,0.8219857499741765,0.9138802552428735,0.02857142857142857,0.01226445119813369,0.0651306836434554,0.9714285714285714,0.9348693163565446,0.9877355488018663
v3_default,contamination_symmetric_eps_0p01,normal_contamination_symmetric,30,insufficient,200,25,0.125,0.08611974475712644,0.17801425002582347,0.0,1.3877787807814457e-17,0.13319225093904846,1.0,0.8668077490609515,0.9999999999999999
v3_oracle_simulation_truth,contamination_symmetric_eps_0p01,normal_contamination_symmetric,30,all,200,200,1.0,0.9811546736227335,1.0,0.025,0.010724719651761264,0.05717834040664198,0.975,0.942821659593358,0.9892752803482386
v3_oracle_simulation_truth,contamination_symmetric_eps_0p01,normal_contamination_symmetric,30,acceptable,200,131,0.655,0.5867558925905368,0.7174020562325106,0.030534351145038167,0.011936969336074028,0.07588067164955445,0.9694656488549618,0.9241193283504454,0.988063030663926
v3_oracle_simulation_truth,contamination_symmetric_eps_0p01,normal_contamination_symmetric,30,caution,200,69,0.345,0.2825979437674894,0.4132441074094632,0.014492753623188406,0.002562924644588474,0.07763122461144727,0.9855072463768116,0.9223687753885529,0.9974370753554117
v3_oracle_simulation_truth,contamination_symmetric_eps_0p01,normal_contamination_symmetric,30,insufficient,200,0,0.0,1.734723475976807e-18,0.018845326377266575,,,,,,
v2,contamination_symmetric_eps_0p01,normal_contamination_symmetric,40,all,200,200,1.0,0.9811546736227335,1.0,0.06,0.03465219425433187,0.1019316929576627,0.94,0.8980683070423372,0.9653478057456681
v2,contamination_symmetric_eps_0p01,normal_contamination_symmetric,40,acceptable,200,140,0.7,0.6332093162728074,0.7592525531762859,0.07142857142857142,0.03925838437386533,0.12648978737134578,0.9285714285714286,0.8735102126286542,0.9607416156261346
v2,contamination_symmetric_eps_0p01,normal_contamination_symmetric,40,caution,200,13,0.065,0.03837635464915299,0.10801907929906895,0.0,0.0,0.22809537235419838,1.0,0.7719046276458016,0.9999999999999999
v2,contamination_symmetric_eps_0p01,normal_contamination_symmetric,40,insufficient,200,47,0.235,0.18157433415232588,0.29841368882762537,0.0425531914893617,0.011748275966789345,0.1424852767789945,0.9574468085106383,0.8575147232210055,0.9882517240332106
v3_default,contamination_symmetric_eps_0p01,normal_contamination_symmetric,40,all,200,200,1.0,0.9811546736227335,1.0,0.06,0.03465219425433187,0.1019316929576627,0.94,0.8980683070423372,0.9653478057456681
v3_default,contamination_symmetric_eps_0p01,normal_contamination_symmetric,40,acceptable,200,0,0.0,1.734723475976807e-18,0.018845326377266575,,,,,,
v3_default,contamination_symmetric_eps_0p01,normal_contamination_symmetric,40,caution,200,167,0.835,0.7773421846094045,0.8800314467178268,0.0658682634730539,0.0371745625837038,0.11408531894081486,0.9341317365269461,0.8859146810591852,0.9628254374162962
v3_default,contamination_symmetric_eps_0p01,normal_contamination_symmetric,40,insufficient,200,33,0.165,0.11996855328217307,0.2226578153905955,0.030303030303030304,0.00536941053687183,0.1531872538211892,0.9696969696969697,0.846812746178811,0.9946305894631283
v3_oracle_simulation_truth,contamination_symmetric_eps_0p01,normal_contamination_symmetric,40,all,200,200,1.0,0.9811546736227335,1.0,0.06,0.03465219425433187,0.1019316929576627,0.94,0.8980683070423372,0.9653478057456681
v3_oracle_simulation_truth,contamination_symmetric_eps_0p01,normal_contamination_symmetric,40,acceptable,200,125,0.625,0.5561430369897816,0.6891456314159018,0.08,0.04403303232758284,0.1410118983874114,0.92,0.8589881016125887,0.9559669676724172
v3_oracle_simulation_truth,contamination_symmetric_eps_0p01,normal_contamination_symmetric,40,caution,200,75,0.375,0.31085436858409826,0.44385696301021843,0.02666666666666667,0.0073436890061313945,0.09211488187759151,0.9733333333333334,0.9078851181224086,0.9926563109938686
v3_oracle_simulation_truth,contamination_symmetric_eps_0p01,normal_contamination_symmetric,40,insufficient,200,0,0.0,1.734723475976807e-18,0.018845326377266575,,,,,,
v2,contamination_symmetric_eps_0p01,normal_contamination_symmetric,50,all,200,200,1.0,0.9811546736227335,1.0,0.04,0.020405632066152306,0.07693206820093293,0.96,0.923067931799067,0.9795943679338476
v2,contamination_symmetric_eps_0p01,normal_contamination_symmetric,50,acceptable,200,132,0.66,0.5918849552683626,0.7220845402909121,0.03787878787878788,0.016286179128381463,0.08560803594305971,0.9621212121212122,0.9143919640569403,0.9837138208716186
v2,contamination_symmetric_eps_0p01,normal_contamination_symmetric,50,caution,200,11,0.055,0.03098534170345884,0.0957869987723084,0.09090909090909091,0.016232172885884855,0.37735843645159567,0.9090909090909091,0.6226415635484043,0.9837678271141151
v2,contamination_symmetric_eps_0p01,normal_contamination_symmetric,50,insufficient,200,57,0.285,0.22695003004617292,0.3511534602960517,0.03508771929824561,0.009675664344932881,0.11920781367625805,0.9649122807017544,0.8807921863237419,0.9903243356550672
v3_default,contamination_symmetric_eps_0p01,normal_contamination_symmetric,50,all,200,200,1.0,0.9811546736227335,1.0,0.04,0.020405632066152306,0.07693206820093293,0.96,0.923067931799067,0.9795943679338476
v3_default,contamination_symmetric_eps_0p01,normal_contamination_symmetric,50,acceptable,200,0,0.0,1.734723475976807e-18,0.018845326377266575,,,,,,
v3_default,contamination_symmetric_eps_0p01,normal_contamination_symmetric,50,caution,200,165,0.825,0.7663556885175099,0.8713948493372666,0.048484848484848485,0.024769914576598162,0.09274540991349235,0.9515151515151515,0.9072545900865077,0.975230085423402
v3_default,contamination_symmetric_eps_0p01,normal_contamination_symmetric,50,insufficient,200,35,0.175,0.12860515066273331,0.23364431148248993,0.0,6.938893903907228e-18,0.09890099232440402,1.0,0.9010990076755959,0.9999999999999999
v3_oracle_simulation_truth,contamination_symmetric_eps_0p01,normal_contamination_symmetric,50,all,200,200,1.0,0.9811546736227335,1.0,0.04,0.020405632066152306,0.07693206820093293,0.96,0.923067931799067,0.9795943679338476
v3_oracle_simulation_truth,contamination_symmetric_eps_0p01,normal_contamination_symmetric,50,acceptable,200,124,0.62,0.5510671801561923,0.6844099415132637,0.04032258064516129,0.017344338581753,0.09092616261854744,0.9596774193548387,0.9090738373814525,0.982655661418247
v3_oracle_simulation_truth,contamination_symmetric_eps_0p01,normal_contamination_symmetric,50,caution,200,76,0.38,0.31559005848673627,0.44893281984380773,0.039473684210526314,0.013514635094539595,0.10974787746545532,0.9605263157894737,0.8902521225345447,0.9864853649054605
v3_oracle_simulation_truth,contamination_symmetric_eps_0p01,normal_contamination_symmetric,50,insufficient,200,0,0.0,1.734723475976807e-18,0.018845326377266575,,,,,,
v2,contamination_symmetric_eps_0p01,normal_contamination_symmetric,80,all,200,200,1.0,0.9811546736227335,1.0,0.06,0.03465219425433187,0.1019316929576627,0.94,0.8980683070423372,0.9653478057456681
v2,contamination_symmetric_eps_0p01,normal_contamination_symmetric,80,acceptable,200,95,0.475,0.4069162264657108,0.5440260398531525,0.06315789473684211,0.02926488835484705,0.1310065100006925,0.9368421052631579,0.8689934899993075,0.970735111645153
v2,contamination_symmetric_eps_0p01,normal_contamination_symmetric,80,caution,200,31,0.155,0.11139636927689314,0.21160690592342077,0.06451612903225806,0.017874783521914572,0.20718636736298127,0.9354838709677419,0.7928136326370188,0.9821252164780854
v2,contamination_symmetric_eps_0p01,normal_contamination_symmetric,80,insufficient,200,74,0.37,0.30612608409859116,0.4387737007594981,0.05405405405405406,0.02121901217287475,0.13090376404552365,0.9459459459459459,0.8690962359544764,0.9787809878271253
v3_default,contamination_symmetric_eps_0p01,normal_contamination_symmetric,80,all,200,200,1.0,0.9811546736227335,1.0,0.06,0.03465219425433187,0.1019316929576627,0.94,0.8980683070423372,0.9653478057456681
v3_default,contamination_symmetric_eps_0p01,normal_contamination_symmetric,80,acceptable,200,0,0.0,1.734723475976807e-18,0.018845326377266575,,,,,,
v3_default,contamination_symmetric_eps_0p01,normal_contamination_symmetric,80,caution,200,141,0.705,0.6384128547538122,0.7638605614315084,0.05673758865248227,0.02902711180217068,0.10796031557010383,0.9432624113475178,0.8920396844298962,0.9709728881978293
v3_default,contamination_symmetric_eps_0p01,normal_contamination_symmetric,80,insufficient,200,59,0.295,0.23613943856849148,0.36158714524618774,0.06779661016949153,0.02667861897130437,0.16175524368744493,0.9322033898305084,0.838244756312555,0.9733213810286956
v3_oracle_simulation_truth,contamination_symmetric_eps_0p01,normal_contamination_symmetric,80,all,200,200,1.0,0.9811546736227335,1.0,0.06,0.03465219425433187,0.1019316929576627,0.94,0.8980683070423372,0.9653478057456681
v3_oracle_simulation_truth,contamination_symmetric_eps_0p01,normal_contamination_symmetric,80,acceptable,200,95,0.475,0.4069162264657108,0.5440260398531525,0.06315789473684211,0.02926488835484705,0.1310065100006925,0.9368421052631579,0.8689934899993075,0.970735111645153
v3_oracle_simulation_truth,contamination_symmetric_eps_0p01,normal_contamination_symmetric,80,caution,200,105,0.525,0.4559739601468475,0.5930837735342891,0.05714285714285714,0.026449634437321692,0.11909654798560422,0.9428571428571428,0.8809034520143957,0.9735503655626783
v3_oracle_simulation_truth,contamination_symmetric_eps_0p01,normal_contamination_symmetric,80,insufficient,200,0,0.0,1.734723475976807e-18,0.018845326377266575,,,,,,
v2,contamination_symmetric_eps_0p01,normal_contamination_symmetric,100,all,5000,5000,1.0,0.9992322980549431,1.0000000000000002,0.0428,0.03753187129513541,0.048770115363424835,0.9572,0.9512298846365752,0.9624681287048646
v2,contamination_symmetric_eps_0p01,normal_contamination_symmetric,100,acceptable,5000,2088,0.4176,0.40399881661136505,0.43132770066918047,0.05603448275862069,0.04696037177427048,0.06673919078951038,0.9439655172413793,0.9332608092104897,0.9530396282257296
v2,contamination_symmetric_eps_0p01,normal_contamination_symmetric,100,caution,5000,833,0.1666,0.1565284807930896,0.17718342286387453,0.04801920768307323,0.035460177001964806,0.06472780715795767,0.9519807923169268,0.9352721928420423,0.9645398229980352
v2,contamination_symmetric_eps_0p01,normal_contamination_symmetric,100,insufficient,5000,2079,0.4158,0.4022086185998205,0.42952066240772724,0.027417027417027416,0.021221839373778542,0.03535541873755943,0.9725829725829725,0.9646445812624406,0.9787781606262215
v3_default,contamination_symmetric_eps_0p01,normal_contamination_symmetric,100,all,5000,5000,1.0,0.9992322980549431,1.0000000000000002,0.0428,0.03753187129513541,0.048770115363424835,0.9572,0.9512298846365752,0.9624681287048646
v3_default,contamination_symmetric_eps_0p01,normal_contamination_symmetric,100,acceptable,5000,0,0.0,0.0,0.0007677019450571244,,,,,,
v3_default,contamination_symmetric_eps_0p01,normal_contamination_symmetric,100,caution,5000,3318,0.6636,0.650382660427113,0.6765661474964642,0.05244122965641953,0.045360644115327094,0.06055695104455853,0.9475587703435805,0.9394430489554416,0.954639355884673
v3_default,contamination_symmetric_eps_0p01,normal_contamination_symmetric,100,insufficient,5000,1682,0.3364,0.3234338525035358,0.34961733957288693,0.023781212841854936,0.017512569849141943,0.03222013685469259,0.976218787158145,0.9677798631453073,0.982487430150858
v3_oracle_simulation_truth,contamination_symmetric_eps_0p01,normal_contamination_symmetric,100,all,5000,5000,1.0,0.9992322980549431,1.0000000000000002,0.0428,0.03753187129513541,0.048770115363424835,0.9572,0.9512298846365752,0.9624681287048646
v3_oracle_simulation_truth,contamination_symmetric_eps_0p01,normal_contamination_symmetric,100,acceptable,5000,2084,0.4168,0.4032031499480797,0.4305245956555779,0.05566218809980806,0.04661151661545843,0.0663479506009402,0.944337811900192,0.9336520493990598,0.9533884833845415
v3_oracle_simulation_truth,contamination_symmetric_eps_0p01,normal_contamination_symmetric,100,caution,5000,2916,0.5832,0.5694754043444222,0.5967968500519204,0.033607681755829906,0.02765576074884357,0.04078681109593353,0.96639231824417,0.9592131889040664,0.9723442392511564
v3_oracle_simulation_truth,contamination_symmetric_eps_0p01,normal_contamination_symmetric,100,insufficient,5000,0,0.0,0.0,0.0007677019450571244,,,,,,
v2,contamination_symmetric_eps_0p01,normal_contamination_symmetric,200,all,200,200,1.0,0.9811546736227335,1.0,0.03,0.013820314340111346,0.06389429245451925,0.97,0.9361057075454807,0.9861796856598887
v2,contamination_symmetric_eps_0p01,normal_contamination_symmetric,200,acceptable,200,44,0.22,0.16816538358833258,0.28238799918293667,0.045454545454545456,0.012555109949594967,0.15134998437629657,0.9545454545454546,0.8486500156237035,0.987444890050405
v2,contamination_symmetric_eps_0p01,normal_contamination_symmetric,200,caution,200,56,0.28,0.22236889773949026,0.3459230458665071,0.017857142857142856,0.0031592103419746734,0.09445637149397576,0.9821428571428571,0.9055436285060242,0.9968407896580255
v2,contamination_symmetric_eps_0p01,normal_contamination_symmetric,200,insufficient,200,100,0.5,0.43136085960389187,0.5686391403961082,0.03,0.010254524024038925,0.0845193642905276,0.97,0.9154806357094724,0.9897454759759611
v3_default,contamination_symmetric_eps_0p01,normal_contamination_symmetric,200,all,200,200,1.0,0.9811546736227335,1.0,0.03,0.013820314340111346,0.06389429245451925,0.97,0.9361057075454807,0.9861796856598887
v3_default,contamination_symmetric_eps_0p01,normal_contamination_symmetric,200,acceptable,200,0,0.0,1.734723475976807e-18,0.018845326377266575,,,,,,
v3_default,contamination_symmetric_eps_0p01,normal_contamination_symmetric,200,caution,200,111,0.555,0.4857330241280342,0.6221939899704665,0.02702702702702703,0.009233638497232216,0.07646240648300381,0.972972972972973,0.9235375935169964,0.9907663615027679
v3_default,contamination_symmetric_eps_0p01,normal_contamination_symmetric,200,insufficient,200,89,0.445,0.3778060100295335,0.5142669758719658,0.033707865168539325,0.011529221151789802,0.09447362440561424,0.9662921348314607,0.9055263755943858,0.9884707788482102
v3_oracle_simulation_truth,contamination_symmetric_eps_0p01,normal_contamination_symmetric,200,all,200,200,1.0,0.9811546736227335,1.0,0.03,0.013820314340111346,0.06389429245451925,0.97,0.9361057075454807,0.9861796856598887
v3_oracle_simulation_truth,contamination_symmetric_eps_0p01,normal_contamination_symmetric,200,acceptable,200,45,0.225,0.17262369715089126,0.2877412323566053,0.044444444444444446,0.012274126706719846,0.14827510769435623,0.9555555555555556,0.8517248923056439,0.9877258732932802
v3_oracle_simulation_truth,contamination_symmetric_eps_0p01,normal_contamination_symmetric,200,caution,200,155,0.775,0.7122587676433947,0.8273763028491088,0.025806451612903226,0.010080371603492368,0.06446854596884738,0.9741935483870968,0.9355314540311528,0.9899196283965077
v3_oracle_simulation_truth,contamination_symmetric_eps_0p01,normal_contamination_symmetric,200,insufficient,200,0,0.0,1.734723475976807e-18,0.018845326377266575,,,,,,
v2,contamination_symmetric_eps_0p01,normal_contamination_symmetric,500,all,200,200,1.0,0.9811546736227335,1.0,0.05,0.02738264560076393,0.08957814813877599,0.95,0.9104218518612239,0.972617354399236
v2,contamination_symmetric_eps_0p01,normal_contamination_symmetric,500,acceptable,200,1,0.005,0.0008831687156009814,0.02777370439789293,0.0,0.0,0.7934506856227626,1.0,0.20654931437723745,1.0
v2,contamination_symmetric_eps_0p01,normal_contamination_symmetric,500,caution,200,54,0.27,0.21323449814685846,0.33543435198668425,0.14814814814814814,0.07703063137605341,0.26600115283605885,0.8518518518518519,0.7339988471639411,0.9229693686239466
v2,contamination_symmetric_eps_0p01,normal_contamination_symmetric,500,insufficient,200,145,0.725,0.6593166064233035,0.7822029967069265,0.013793103448275862,0.003790752490395701,0.04889254477653414,0.9862068965517241,0.9511074552234658,0.9962092475096044
v3_default,contamination_symmetric_eps_0p01,normal_contamination_symmetric,500,all,200,200,1.0,0.9811546736227335,1.0,0.05,0.02738264560076393,0.08957814813877599,0.95,0.9104218518612239,0.972617354399236
v3_default,contamination_symmetric_eps_0p01,normal_contamination_symmetric,500,acceptable,200,0,0.0,1.734723475976807e-18,0.018845326377266575,,,,,,
v3_default,contamination_symmetric_eps_0p01,normal_contamination_symmetric,500,caution,200,72,0.36,0.2966919730456654,0.42858471833996925,0.1111111111111111,0.057388196349493464,0.20422938233664037,0.8888888888888888,0.7957706176633595,0.9426118036505066
v3_default,contamination_symmetric_eps_0p01,normal_contamination_symmetric,500,insufficient,200,128,0.64,0.5714152816600309,0.7033080269543346,0.015625,0.004295449710144082,0.055180976679817195,0.984375,0.9448190233201829,0.9957045502898559
v3_oracle_simulation_truth,contamination_symmetric_eps_0p01,normal_contamination_symmetric,500,all,200,200,1.0,0.9811546736227335,1.0,0.05,0.02738264560076393,0.08957814813877599,0.95,0.9104218518612239,0.972617354399236
v3_oracle_simulation_truth,contamination_symmetric_eps_0p01,normal_contamination_symmetric,500,acceptable,200,4,0.02,0.0078044264163494685,0.050287086905826436,0.25,0.04558726080970055,0.6993581574175981,0.75,0.30064184258240184,0.9544127391902995
v3_oracle_simulation_truth,contamination_symmetric_eps_0p01,normal_contamination_symmetric,500,caution,200,196,0.98,0.9497129130941735,0.9921955735836505,0.04591836734693878,0.024343087125189636,0.08495084492267023,0.9540816326530612,0.9150491550773298,0.9756569128748104
v3_oracle_simulation_truth,contamination_symmetric_eps_0p01,normal_contamination_symmetric,500,insufficient,200,0,0.0,1.734723475976807e-18,0.018845326377266575,,,,,,
v2,contamination_symmetric_eps_0p01,normal_contamination_symmetric,750,all,200,200,1.0,0.9811546736227335,1.0,0.065,0.03837635464915299,0.10801907929906895,0.935,0.8919809207009312,0.961623645350847
v2,contamination_symmetric_eps_0p01,normal_contamination_symmetric,750,acceptable,200,1,0.005,0.0008831687156009814,0.02777370439789293,0.0,0.0,0.7934506856227626,1.0,0.20654931437723745,1.0
v2,contamination_symmetric_eps_0p01,normal_contamination_symmetric,750,caution,200,39,0.195,0.1460552053440051,0.25544044374612745,0.10256410256410256,0.04061331344668381,0.23578854462856527,0.8974358974358975,0.7642114553714348,0.9593866865533163
v2,contamination_symmetric_eps_0p01,normal_contamination_symmetric,750,insufficient,200,160,0.8,0.7391448134346212,0.8495479907390189,0.05625,0.029872301755764163,0.10343619645894672,0.94375,0.8965638035410534,0.9701276982442358
v3_default,contamination_symmetric_eps_0p01,normal_contamination_symmetric,750,all,200,200,1.0,0.9811546736227335,1.0,0.065,0.03837635464915299,0.10801907929906895,0.935,0.8919809207009312,0.961623645350847
v3_default,contamination_symmetric_eps_0p01,normal_contamination_symmetric,750,acceptable,200,0,0.0,1.734723475976807e-18,0.018845326377266575,,,,,,
v3_default,contamination_symmetric_eps_0p01,normal_contamination_symmetric,750,caution,200,76,0.38,0.31559005848673627,0.44893281984380773,0.05263157894736842,0.020655429299384284,0.12765672575889647,0.9473684210526315,0.8723432742411035,0.9793445707006156
v3_default,contamination_symmetric_eps_0p01,normal_contamination_symmetric,750,insufficient,200,124,0.62,0.5510671801561923,0.6844099415132637,0.07258064516129033,0.038652163271999586,0.13219584661599912,0.9274193548387096,0.8678041533840009,0.9613478367280004
v3_oracle_simulation_truth,contamination_symmetric_eps_0p01,normal_contamination_symmetric,750,all,200,200,1.0,0.9811546736227335,1.0,0.065,0.03837635464915299,0.10801907929906895,0.935,0.8919809207009312,0.961623645350847
v3_oracle_simulation_truth,contamination_symmetric_eps_0p01,normal_contamination_symmetric,750,acceptable,200,2,0.01,0.0027466581335444384,0.0357217617161768,0.0,0.0,0.6576197724933469,1.0,0.34238022750665303,1.0
v3_oracle_simulation_truth,contamination_symmetric_eps_0p01,normal_contamination_symmetric,750,caution,200,198,0.99,0.9642782382838231,0.9972533418664555,0.06565656565656566,0.03876806184820926,0.10907797035473767,0.9343434343434344,0.8909220296452623,0.9612319381517908
v3_oracle_simulation_truth,contamination_symmetric_eps_0p01,normal_contamination_symmetric,750,insufficient,200,0,0.0,1.734723475976807e-18,0.018845326377266575,,,,,,
v2,contamination_symmetric_eps_0p01,normal_contamination_symmetric,2000,all,200,200,1.0,0.9811546736227335,1.0,0.07,0.042152171828342806,0.11405480885610647,0.93,0.8859451911438936,0.9578478281716571
v2,contamination_symmetric_eps_0p01,normal_contamination_symmetric,2000,acceptable,200,0,0.0,1.734723475976807e-18,0.018845326377266575,,,,,,
v2,contamination_symmetric_eps_0p01,normal_contamination_symmetric,2000,caution,200,8,0.04,0.020405632066152306,0.07693206820093293,0.0,0.0,0.32440756488388023,1.0,0.6755924351161198,1.0
v2,contamination_symmetric_eps_0p01,normal_contamination_symmetric,2000,insufficient,200,192,0.96,0.923067931799067,0.9795943679338476,0.07291666666666667,0.04392874874927421,0.11865918851607826,0.9270833333333334,0.8813408114839218,0.9560712512507259
v3_default,contamination_symmetric_eps_0p01,normal_contamination_symmetric,2000,all,200,200,1.0,0.9811546736227335,1.0,0.07,0.042152171828342806,0.11405480885610647,0.93,0.8859451911438936,0.9578478281716571
v3_default,contamination_symmetric_eps_0p01,normal_contamination_symmetric,2000,acceptable,200,0,0.0,1.734723475976807e-18,0.018845326377266575,,,,,,
v3_default,contamination_symmetric_eps_0p01,normal_contamination_symmetric,2000,caution,200,100,0.5,0.43136085960389187,0.5686391403961082,0.05,0.02154367915436796,0.11175046923191913,0.95,0.8882495307680808,0.9784563208456319
v3_default,contamination_symmetric_eps_0p01,normal_contamination_symmetric,2000,insufficient,200,100,0.5,0.43136085960389187,0.5686391403961082,0.09,0.04807254000256516,0.1622621285271631,0.91,0.837737871472837,0.9519274599974348
v3_oracle_simulation_truth,contamination_symmetric_eps_0p01,normal_contamination_symmetric,2000,all,200,200,1.0,0.9811546736227335,1.0,0.07,0.042152171828342806,0.11405480885610647,0.93,0.8859451911438936,0.9578478281716571
v3_oracle_simulation_truth,contamination_symmetric_eps_0p01,normal_contamination_symmetric,2000,acceptable,200,0,0.0,1.734723475976807e-18,0.018845326377266575,,,,,,
v3_oracle_simulation_truth,contamination_symmetric_eps_0p01,normal_contamination_symmetric,2000,caution,200,200,1.0,0.9811546736227335,1.0,0.07,0.042152171828342806,0.11405480885610647,0.93,0.8859451911438936,0.9578478281716571
v3_oracle_simulation_truth,contamination_symmetric_eps_0p01,normal_contamination_symmetric,2000,insufficient,200,0,0.0,1.734723475976807e-18,0.018845326377266575,,,,,,
v2,contamination_symmetric_eps_0p025,normal_contamination_symmetric,5,all,200,200,1.0,0.9811546736227335,1.0,0.01,0.0027466581335444384,0.0357217617161768,0.99,0.9642782382838231,0.9972533418664555
v2,contamination_symmetric_eps_0p025,normal_contamination_symmetric,5,acceptable,200,114,0.57,0.5007048776415268,0.6366567766656557,0.008771929824561403,0.0015501429397783636,0.04802034676013621,0.9912280701754386,0.9519796532398638,0.9984498570602217
v2,contamination_symmetric_eps_0p025,normal_contamination_symmetric,5,caution,200,0,0.0,1.734723475976807e-18,0.018845326377266575,,,,,,
v2,contamination_symmetric_eps_0p025,normal_contamination_symmetric,5,insufficient,200,86,0.43,0.36334322333434416,0.4992951223584731,0.011627906976744186,0.0020555686652495644,0.06296406589291725,0.9883720930232558,0.9370359341070826,0.9979444313347503
v3_default,contamination_symmetric_eps_0p025,normal_contamination_symmetric,5,all,200,200,1.0,0.9811546736227335,1.0,0.01,0.0027466581335444384,0.0357217617161768,0.99,0.9642782382838231,0.9972533418664555
v3_default,contamination_symmetric_eps_0p025,normal_contamination_symmetric,5,acceptable,200,0,0.0,1.734723475976807e-18,0.018845326377266575,,,,,,
v3_default,contamination_symmetric_eps_0p025,normal_contamination_symmetric,5,caution,200,200,1.0,0.9811546736227335,1.0,0.01,0.0027466581335444384,0.0357217617161768,0.99,0.9642782382838231,0.9972533418664555
v3_default,contamination_symmetric_eps_0p025,normal_contamination_symmetric,5,insufficient,200,0,0.0,1.734723475976807e-18,0.018845326377266575,,,,,,
v3_oracle_simulation_truth,contamination_symmetric_eps_0p025,normal_contamination_symmetric,5,all,200,200,1.0,0.9811546736227335,1.0,0.01,0.0027466581335444384,0.0357217617161768,0.99,0.9642782382838231,0.9972533418664555
v3_oracle_simulation_truth,contamination_symmetric_eps_0p025,normal_contamination_symmetric,5,acceptable,200,83,0.415,0.34894285449757567,0.4842608509865596,0.012048192771084338,0.0021299774281082692,0.06513580668032404,0.9879518072289156,0.934864193319676,0.9978700225718917
v3_oracle_simulation_truth,contamination_symmetric_eps_0p025,normal_contamination_symmetric,5,caution,200,117,0.585,0.5157391490134403,0.6510571455024242,0.008547008547008548,0.0015103535737964364,0.046829503274189374,0.9914529914529915,0.9531704967258107,0.9984896464262035
v3_oracle_simulation_truth,contamination_symmetric_eps_0p025,normal_contamination_symmetric,5,insufficient,200,0,0.0,1.734723475976807e-18,0.018845326377266575,,,,,,
v2,contamination_symmetric_eps_0p025,normal_contamination_symmetric,8,all,200,200,1.0,0.9811546736227335,1.0,0.04,0.020405632066152306,0.07693206820093293,0.96,0.923067931799067,0.9795943679338476
v2,contamination_symmetric_eps_0p025,normal_contamination_symmetric,8,acceptable,200,132,0.66,0.5918849552683626,0.7220845402909121,0.03787878787878788,0.016286179128381463,0.08560803594305971,0.9621212121212122,0.9143919640569403,0.9837138208716186
v2,contamination_symmetric_eps_0p025,normal_contamination_symmetric,8,caution,200,0,0.0,1.734723475976807e-18,0.018845326377266575,,,,,,
v2,contamination_symmetric_eps_0p025,normal_contamination_symmetric,8,insufficient,200,68,0.34,0.27791545970908793,0.4081150447316374,0.04411764705882353,0.01511661970804156,0.12187195182496394,0.9558823529411765,0.8781280481750362,0.9848833802919585
v3_default,contamination_symmetric_eps_0p025,normal_contamination_symmetric,8,all,200,200,1.0,0.9811546736227335,1.0,0.04,0.020405632066152306,0.07693206820093293,0.96,0.923067931799067,0.9795943679338476
v3_default,contamination_symmetric_eps_0p025,normal_contamination_symmetric,8,acceptable,200,0,0.0,1.734723475976807e-18,0.018845326377266575,,,,,,
v3_default,contamination_symmetric_eps_0p025,normal_contamination_symmetric,8,caution,200,200,1.0,0.9811546736227335,1.0,0.04,0.020405632066152306,0.07693206820093293,0.96,0.923067931799067,0.9795943679338476
v3_default,contamination_symmetric_eps_0p025,normal_contamination_symmetric,8,insufficient,200,0,0.0,1.734723475976807e-18,0.018845326377266575,,,,,,
v3_oracle_simulation_truth,contamination_symmetric_eps_0p025,normal_contamination_symmetric,8,all,200,200,1.0,0.9811546736227335,1.0,0.04,0.020405632066152306,0.07693206820093293,0.96,0.923067931799067,0.9795943679338476
v3_oracle_simulation_truth,contamination_symmetric_eps_0p025,normal_contamination_symmetric,8,acceptable,200,100,0.5,0.43136085960389187,0.5686391403961082,0.05,0.02154367915436796,0.11175046923191913,0.95,0.8882495307680808,0.9784563208456319
v3_oracle_simulation_truth,contamination_symmetric_eps_0p025,normal_contamination_symmetric,8,caution,200,100,0.5,0.43136085960389187,0.5686391403961082,0.03,0.010254524024038925,0.0845193642905276,0.97,0.9154806357094724,0.9897454759759611
v3_oracle_simulation_truth,contamination_symmetric_eps_0p025,normal_contamination_symmetric,8,insufficient,200,0,0.0,1.734723475976807e-18,0.018845326377266575,,,,,,
v2,contamination_symmetric_eps_0p025,normal_contamination_symmetric,10,all,200,200,1.0,0.9811546736227335,1.0,0.045,0.023852543001492997,0.0832967040018196,0.955,0.9167032959981803,0.976147456998507
v2,contamination_symmetric_eps_0p025,normal_contamination_symmetric,10,acceptable,200,129,0.645,0.5765211307549043,0.7080137245956883,0.03875968992248062,0.016667503195434634,0.08752782064075537,0.9612403100775194,0.9124721793592447,0.9833324968045654
v2,contamination_symmetric_eps_0p025,normal_contamination_symmetric,10,caution,200,0,0.0,1.734723475976807e-18,0.018845326377266575,,,,,,
v2,contamination_symmetric_eps_0p025,normal_contamination_symmetric,10,insufficient,200,71,0.355,0.2919862754043116,0.42347886924509565,0.056338028169014086,0.022124519301696642,0.13609605799976943,0.9436619718309859,0.8639039420002305,0.9778754806983033
v3_default,contamination_symmetric_eps_0p025,normal_contamination_symmetric,10,all,200,200,1.0,0.9811546736227335,1.0,0.045,0.023852543001492997,0.0832967040018196,0.955,0.9167032959981803,0.976147456998507
v3_default,contamination_symmetric_eps_0p025,normal_contamination_symmetric,10,acceptable,200,0,0.0,1.734723475976807e-18,0.018845326377266575,,,,,,
v3_default,contamination_symmetric_eps_0p025,normal_contamination_symmetric,10,caution,200,200,1.0,0.9811546736227335,1.0,0.045,0.023852543001492997,0.0832967040018196,0.955,0.9167032959981803,0.976147456998507
v3_default,contamination_symmetric_eps_0p025,normal_contamination_symmetric,10,insufficient,200,0,0.0,1.734723475976807e-18,0.018845326377266575,,,,,,
v3_oracle_simulation_truth,contamination_symmetric_eps_0p025,normal_contamination_symmetric,10,all,200,200,1.0,0.9811546736227335,1.0,0.045,0.023852543001492997,0.0832967040018196,0.955,0.9167032959981803,0.976147456998507
v3_oracle_simulation_truth,contamination_symmetric_eps_0p025,normal_contamination_symmetric,10,acceptable,200,103,0.515,0.44610849192745716,0.5833261482812249,0.02912621359223301,0.00995436781664455,0.08215836566082022,0.970873786407767,0.9178416343391798,0.9900456321833555
v3_oracle_simulation_truth,contamination_symmetric_eps_0p025,normal_contamination_symmetric,10,caution,200,97,0.485,0.41667385171877513,0.5538915080725428,0.061855670103092786,0.028654885715718267,0.1284378319616586,0.9381443298969072,0.8715621680383414,0.9713451142842817
v3_oracle_simulation_truth,contamination_symmetric_eps_0p025,normal_contamination_symmetric,10,insufficient,200,0,0.0,1.734723475976807e-18,0.018845326377266575,,,,,,
v2,contamination_symmetric_eps_0p025,normal_contamination_symmetric,15,all,200,200,1.0,0.9811546736227335,1.0,0.04,0.020405632066152306,0.07693206820093293,0.96,0.923067931799067,0.9795943679338476
v2,contamination_symmetric_eps_0p025,normal_contamination_symmetric,15,acceptable,200,119,0.595,0.525797100813387,0.6606222871749323,0.05042016806722689,0.023310322236378966,0.105648247392928,0.9495798319327731,0.894351752607072,0.976689677763621
v2,contamination_symmetric_eps_0p025,normal_contamination_symmetric,15,caution,200,0,0.0,1.734723475976807e-18,0.018845326377266575,,,,,,
v2,contamination_symmetric_eps_0p025,normal_contamination_symmetric,15,insufficient,200,81,0.405,0.3393777128250677,0.47420289918661307,0.024691358024691357,0.006797587423664028,0.08562725922196524,0.9753086419753086,0.9143727407780347,0.9932024125763359
v3_default,contamination_symmetric_eps_0p025,normal_contamination_symmetric,15,all,200,200,1.0,0.9811546736227335,1.0,0.04,0.020405632066152306,0.07693206820093293,0.96,0.923067931799067,0.9795943679338476
v3_default,contamination_symmetric_eps_0p025,normal_contamination_symmetric,15,acceptable,200,0,0.0,1.734723475976807e-18,0.018845326377266575,,,,,,
v3_default,contamination_symmetric_eps_0p025,normal_contamination_symmetric,15,caution,200,165,0.825,0.7663556885175099,0.8713948493372666,0.048484848484848485,0.024769914576598162,0.09274540991349235,0.9515151515151515,0.9072545900865077,0.975230085423402
v3_default,contamination_symmetric_eps_0p025,normal_contamination_symmetric,15,insufficient,200,35,0.175,0.12860515066273331,0.23364431148248993,0.0,6.938893903907228e-18,0.09890099232440402,1.0,0.9010990076755959,0.9999999999999999
v3_oracle_simulation_truth,contamination_symmetric_eps_0p025,normal_contamination_symmetric,15,all,200,200,1.0,0.9811546736227335,1.0,0.04,0.020405632066152306,0.07693206820093293,0.96,0.923067931799067,0.9795943679338476
v3_oracle_simulation_truth,contamination_symmetric_eps_0p025,normal_contamination_symmetric,15,acceptable,200,104,0.52,0.4510378507281424,0.588208336216767,0.04807692307692308,0.020708042325852223,0.10764202797232547,0.9519230769230769,0.8923579720276744,0.9792919576741477
v3_oracle_simulation_truth,contamination_symmetric_eps_0p025,normal_contamination_symmetric,15,caution,200,96,0.48,0.411791663783233,0.5489621492718576,0.03125,0.010684070371201164,0.0878867932453698,0.96875,0.9121132067546303,0.989315929628799
v3_oracle_simulation_truth,contamination_symmetric_eps_0p025,normal_contamination_symmetric,15,insufficient,200,0,0.0,1.734723475976807e-18,0.018845326377266575,,,,,,
v2,contamination_symmetric_eps_0p025,normal_contamination_symmetric,20,all,200,200,1.0,0.9811546736227335,1.0,0.06,0.03465219425433187,0.1019316929576627,0.94,0.8980683070423372,0.9653478057456681
v2,contamination_symmetric_eps_0p025,normal_contamination_symmetric,20,acceptable,200,120,0.6,0.53083672039262,0.6653942143319266,0.09166666666666666,0.05195718284856543,0.15670846972670907,0.9083333333333333,0.843291530273291,0.9480428171514347
v2,contamination_symmetric_eps_0p025,normal_contamination_symmetric,20,caution,200,0,0.0,1.734723475976807e-18,0.018845326377266575,,,,,,
v2,contamination_symmetric_eps_0p025,normal_contamination_symmetric,20,insufficient,200,80,0.4,0.33460578566807336,0.46916327960737997,0.0125,0.0022099755204522745,0.06746270077668665,0.9875,0.9325372992233133,0.9977900244795476
v3_default,contamination_symmetric_eps_0p025,normal_contamination_symmetric,20,all,200,200,1.0,0.9811546736227335,1.0,0.06,0.03465219425433187,0.1019316929576627,0.94,0.8980683070423372,0.9653478057456681
v3_default,contamination_symmetric_eps_0p025,normal_contamination_symmetric,20,acceptable,200,0,0.0,1.734723475976807e-18,0.018845326377266575,,,,,,
v3_default,contamination_symmetric_eps_0p025,normal_contamination_symmetric,20,caution,200,159,0.795,0.7337430194757748,0.8451382379616379,0.07547169811320754,0.04369745269599838,0.12727533901394666,0.9245283018867925,0.8727246609860535,0.9563025473040017
v3_default,contamination_symmetric_eps_0p025,normal_contamination_symmetric,20,insufficient,200,41,0.205,0.15486176203836208,0.26625698052422514,0.0,-6.938893903907228e-18,0.08566757018443186,1.0,0.9143324298155681,0.9999999999999999
v3_oracle_simulation_truth,contamination_symmetric_eps_0p025,normal_contamination_symmetric,20,all,200,200,1.0,0.9811546736227335,1.0,0.06,0.03465219425433187,0.1019316929576627,0.94,0.8980683070423372,0.9653478057456681
v3_oracle_simulation_truth,contamination_symmetric_eps_0p025,normal_contamination_symmetric,20,acceptable,200,103,0.515,0.44610849192745716,0.5833261482812249,0.08737864077669903,0.04665122122451078,0.15777746275058724,0.912621359223301,0.8422225372494128,0.9533487787754893
v3_oracle_simulation_truth,contamination_symmetric_eps_0p025,normal_contamination_symmetric,20,caution,200,97,0.485,0.41667385171877513,0.5538915080725428,0.030927835051546393,0.01057334494855243,0.08702003515310984,0.9690721649484536,0.9129799648468901,0.9894266550514474
v3_oracle_simulation_truth,contamination_symmetric_eps_0p025,normal_contamination_symmetric,20,insufficient,200,0,0.0,1.734723475976807e-18,0.018845326377266575,,,,,,
v2,contamination_symmetric_eps_0p025,normal_contamination_symmetric,30,all,200,200,1.0,0.9811546736227335,1.0,0.015,0.00511423779325831,0.04316572879269026,0.985,0.9568342712073097,0.9948857622067417
v2,contamination_symmetric_eps_0p025,normal_contamination_symmetric,30,acceptable,200,113,0.565,0.49570736259794607,0.6318427449730093,0.02654867256637168,0.009069473857769843,0.07515969376839707,0.9734513274336283,0.9248403062316028,0.9909305261422301
v2,contamination_symmetric_eps_0p025,normal_contamination_symmetric,30,caution,200,0,0.0,1.734723475976807e-18,0.018845326377266575,,,,,,
v2,contamination_symmetric_eps_0p025,normal_contamination_symmetric,30,insufficient,200,87,0.435,0.36815725502699076,0.504292637402054,0.0,0.0,0.04228750694412034,1.0,0.9577124930558795,0.9999999999999999
v3_default,contamination_symmetric_eps_0p025,normal_contamination_symmetric,30,all,200,200,1.0,0.9811546736227335,1.0,0.015,0.00511423779325831,0.04316572879269026,0.985,0.9568342712073097,0.9948857622067417
v3_default,contamination_symmetric_eps_0p025,normal_contamination_symmetric,30,acceptable,200,0,0.0,1.734723475976807e-18,0.018845326377266575,,,,,,
v3_default,contamination_symmetric_eps_0p025,normal_contamination_symmetric,30,caution,200,153,0.765,0.7015863111723746,0.8184256658476741,0.0196078431372549,0.006690488440254397,0.05605732642128154,0.9803921568627451,0.9439426735787184,0.9933095115597457
v3_default,contamination_symmetric_eps_0p025,normal_contamination_symmetric,30,insufficient,200,47,0.235,0.18157433415232588,0.29841368882762537,0.0,-6.938893903907228e-18,0.07555760416399632,1.0,0.9244423958360037,1.0
v3_oracle_simulation_truth,contamination_symmetric_eps_0p025,normal_contamination_symmetric,30,all,200,200,1.0,0.9811546736227335,1.0,0.015,0.00511423779325831,0.04316572879269026,0.985,0.9568342712073097,0.9948857622067417
v3_oracle_simulation_truth,contamination_symmetric_eps_0p025,normal_contamination_symmetric,30,acceptable,200,101,0.505,0.43627000033527485,0.5735415464009526,0.019801980198019802,0.0054473224611470555,0.06934616962584345,0.9801980198019802,0.9306538303741566,0.994552677538853
v3_oracle_simulation_truth,contamination_symmetric_eps_0p025,normal_contamination_symmetric,30,caution,200,99,0.495,0.4264584535990475,0.5637299996647251,0.010101010101010102,0.0017853072791700793,0.055015314645872934,0.98989898989899,0.9449846853541274,0.9982146927208301
v3_oracle_simulation_truth,contamination_symmetric_eps_0p025,normal_contamination_symmetric,30,insufficient,200,0,0.0,1.734723475976807e-18,0.018845326377266575,,,,,,
v2,contamination_symmetric_eps_0p025,normal_contamination_symmetric,40,all,200,200,1.0,0.9811546736227335,1.0,0.03,0.013820314340111346,0.06389429245451925,0.97,0.9361057075454807,0.9861796856598887
v2,contamination_symmetric_eps_0p025,normal_contamination_symmetric,40,acceptable,200,91,0.455,0.387482193098835,0.524213886275119,0.03296703296703297,0.011274406767682599,0.0924930694296231,0.967032967032967,0.907506930570377,0.9887255932323175
v2,contamination_symmetric_eps_0p025,normal_contamination_symmetric,40,caution,200,11,0.055,0.03098534170345884,0.0957869987723084,0.0,0.0,0.2588329669680317,1.0,0.7411670330319684,1.0
v2,contamination_symmetric_eps_0p025,normal_contamination_symmetric,40,insufficient,200,98,0.49,0.42156278331213176,0.5588141232154135,0.030612244897959183,0.010464891082493703,0.0861702016847983,0.9693877551020408,0.9138297983152016,0.9895351089175063
v3_default,contamination_symmetric_eps_0p025,normal_contamination_symmetric,40,all,200,200,1.0,0.9811546736227335,1.0,0.03,0.013820314340111346,0.06389429245451925,0.97,0.9361057075454807,0.9861796856598887
v3_default,contamination_symmetric_eps_0p025,normal_contamination_symmetric,40,acceptable,200,0,0.0,1.734723475976807e-18,0.018845326377266575,,,,,,
v3_default,contamination_symmetric_eps_0p025,normal_contamination_symmetric,40,caution,200,131,0.655,0.5867558925905368,0.7174020562325106,0.030534351145038167,0.011936969336074028,0.07588067164955445,0.9694656488549618,0.9241193283504454,0.988063030663926
v3_default,contamination_symmetric_eps_0p025,normal_contamination_symmetric,40,insufficient,200,69,0.345,0.2825979437674894,0.4132441074094632,0.028985507246376812,0.007985202692364197,0.09966583763065553,0.9710144927536232,0.9003341623693445,0.9920147973076358
v3_oracle_simulation_truth,contamination_symmetric_eps_0p025,normal_contamination_symmetric,40,all,200,200,1.0,0.9811546736227335,1.0,0.03,0.013820314340111346,0.06389429245451925,0.97,0.9361057075454807,0.9861796856598887
v3_oracle_simulation_truth,contamination_symmetric_eps_0p025,normal_contamination_symmetric,40,acceptable,200,82,0.41,0.34415674908482885,0.4792354096630791,0.024390243902439025,0.006714370331163358,0.08463378391063939,0.975609756097561,0.9153662160893606,0.9932856296688367
v3_oracle_simulation_truth,contamination_symmetric_eps_0p025,normal_contamination_symmetric,40,caution,200,118,0.59,0.5207645903369208,0.6558432509151711,0.03389830508474576,0.013259833647159602,0.08392760103482663,0.9661016949152542,0.9160723989651733,0.9867401663528403
v3_oracle_simulation_truth,contamination_symmetric_eps_0p025,normal_contamination_symmetric,40,insufficient,200,0,0.0,1.734723475976807e-18,0.018845326377266575,,,,,,
v2,contamination_symmetric_eps_0p025,normal_contamination_symmetric,50,all,200,200,1.0,0.9811546736227335,1.0,0.02,0.0078044264163494685,0.050287086905826436,0.98,0.9497129130941735,0.9921955735836505
v2,contamination_symmetric_eps_0p025,normal_contamination_symmetric,50,acceptable,200,73,0.365,0.301405264649268,0.433682973472594,0.0410958904109589,0.01407394035392058,0.1140009162629833,0.958904109589041,0.8859990837370165,0.9859260596460794
v2,contamination_symmetric_eps_0p025,normal_contamination_symmetric,50,caution,200,11,0.055,0.03098534170345884,0.0957869987723084,0.0,0.0,0.2588329669680317,1.0,0.7411670330319684,1.0
v2,contamination_symmetric_eps_0p025,normal_contamination_symmetric,50,insufficient,200,116,0.58,0.5107207393958046,0.6462640083838327,0.008620689655172414,0.0015233877766386086,0.04721983412817875,0.9913793103448276,0.9527801658718213,0.9984766122233615
v3_default,contamination_symmetric_eps_0p025,normal_contamination_symmetric,50,all,200,200,1.0,0.9811546736227335,1.0,0.02,0.0078044264163494685,0.050287086905826436,0.98,0.9497129130941735,0.9921955735836505
v3_default,contamination_symmetric_eps_0p025,normal_contamination_symmetric,50,acceptable,200,0,0.0,1.734723475976807e-18,0.018845326377266575,,,,,,
v3_default,contamination_symmetric_eps_0p025,normal_contamination_symmetric,50,caution,200,129,0.645,0.5765211307549043,0.7080137245956883,0.023255813953488372,0.007940137432579455,0.06614410485188585,0.9767441860465116,0.9338558951481141,0.9920598625674205
v3_default,contamination_symmetric_eps_0p025,normal_contamination_symmetric,50,insufficient,200,71,0.355,0.2919862754043116,0.42347886924509565,0.014084507042253521,0.002490603270544213,0.07556050520249005,0.9859154929577465,0.92443949479751,0.9975093967294558
v3_oracle_simulation_truth,contamination_symmetric_eps_0p025,normal_contamination_symmetric,50,all,200,200,1.0,0.9811546736227335,1.0,0.02,0.0078044264163494685,0.050287086905826436,0.98,0.9497129130941735,0.9921955735836505
v3_oracle_simulation_truth,contamination_symmetric_eps_0p025,normal_contamination_symmetric,50,acceptable,200,68,0.34,0.27791545970908793,0.4081150447316374,0.014705882352941176,0.0026006835761068076,0.07870973128160871,0.9852941176470589,0.9212902687183916,0.9973993164238933
v3_oracle_simulation_truth,contamination_symmetric_eps_0p025,normal_contamination_symmetric,50,caution,200,132,0.66,0.5918849552683626,0.7220845402909121,0.022727272727272728,0.007758984185518892,0.06468913957678919,0.9772727272727273,0.9353108604232109,0.9922410158144811
v3_oracle_simulation_truth,contamination_symmetric_eps_0p025,normal_contamination_symmetric,50,insufficient,200,0,0.0,1.734723475976807e-18,0.018845326377266575,,,,,,
v2,contamination_symmetric_eps_0p025,normal_contamination_symmetric,80,all,200,200,1.0,0.9811546736227335,1.0,0.035,0.017055542008567192,0.07047061152229073,0.965,0.9295293884777092,0.9829444579914328
v2,contamination_symmetric_eps_0p025,normal_contamination_symmetric,80,acceptable,200,38,0.19,0.14167171527790676,0.25001238707599854,0.07894736842105263,0.027214595506987724,0.20799371457771454,0.9210526315789473,0.7920062854222853,0.9727854044930122
v2,contamination_symmetric_eps_0p025,normal_contamination_symmetric,80,caution,200,25,0.125,0.08611974475712644,0.17801425002582347,0.04,0.007096233501987265,0.19544063736193734,0.96,0.8045593626380625,0.9929037664980127
v2,contamination_symmetric_eps_0p025,normal_contamination_symmetric,80,insufficient,200,137,0.685,0.6176504391426966,0.745376790097715,0.021897810218978103,0.007474758336188016,0.06240139108103243,0.9781021897810219,0.9375986089189676,0.992525241663812
v3_default,contamination_symmetric_eps_0p025,normal_contamination_symmetric,80,all,200,200,1.0,0.9811546736227335,1.0,0.035,0.017055542008567192,0.07047061152229073,0.965,0.9295293884777092,0.9829444579914328
v3_default,contamination_symmetric_eps_0p025,normal_contamination_symmetric,80,acceptable,200,0,0.0,1.734723475976807e-18,0.018845326377266575,,,,,,
v3_default,contamination_symmetric_eps_0p025,normal_contamination_symmetric,80,caution,200,97,0.485,0.41667385171877513,0.5538915080725428,0.041237113402061855,0.016151236586163194,0.10127525604073725,0.9587628865979382,0.8987247439592628,0.9838487634138368
v3_default,contamination_symmetric_eps_0p025,normal_contamination_symmetric,80,insufficient,200,103,0.515,0.44610849192745716,0.5833261482812249,0.02912621359223301,0.00995436781664455,0.08215836566082022,0.970873786407767,0.9178416343391798,0.9900456321833555
v3_oracle_simulation_truth,contamination_symmetric_eps_0p025,normal_contamination_symmetric,80,all,200,200,1.0,0.9811546736227335,1.0,0.035,0.017055542008567192,0.07047061152229073,0.965,0.9295293884777092,0.9829444579914328
v3_oracle_simulation_truth,contamination_symmetric_eps_0p025,normal_contamination_symmetric,80,acceptable,200,36,0.18,0.13294625859420173,0.23911475028724882,0.08333333333333333,0.02874861133599338,0.2182669124927263,0.9166666666666666,0.7817330875072737,0.9712513886640066
v3_oracle_simulation_truth,contamination_symmetric_eps_0p025,normal_contamination_symmetric,80,caution,200,164,0.82,0.7608852497127511,0.8670537414057983,0.024390243902439025,0.009524838224461082,0.06102661493792126,0.975609756097561,0.9389733850620786,0.9904751617755388
v3_oracle_simulation_truth,contamination_symmetric_eps_0p025,normal_contamination_symmetric,80,insufficient,200,0,0.0,1.734723475976807e-18,0.018845326377266575,,,,,,
v2,contamination_symmetric_eps_0p025,normal_contamination_symmetric,100,all,5000,5000,1.0,0.9992322980549431,1.0000000000000002,0.039,0.03397822888090428,0.04472959231243839,0.961,0.9552704076875616,0.9660217711190957
v2,contamination_symmetric_eps_0p025,normal_contamination_symmetric,100,acceptable,5000,714,0.1428,0.13337637900061197,0.1527720672689369,0.04061624649859944,0.028426410860421455,0.057722777182144885,0.9593837535014006,0.9422772228178552,0.9715735891395786
v2,contamination_symmetric_eps_0p025,normal_contamination_symmetric,100,caution,5000,627,0.1254,0.11650715137061406,0.13486801092662282,0.05582137161084529,0.04040819029817522,0.07664413368626077,0.9441786283891547,0.9233558663137391,0.9595918097018248
v2,contamination_symmetric_eps_0p025,normal_contamination_symmetric,100,insufficient,5000,3659,0.7318,0.7193457452841198,0.7438983480941518,0.03580213172998087,0.030252351062762355,0.04232558107254925,0.9641978682700191,0.9576744189274506,0.9697476489372376
v3_default,contamination_symmetric_eps_0p025,normal_contamination_symmetric,100,all,5000,5000,1.0,0.9992322980549431,1.0000000000000002,0.039,0.03397822888090428,0.04472959231243839,0.961,0.9552704076875616,0.9660217711190957
v3_default,contamination_symmetric_eps_0p025,normal_contamination_symmetric,100,acceptable,5000,0,0.0,0.0,0.0007677019450571244,,,,,,
v3_default,contamination_symmetric_eps_0p025,normal_contamination_symmetric,100,caution,5000,2270,0.454,0.44024030519025203,0.46783032338869335,0.03127753303964758,0.02487113431301334,0.03926766404293422,0.9687224669603525,0.9607323359570658,0.9751288656869866
v3_default,contamination_symmetric_eps_0p025,normal_contamination_symmetric,100,insufficient,5000,2730,0.546,0.5321696766113067,0.5597596948097481,0.04542124542124542,0.03822847480237089,0.053891519211229214,0.9545787545787546,0.9461084807887709,0.9617715251976292
v3_oracle_simulation_truth,contamination_symmetric_eps_0p025,normal_contamination_symmetric,100,all,5000,5000,1.0,0.9992322980549431,1.0000000000000002,0.039,0.03397822888090428,0.04472959231243839,0.961,0.9552704076875616,0.9660217711190957
v3_oracle_simulation_truth,contamination_symmetric_eps_0p025,normal_contamination_symmetric,100,acceptable,5000,705,0.141,0.131628882757097,0.15092232723945403,0.03971631205673759,0.027619301886606478,0.056802197555952796,0.9602836879432625,0.9431978024440473,0.9723806981133936
v3_oracle_simulation_truth,contamination_symmetric_eps_0p025,normal_contamination_symmetric,100,caution,5000,4295,0.859,0.849077672760546,0.868371117242903,0.038882421420256115,0.03350101042088401,0.04508794477947236,0.9611175785797439,0.9549120552205276,0.966498989579116
v3_oracle_simulation_truth,contamination_symmetric_eps_0p025,normal_contamination_symmetric,100,insufficient,5000,0,0.0,0.0,0.0007677019450571244,,,,,,
v2,contamination_symmetric_eps_0p025,normal_contamination_symmetric,200,all,200,200,1.0,0.9811546736227335,1.0,0.065,0.03837635464915299,0.10801907929906895,0.935,0.8919809207009312,0.961623645350847
v2,contamination_symmetric_eps_0p025,normal_contamination_symmetric,200,acceptable,200,2,0.01,0.0027466581335444384,0.0357217617161768,0.5,0.09453120573423074,0.9054687942657693,0.5,0.09453120573423074,0.9054687942657693
v2,contamination_symmetric_eps_0p025,normal_contamination_symmetric,200,caution,200,47,0.235,0.18157433415232588,0.29841368882762537,0.0425531914893617,0.011748275966789345,0.1424852767789945,0.9574468085106383,0.8575147232210055,0.9882517240332106
v2,contamination_symmetric_eps_0p025,normal_contamination_symmetric,200,insufficient,200,151,0.755,0.6909575644379659,0.8094313191096282,0.06622516556291391,0.03636670105392742,0.11760665338406232,0.9337748344370861,0.8823933466159377,0.9636332989460725
v3_default,contamination_symmetric_eps_0p025,normal_contamination_symmetric,200,all,200,200,1.0,0.9811546736227335,1.0,0.065,0.03837635464915299,0.10801907929906895,0.935,0.8919809207009312,0.961623645350847
v3_default,contamination_symmetric_eps_0p025,normal_contamination_symmetric,200,acceptable,200,0,0.0,1.734723475976807e-18,0.018845326377266575,,,,,,
v3_default,contamination_symmetric_eps_0p025,normal_contamination_symmetric,200,caution,200,68,0.34,0.27791545970908793,0.4081150447316374,0.04411764705882353,0.01511661970804156,0.12187195182496394,0.9558823529411765,0.8781280481750362,0.9848833802919585
v3_default,contamination_symmetric_eps_0p025,normal_contamination_symmetric,200,insufficient,200,132,0.66,0.5918849552683626,0.7220845402909121,0.07575757575757576,0.041668064785746674,0.1338413785585272,0.9242424242424242,0.8661586214414728,0.9583319352142533
v3_oracle_simulation_truth,contamination_symmetric_eps_0p025,normal_contamination_symmetric,200,all,200,200,1.0,0.9811546736227335,1.0,0.065,0.03837635464915299,0.10801907929906895,0.935,0.8919809207009312,0.961623645350847
v3_oracle_simulation_truth,contamination_symmetric_eps_0p025,normal_contamination_symmetric,200,acceptable,200,2,0.01,0.0027466581335444384,0.0357217617161768,0.5,0.09453120573423074,0.9054687942657693,0.5,0.09453120573423074,0.9054687942657693
v3_oracle_simulation_truth,contamination_symmetric_eps_0p025,normal_contamination_symmetric,200,caution,200,198,0.99,0.9642782382838231,0.9972533418664555,0.06060606060606061,0.03500564898628547,0.10293161614925386,0.9393939393939394,0.8970683838507462,0.9649943510137146
v3_oracle_simulation_truth,contamination_symmetric_eps_0p025,normal_contamination_symmetric,200,insufficient,200,0,0.0,1.734723475976807e-18,0.018845326377266575,,,,,,
v2,contamination_symmetric_eps_0p025,normal_contamination_symmetric,500,all,200,200,1.0,0.9811546736227335,1.0,0.045,0.023852543001492997,0.0832967040018196,0.955,0.9167032959981803,0.976147456998507
v2,contamination_symmetric_eps_0p025,normal_contamination_symmetric,500,acceptable,200,0,0.0,1.734723475976807e-18,0.018845326377266575,,,,,,
v2,contamination_symmetric_eps_0p025,normal_contamination_symmetric,500,caution,200,17,0.085,0.05374575017747561,0.13189587071565567,0.0,0.0,0.1843181350088518,1.0,0.8156818649911483,1.0
v2,contamination_symmetric_eps_0p025,normal_contamination_symmetric,500,insufficient,200,183,0.915,0.8681041292843443,0.9462542498225244,0.04918032786885246,0.02608669616848347,0.09081165689808453,0.9508196721311475,0.9091883431019155,0.9739133038315165
v3_default,contamination_symmetric_eps_0p025,normal_contamination_symmetric,500,all,200,200,1.0,0.9811546736227335,1.0,0.045,0.023852543001492997,0.0832967040018196,0.955,0.9167032959981803,0.976147456998507
v3_default,contamination_symmetric_eps_0p025,normal_contamination_symmetric,500,acceptable,200,0,0.0,1.734723475976807e-18,0.018845326377266575,,,,,,
v3_default,contamination_symmetric_eps_0p025,normal_contamination_symmetric,500,caution,200,89,0.445,0.3778060100295335,0.5142669758719658,0.02247191011235955,0.006184398702128599,0.07827634674822494,0.9775280898876404,0.921723653251775,0.9938156012978714
v3_default,contamination_symmetric_eps_0p025,normal_contamination_symmetric,500,insufficient,200,111,0.555,0.4857330241280342,0.6221939899704665,0.06306306306306306,0.0308806575864322,0.12447664110959537,0.9369369369369369,0.8755233588904047,0.9691193424135679
v3_oracle_simulation_truth,contamination_symmetric_eps_0p025,normal_contamination_symmetric,500,all,200,200,1.0,0.9811546736227335,1.0,0.045,0.023852543001492997,0.0832967040018196,0.955,0.9167032959981803,0.976147456998507
v3_oracle_simulation_truth,contamination_symmetric_eps_0p025,normal_contamination_symmetric,500,acceptable,200,0,0.0,1.734723475976807e-18,0.018845326377266575,,,,,,
v3_oracle_simulation_truth,contamination_symmetric_eps_0p025,normal_contamination_symmetric,500,caution,200,200,1.0,0.9811546736227335,1.0,0.045,0.023852543001492997,0.0832967040018196,0.955,0.9167032959981803,0.976147456998507
v3_oracle_simulation_truth,contamination_symmetric_eps_0p025,normal_contamination_symmetric,500,insufficient,200,0,0.0,1.734723475976807e-18,0.018845326377266575,,,,,,
v2,contamination_symmetric_eps_0p025,normal_contamination_symmetric,750,all,200,200,1.0,0.9811546736227335,1.0,0.07,0.042152171828342806,0.11405480885610647,0.93,0.8859451911438936,0.9578478281716571
v2,contamination_symmetric_eps_0p025,normal_contamination_symmetric,750,acceptable,200,0,0.0,1.734723475976807e-18,0.018845326377266575,,,,,,
v2,contamination_symmetric_eps_0p025,normal_contamination_symmetric,750,caution,200,7,0.035,0.017055542008567192,0.07047061152229073,0.0,5.551115123125783e-17,0.35433043506668743,1.0,0.6456695649333126,1.0
v2,contamination_symmetric_eps_0p025,normal_contamination_symmetric,750,insufficient,200,193,0.965,0.9295293884777092,0.9829444579914328,0.07253886010362694,0.0436985282275432,0.11806342482574622,0.927461139896373,0.8819365751742537,0.9563014717724568
v3_default,contamination_symmetric_eps_0p025,normal_contamination_symmetric,750,all,200,200,1.0,0.9811546736227335,1.0,0.07,0.042152171828342806,0.11405480885610647,0.93,0.8859451911438936,0.9578478281716571
v3_default,contamination_symmetric_eps_0p025,normal_contamination_symmetric,750,acceptable,200,0,0.0,1.734723475976807e-18,0.018845326377266575,,,,,,
v3_default,contamination_symmetric_eps_0p025,normal_contamination_symmetric,750,caution,200,97,0.485,0.41667385171877513,0.5538915080725428,0.041237113402061855,0.016151236586163194,0.10127525604073725,0.9587628865979382,0.8987247439592628,0.9838487634138368
v3_default,contamination_symmetric_eps_0p025,normal_contamination_symmetric,750,insufficient,200,103,0.515,0.44610849192745716,0.5833261482812249,0.0970873786407767,0.05359377103943983,0.16955423801859704,0.9029126213592233,0.8304457619814031,0.9464062289605603
v3_oracle_simulation_truth,contamination_symmetric_eps_0p025,normal_contamination_symmetric,750,all,200,200,1.0,0.9811546736227335,1.0,0.07,0.042152171828342806,0.11405480885610647,0.93,0.8859451911438936,0.9578478281716571
v3_oracle_simulation_truth,contamination_symmetric_eps_0p025,normal_contamination_symmetric,750,acceptable,200,0,0.0,1.734723475976807e-18,0.018845326377266575,,,,,,
v3_oracle_simulation_truth,contamination_symmetric_eps_0p025,normal_contamination_symmetric,750,caution,200,200,1.0,0.9811546736227335,1.0,0.07,0.042152171828342806,0.11405480885610647,0.93,0.8859451911438936,0.9578478281716571
v3_oracle_simulation_truth,contamination_symmetric_eps_0p025,normal_contamination_symmetric,750,insufficient,200,0,0.0,1.734723475976807e-18,0.018845326377266575,,,,,,
v2,contamination_symmetric_eps_0p025,normal_contamination_symmetric,2000,all,200,200,1.0,0.9811546736227335,1.0,0.015,0.00511423779325831,0.04316572879269026,0.985,0.9568342712073097,0.9948857622067417
v2,contamination_symmetric_eps_0p025,normal_contamination_symmetric,2000,acceptable,200,0,0.0,1.734723475976807e-18,0.018845326377266575,,,,,,
v2,contamination_symmetric_eps_0p025,normal_contamination_symmetric,2000,caution,200,0,0.0,1.734723475976807e-18,0.018845326377266575,,,,,,
v2,contamination_symmetric_eps_0p025,normal_contamination_symmetric,2000,insufficient,200,200,1.0,0.9811546736227335,1.0,0.015,0.00511423779325831,0.04316572879269026,0.985,0.9568342712073097,0.9948857622067417
v3_default,contamination_symmetric_eps_0p025,normal_contamination_symmetric,2000,all,200,200,1.0,0.9811546736227335,1.0,0.015,0.00511423779325831,0.04316572879269026,0.985,0.9568342712073097,0.9948857622067417
v3_default,contamination_symmetric_eps_0p025,normal_contamination_symmetric,2000,acceptable,200,0,0.0,1.734723475976807e-18,0.018845326377266575,,,,,,
v3_default,contamination_symmetric_eps_0p025,normal_contamination_symmetric,2000,caution,200,128,0.64,0.5714152816600309,0.7033080269543346,0.0,0.0,0.029136956273508416,1.0,0.9708630437264916,1.0
v3_default,contamination_symmetric_eps_0p025,normal_contamination_symmetric,2000,insufficient,200,72,0.36,0.2966919730456654,0.42858471833996925,0.041666666666666664,0.014270807466925182,0.11549276741316111,0.9583333333333334,0.8845072325868389,0.9857291925330748
v3_oracle_simulation_truth,contamination_symmetric_eps_0p025,normal_contamination_symmetric,2000,all,200,200,1.0,0.9811546736227335,1.0,0.015,0.00511423779325831,0.04316572879269026,0.985,0.9568342712073097,0.9948857622067417
v3_oracle_simulation_truth,contamination_symmetric_eps_0p025,normal_contamination_symmetric,2000,acceptable,200,0,0.0,1.734723475976807e-18,0.018845326377266575,,,,,,
v3_oracle_simulation_truth,contamination_symmetric_eps_0p025,normal_contamination_symmetric,2000,caution,200,200,1.0,0.9811546736227335,1.0,0.015,0.00511423779325831,0.04316572879269026,0.985,0.9568342712073097,0.9948857622067417
v3_oracle_simulation_truth,contamination_symmetric_eps_0p025,normal_contamination_symmetric,2000,insufficient,200,0,0.0,1.734723475976807e-18,0.018845326377266575,,,,,,
v2,contamination_symmetric_eps_0p05,normal_contamination_symmetric,5,all,200,200,1.0,0.9811546736227335,1.0,0.05,0.02738264560076393,0.08957814813877599,0.95,0.9104218518612239,0.972617354399236
v2,contamination_symmetric_eps_0p05,normal_contamination_symmetric,5,acceptable,200,114,0.57,0.5007048776415268,0.6366567766656557,0.06140350877192982,0.030059281919865344,0.12134294102648693,0.9385964912280702,0.8786570589735132,0.9699407180801347
v2,contamination_symmetric_eps_0p05,normal_contamination_symmetric,5,caution,200,0,0.0,1.734723475976807e-18,0.018845326377266575,,,,,,
v2,contamination_symmetric_eps_0p05,normal_contamination_symmetric,5,insufficient,200,86,0.43,0.36334322333434416,0.4992951223584731,0.03488372093023256,0.01193379807740838,0.09760871102560764,0.9651162790697675,0.9023912889743924,0.9880662019225916
v3_default,contamination_symmetric_eps_0p05,normal_contamination_symmetric,5,all,200,200,1.0,0.9811546736227335,1.0,0.05,0.02738264560076393,0.08957814813877599,0.95,0.9104218518612239,0.972617354399236
v3_default,contamination_symmetric_eps_0p05,normal_contamination_symmetric,5,acceptable,200,0,0.0,1.734723475976807e-18,0.018845326377266575,,,,,,
v3_default,contamination_symmetric_eps_0p05,normal_contamination_symmetric,5,caution,200,200,1.0,0.9811546736227335,1.0,0.05,0.02738264560076393,0.08957814813877599,0.95,0.9104218518612239,0.972617354399236
v3_default,contamination_symmetric_eps_0p05,normal_contamination_symmetric,5,insufficient,200,0,0.0,1.734723475976807e-18,0.018845326377266575,,,,,,
v3_oracle_simulation_truth,contamination_symmetric_eps_0p05,normal_contamination_symmetric,5,all,200,200,1.0,0.9811546736227335,1.0,0.05,0.02738264560076393,0.08957814813877599,0.95,0.9104218518612239,0.972617354399236
v3_oracle_simulation_truth,contamination_symmetric_eps_0p05,normal_contamination_symmetric,5,acceptable,200,87,0.435,0.36815725502699076,0.504292637402054,0.06896551724137931,0.031988839442576765,0.14239694240580283,0.9310344827586207,0.8576030575941972,0.9680111605574232
v3_oracle_simulation_truth,contamination_symmetric_eps_0p05,normal_contamination_symmetric,5,caution,200,113,0.565,0.49570736259794607,0.6318427449730093,0.035398230088495575,0.013850178551374819,0.08749620089486373,0.9646017699115044,0.9125037991051361,0.9861498214486251
v3_oracle_simulation_truth,contamination_symmetric_eps_0p05,normal_contamination_symmetric,5,insufficient,200,0,0.0,1.734723475976807e-18,0.018845326377266575,,,,,,
v2,contamination_symmetric_eps_0p05,normal_contamination_symmetric,8,all,200,200,1.0,0.9811546736227335,1.0,0.06,0.03465219425433187,0.1019316929576627,0.94,0.8980683070423372,0.9653478057456681
v2,contamination_symmetric_eps_0p05,normal_contamination_symmetric,8,acceptable,200,113,0.565,0.49570736259794607,0.6318427449730093,0.08849557522123894,0.04877938009471883,0.1552702702719496,0.911504424778761,0.8447297297280504,0.9512206199052812
v2,contamination_symmetric_eps_0p05,normal_contamination_symmetric,8,caution,200,0,0.0,1.734723475976807e-18,0.018845326377266575,,,,,,
v2,contamination_symmetric_eps_0p05,normal_contamination_symmetric,8,insufficient,200,87,0.435,0.36815725502699076,0.504292637402054,0.022988505747126436,0.006327085105926007,0.0799931801396141,0.9770114942528736,0.9200068198603859,0.9936729148940739
v3_default,contamination_symmetric_eps_0p05,normal_contamination_symmetric,8,all,200,200,1.0,0.9811546736227335,1.0,0.06,0.03465219425433187,0.1019316929576627,0.94,0.8980683070423372,0.9653478057456681
v3_default,contamination_symmetric_eps_0p05,normal_contamination_symmetric,8,acceptable,200,0,0.0,1.734723475976807e-18,0.018845326377266575,,,,,,
v3_default,contamination_symmetric_eps_0p05,normal_contamination_symmetric,8,caution,200,200,1.0,0.9811546736227335,1.0,0.06,0.03465219425433187,0.1019316929576627,0.94,0.8980683070423372,0.9653478057456681
v3_default,contamination_symmetric_eps_0p05,normal_contamination_symmetric,8,insufficient,200,0,0.0,1.734723475976807e-18,0.018845326377266575,,,,,,
v3_oracle_simulation_truth,contamination_symmetric_eps_0p05,normal_contamination_symmetric,8,all,200,200,1.0,0.9811546736227335,1.0,0.06,0.03465219425433187,0.1019316929576627,0.94,0.8980683070423372,0.9653478057456681
v3_oracle_simulation_truth,contamination_symmetric_eps_0p05,normal_contamination_symmetric,8,acceptable,200,86,0.43,0.36334322333434416,0.4992951223584731,0.09302325581395349,0.04789228421527053,0.1729574112498685,0.9069767441860465,0.8270425887501315,0.9521077157847294
v3_oracle_simulation_truth,contamination_symmetric_eps_0p05,normal_contamination_symmetric,8,caution,200,114,0.57,0.5007048776415268,0.6366567766656557,0.03508771929824561,0.013727941234497623,0.08675841508863581,0.9649122807017544,0.9132415849113642,0.9862720587655025
v3_oracle_simulation_truth,contamination_symmetric_eps_0p05,normal_contamination_symmetric,8,insufficient,200,0,0.0,1.734723475976807e-18,0.018845326377266575,,,,,,
v2,contamination_symmetric_eps_0p05,normal_contamination_symmetric,10,all,200,200,1.0,0.9811546736227335,1.0,0.04,0.020405632066152306,0.07693206820093293,0.96,0.923067931799067,0.9795943679338476
v2,contamination_symmetric_eps_0p05,normal_contamination_symmetric,10,acceptable,200,127,0.635,0.566317026527406,0.698594735350732,0.05511811023622047,0.026952774659298823,0.10940659477530953,0.9448818897637795,0.8905934052246904,0.9730472253407012
v2,contamination_symmetric_eps_0p05,normal_contamination_symmetric,10,caution,200,0,0.0,1.734723475976807e-18,0.018845326377266575,,,,,,
v2,contamination_symmetric_eps_0p05,normal_contamination_symmetric,10,insufficient,200,73,0.365,0.301405264649268,0.433682973472594,0.0136986301369863,0.0024222514664838588,0.07359737270963818,0.9863013698630136,0.9264026272903616,0.997577748533516
v3_default,contamination_symmetric_eps_0p05,normal_contamination_symmetric,10,all,200,200,1.0,0.9811546736227335,1.0,0.04,0.020405632066152306,0.07693206820093293,0.96,0.923067931799067,0.9795943679338476
v3_default,contamination_symmetric_eps_0p05,normal_contamination_symmetric,10,acceptable,200,0,0.0,1.734723475976807e-18,0.018845326377266575,,,,,,
v3_default,contamination_symmetric_eps_0p05,normal_contamination_symmetric,10,caution,200,200,1.0,0.9811546736227335,1.0,0.04,0.020405632066152306,0.07693206820093293,0.96,0.923067931799067,0.9795943679338476
v3_default,contamination_symmetric_eps_0p05,normal_contamination_symmetric,10,insufficient,200,0,0.0,1.734723475976807e-18,0.018845326377266575,,,,,,
v3_oracle_simulation_truth,contamination_symmetric_eps_0p05,normal_contamination_symmetric,10,all,200,200,1.0,0.9811546736227335,1.0,0.04,0.020405632066152306,0.07693206820093293,0.96,0.923067931799067,0.9795943679338476
v3_oracle_simulation_truth,contamination_symmetric_eps_0p05,normal_contamination_symmetric,10,acceptable,200,107,0.535,0.4658664687236316,0.6028143584299599,0.037383177570093455,0.014631899269525926,0.09220049852352191,0.9626168224299065,0.907799501476478,0.9853681007304741
v3_oracle_simulation_truth,contamination_symmetric_eps_0p05,normal_contamination_symmetric,10,caution,200,93,0.465,0.3971856415700402,0.5341335312763685,0.043010752688172046,0.016851153993758472,0.10542559570513925,0.956989247311828,0.8945744042948608,0.9831488460062415
v3_oracle_simulation_truth,contamination_symmetric_eps_0p05,normal_contamination_symmetric,10,insufficient,200,0,0.0,1.734723475976807e-18,0.018845326377266575,,,,,,
v2,contamination_symmetric_eps_0p05,normal_contamination_symmetric,15,all,200,200,1.0,0.9811546736227335,1.0,0.02,0.0078044264163494685,0.050287086905826436,0.98,0.9497129130941735,0.9921955735836505
v2,contamination_symmetric_eps_0p05,normal_contamination_symmetric,15,acceptable,200,96,0.48,0.411791663783233,0.5489621492718576,0.03125,0.010684070371201164,0.0878867932453698,0.96875,0.9121132067546303,0.989315929628799
v2,contamination_symmetric_eps_0p05,normal_contamination_symmetric,15,caution,200,0,0.0,1.734723475976807e-18,0.018845326377266575,,,,,,
v2,contamination_symmetric_eps_0p05,normal_contamination_symmetric,15,insufficient,200,104,0.52,0.4510378507281424,0.588208336216767,0.009615384615384616,0.0016993728496512567,0.05246772470794581,0.9903846153846154,0.9475322752920542,0.9983006271503486
v3_default,contamination_symmetric_eps_0p05,normal_contamination_symmetric,15,all,200,200,1.0,0.9811546736227335,1.0,0.02,0.0078044264163494685,0.050287086905826436,0.98,0.9497129130941735,0.9921955735836505
v3_default,contamination_symmetric_eps_0p05,normal_contamination_symmetric,15,acceptable,200,0,0.0,1.734723475976807e-18,0.018845326377266575,,,,,,
v3_default,contamination_symmetric_eps_0p05,normal_contamination_symmetric,15,caution,200,156,0.78,0.7176120008170632,0.8318346164116674,0.02564102564102564,0.010015466073008981,0.0640670586240257,0.9743589743589743,0.9359329413759742,0.9899845339269909
v3_default,contamination_symmetric_eps_0p05,normal_contamination_symmetric,15,insufficient,200,44,0.22,0.16816538358833258,0.28238799918293667,0.0,0.0,0.08029560375848066,1.0,0.9197043962415192,1.0
v3_oracle_simulation_truth,contamination_symmetric_eps_0p05,normal_contamination_symmetric,15,all,200,200,1.0,0.9811546736227335,1.0,0.02,0.0078044264163494685,0.050287086905826436,0.98,0.9497129130941735,0.9921955735836505
v3_oracle_simulation_truth,contamination_symmetric_eps_0p05,normal_contamination_symmetric,15,acceptable,200,72,0.36,0.2966919730456654,0.42858471833996925,0.027777777777777776,0.007651021904494577,0.09574175221438225,0.9722222222222222,0.9042582477856177,0.9923489780955054
v3_oracle_simulation_truth,contamination_symmetric_eps_0p05,normal_contamination_symmetric,15,caution,200,128,0.64,0.5714152816600309,0.7033080269543346,0.015625,0.004295449710144082,0.055180976679817195,0.984375,0.9448190233201829,0.9957045502898559
v3_oracle_simulation_truth,contamination_symmetric_eps_0p05,normal_contamination_symmetric,15,insufficient,200,0,0.0,1.734723475976807e-18,0.018845326377266575,,,,,,
v2,contamination_symmetric_eps_0p05,normal_contamination_symmetric,20,all,200,200,1.0,0.9811546736227335,1.0,0.025,0.010724719651761264,0.05717834040664198,0.975,0.942821659593358,0.9892752803482386
v2,contamination_symmetric_eps_0p05,normal_contamination_symmetric,20,acceptable,200,76,0.38,0.31559005848673627,0.44893281984380773,0.013157894736842105,0.00232648004557906,0.07083674751784413,0.9868421052631579,0.9291632524821559,0.997673519954421
v2,contamination_symmetric_eps_0p05,normal_contamination_symmetric,20,caution,200,0,0.0,1.734723475976807e-18,0.018845326377266575,,,,,,
v2,contamination_symmetric_eps_0p05,normal_contamination_symmetric,20,insufficient,200,124,0.62,0.5510671801561923,0.6844099415132637,0.03225806451612903,0.012614619069790334,0.08001150495858558,0.967741935483871,0.9199884950414144,0.9873853809302097
v3_default,contamination_symmetric_eps_0p05,normal_contamination_symmetric,20,all,200,200,1.0,0.9811546736227335,1.0,0.025,0.010724719651761264,0.05717834040664198,0.975,0.942821659593358,0.9892752803482386
v3_default,contamination_symmetric_eps_0p05,normal_contamination_symmetric,20,acceptable,200,0,0.0,1.734723475976807e-18,0.018845326377266575,,,,,,
v3_default,contamination_symmetric_eps_0p05,normal_contamination_symmetric,20,caution,200,126,0.63,0.5612262992405018,0.6938739159014088,0.03968253968253968,0.017067113080169644,0.08953565422090193,0.9603174603174603,0.9104643457790981,0.9829328869198303
v3_default,contamination_symmetric_eps_0p05,normal_contamination_symmetric,20,insufficient,200,74,0.37,0.30612608409859116,0.4387737007594981,0.0,-3.469446951953614e-18,0.04934977939638607,1.0,0.950650220603614,1.0000000000000002
v3_oracle_simulation_truth,contamination_symmetric_eps_0p05,normal_contamination_symmetric,20,all,200,200,1.0,0.9811546736227335,1.0,0.025,0.010724719651761264,0.05717834040664198,0.975,0.942821659593358,0.9892752803482386
v3_oracle_simulation_truth,contamination_symmetric_eps_0p05,normal_contamination_symmetric,20,acceptable,200,60,0.3,0.24074744682371402,0.36679068372719265,0.016666666666666666,0.0029481597947862495,0.08855129727590061,0.9833333333333333,0.9114487027240993,0.9970518402052136
v3_oracle_simulation_truth,contamination_symmetric_eps_0p05,normal_contamination_symmetric,20,caution,200,140,0.7,0.6332093162728074,0.7592525531762859,0.02857142857142857,0.011165776841333588,0.07115721207839866,0.9714285714285714,0.9288427879216012,0.9888342231586664
v3_oracle_simulation_truth,contamination_symmetric_eps_0p05,normal_contamination_symmetric,20,insufficient,200,0,0.0,1.734723475976807e-18,0.018845326377266575,,,,,,
v2,contamination_symmetric_eps_0p05,normal_contamination_symmetric,30,all,200,200,1.0,0.9811546736227335,1.0,0.04,0.020405632066152306,0.07693206820093293,0.96,0.923067931799067,0.9795943679338476
v2,contamination_symmetric_eps_0p05,normal_contamination_symmetric,30,acceptable,200,56,0.28,0.22236889773949026,0.3459230458665071,0.10714285714285714,0.05003935571117074,0.21468445171071482,0.8928571428571429,0.7853155482892853,0.9499606442888293
v2,contamination_symmetric_eps_0p05,normal_contamination_symmetric,30,caution,200,0,0.0,1.734723475976807e-18,0.018845326377266575,,,,,,
v2,contamination_symmetric_eps_0p05,normal_contamination_symmetric,30,insufficient,200,144,0.72,0.6540769541334929,0.7776311022605097,0.013888888888888888,0.0038171346628682636,0.04922251255952857,0.9861111111111112,0.9507774874404714,0.9961828653371317
v3_default,contamination_symmetric_eps_0p05,normal_contamination_symmetric,30,all,200,200,1.0,0.9811546736227335,1.0,0.04,0.020405632066152306,0.07693206820093293,0.96,0.923067931799067,0.9795943679338476
v3_default,contamination_symmetric_eps_0p05,normal_contamination_symmetric,30,acceptable,200,0,0.0,1.734723475976807e-18,0.018845326377266575,,,,,,
v3_default,contamination_symmetric_eps_0p05,normal_contamination_symmetric,30,caution,200,107,0.535,0.4658664687236316,0.6028143584299599,0.06542056074766354,0.03204830428813078,0.1289154633356414,0.9345794392523364,0.8710845366643586,0.9679516957118693
v3_default,contamination_symmetric_eps_0p05,normal_contamination_symmetric,30,insufficient,200,93,0.465,0.3971856415700402,0.5341335312763685,0.010752688172043012,0.0019006420286555546,0.058419172354870236,0.989247311827957,0.94158082764513,0.9980993579713445
v3_oracle_simulation_truth,contamination_symmetric_eps_0p05,normal_contamination_symmetric,30,all,200,200,1.0,0.9811546736227335,1.0,0.04,0.020405632066152306,0.07693206820093293,0.96,0.923067931799067,0.9795943679338476
v3_oracle_simulation_truth,contamination_symmetric_eps_0p05,normal_contamination_symmetric,30,acceptable,200,48,0.24,0.1860661599241369,0.30373340979204166,0.125,0.058570514385719794,0.24700458286386834,0.875,0.7529954171361317,0.9414294856142802
v3_oracle_simulation_truth,contamination_symmetric_eps_0p05,normal_contamination_symmetric,30,caution,200,152,0.76,0.6962665902079583,0.8139338400758631,0.013157894736842105,0.0036158171874622162,0.04670108102456133,0.9868421052631579,0.9532989189754386,0.9963841828125377
v3_oracle_simulation_truth,contamination_symmetric_eps_0p05,normal_contamination_symmetric,30,insufficient,200,0,0.0,1.734723475976807e-18,0.018845326377266575,,,,,,
v2,contamination_symmetric_eps_0p05,normal_contamination_symmetric,40,all,200,200,1.0,0.9811546736227335,1.0,0.025,0.010724719651761264,0.05717834040664198,0.975,0.942821659593358,0.9892752803482386
v2,contamination_symmetric_eps_0p05,normal_contamination_symmetric,40,acceptable,200,44,0.22,0.16816538358833258,0.28238799918293667,0.09090909090909091,0.03592219322731624,0.21159239166598612,0.9090909090909091,0.7884076083340138,0.9640778067726837
v2,contamination_symmetric_eps_0p05,normal_contamination_symmetric,40,caution,200,8,0.04,0.020405632066152306,0.07693206820093293,0.0,0.0,0.32440756488388023,1.0,0.6755924351161198,1.0
v2,contamination_symmetric_eps_0p05,normal_contamination_symmetric,40,insufficient,200,148,0.74,0.6750925439746589,0.7958616993642531,0.006756756756756757,0.0011937308904065753,0.03727704557646182,0.9932432432432432,0.962722954423538,0.9988062691095932
v3_default,contamination_symmetric_eps_0p05,normal_contamination_symmetric,40,all,200,200,1.0,0.9811546736227335,1.0,0.025,0.010724719651761264,0.05717834040664198,0.975,0.942821659593358,0.9892752803482386
v3_default,contamination_symmetric_eps_0p05,normal_contamination_symmetric,40,acceptable,200,0,0.0,1.734723475976807e-18,0.018845326377266575,,,,,,
v3_default,contamination_symmetric_eps_0p05,normal_contamination_symmetric,40,caution,200,104,0.52,0.4510378507281424,0.588208336216767,0.04807692307692308,0.020708042325852223,0.10764202797232547,0.9519230769230769,0.8923579720276744,0.9792919576741477
v3_default,contamination_symmetric_eps_0p05,normal_contamination_symmetric,40,insufficient,200,96,0.48,0.411791663783233,0.5489621492718576,0.0,3.469446951953614e-18,0.038475587857675686,1.0,0.9615244121423243,1.0
v3_oracle_simulation_truth,contamination_symmetric_eps_0p05,normal_contamination_symmetric,40,all,200,200,1.0,0.9811546736227335,1.0,0.025,0.010724719651761264,0.05717834040664198,0.975,0.942821659593358,0.9892752803482386
v3_oracle_simulation_truth,contamination_symmetric_eps_0p05,normal_contamination_symmetric,40,acceptable,200,36,0.18,0.13294625859420173,0.23911475028724882,0.05555555555555555,0.015369986664161853,0.18144657208647252,0.9444444444444444,0.8185534279135275,0.9846300133358382
v3_oracle_simulation_truth,contamination_symmetric_eps_0p05,normal_contamination_symmetric,40,caution,200,164,0.82,0.7608852497127511,0.8670537414057983,0.018292682926829267,0.006240347155917082,0.05239509899572656,0.9817073170731707,0.9476049010042733,0.9937596528440829
v3_oracle_simulation_truth,contamination_symmetric_eps_0p05,normal_contamination_symmetric,40,insufficient,200,0,0.0,1.734723475976807e-18,0.018845326377266575,,,,,,
v2,contamination_symmetric_eps_0p05,normal_contamination_symmetric,50,all,200,200,1.0,0.9811546736227335,1.0,0.035,0.017055542008567192,0.07047061152229073,0.965,0.9295293884777092,0.9829444579914328
v2,contamination_symmetric_eps_0p05,normal_contamination_symmetric,50,acceptable,200,39,0.195,0.1460552053440051,0.25544044374612745,0.02564102564102564,0.004540703100990098,0.13180990169850076,0.9743589743589743,0.8681900983014993,0.99545929689901
v2,contamination_symmetric_eps_0p05,normal_contamination_symmetric,50,caution,200,12,0.06,0.03465219425433187,0.1019316929576627,0.08333333333333333,0.014865094404917095,0.35387991114111694,0.9166666666666666,0.646120088858883,0.9851349055950829
v2,contamination_symmetric_eps_0p05,normal_contamination_symmetric,50,insufficient,200,149,0.745,0.6803707417954529,0.8003950482796865,0.03355704697986577,0.014417106348108083,0.07614378549035719,0.9664429530201343,0.9238562145096428,0.9855828936518919
v3_default,contamination_symmetric_eps_0p05,normal_contamination_symmetric,50,all,200,200,1.0,0.9811546736227335,1.0,0.035,0.017055542008567192,0.07047061152229073,0.965,0.9295293884777092,0.9829444579914328
v3_default,contamination_symmetric_eps_0p05,normal_contamination_symmetric,50,acceptable,200,0,0.0,1.734723475976807e-18,0.018845326377266575,,,,,,
v3_default,contamination_symmetric_eps_0p05,normal_contamination_symmetric,50,caution,200,96,0.48,0.411791663783233,0.5489621492718576,0.03125,0.010684070371201164,0.0878867932453698,0.96875,0.9121132067546303,0.989315929628799
v3_default,contamination_symmetric_eps_0p05,normal_contamination_symmetric,50,insufficient,200,104,0.52,0.4510378507281424,0.588208336216767,0.038461538461538464,0.015056813343976884,0.09474751376905566,0.9615384615384616,0.9052524862309445,0.9849431866560231
v3_oracle_simulation_truth,contamination_symmetric_eps_0p05,normal_contamination_symmetric,50,all,200,200,1.0,0.9811546736227335,1.0,0.035,0.017055542008567192,0.07047061152229073,0.965,0.9295293884777092,0.9829444579914328
v3_oracle_simulation_truth,contamination_symmetric_eps_0p05,normal_contamination_symmetric,50,acceptable,200,31,0.155,0.11139636927689314,0.21160690592342077,0.03225806451612903,0.005717221525416816,0.16194105164724906,0.967741935483871,0.838058948352751,0.9942827784745831
v3_oracle_simulation_truth,contamination_symmetric_eps_0p05,normal_contamination_symmetric,50,caution,200,169,0.845,0.7883930940765792,0.8886036307231068,0.03550295857988166,0.01637103991780639,0.0752820792399535,0.9644970414201184,0.9247179207600467,0.9836289600821937
v3_oracle_simulation_truth,contamination_symmetric_eps_0p05,normal_contamination_symmetric,50,insufficient,200,0,0.0,1.734723475976807e-18,0.018845326377266575,,,,,,
v2,contamination_symmetric_eps_0p05,normal_contamination_symmetric,80,all,200,200,1.0,0.9811546736227335,1.0,0.025,0.010724719651761264,0.05717834040664198,0.975,0.942821659593358,0.9892752803482386
v2,contamination_symmetric_eps_0p05,normal_contamination_symmetric,80,acceptable,200,7,0.035,0.017055542008567192,0.07047061152229073,0.0,5.551115123125783e-17,0.35433043506668743,1.0,0.6456695649333126,1.0
v2,contamination_symmetric_eps_0p05,normal_contamination_symmetric,80,caution,200,15,0.075,0.04597491718438201,0.12004361023629456,0.06666666666666667,0.011866895493268553,0.2981652987378003,0.9333333333333333,0.7018347012621998,0.9881331045067315
v2,contamination_symmetric_eps_0p05,normal_contamination_symmetric,80,insufficient,200,178,0.89,0.839073090026985,0.926227555398747,0.02247191011235955,0.0087727741610624,0.056346912501650026,0.9775280898876404,0.9436530874983499,0.9912272258389375
v3_default,contamination_symmetric_eps_0p05,normal_contamination_symmetric,80,all,200,200,1.0,0.9811546736227335,1.0,0.025,0.010724719651761264,0.05717834040664198,0.975,0.942821659593358,0.9892752803482386
v3_default,contamination_symmetric_eps_0p05,normal_contamination_symmetric,80,acceptable,200,0,0.0,1.734723475976807e-18,0.018845326377266575,,,,,,
v3_default,contamination_symmetric_eps_0p05,normal_contamination_symmetric,80,caution,200,75,0.375,0.31085436858409826,0.44385696301021843,0.013333333333333334,0.002357551139048661,0.07173365554421572,0.9866666666666667,0.9282663444557845,0.9976424488609515
v3_default,contamination_symmetric_eps_0p05,normal_contamination_symmetric,80,insufficient,200,125,0.625,0.5561430369897816,0.6891456314159018,0.032,0.01251313913869348,0.07939406937230009,0.968,0.9206059306276999,0.9874868608613065
v3_oracle_simulation_truth,contamination_symmetric_eps_0p05,normal_contamination_symmetric,80,all,200,200,1.0,0.9811546736227335,1.0,0.025,0.010724719651761264,0.05717834040664198,0.975,0.942821659593358,0.9892752803482386
v3_oracle_simulation_truth,contamination_symmetric_eps_0p05,normal_contamination_symmetric,80,acceptable,200,7,0.035,0.017055542008567192,0.07047061152229073,0.0,5.551115123125783e-17,0.35433043506668743,1.0,0.6456695649333126,1.0
v3_oracle_simulation_truth,contamination_symmetric_eps_0p05,normal_contamination_symmetric,80,caution,200,193,0.965,0.9295293884777092,0.9829444579914328,0.025906735751295335,0.011115453495622565,0.05920234898166206,0.9740932642487047,0.940797651018338,0.9888845465043774
v3_oracle_simulation_truth,contamination_symmetric_eps_0p05,normal_contamination_symmetric,80,insufficient,200,0,0.0,1.734723475976807e-18,0.018845326377266575,,,,,,
v2,contamination_symmetric_eps_0p05,normal_contamination_symmetric,100,all,5000,5000,1.0,0.9992322980549431,1.0000000000000002,0.0398,0.034725287113523226,0.045581305756707366,0.9602,0.9544186942432927,0.9652747128864768
v2,contamination_symmetric_eps_0p05,normal_contamination_symmetric,100,acceptable,5000,116,0.0232,0.019378981328847723,0.02775309924595875,0.06896551724137931,0.03535749065073652,0.13020673909033134,0.9310344827586207,0.8697932609096686,0.9646425093492634
v2,contamination_symmetric_eps_0p05,normal_contamination_symmetric,100,caution,5000,271,0.0542,0.04825961924472352,0.06082486380948941,0.02952029520295203,0.015032778181346833,0.05715960103913548,0.9704797047970479,0.9428403989608645,0.9849672218186531
v2,contamination_symmetric_eps_0p05,normal_contamination_symmetric,100,insufficient,5000,4613,0.9226,0.914864343361008,0.9296867949550298,0.039670496423151964,0.03441035703645626,0.0456966733044047,0.960329503576848,0.9543033266955953,0.9655896429635437
v3_default,contamination_symmetric_eps_0p05,normal_contamination_symmetric,100,all,5000,5000,1.0,0.9992322980549431,1.0000000000000002,0.0398,0.034725287113523226,0.045581305756707366,0.9602,0.9544186942432927,0.9652747128864768
v3_default,contamination_symmetric_eps_0p05,normal_contamination_symmetric,100,acceptable,5000,0,0.0,0.0,0.0007677019450571244,,,,,,
v3_default,contamination_symmetric_eps_0p05,normal_contamination_symmetric,100,caution,5000,1971,0.3942,0.3807409605264549,0.4078214852051193,0.0182648401826484,0.013222118448399963,0.02518170302392419,0.9817351598173516,0.9748182969760758,0.9867778815516001
v3_default,contamination_symmetric_eps_0p05,normal_contamination_symmetric,100,insufficient,5000,3029,0.6058,0.5921785147948807,0.6192590394735452,0.053813139650049524,0.04632768247223353,0.062428895574860095,0.9461868603499505,0.9375711044251399,0.9536723175277665
v3_oracle_simulation_truth,contamination_symmetric_eps_0p05,normal_contamination_symmetric,100,all,5000,5000,1.0,0.9992322980549431,1.0000000000000002,0.0398,0.034725287113523226,0.045581305756707366,0.9602,0.9544186942432927,0.9652747128864768
v3_oracle_simulation_truth,contamination_symmetric_eps_0p05,normal_contamination_symmetric,100,acceptable,5000,115,0.023,0.019196646091299507,0.027535741564284996,0.0782608695652174,0.041717707746864535,0.14206881791038214,0.9217391304347826,0.8579311820896179,0.9582822922531354
v3_oracle_simulation_truth,contamination_symmetric_eps_0p05,normal_contamination_symmetric,100,caution,5000,4885,0.977,0.972464258435715,0.9808033539087004,0.038894575230296824,0.033825097587445195,0.0446886897901651,0.9611054247697032,0.955311310209835,0.9661749024125548
v3_oracle_simulation_truth,contamination_symmetric_eps_0p05,normal_contamination_symmetric,100,insufficient,5000,0,0.0,0.0,0.0007677019450571244,,,,,,
v2,contamination_symmetric_eps_0p05,normal_contamination_symmetric,200,all,200,200,1.0,0.9811546736227335,1.0,0.045,0.023852543001492997,0.0832967040018196,0.955,0.9167032959981803,0.976147456998507
v2,contamination_symmetric_eps_0p05,normal_contamination_symmetric,200,acceptable,200,0,0.0,1.734723475976807e-18,0.018845326377266575,,,,,,
v2,contamination_symmetric_eps_0p05,normal_contamination_symmetric,200,caution,200,55,0.275,0.21779700329307355,0.34068339357669647,0.01818181818181818,0.003216780454841077,0.09605776062162397,0.9818181818181818,0.903942239378376,0.9967832195451589
v2,contamination_symmetric_eps_0p05,normal_contamination_symmetric,200,insufficient,200,145,0.725,0.6593166064233035,0.7822029967069265,0.05517241379310345,0.028218774309542574,0.10508722106232939,0.9448275862068966,0.8949127789376705,0.9717812256904574
v3_default,contamination_symmetric_eps_0p05,normal_contamination_symmetric,200,all,200,200,1.0,0.9811546736227335,1.0,0.045,0.023852543001492997,0.0832967040018196,0.955,0.9167032959981803,0.976147456998507
v3_default,contamination_symmetric_eps_0p05,normal_contamination_symmetric,200,acceptable,200,0,0.0,1.734723475976807e-18,0.018845326377266575,,,,,,
v3_default,contamination_symmetric_eps_0p05,normal_contamination_symmetric,200,caution,200,89,0.445,0.3778060100295335,0.5142669758719658,0.011235955056179775,0.001986183228256385,0.060932462115046646,0.9887640449438202,0.9390675378849535,0.9980138167717437
v3_default,contamination_symmetric_eps_0p05,normal_contamination_symmetric,200,insufficient,200,111,0.555,0.4857330241280342,0.6221939899704665,0.07207207207207207,0.03697008426552741,0.13580252785944805,0.9279279279279279,0.8641974721405519,0.9630299157344726
v3_oracle_simulation_truth,contamination_symmetric_eps_0p05,normal_contamination_symmetric,200,all,200,200,1.0,0.9811546736227335,1.0,0.045,0.023852543001492997,0.0832967040018196,0.955,0.9167032959981803,0.976147456998507
v3_oracle_simulation_truth,contamination_symmetric_eps_0p05,normal_contamination_symmetric,200,acceptable,200,0,0.0,1.734723475976807e-18,0.018845326377266575,,,,,,
v3_oracle_simulation_truth,contamination_symmetric_eps_0p05,normal_contamination_symmetric,200,caution,200,200,1.0,0.9811546736227335,1.0,0.045,0.023852543001492997,0.0832967040018196,0.955,0.9167032959981803,0.976147456998507
v3_oracle_simulation_truth,contamination_symmetric_eps_0p05,normal_contamination_symmetric,200,insufficient,200,0,0.0,1.734723475976807e-18,0.018845326377266575,,,,,,
v2,contamination_symmetric_eps_0p05,normal_contamination_symmetric,500,all,200,200,1.0,0.9811546736227335,1.0,0.05,0.02738264560076393,0.08957814813877599,0.95,0.9104218518612239,0.972617354399236
v2,contamination_symmetric_eps_0p05,normal_contamination_symmetric,500,acceptable,200,0,0.0,1.734723475976807e-18,0.018845326377266575,,,,,,
v2,contamination_symmetric_eps_0p05,normal_contamination_symmetric,500,caution,200,26,0.13,0.0902820227966932,0.18366351872248407,0.0,0.0,0.1287289218592153,1.0,0.8712710781407846,1.0
v2,contamination_symmetric_eps_0p05,normal_contamination_symmetric,500,insufficient,200,174,0.87,0.8163364812775159,0.9097179772033067,0.05747126436781609,0.031513445001219616,0.10254673972056624,0.9425287356321839,0.8974532602794337,0.9684865549987803
v3_default,contamination_symmetric_eps_0p05,normal_contamination_symmetric,500,all,200,200,1.0,0.9811546736227335,1.0,0.05,0.02738264560076393,0.08957814813877599,0.95,0.9104218518612239,0.972617354399236
v3_default,contamination_symmetric_eps_0p05,normal_contamination_symmetric,500,acceptable,200,0,0.0,1.734723475976807e-18,0.018845326377266575,,,,,,
v3_default,contamination_symmetric_eps_0p05,normal_contamination_symmetric,500,caution,200,124,0.62,0.5510671801561923,0.6844099415132637,0.0,0.0,0.030048615340677695,1.0,0.9699513846593223,0.9999999999999999
v3_default,contamination_symmetric_eps_0p05,normal_contamination_symmetric,500,insufficient,200,76,0.38,0.31559005848673627,0.44893281984380773,0.13157894736842105,0.07306881567918964,0.22554119436880626,0.868421052631579,0.7744588056311937,0.9269311843208105
v3_oracle_simulation_truth,contamination_symmetric_eps_0p05,normal_contamination_symmetric,500,all,200,200,1.0,0.9811546736227335,1.0,0.05,0.02738264560076393,0.08957814813877599,0.95,0.9104218518612239,0.972617354399236
v3_oracle_simulation_truth,contamination_symmetric_eps_0p05,normal_contamination_symmetric,500,acceptable,200,0,0.0,1.734723475976807e-18,0.018845326377266575,,,,,,
v3_oracle_simulation_truth,contamination_symmetric_eps_0p05,normal_contamination_symmetric,500,caution,200,200,1.0,0.9811546736227335,1.0,0.05,0.02738264560076393,0.08957814813877599,0.95,0.9104218518612239,0.972617354399236
v3_oracle_simulation_truth,contamination_symmetric_eps_0p05,normal_contamination_symmetric,500,insufficient,200,0,0.0,1.734723475976807e-18,0.018845326377266575,,,,,,
v2,contamination_symmetric_eps_0p05,normal_contamination_symmetric,750,all,200,200,1.0,0.9811546736227335,1.0,0.055,0.03098534170345884,0.0957869987723084,0.945,0.9042130012276914,0.9690146582965411
v2,contamination_symmetric_eps_0p05,normal_contamination_symmetric,750,acceptable,200,0,0.0,1.734723475976807e-18,0.018845326377266575,,,,,,
v2,contamination_symmetric_eps_0p05,normal_contamination_symmetric,750,caution,200,20,0.1,0.06567044866909588,0.1494058124327174,0.05,0.008881448800795402,0.23613119344674205,0.95,0.763868806553258,0.9911185511992047
v2,contamination_symmetric_eps_0p05,normal_contamination_symmetric,750,insufficient,200,180,0.9,0.8505941875672826,0.9343295513309041,0.05555555555555555,0.030453273623977817,0.09923161341745598,0.9444444444444444,0.9007683865825439,0.9695467263760221
v3_default,contamination_symmetric_eps_0p05,normal_contamination_symmetric,750,all,200,200,1.0,0.9811546736227335,1.0,0.055,0.03098534170345884,0.0957869987723084,0.945,0.9042130012276914,0.9690146582965411
v3_default,contamination_symmetric_eps_0p05,normal_contamination_symmetric,750,acceptable,200,0,0.0,1.734723475976807e-18,0.018845326377266575,,,,,,
v3_default,contamination_symmetric_eps_0p05,normal_contamination_symmetric,750,caution,200,132,0.66,0.5918849552683626,0.7220845402909121,0.015151515151515152,0.004164974167335876,0.05356010394040567,0.9848484848484849,0.9464398960595944,0.9958350258326641
v3_default,contamination_symmetric_eps_0p05,normal_contamination_symmetric,750,insufficient,200,68,0.34,0.27791545970908793,0.4081150447316374,0.1323529411764706,0.07122244410229805,0.23280059745657733,0.8676470588235294,0.7671994025434227,0.928777555897702
v3_oracle_simulation_truth,contamination_symmetric_eps_0p05,normal_contamination_symmetric,750,all,200,200,1.0,0.9811546736227335,1.0,0.055,0.03098534170345884,0.0957869987723084,0.945,0.9042130012276914,0.9690146582965411
v3_oracle_simulation_truth,contamination_symmetric_eps_0p05,normal_contamination_symmetric,750,acceptable,200,0,0.0,1.734723475976807e-18,0.018845326377266575,,,,,,
v3_oracle_simulation_truth,contamination_symmetric_eps_0p05,normal_contamination_symmetric,750,caution,200,200,1.0,0.9811546736227335,1.0,0.055,0.03098534170345884,0.0957869987723084,0.945,0.9042130012276914,0.9690146582965411
v3_oracle_simulation_truth,contamination_symmetric_eps_0p05,normal_contamination_symmetric,750,insufficient,200,0,0.0,1.734723475976807e-18,0.018845326377266575,,,,,,
v2,contamination_symmetric_eps_0p05,normal_contamination_symmetric,2000,all,200,200,1.0,0.9811546736227335,1.0,0.06,0.03465219425433187,0.1019316929576627,0.94,0.8980683070423372,0.9653478057456681
v2,contamination_symmetric_eps_0p05,normal_contamination_symmetric,2000,acceptable,200,0,0.0,1.734723475976807e-18,0.018845326377266575,,,,,,
v2,contamination_symmetric_eps_0p05,normal_contamination_symmetric,2000,caution,200,4,0.02,0.0078044264163494685,0.050287086905826436,0.0,0.0,0.4898908364545973,1.0,0.5101091635454027,1.0
v2,contamination_symmetric_eps_0p05,normal_contamination_symmetric,2000,insufficient,200,196,0.98,0.9497129130941735,0.9921955735836505,0.061224489795918366,0.03536638961149956,0.10395134247969086,0.9387755102040817,0.8960486575203093,0.9646336103885005
v3_default,contamination_symmetric_eps_0p05,normal_contamination_symmetric,2000,all,200,200,1.0,0.9811546736227335,1.0,0.06,0.03465219425433187,0.1019316929576627,0.94,0.8980683070423372,0.9653478057456681
v3_default,contamination_symmetric_eps_0p05,normal_contamination_symmetric,2000,acceptable,200,0,0.0,1.734723475976807e-18,0.018845326377266575,,,,,,
v3_default,contamination_symmetric_eps_0p05,normal_contamination_symmetric,2000,caution,200,160,0.8,0.7391448134346212,0.8495479907390189,0.0125,0.0034346711081265323,0.044425369184091026,0.9875,0.9555746308159091,0.9965653288918735
v3_default,contamination_symmetric_eps_0p05,normal_contamination_symmetric,2000,insufficient,200,40,0.2,0.15045200926098115,0.2608551865653788,0.25,0.14187118639096302,0.40193961420768026,0.75,0.5980603857923197,0.858128813609037
v3_oracle_simulation_truth,contamination_symmetric_eps_0p05,normal_contamination_symmetric,2000,all,200,200,1.0,0.9811546736227335,1.0,0.06,0.03465219425433187,0.1019316929576627,0.94,0.8980683070423372,0.9653478057456681
v3_oracle_simulation_truth,contamination_symmetric_eps_0p05,normal_contamination_symmetric,2000,acceptable,200,0,0.0,1.734723475976807e-18,0.018845326377266575,,,,,,
v3_oracle_simulation_truth,contamination_symmetric_eps_0p05,normal_contamination_symmetric,2000,caution,200,200,1.0,0.9811546736227335,1.0,0.06,0.03465219425433187,0.1019316929576627,0.94,0.8980683070423372,0.9653478057456681
v3_oracle_simulation_truth,contamination_symmetric_eps_0p05,normal_contamination_symmetric,2000,insufficient,200,0,0.0,1.734723475976807e-18,0.018845326377266575,,,,,,
v2,contamination_symmetric_eps_0p1,normal_contamination_symmetric,5,all,200,200,1.0,0.9811546736227335,1.0,0.01,0.0027466581335444384,0.0357217617161768,0.99,0.9642782382838231,0.9972533418664555
v2,contamination_symmetric_eps_0p1,normal_contamination_symmetric,5,acceptable,200,87,0.435,0.36815725502699076,0.504292637402054,0.011494252873563218,0.0020319077375923027,0.06227197835723791,0.9885057471264368,0.9377280216427621,0.9979680922624077
v2,contamination_symmetric_eps_0p1,normal_contamination_symmetric,5,caution,200,0,0.0,1.734723475976807e-18,0.018845326377266575,,,,,,
v2,contamination_symmetric_eps_0p1,normal_contamination_symmetric,5,insufficient,200,113,0.565,0.49570736259794607,0.6318427449730093,0.008849557522123894,0.0015638760684392287,0.0484308679175844,0.9911504424778761,0.9515691320824156,0.9984361239315607
v3_default,contamination_symmetric_eps_0p1,normal_contamination_symmetric,5,all,200,200,1.0,0.9811546736227335,1.0,0.01,0.0027466581335444384,0.0357217617161768,0.99,0.9642782382838231,0.9972533418664555
v3_default,contamination_symmetric_eps_0p1,normal_contamination_symmetric,5,acceptable,200,0,0.0,1.734723475976807e-18,0.018845326377266575,,,,,,
v3_default,contamination_symmetric_eps_0p1,normal_contamination_symmetric,5,caution,200,200,1.0,0.9811546736227335,1.0,0.01,0.0027466581335444384,0.0357217617161768,0.99,0.9642782382838231,0.9972533418664555
v3_default,contamination_symmetric_eps_0p1,normal_contamination_symmetric,5,insufficient,200,0,0.0,1.734723475976807e-18,0.018845326377266575,,,,,,
v3_oracle_simulation_truth,contamination_symmetric_eps_0p1,normal_contamination_symmetric,5,all,200,200,1.0,0.9811546736227335,1.0,0.01,0.0027466581335444384,0.0357217617161768,0.99,0.9642782382838231,0.9972533418664555
v3_oracle_simulation_truth,contamination_symmetric_eps_0p1,normal_contamination_symmetric,5,acceptable,200,65,0.325,0.2639157153923429,0.3926801488397004,0.0,0.0,0.05580153132285689,1.0,0.9441984686771432,1.0
v3_oracle_simulation_truth,contamination_symmetric_eps_0p1,normal_contamination_symmetric,5,caution,200,135,0.675,0.6073198511602996,0.7360842846076571,0.014814814814814815,0.004072203419334865,0.05240558705693005,0.9851851851851852,0.9475944129430699,0.9959277965806651
v3_oracle_simulation_truth,contamination_symmetric_eps_0p1,normal_contamination_symmetric,5,insufficient,200,0,0.0,1.734723475976807e-18,0.018845326377266575,,,,,,
v2,contamination_symmetric_eps_0p1,normal_contamination_symmetric,8,all,200,200,1.0,0.9811546736227335,1.0,0.045,0.023852543001492997,0.0832967040018196,0.955,0.9167032959981803,0.976147456998507
v2,contamination_symmetric_eps_0p1,normal_contamination_symmetric,8,acceptable,200,91,0.455,0.387482193098835,0.524213886275119,0.054945054945054944,0.023695099703426786,0.12224802467282925,0.945054945054945,0.8777519753271708,0.9763049002965734
v2,contamination_symmetric_eps_0p1,normal_contamination_symmetric,8,caution,200,0,0.0,1.734723475976807e-18,0.018845326377266575,,,,,,
v2,contamination_symmetric_eps_0p1,normal_contamination_symmetric,8,insufficient,200,109,0.545,0.47578611372488105,0.6125178069011651,0.03669724770642202,0.014361701565631893,0.09057720071770607,0.963302752293578,0.9094227992822939,0.9856382984343681
v3_default,contamination_symmetric_eps_0p1,normal_contamination_symmetric,8,all,200,200,1.0,0.9811546736227335,1.0,0.045,0.023852543001492997,0.0832967040018196,0.955,0.9167032959981803,0.976147456998507
v3_default,contamination_symmetric_eps_0p1,normal_contamination_symmetric,8,acceptable,200,0,0.0,1.734723475976807e-18,0.018845326377266575,,,,,,
v3_default,contamination_symmetric_eps_0p1,normal_contamination_symmetric,8,caution,200,200,1.0,0.9811546736227335,1.0,0.045,0.023852543001492997,0.0832967040018196,0.955,0.9167032959981803,0.976147456998507
v3_default,contamination_symmetric_eps_0p1,normal_contamination_symmetric,8,insufficient,200,0,0.0,1.734723475976807e-18,0.018845326377266575,,,,,,
v3_oracle_simulation_truth,contamination_symmetric_eps_0p1,normal_contamination_symmetric,8,all,200,200,1.0,0.9811546736227335,1.0,0.045,0.023852543001492997,0.0832967040018196,0.955,0.9167032959981803,0.976147456998507
v3_oracle_simulation_truth,contamination_symmetric_eps_0p1,normal_contamination_symmetric,8,acceptable,200,67,0.335,0.2732408697841632,0.40297808792033485,0.04477611940298507,0.015343975122038639,0.12357833089093759,0.9552238805970149,0.8764216691090624,0.9846560248779613
v3_oracle_simulation_truth,contamination_symmetric_eps_0p1,normal_contamination_symmetric,8,caution,200,133,0.665,0.5970219120796653,0.7267591302158368,0.045112781954887216,0.02083720877787347,0.09492784486315411,0.9548872180451128,0.9050721551368458,0.9791627912221265
v3_oracle_simulation_truth,contamination_symmetric_eps_0p1,normal_contamination_symmetric,8,insufficient,200,0,0.0,1.734723475976807e-18,0.018845326377266575,,,,,,
v2,contamination_symmetric_eps_0p1,normal_contamination_symmetric,10,all,200,200,1.0,0.9811546736227335,1.0,0.04,0.020405632066152306,0.07693206820093293,0.96,0.923067931799067,0.9795943679338476
v2,contamination_symmetric_eps_0p1,normal_contamination_symmetric,10,acceptable,200,74,0.37,0.30612608409859116,0.4387737007594981,0.06756756756756757,0.029204086165362186,0.1486119392585393,0.9324324324324325,0.8513880607414608,0.9707959138346378
v2,contamination_symmetric_eps_0p1,normal_contamination_symmetric,10,caution,200,0,0.0,1.734723475976807e-18,0.018845326377266575,,,,,,
v2,contamination_symmetric_eps_0p1,normal_contamination_symmetric,10,insufficient,200,126,0.63,0.5612262992405018,0.6938739159014088,0.023809523809523808,0.008129952024257238,0.0676660141492651,0.9761904761904762,0.9323339858507348,0.9918700479757426
v3_default,contamination_symmetric_eps_0p1,normal_contamination_symmetric,10,all,200,200,1.0,0.9811546736227335,1.0,0.04,0.020405632066152306,0.07693206820093293,0.96,0.923067931799067,0.9795943679338476
v3_default,contamination_symmetric_eps_0p1,normal_contamination_symmetric,10,acceptable,200,0,0.0,1.734723475976807e-18,0.018845326377266575,,,,,,
v3_default,contamination_symmetric_eps_0p1,normal_contamination_symmetric,10,caution,200,200,1.0,0.9811546736227335,1.0,0.04,0.020405632066152306,0.07693206820093293,0.96,0.923067931799067,0.9795943679338476
v3_default,contamination_symmetric_eps_0p1,normal_contamination_symmetric,10,insufficient,200,0,0.0,1.734723475976807e-18,0.018845326377266575,,,,,,
v3_oracle_simulation_truth,contamination_symmetric_eps_0p1,normal_contamination_symmetric,10,all,200,200,1.0,0.9811546736227335,1.0,0.04,0.020405632066152306,0.07693206820093293,0.96,0.923067931799067,0.9795943679338476
v3_oracle_simulation_truth,contamination_symmetric_eps_0p1,normal_contamination_symmetric,10,acceptable,200,54,0.27,0.21323449814685846,0.33543435198668425,0.09259259259259259,0.04020113475702944,0.19909882590962688,0.9074074074074074,0.8009011740903732,0.9597988652429706
v3_oracle_simulation_truth,contamination_symmetric_eps_0p1,normal_contamination_symmetric,10,caution,200,146,0.73,0.6645656480133157,0.7867655018531416,0.02054794520547945,0.007012381496207375,0.058666762968548405,0.9794520547945206,0.9413332370314517,0.9929876185037926
v3_oracle_simulation_truth,contamination_symmetric_eps_0p1,normal_contamination_symmetric,10,insufficient,200,0,0.0,1.734723475976807e-18,0.018845326377266575,,,,,,
v2,contamination_symmetric_eps_0p1,normal_contamination_symmetric,15,all,200,200,1.0,0.9811546736227335,1.0,0.02,0.0078044264163494685,0.050287086905826436,0.98,0.9497129130941735,0.9921955735836505
v2,contamination_symmetric_eps_0p1,normal_contamination_symmetric,15,acceptable,200,64,0.32,0.25926533315468053,0.38751898434113546,0.03125,0.008612138346171874,0.10697291770958313,0.96875,0.8930270822904169,0.9913878616538281
v2,contamination_symmetric_eps_0p1,normal_contamination_symmetric,15,caution,200,0,0.0,1.734723475976807e-18,0.018845326377266575,,,,,,
v2,contamination_symmetric_eps_0p1,normal_contamination_symmetric,15,insufficient,200,136,0.68,0.6124810156588646,0.7407346668453195,0.014705882352941176,0.004042191463735811,0.0520317288659177,0.9852941176470589,0.9479682711340823,0.9959578085362643
v3_default,contamination_symmetric_eps_0p1,normal_contamination_symmetric,15,all,200,200,1.0,0.9811546736227335,1.0,0.02,0.0078044264163494685,0.050287086905826436,0.98,0.9497129130941735,0.9921955735836505
v3_default,contamination_symmetric_eps_0p1,normal_contamination_symmetric,15,acceptable,200,0,0.0,1.734723475976807e-18,0.018845326377266575,,,,,,
v3_default,contamination_symmetric_eps_0p1,normal_contamination_symmetric,15,caution,200,154,0.77,0.7069169563469642,0.8229065674093119,0.025974025974025976,0.010146123885996193,0.06487509619880974,0.974025974025974,0.9351249038011903,0.9898538761140038
v3_default,contamination_symmetric_eps_0p1,normal_contamination_symmetric,15,insufficient,200,46,0.23,0.17709343259068805,0.2930830436530359,0.0,0.0,0.07707356308558039,1.0,0.9229264369144198,1.0000000000000002
v3_oracle_simulation_truth,contamination_symmetric_eps_0p1,normal_contamination_symmetric,15,all,200,200,1.0,0.9811546736227335,1.0,0.02,0.0078044264163494685,0.050287086905826436,0.98,0.9497129130941735,0.9921955735836505
v3_oracle_simulation_truth,contamination_symmetric_eps_0p1,normal_contamination_symmetric,15,acceptable,200,46,0.23,0.17709343259068805,0.2930830436530359,0.043478260869565216,0.012005445598556624,0.1453225902621907,0.9565217391304348,0.8546774097378094,0.9879945544014435
v3_oracle_simulation_truth,contamination_symmetric_eps_0p1,normal_contamination_symmetric,15,caution,200,154,0.77,0.7069169563469642,0.8229065674093119,0.012987012987012988,0.003568762647733807,0.04611057305583393,0.987012987012987,0.9538894269441661,0.9964312373522662
v3_oracle_simulation_truth,contamination_symmetric_eps_0p1,normal_contamination_symmetric,15,insufficient,200,0,0.0,1.734723475976807e-18,0.018845326377266575,,,,,,
v2,contamination_symmetric_eps_0p1,normal_contamination_symmetric,20,all,200,200,1.0,0.9811546736227335,1.0,0.03,0.013820314340111346,0.06389429245451925,0.97,0.9361057075454807,0.9861796856598887
v2,contamination_symmetric_eps_0p1,normal_contamination_symmetric,20,acceptable,200,35,0.175,0.12860515066273331,0.23364431148248993,0.0,6.938893903907228e-18,0.09890099232440402,1.0,0.9010990076755959,0.9999999999999999
v2,contamination_symmetric_eps_0p1,normal_contamination_symmetric,20,caution,200,0,0.0,1.734723475976807e-18,0.018845326377266575,,,,,,
v2,contamination_symmetric_eps_0p1,normal_contamination_symmetric,20,insufficient,200,165,0.825,0.7663556885175099,0.8713948493372666,0.03636363636363636,0.016770425100627574,0.07705403561738483,0.9636363636363636,0.9229459643826151,0.9832295748993723
v3_default,contamination_symmetric_eps_0p1,normal_contamination_symmetric,20,all,200,200,1.0,0.9811546736227335,1.0,0.03,0.013820314340111346,0.06389429245451925,0.97,0.9361057075454807,0.9861796856598887
v3_default,contamination_symmetric_eps_0p1,normal_contamination_symmetric,20,acceptable,200,0,0.0,1.734723475976807e-18,0.018845326377266575,,,,,,
v3_default,contamination_symmetric_eps_0p1,normal_contamination_symmetric,20,caution,200,128,0.64,0.5714152816600309,0.7033080269543346,0.046875,0.021657844171923776,0.09849752245094322,0.953125,0.9015024775490568,0.9783421558280763
v3_default,contamination_symmetric_eps_0p1,normal_contamination_symmetric,20,insufficient,200,72,0.36,0.2966919730456654,0.42858471833996925,0.0,0.0,0.05065117259645781,1.0,0.9493488274035422,1.0
v3_oracle_simulation_truth,contamination_symmetric_eps_0p1,normal_contamination_symmetric,20,all,200,200,1.0,0.9811546736227335,1.0,0.03,0.013820314340111346,0.06389429245451925,0.97,0.9361057075454807,0.9861796856598887
v3_oracle_simulation_truth,contamination_symmetric_eps_0p1,normal_contamination_symmetric,20,acceptable,200,27,0.135,0.09446570454787906,0.18929138370752552,0.0,0.0,0.12455502974186705,1.0,0.8754449702581328,0.9999999999999998
v3_oracle_simulation_truth,contamination_symmetric_eps_0p1,normal_contamination_symmetric,20,caution,200,173,0.865,0.8107086162924745,0.9055342954521209,0.03468208092485549,0.01599023570343839,0.07358976960943533,0.9653179190751445,0.9264102303905647,0.9840097642965616
v3_oracle_simulation_truth,contamination_symmetric_eps_0p1,normal_contamination_symmetric,20,insufficient,200,0,0.0,1.734723475976807e-18,0.018845326377266575,,,,,,
v2,contamination_symmetric_eps_0p1,normal_contamination_symmetric,30,all,200,200,1.0,0.9811546736227335,1.0,0.03,0.013820314340111346,0.06389429245451925,0.97,0.9361057075454807,0.9861796856598887
v2,contamination_symmetric_eps_0p1,normal_contamination_symmetric,30,acceptable,200,16,0.08,0.049840585889759974,0.12598948826714396,0.0625,0.01111934476464252,0.28328737570298945,0.9375,0.7167126242970107,0.9888806552353576
v2,contamination_symmetric_eps_0p1,normal_contamination_symmetric,30,caution,200,0,0.0,1.734723475976807e-18,0.018845326377266575,,,,,,
v2,contamination_symmetric_eps_0p1,normal_contamination_symmetric,30,insufficient,200,184,0.92,0.874010511732856,0.9501594141102401,0.02717391304347826,0.011661718017993986,0.06202520342945188,0.9728260869565217,0.9379747965705482,0.988338281982006
v3_default,contamination_symmetric_eps_0p1,normal_contamination_symmetric,30,all,200,200,1.0,0.9811546736227335,1.0,0.03,0.013820314340111346,0.06389429245451925,0.97,0.9361057075454807,0.9861796856598887
v3_default,contamination_symmetric_eps_0p1,normal_contamination_symmetric,30,acceptable,200,0,0.0,1.734723475976807e-18,0.018845326377266575,,,,,,
v3_default,contamination_symmetric_eps_0p1,normal_contamination_symmetric,30,caution,200,109,0.545,0.47578611372488105,0.6125178069011651,0.027522935779816515,0.00940385586167223,0.07781106428866252,0.9724770642201835,0.9221889357113375,0.9905961441383277
v3_default,contamination_symmetric_eps_0p1,normal_contamination_symmetric,30,insufficient,200,91,0.455,0.387482193098835,0.524213886275119,0.03296703296703297,0.011274406767682599,0.0924930694296231,0.967032967032967,0.907506930570377,0.9887255932323175
v3_oracle_simulation_truth,contamination_symmetric_eps_0p1,normal_contamination_symmetric,30,all,200,200,1.0,0.9811546736227335,1.0,0.03,0.013820314340111346,0.06389429245451925,0.97,0.9361057075454807,0.9861796856598887
v3_oracle_simulation_truth,contamination_symmetric_eps_0p1,normal_contamination_symmetric,30,acceptable,200,11,0.055,0.03098534170345884,0.0957869987723084,0.09090909090909091,0.016232172885884855,0.37735843645159567,0.9090909090909091,0.6226415635484043,0.9837678271141151
v3_oracle_simulation_truth,contamination_symmetric_eps_0p1,normal_contamination_symmetric,30,caution,200,189,0.945,0.9042130012276914,0.9690146582965411,0.026455026455026454,0.011351785099237885,0.06042457930570083,0.9735449735449735,0.9395754206942991,0.9886482149007622
v3_oracle_simulation_truth,contamination_symmetric_eps_0p1,normal_contamination_symmetric,30,insufficient,200,0,0.0,1.734723475976807e-18,0.018845326377266575,,,,,,
v2,contamination_symmetric_eps_0p1,normal_contamination_symmetric,40,all,200,200,1.0,0.9811546736227335,1.0,0.03,0.013820314340111346,0.06389429245451925,0.97,0.9361057075454807,0.9861796856598887
v2,contamination_symmetric_eps_0p1,normal_contamination_symmetric,40,acceptable,200,7,0.035,0.017055542008567192,0.07047061152229073,0.14285714285714285,0.02567962434474355,0.5131278292743189,0.8571428571428571,0.4868721707256811,0.9743203756552565
v2,contamination_symmetric_eps_0p1,normal_contamination_symmetric,40,caution,200,2,0.01,0.0027466581335444384,0.0357217617161768,0.0,0.0,0.6576197724933469,1.0,0.34238022750665303,1.0
v2,contamination_symmetric_eps_0p1,normal_contamination_symmetric,40,insufficient,200,191,0.955,0.9167032959981803,0.976147456998507,0.02617801047120419,0.01123237628656731,0.05980722126352053,0.9738219895287958,0.9401927787364796,0.9887676237134327
v3_default,contamination_symmetric_eps_0p1,normal_contamination_symmetric,40,all,200,200,1.0,0.9811546736227335,1.0,0.03,0.013820314340111346,0.06389429245451925,0.97,0.9361057075454807,0.9861796856598887
v3_default,contamination_symmetric_eps_0p1,normal_contamination_symmetric,40,acceptable,200,0,0.0,1.734723475976807e-18,0.018845326377266575,,,,,,
v3_default,contamination_symmetric_eps_0p1,normal_contamination_symmetric,40,caution,200,98,0.49,0.42156278331213176,0.5588141232154135,0.030612244897959183,0.010464891082493703,0.0861702016847983,0.9693877551020408,0.9138297983152016,0.9895351089175063
v3_default,contamination_symmetric_eps_0p1,normal_contamination_symmetric,40,insufficient,200,102,0.51,0.44118587678458643,0.5784372166878682,0.029411764705882353,0.0100524482029039,0.08293057499376733,0.9705882352941176,0.9170694250062327,0.989947551797096
v3_oracle_simulation_truth,contamination_symmetric_eps_0p1,normal_contamination_symmetric,40,all,200,200,1.0,0.9811546736227335,1.0,0.03,0.013820314340111346,0.06389429245451925,0.97,0.9361057075454807,0.9861796856598887
v3_oracle_simulation_truth,contamination_symmetric_eps_0p1,normal_contamination_symmetric,40,acceptable,200,5,0.025,0.010724719651761264,0.05717834040664198,0.2,0.03622410863243014,0.6244653702374747,0.8,0.37553462976252533,0.9637758913675698
v3_oracle_simulation_truth,contamination_symmetric_eps_0p1,normal_contamination_symmetric,40,caution,200,195,0.975,0.942821659593358,0.9892752803482386,0.02564102564102564,0.011000939888087275,0.05860958752800707,0.9743589743589743,0.941390412471993,0.9889990601119127
v3_oracle_simulation_truth,contamination_symmetric_eps_0p1,normal_contamination_symmetric,40,insufficient,200,0,0.0,1.734723475976807e-18,0.018845326377266575,,,,,,
v2,contamination_symmetric_eps_0p1,normal_contamination_symmetric,50,all,200,200,1.0,0.9811546736227335,1.0,0.03,0.013820314340111346,0.06389429245451925,0.97,0.9361057075454807,0.9861796856598887
v2,contamination_symmetric_eps_0p1,normal_contamination_symmetric,50,acceptable,200,5,0.025,0.010724719651761264,0.05717834040664198,0.0,0.0,0.43448246478317476,1.0,0.5655175352168251,1.0
v2,contamination_symmetric_eps_0p1,normal_contamination_symmetric,50,caution,200,3,0.015,0.00511423779325831,0.04316572879269026,0.0,5.551115123125783e-17,0.5614970317550454,1.0,0.4385029682449546,1.0
v2,contamination_symmetric_eps_0p1,normal_contamination_symmetric,50,insufficient,200,192,0.96,0.923067931799067,0.9795943679338476,0.03125,0.014399282241477667,0.06648991719610431,0.96875,0.9335100828038957,0.9856007177585223
v3_default,contamination_symmetric_eps_0p1,normal_contamination_symmetric,50,all,200,200,1.0,0.9811546736227335,1.0,0.03,0.013820314340111346,0.06389429245451925,0.97,0.9361057075454807,0.9861796856598887
v3_default,contamination_symmetric_eps_0p1,normal_contamination_symmetric,50,acceptable,200,0,0.0,1.734723475976807e-18,0.018845326377266575,,,,,,
v3_default,contamination_symmetric_eps_0p1,normal_contamination_symmetric,50,caution,200,104,0.52,0.4510378507281424,0.588208336216767,0.019230769230769232,0.0052897115850640206,0.0674231291576782,0.9807692307692307,0.9325768708423217,0.9947102884149359
v3_default,contamination_symmetric_eps_0p1,normal_contamination_symmetric,50,insufficient,200,96,0.48,0.411791663783233,0.5489621492718576,0.041666666666666664,0.01632070753628833,0.10228191466658104,0.9583333333333334,0.8977180853334191,0.9836792924637118
v3_oracle_simulation_truth,contamination_symmetric_eps_0p1,normal_contamination_symmetric,50,all,200,200,1.0,0.9811546736227335,1.0,0.03,0.013820314340111346,0.06389429245451925,0.97,0.9361057075454807,0.9861796856598887
v3_oracle_simulation_truth,contamination_symmetric_eps_0p1,normal_contamination_symmetric,50,acceptable,200,5,0.025,0.010724719651761264,0.05717834040664198,0.0,0.0,0.43448246478317476,1.0,0.5655175352168251,1.0
v3_oracle_simulation_truth,contamination_symmetric_eps_0p1,normal_contamination_symmetric,50,caution,200,195,0.975,0.942821659593358,0.9892752803482386,0.03076923076923077,0.014176572368017202,0.06549221961655183,0.9692307692307692,0.9345077803834483,0.9858234276319828
v3_oracle_simulation_truth,contamination_symmetric_eps_0p1,normal_contamination_symmetric,50,insufficient,200,0,0.0,1.734723475976807e-18,0.018845326377266575,,,,,,
v2,contamination_symmetric_eps_0p1,normal_contamination_symmetric,80,all,200,200,1.0,0.9811546736227335,1.0,0.035,0.017055542008567192,0.07047061152229073,0.965,0.9295293884777092,0.9829444579914328
v2,contamination_symmetric_eps_0p1,normal_contamination_symmetric,80,acceptable,200,0,0.0,1.734723475976807e-18,0.018845326377266575,,,,,,
v2,contamination_symmetric_eps_0p1,normal_contamination_symmetric,80,caution,200,5,0.025,0.010724719651761264,0.05717834040664198,0.0,0.0,0.43448246478317476,1.0,0.5655175352168251,1.0
v2,contamination_symmetric_eps_0p1,normal_contamination_symmetric,80,insufficient,200,195,0.975,0.942821659593358,0.9892752803482386,0.035897435897435895,0.017495563557414016,0.07223149299562964,0.9641025641025641,0.9277685070043703,0.982504436442586
v3_default,contamination_symmetric_eps_0p1,normal_contamination_symmetric,80,all,200,200,1.0,0.9811546736227335,1.0,0.035,0.017055542008567192,0.07047061152229073,0.965,0.9295293884777092,0.9829444579914328
v3_default,contamination_symmetric_eps_0p1,normal_contamination_symmetric,80,acceptable,200,0,0.0,1.734723475976807e-18,0.018845326377266575,,,,,,
v3_default,contamination_symmetric_eps_0p1,normal_contamination_symmetric,80,caution,200,114,0.57,0.5007048776415268,0.6366567766656557,0.017543859649122806,0.004824418781068852,0.061718026459918675,0.9824561403508771,0.9382819735400814,0.9951755812189311
v3_default,contamination_symmetric_eps_0p1,normal_contamination_symmetric,80,insufficient,200,86,0.43,0.36334322333434416,0.4992951223584731,0.05813953488372093,0.025086935621079658,0.12897844802678554,0.9418604651162791,0.8710215519732145,0.9749130643789203
v3_oracle_simulation_truth,contamination_symmetric_eps_0p1,normal_contamination_symmetric,80,all,200,200,1.0,0.9811546736227335,1.0,0.035,0.017055542008567192,0.07047061152229073,0.965,0.9295293884777092,0.9829444579914328
v3_oracle_simulation_truth,contamination_symmetric_eps_0p1,normal_contamination_symmetric,80,acceptable,200,0,0.0,1.734723475976807e-18,0.018845326377266575,,,,,,
v3_oracle_simulation_truth,contamination_symmetric_eps_0p1,normal_contamination_symmetric,80,caution,200,200,1.0,0.9811546736227335,1.0,0.035,0.017055542008567192,0.07047061152229073,0.965,0.9295293884777092,0.9829444579914328
v3_oracle_simulation_truth,contamination_symmetric_eps_0p1,normal_contamination_symmetric,80,insufficient,200,0,0.0,1.734723475976807e-18,0.018845326377266575,,,,,,
v2,contamination_symmetric_eps_0p1,normal_contamination_symmetric,100,all,5000,5000,1.0,0.9992322980549431,1.0000000000000002,0.048,0.042413931418707994,0.05428007113962365,0.952,0.9457199288603764,0.957586068581292
v2,contamination_symmetric_eps_0p1,normal_contamination_symmetric,100,acceptable,5000,5,0.001,0.00042721349110879964,0.002338953050058211,0.2,0.03622410863243014,0.6244653702374747,0.8,0.37553462976252533,0.9637758913675698
v2,contamination_symmetric_eps_0p1,normal_contamination_symmetric,100,caution,5000,47,0.0094,0.007076557215688711,0.012476711932801345,0.02127659574468085,0.0037657680385967812,0.11112981041629329,0.9787234042553191,0.8888701895837066,0.996234231961403
v2,contamination_symmetric_eps_0p1,normal_contamination_symmetric,100,insufficient,5000,4948,0.9896,0.9863882308917424,0.9920600353636577,0.048100242522231204,0.04248067706870444,0.054420942825840965,0.9518997574777688,0.945579057174159,0.9575193229312956
v3_default,contamination_symmetric_eps_0p1,normal_contamination_symmetric,100,all,5000,5000,1.0,0.9992322980549431,1.0000000000000002,0.048,0.042413931418707994,0.05428007113962365,0.952,0.9457199288603764,0.957586068581292
v3_default,contamination_symmetric_eps_0p1,normal_contamination_symmetric,100,acceptable,5000,0,0.0,0.0,0.0007677019450571244,,,,,,
v3_default,contamination_symmetric_eps_0p1,normal_contamination_symmetric,100,caution,5000,2735,0.547,0.5331714949227807,0.560756341094384,0.009506398537477149,0.006495699948254278,0.013893015375464626,0.9904936014625229,0.9861069846245353,0.9935043000517457
v3_default,contamination_symmetric_eps_0p1,normal_contamination_symmetric,100,insufficient,5000,2265,0.453,0.4392436589056161,0.4668285050772194,0.09448123620309051,0.08311267257423478,0.10722299726369129,0.9055187637969095,0.8927770027363088,0.9168873274257653
v3_oracle_simulation_truth,contamination_symmetric_eps_0p1,normal_contamination_symmetric,100,all,5000,5000,1.0,0.9992322980549431,1.0000000000000002,0.048,0.042413931418707994,0.05428007113962365,0.952,0.9457199288603764,0.957586068581292
v3_oracle_simulation_truth,contamination_symmetric_eps_0p1,normal_contamination_symmetric,100,acceptable,5000,5,0.001,0.00042721349110879964,0.002338953050058211,0.2,0.03622410863243014,0.6244653702374747,0.8,0.37553462976252533,0.9637758913675698
v3_oracle_simulation_truth,contamination_symmetric_eps_0p1,normal_contamination_symmetric,100,caution,5000,4995,0.999,0.9976610469499418,0.9995727865088913,0.047847847847847846,0.042268171169790474,0.05412245509631403,0.9521521521521521,0.9458775449036859,0.9577318288302096
v3_oracle_simulation_truth,contamination_symmetric_eps_0p1,normal_contamination_symmetric,100,insufficient,5000,0,0.0,0.0,0.0007677019450571244,,,,,,
v2,contamination_symmetric_eps_0p1,normal_contamination_symmetric,200,all,200,200,1.0,0.9811546736227335,1.0,0.05,0.02738264560076393,0.08957814813877599,0.95,0.9104218518612239,0.972617354399236
v2,contamination_symmetric_eps_0p1,normal_contamination_symmetric,200,acceptable,200,0,0.0,1.734723475976807e-18,0.018845326377266575,,,,,,
v2,contamination_symmetric_eps_0p1,normal_contamination_symmetric,200,caution,200,109,0.545,0.47578611372488105,0.6125178069011651,0.027522935779816515,0.00940385586167223,0.07781106428866252,0.9724770642201835,0.9221889357113375,0.9905961441383277
v2,contamination_symmetric_eps_0p1,normal_contamination_symmetric,200,insufficient,200,91,0.455,0.387482193098835,0.524213886275119,0.07692307692307693,0.03775950132295323,0.15035927123225315,0.9230769230769231,0.849640728767747,0.962240498677047
v3_default,contamination_symmetric_eps_0p1,normal_contamination_symmetric,200,all,200,200,1.0,0.9811546736227335,1.0,0.05,0.02738264560076393,0.08957814813877599,0.95,0.9104218518612239,0.972617354399236
v3_default,contamination_symmetric_eps_0p1,normal_contamination_symmetric,200,acceptable,200,0,0.0,1.734723475976807e-18,0.018845326377266575,,,,,,
v3_default,contamination_symmetric_eps_0p1,normal_contamination_symmetric,200,caution,200,131,0.655,0.5867558925905368,0.7174020562325106,0.022900763358778626,0.007818443105274058,0.06516696440044595,0.9770992366412213,0.934833035599554,0.9921815568947259
v3_default,contamination_symmetric_eps_0p1,normal_contamination_symmetric,200,insufficient,200,69,0.345,0.2825979437674894,0.4132441074094632,0.10144927536231885,0.050016638108459924,0.19491885754947985,0.8985507246376812,0.8050811424505202,0.9499833618915401
v3_oracle_simulation_truth,contamination_symmetric_eps_0p1,normal_contamination_symmetric,200,all,200,200,1.0,0.9811546736227335,1.0,0.05,0.02738264560076393,0.08957814813877599,0.95,0.9104218518612239,0.972617354399236
v3_oracle_simulation_truth,contamination_symmetric_eps_0p1,normal_contamination_symmetric,200,acceptable,200,0,0.0,1.734723475976807e-18,0.018845326377266575,,,,,,
v3_oracle_simulation_truth,contamination_symmetric_eps_0p1,normal_contamination_symmetric,200,caution,200,200,1.0,0.9811546736227335,1.0,0.05,0.02738264560076393,0.08957814813877599,0.95,0.9104218518612239,0.972617354399236
v3_oracle_simulation_truth,contamination_symmetric_eps_0p1,normal_contamination_symmetric,200,insufficient,200,0,0.0,1.734723475976807e-18,0.018845326377266575,,,,,,
v2,contamination_symmetric_eps_0p1,normal_contamination_symmetric,500,all,200,200,1.0,0.9811546736227335,1.0,0.03,0.013820314340111346,0.06389429245451925,0.97,0.9361057075454807,0.9861796856598887
v2,contamination_symmetric_eps_0p1,normal_contamination_symmetric,500,acceptable,200,0,0.0,1.734723475976807e-18,0.018845326377266575,,,,,,
v2,contamination_symmetric_eps_0p1,normal_contamination_symmetric,500,caution,200,146,0.73,0.6645656480133157,0.7867655018531416,0.0273972602739726,0.01070472314747331,0.0683218621106431,0.9726027397260274,0.9316781378893568,0.9892952768525267
v2,contamination_symmetric_eps_0p1,normal_contamination_symmetric,500,insufficient,200,54,0.27,0.21323449814685846,0.33543435198668425,0.037037037037037035,0.01021636794844559,0.12535176917275476,0.9629629629629629,0.8746482308272452,0.9897836320515545
v3_default,contamination_symmetric_eps_0p1,normal_contamination_symmetric,500,all,200,200,1.0,0.9811546736227335,1.0,0.03,0.013820314340111346,0.06389429245451925,0.97,0.9361057075454807,0.9861796856598887
v3_default,contamination_symmetric_eps_0p1,normal_contamination_symmetric,500,acceptable,200,0,0.0,1.734723475976807e-18,0.018845326377266575,,,,,,
v3_default,contamination_symmetric_eps_0p1,normal_contamination_symmetric,500,caution,200,170,0.85,0.7939442071583334,0.89286406437758,0.01764705882352941,0.006019442263254644,0.05059224799438944,0.9823529411764705,0.9494077520056105,0.9939805577367452
v3_default,contamination_symmetric_eps_0p1,normal_contamination_symmetric,500,insufficient,200,30,0.15,0.10713593562241995,0.20605579284166659,0.1,0.03459988874733419,0.25621082579184085,0.9,0.7437891742081593,0.9654001112526658
v3_oracle_simulation_truth,contamination_symmetric_eps_0p1,normal_contamination_symmetric,500,all,200,200,1.0,0.9811546736227335,1.0,0.03,0.013820314340111346,0.06389429245451925,0.97,0.9361057075454807,0.9861796856598887
v3_oracle_simulation_truth,contamination_symmetric_eps_0p1,normal_contamination_symmetric,500,acceptable,200,0,0.0,1.734723475976807e-18,0.018845326377266575,,,,,,
v3_oracle_simulation_truth,contamination_symmetric_eps_0p1,normal_contamination_symmetric,500,caution,200,200,1.0,0.9811546736227335,1.0,0.03,0.013820314340111346,0.06389429245451925,0.97,0.9361057075454807,0.9861796856598887
v3_oracle_simulation_truth,contamination_symmetric_eps_0p1,normal_contamination_symmetric,500,insufficient,200,0,0.0,1.734723475976807e-18,0.018845326377266575,,,,,,
v2,contamination_symmetric_eps_0p1,normal_contamination_symmetric,750,all,200,200,1.0,0.9811546736227335,1.0,0.075,0.04597491718438201,0.12004361023629456,0.925,0.8799563897637055,0.954025082815618
v2,contamination_symmetric_eps_0p1,normal_contamination_symmetric,750,acceptable,200,0,0.0,1.734723475976807e-18,0.018845326377266575,,,,,,
v2,contamination_symmetric_eps_0p1,normal_contamination_symmetric,750,caution,200,150,0.75,0.6856590168795417,0.8049183199318249,0.04666666666666667,0.022786549161261972,0.09318647239912747,0.9533333333333334,0.9068135276008725,0.9772134508387381
v2,contamination_symmetric_eps_0p1,normal_contamination_symmetric,750,insufficient,200,50,0.25,0.19508168006817497,0.31434098312045833,0.16,0.08337420678033404,0.2851421606303499,0.84,0.7148578393696501,0.916625793219666
v3_default,contamination_symmetric_eps_0p1,normal_contamination_symmetric,750,all,200,200,1.0,0.9811546736227335,1.0,0.075,0.04597491718438201,0.12004361023629456,0.925,0.8799563897637055,0.954025082815618
v3_default,contamination_symmetric_eps_0p1,normal_contamination_symmetric,750,acceptable,200,0,0.0,1.734723475976807e-18,0.018845326377266575,,,,,,
v3_default,contamination_symmetric_eps_0p1,normal_contamination_symmetric,750,caution,200,175,0.875,0.8219857499741765,0.9138802552428735,0.04,0.019508837291298556,0.08025247609958534,0.96,0.9197475239004145,0.9804911627087014
v3_default,contamination_symmetric_eps_0p1,normal_contamination_symmetric,750,insufficient,200,25,0.125,0.08611974475712644,0.17801425002582347,0.32,0.17205190306907978,0.5158973072689775,0.68,0.48410269273102247,0.8279480969309202
v3_oracle_simulation_truth,contamination_symmetric_eps_0p1,normal_contamination_symmetric,750,all,200,200,1.0,0.9811546736227335,1.0,0.075,0.04597491718438201,0.12004361023629456,0.925,0.8799563897637055,0.954025082815618
v3_oracle_simulation_truth,contamination_symmetric_eps_0p1,normal_contamination_symmetric,750,acceptable,200,0,0.0,1.734723475976807e-18,0.018845326377266575,,,,,,
v3_oracle_simulation_truth,contamination_symmetric_eps_0p1,normal_contamination_symmetric,750,caution,200,200,1.0,0.9811546736227335,1.0,0.075,0.04597491718438201,0.12004361023629456,0.925,0.8799563897637055,0.954025082815618
v3_oracle_simulation_truth,contamination_symmetric_eps_0p1,normal_contamination_symmetric,750,insufficient,200,0,0.0,1.734723475976807e-18,0.018845326377266575,,,,,,
v2,contamination_symmetric_eps_0p1,normal_contamination_symmetric,2000,all,200,200,1.0,0.9811546736227335,1.0,0.04,0.020405632066152306,0.07693206820093293,0.96,0.923067931799067,0.9795943679338476
v2,contamination_symmetric_eps_0p1,normal_contamination_symmetric,2000,acceptable,200,0,0.0,1.734723475976807e-18,0.018845326377266575,,,,,,
v2,contamination_symmetric_eps_0p1,normal_contamination_symmetric,2000,caution,200,173,0.865,0.8107086162924745,0.9055342954521209,0.046242774566473986,0.023615435969923965,0.08858369964573554,0.953757225433526,0.9114163003542645,0.976384564030076
v2,contamination_symmetric_eps_0p1,normal_contamination_symmetric,2000,insufficient,200,27,0.135,0.09446570454787906,0.18929138370752552,0.0,0.0,0.12455502974186705,1.0,0.8754449702581328,0.9999999999999998
v3_default,contamination_symmetric_eps_0p1,normal_contamination_symmetric,2000,all,200,200,1.0,0.9811546736227335,1.0,0.04,0.020405632066152306,0.07693206820093293,0.96,0.923067931799067,0.9795943679338476
v3_default,contamination_symmetric_eps_0p1,normal_contamination_symmetric,2000,acceptable,200,0,0.0,1.734723475976807e-18,0.018845326377266575,,,,,,
v3_default,contamination_symmetric_eps_0p1,normal_contamination_symmetric,2000,caution,200,199,0.995,0.9722262956021069,0.9991168312843989,0.04020100502512563,0.020508874081002593,0.07730869702133004,0.9597989949748744,0.92269130297867,0.9794911259189975
v3_default,contamination_symmetric_eps_0p1,normal_contamination_symmetric,2000,insufficient,200,1,0.005,0.0008831687156009814,0.02777370439789293,0.0,0.0,0.7934506856227626,1.0,0.20654931437723745,1.0
v3_oracle_simulation_truth,contamination_symmetric_eps_0p1,normal_contamination_symmetric,2000,all,200,200,1.0,0.9811546736227335,1.0,0.04,0.020405632066152306,0.07693206820093293,0.96,0.923067931799067,0.9795943679338476
v3_oracle_simulation_truth,contamination_symmetric_eps_0p1,normal_contamination_symmetric,2000,acceptable,200,0,0.0,1.734723475976807e-18,0.018845326377266575,,,,,,
v3_oracle_simulation_truth,contamination_symmetric_eps_0p1,normal_contamination_symmetric,2000,caution,200,200,1.0,0.9811546736227335,1.0,0.04,0.020405632066152306,0.07693206820093293,0.96,0.923067931799067,0.9795943679338476
v3_oracle_simulation_truth,contamination_symmetric_eps_0p1,normal_contamination_symmetric,2000,insufficient,200,0,0.0,1.734723475976807e-18,0.018845326377266575,,,,,,
v2,gamma_shape_2,gamma,5,all,200,200,1.0,0.9811546736227335,1.0,0.085,0.05374575017747561,0.13189587071565567,0.915,0.8681041292843443,0.9462542498225244
v2,gamma_shape_2,gamma,5,acceptable,200,113,0.565,0.49570736259794607,0.6318427449730093,0.07079646017699115,0.036307708145227546,0.13350751858129759,0.9292035398230089,0.8664924814187024,0.9636922918547725
v2,gamma_shape_2,gamma,5,caution,200,0,0.0,1.734723475976807e-18,0.018845326377266575,,,,,,
v2,gamma_shape_2,gamma,5,insufficient,200,87,0.435,0.36815725502699076,0.504292637402054,0.10344827586206896,0.05538511033788457,0.18504980896262468,0.896551724137931,0.8149501910373753,0.9446148896621154
v3_default,gamma_shape_2,gamma,5,all,200,200,1.0,0.9811546736227335,1.0,0.085,0.05374575017747561,0.13189587071565567,0.915,0.8681041292843443,0.9462542498225244
v3_default,gamma_shape_2,gamma,5,acceptable,200,0,0.0,1.734723475976807e-18,0.018845326377266575,,,,,,
v3_default,gamma_shape_2,gamma,5,caution,200,200,1.0,0.9811546736227335,1.0,0.085,0.05374575017747561,0.13189587071565567,0.915,0.8681041292843443,0.9462542498225244
v3_default,gamma_shape_2,gamma,5,insufficient,200,0,0.0,1.734723475976807e-18,0.018845326377266575,,,,,,
v3_oracle_simulation_truth,gamma_shape_2,gamma,5,all,200,200,1.0,0.9811546736227335,1.0,0.085,0.05374575017747561,0.13189587071565567,0.915,0.8681041292843443,0.9462542498225244
v3_oracle_simulation_truth,gamma_shape_2,gamma,5,acceptable,200,78,0.39,0.3250834313746962,0.4590625404283025,0.0641025641025641,0.027689315373790935,0.14143595463171177,0.9358974358974359,0.8585640453682883,0.9723106846262091
v3_oracle_simulation_truth,gamma_shape_2,gamma,5,caution,200,122,0.61,0.5409374595716976,0.6749165686253038,0.09836065573770492,0.05716502073361096,0.1640773192837928,0.9016393442622951,0.8359226807162072,0.942834979266389
v3_oracle_simulation_truth,gamma_shape_2,gamma,5,insufficient,200,0,0.0,1.734723475976807e-18,0.018845326377266575,,,,,,
v2,gamma_shape_2,gamma,8,all,200,200,1.0,0.9811546736227335,1.0,0.065,0.03837635464915299,0.10801907929906895,0.935,0.8919809207009312,0.961623645350847
v2,gamma_shape_2,gamma,8,acceptable,200,122,0.61,0.5409374595716976,0.6749165686253038,0.07377049180327869,0.039293805533232,0.13426949407707403,0.9262295081967213,0.865730505922926,0.960706194466768
v2,gamma_shape_2,gamma,8,caution,200,0,0.0,1.734723475976807e-18,0.018845326377266575,,,,,,
v2,gamma_shape_2,gamma,8,insufficient,200,78,0.39,0.3250834313746962,0.4590625404283025,0.05128205128205128,0.020121012473896145,0.1245667654729449,0.9487179487179487,0.8754332345270551,0.9798789875261039
v3_default,gamma_shape_2,gamma,8,all,200,200,1.0,0.9811546736227335,1.0,0.065,0.03837635464915299,0.10801907929906895,0.935,0.8919809207009312,0.961623645350847
v3_default,gamma_shape_2,gamma,8,acceptable,200,0,0.0,1.734723475976807e-18,0.018845326377266575,,,,,,
v3_default,gamma_shape_2,gamma,8,caution,200,200,1.0,0.9811546736227335,1.0,0.065,0.03837635464915299,0.10801907929906895,0.935,0.8919809207009312,0.961623645350847
v3_default,gamma_shape_2,gamma,8,insufficient,200,0,0.0,1.734723475976807e-18,0.018845326377266575,,,,,,
v3_oracle_simulation_truth,gamma_shape_2,gamma,8,all,200,200,1.0,0.9811546736227335,1.0,0.065,0.03837635464915299,0.10801907929906895,0.935,0.8919809207009312,0.961623645350847
v3_oracle_simulation_truth,gamma_shape_2,gamma,8,acceptable,200,86,0.43,0.36334322333434416,0.4992951223584731,0.05813953488372093,0.025086935621079658,0.12897844802678554,0.9418604651162791,0.8710215519732145,0.9749130643789203
v3_oracle_simulation_truth,gamma_shape_2,gamma,8,caution,200,114,0.57,0.5007048776415268,0.6366567766656557,0.07017543859649122,0.03598534342897001,0.13238883505845525,0.9298245614035088,0.8676111649415449,0.96401465657103
v3_oracle_simulation_truth,gamma_shape_2,gamma,8,insufficient,200,0,0.0,1.734723475976807e-18,0.018845326377266575,,,,,,
v2,gamma_shape_2,gamma,10,all,200,200,1.0,0.9811546736227335,1.0,0.105,0.06970748792681017,0.1551803199112304,0.895,0.8448196800887696,0.9302925120731899
v2,gamma_shape_2,gamma,10,acceptable,200,115,0.575,0.5057093264785485,0.6414638745648614,0.13043478260869565,0.08066384692772066,0.20409754153481507,0.8695652173913043,0.7959024584651849,0.9193361530722793
v2,gamma_shape_2,gamma,10,caution,200,0,0.0,1.734723475976807e-18,0.018845326377266575,,,,,,
v2,gamma_shape_2,gamma,10,insufficient,200,85,0.425,0.3585361254351385,0.49429067352145145,0.07058823529411765,0.03275096311266676,0.14556059357469509,0.9294117647058824,0.8544394064253049,0.9672490368873332
v3_default,gamma_shape_2,gamma,10,all,200,200,1.0,0.9811546736227335,1.0,0.105,0.06970748792681017,0.1551803199112304,0.895,0.8448196800887696,0.9302925120731899
v3_default,gamma_shape_2,gamma,10,acceptable,200,0,0.0,1.734723475976807e-18,0.018845326377266575,,,,,,
v3_default,gamma_shape_2,gamma,10,caution,200,200,1.0,0.9811546736227335,1.0,0.105,0.06970748792681017,0.1551803199112304,0.895,0.8448196800887696,0.9302925120731899
v3_default,gamma_shape_2,gamma,10,insufficient,200,0,0.0,1.734723475976807e-18,0.018845326377266575,,,,,,
v3_oracle_simulation_truth,gamma_shape_2,gamma,10,all,200,200,1.0,0.9811546736227335,1.0,0.105,0.06970748792681017,0.1551803199112304,0.895,0.8448196800887696,0.9302925120731899
v3_oracle_simulation_truth,gamma_shape_2,gamma,10,acceptable,200,84,0.42,0.35373599161616726,0.4892792606041954,0.13095238095238096,0.07472221316943048,0.21946072923186608,0.8690476190476191,0.780539270768134,0.9252777868305695
v3_oracle_simulation_truth,gamma_shape_2,gamma,10,caution,200,116,0.58,0.5107207393958046,0.6462640083838327,0.08620689655172414,0.04749935479961496,0.1514423057518102,0.9137931034482759,0.8485576942481899,0.9525006452003851
v3_oracle_simulation_truth,gamma_shape_2,gamma,10,insufficient,200,0,0.0,1.734723475976807e-18,0.018845326377266575,,,,,,
v2,gamma_shape_2,gamma,15,all,200,200,1.0,0.9811546736227335,1.0,0.09,0.05768744886219316,0.13776571876716542,0.91,0.8622342812328346,0.9423125511378069
v2,gamma_shape_2,gamma,15,acceptable,200,108,0.54,0.4708228918895333,0.6076694820002854,0.12037037037037036,0.07171063993921549,0.19510865172020736,0.8796296296296297,0.8048913482797926,0.9282893600607844
v2,gamma_shape_2,gamma,15,caution,200,0,0.0,1.734723475976807e-18,0.018845326377266575,,,,,,
v2,gamma_shape_2,gamma,15,insufficient,200,92,0.46,0.39233051799971463,0.5291771081104667,0.05434782608695652,0.023435063948632366,0.12098530476246525,0.9456521739130435,0.8790146952375347,0.9765649360513676
v3_default,gamma_shape_2,gamma,15,all,200,200,1.0,0.9811546736227335,1.0,0.09,0.05768744886219316,0.13776571876716542,0.91,0.8622342812328346,0.9423125511378069
v3_default,gamma_shape_2,gamma,15,acceptable,200,0,0.0,1.734723475976807e-18,0.018845326377266575,,,,,,
v3_default,gamma_shape_2,gamma,15,caution,200,199,0.995,0.9722262956021069,0.9991168312843989,0.09045226130653267,0.057981291538265166,0.13843545212118957,0.9095477386934674,0.8615645478788105,0.9420187084617349
v3_default,gamma_shape_2,gamma,15,insufficient,200,1,0.005,0.0008831687156009814,0.02777370439789293,0.0,0.0,0.7934506856227626,1.0,0.20654931437723745,1.0
v3_oracle_simulation_truth,gamma_shape_2,gamma,15,all,200,200,1.0,0.9811546736227335,1.0,0.09,0.05768744886219316,0.13776571876716542,0.91,0.8622342812328346,0.9423125511378069
v3_oracle_simulation_truth,gamma_shape_2,gamma,15,acceptable,200,70,0.35,0.28728824127358077,0.4183653566395992,0.17142857142857143,0.10087724640529248,0.2761664803214543,0.8285714285714286,0.7238335196785457,0.8991227535947075
v3_oracle_simulation_truth,gamma_shape_2,gamma,15,caution,200,130,0.65,0.5816346433604008,0.7127117587264192,0.046153846153846156,0.021321953068066113,0.09703792555457165,0.9538461538461539,0.9029620744454284,0.9786780469319339
v3_oracle_simulation_truth,gamma_shape_2,gamma,15,insufficient,200,0,0.0,1.734723475976807e-18,0.018845326377266575,,,,,,
v2,gamma_shape_2,gamma,20,all,200,200,1.0,0.9811546736227335,1.0,0.055,0.03098534170345884,0.0957869987723084,0.945,0.9042130012276914,0.9690146582965411
v2,gamma_shape_2,gamma,20,acceptable,200,94,0.47,0.40204754873265425,0.5390831708499817,0.07446808510638298,0.03653858086656638,0.14581212236028018,0.925531914893617,0.8541878776397197,0.9634614191334335
v2,gamma_shape_2,gamma,20,caution,200,0,0.0,1.734723475976807e-18,0.018845326377266575,,,,,,
v2,gamma_shape_2,gamma,20,insufficient,200,106,0.53,0.4609168291500183,0.5979524512673458,0.03773584905660377,0.014770847100615568,0.09303415610882099,0.9622641509433962,0.906965843891179,0.9852291528993844
v3_default,gamma_shape_2,gamma,20,all,200,200,1.0,0.9811546736227335,1.0,0.055,0.03098534170345884,0.0957869987723084,0.945,0.9042130012276914,0.9690146582965411
v3_default,gamma_shape_2,gamma,20,acceptable,200,0,0.0,1.734723475976807e-18,0.018845326377266575,,,,,,
v3_default,gamma_shape_2,gamma,20,caution,200,195,0.975,0.942821659593358,0.9892752803482386,0.05641025641025641,0.0317871846388254,0.09817293018811687,0.9435897435897436,0.9018270698118831,0.9682128153611747
v3_default,gamma_shape_2,gamma,20,insufficient,200,5,0.025,0.010724719651761264,0.05717834040664198,0.0,0.0,0.43448246478317476,1.0,0.5655175352168251,1.0
v3_oracle_simulation_truth,gamma_shape_2,gamma,20,all,200,200,1.0,0.9811546736227335,1.0,0.055,0.03098534170345884,0.0957869987723084,0.945,0.9042130012276914,0.9690146582965411
v3_oracle_simulation_truth,gamma_shape_2,gamma,20,acceptable,200,63,0.315,0.2546232099022851,0.3823495608573036,0.047619047619047616,0.0163261688679956,0.13090967837906073,0.9523809523809523,0.8690903216209392,0.9836738311320045
v3_oracle_simulation_truth,gamma_shape_2,gamma,20,caution,200,137,0.685,0.6176504391426966,0.745376790097715,0.058394160583941604,0.02988313170702593,0.11099483836536854,0.9416058394160584,0.8890051616346314,0.970116868292974
v3_oracle_simulation_truth,gamma_shape_2,gamma,20,insufficient,200,0,0.0,1.734723475976807e-18,0.018845326377266575,,,,,,
v2,gamma_shape_2,gamma,30,all,200,200,1.0,0.9811546736227335,1.0,0.055,0.03098534170345884,0.0957869987723084,0.945,0.9042130012276914,0.9690146582965411
v2,gamma_shape_2,gamma,30,acceptable,200,91,0.455,0.387482193098835,0.524213886275119,0.04395604395604396,0.01722436644411733,0.10763093384266353,0.9560439560439561,0.8923690661573366,0.9827756335558827
v2,gamma_shape_2,gamma,30,caution,200,0,0.0,1.734723475976807e-18,0.018845326377266575,,,,,,
v2,gamma_shape_2,gamma,30,insufficient,200,109,0.545,0.47578611372488105,0.6125178069011651,0.06422018348623854,0.03145364631393962,0.126657202368408,0.9357798165137615,0.8733427976315921,0.9685463536860605
v3_default,gamma_shape_2,gamma,30,all,200,200,1.0,0.9811546736227335,1.0,0.055,0.03098534170345884,0.0957869987723084,0.945,0.9042130012276914,0.9690146582965411
v3_default,gamma_shape_2,gamma,30,acceptable,200,0,0.0,1.734723475976807e-18,0.018845326377266575,,,,,,
v3_default,gamma_shape_2,gamma,30,caution,200,197,0.985,0.9568342712073097,0.9948857622067417,0.050761421319796954,0.027803153770755387,0.09090470147331124,0.949238578680203,0.9090952985266889,0.9721968462292447
v3_default,gamma_shape_2,gamma,30,insufficient,200,3,0.015,0.00511423779325831,0.04316572879269026,0.3333333333333333,0.06149194472039621,0.7923403991979522,0.6666666666666666,0.2076596008020477,0.9385080552796037
v3_oracle_simulation_truth,gamma_shape_2,gamma,30,all,200,200,1.0,0.9811546736227335,1.0,0.055,0.03098534170345884,0.0957869987723084,0.945,0.9042130012276914,0.9690146582965411
v3_oracle_simulation_truth,gamma_shape_2,gamma,30,acceptable,200,43,0.215,0.1637187625450758,0.27702307348996613,0.046511627906976744,0.012849260094380227,0.15455498004063967,0.9534883720930233,0.8454450199593603,0.9871507399056197
v3_oracle_simulation_truth,gamma_shape_2,gamma,30,caution,200,157,0.785,0.7229769265100339,0.8362812374549242,0.05732484076433121,0.030448650929141785,0.10534630505321449,0.9426751592356688,0.8946536949467855,0.9695513490708582
v3_oracle_simulation_truth,gamma_shape_2,gamma,30,insufficient,200,0,0.0,1.734723475976807e-18,0.018845326377266575,,,,,,
v2,gamma_shape_2,gamma,40,all,200,200,1.0,0.9811546736227335,1.0,0.065,0.03837635464915299,0.10801907929906895,0.935,0.8919809207009312,0.961623645350847
v2,gamma_shape_2,gamma,40,acceptable,200,68,0.34,0.27791545970908793,0.4081150447316374,0.10294117647058823,0.05076577178992908,0.19757911309365633,0.8970588235294118,0.8024208869063437,0.9492342282100709
v2,gamma_shape_2,gamma,40,caution,200,7,0.035,0.017055542008567192,0.07047061152229073,0.0,5.551115123125783e-17,0.35433043506668743,1.0,0.6456695649333126,1.0
v2,gamma_shape_2,gamma,40,insufficient,200,125,0.625,0.5561430369897816,0.6891456314159018,0.048,0.022182005595288892,0.10077111031703824,0.952,0.8992288896829618,0.9778179944047111
v3_default,gamma_shape_2,gamma,40,all,200,200,1.0,0.9811546736227335,1.0,0.065,0.03837635464915299,0.10801907929906895,0.935,0.8919809207009312,0.961623645350847
v3_default,gamma_shape_2,gamma,40,acceptable,200,0,0.0,1.734723475976807e-18,0.018845326377266575,,,,,,
v3_default,gamma_shape_2,gamma,40,caution,200,193,0.965,0.9295293884777092,0.9829444579914328,0.06735751295336788,0.03978323608587624,0.11181825579230154,0.9326424870466321,0.8881817442076985,0.9602167639141237
v3_default,gamma_shape_2,gamma,40,insufficient,200,7,0.035,0.017055542008567192,0.07047061152229073,0.0,5.551115123125783e-17,0.35433043506668743,1.0,0.6456695649333126,1.0
v3_oracle_simulation_truth,gamma_shape_2,gamma,40,all,200,200,1.0,0.9811546736227335,1.0,0.065,0.03837635464915299,0.10801907929906895,0.935,0.8919809207009312,0.961623645350847
v3_oracle_simulation_truth,gamma_shape_2,gamma,40,acceptable,200,20,0.1,0.06567044866909588,0.1494058124327174,0.1,0.027866481213768224,0.3010336452284873,0.9,0.6989663547715128,0.9721335187862319
v3_oracle_simulation_truth,gamma_shape_2,gamma,40,caution,200,180,0.9,0.8505941875672826,0.9343295513309041,0.06111111111111111,0.03446271356843876,0.10610111238497712,0.9388888888888889,0.8938988876150229,0.9655372864315612
v3_oracle_simulation_truth,gamma_shape_2,gamma,40,insufficient,200,0,0.0,1.734723475976807e-18,0.018845326377266575,,,,,,
v2,gamma_shape_2,gamma,50,all,200,200,1.0,0.9811546736227335,1.0,0.07,0.042152171828342806,0.11405480885610647,0.93,0.8859451911438936,0.9578478281716571
v2,gamma_shape_2,gamma,50,acceptable,200,70,0.35,0.28728824127358077,0.4183653566395992,0.1,0.04928930144253951,0.192329148485674,0.9,0.807670851514326,0.9507106985574605
v2,gamma_shape_2,gamma,50,caution,200,9,0.045,0.023852543001492997,0.0832967040018196,0.0,0.0,0.2991450484195441,1.0,0.7008549515804559,1.0
v2,gamma_shape_2,gamma,50,insufficient,200,121,0.605,0.5358834915928536,0.6701589898679203,0.05785123966942149,0.02830275348227581,0.11461017776053556,0.9421487603305785,0.8853898222394644,0.9716972465177242
v3_default,gamma_shape_2,gamma,50,all,200,200,1.0,0.9811546736227335,1.0,0.07,0.042152171828342806,0.11405480885610647,0.93,0.8859451911438936,0.9578478281716571
v3_default,gamma_shape_2,gamma,50,acceptable,200,0,0.0,1.734723475976807e-18,0.018845326377266575,,,,,,
v3_default,gamma_shape_2,gamma,50,caution,200,195,0.975,0.942821659593358,0.9892752803482386,0.07179487179487179,0.04324525272336997,0.11688965580899628,0.9282051282051282,0.8831103441910038,0.95675474727663
v3_default,gamma_shape_2,gamma,50,insufficient,200,5,0.025,0.010724719651761264,0.05717834040664198,0.0,0.0,0.43448246478317476,1.0,0.5655175352168251,1.0
v3_oracle_simulation_truth,gamma_shape_2,gamma,50,all,200,200,1.0,0.9811546736227335,1.0,0.07,0.042152171828342806,0.11405480885610647,0.93,0.8859451911438936,0.9578478281716571
v3_oracle_simulation_truth,gamma_shape_2,gamma,50,acceptable,200,15,0.075,0.04597491718438201,0.12004361023629456,0.13333333333333333,0.03736125910306537,0.37881982832322364,0.8666666666666667,0.6211801716767764,0.9626387408969346
v3_oracle_simulation_truth,gamma_shape_2,gamma,50,caution,200,185,0.925,0.8799563897637055,0.954025082815618,0.06486486486486487,0.03749137236000596,0.10994160657673127,0.9351351351351351,0.8900583934232688,0.962508627639994
v3_oracle_simulation_truth,gamma_shape_2,gamma,50,insufficient,200,0,0.0,1.734723475976807e-18,0.018845326377266575,,,,,,
v2,gamma_shape_2,gamma,80,all,200,200,1.0,0.9811546736227335,1.0,0.04,0.020405632066152306,0.07693206820093293,0.96,0.923067931799067,0.9795943679338476
v2,gamma_shape_2,gamma,80,acceptable,200,47,0.235,0.18157433415232588,0.29841368882762537,0.10638297872340426,0.04630478218108157,0.22594269343738355,0.8936170212765957,0.7740573065626163,0.9536952178189183
v2,gamma_shape_2,gamma,80,caution,200,136,0.68,0.6124810156588646,0.7407346668453195,0.022058823529411766,0.007529925310275402,0.06284590531741366,0.9779411764705882,0.9371540946825863,0.9924700746897246
v2,gamma_shape_2,gamma,80,insufficient,200,17,0.085,0.05374575017747561,0.13189587071565567,0.0,0.0,0.1843181350088518,1.0,0.8156818649911483,1.0
v3_default,gamma_shape_2,gamma,80,all,200,200,1.0,0.9811546736227335,1.0,0.04,0.020405632066152306,0.07693206820093293,0.96,0.923067931799067,0.9795943679338476
v3_default,gamma_shape_2,gamma,80,acceptable,200,0,0.0,1.734723475976807e-18,0.018845326377266575,,,,,,
v3_default,gamma_shape_2,gamma,80,caution,200,187,0.935,0.8919809207009312,0.961623645350847,0.0427807486631016,0.02183453844814547,0.08213374466656415,0.9572192513368984,0.9178662553334359,0.9781654615518546
v3_default,gamma_shape_2,gamma,80,insufficient,200,13,0.065,0.03837635464915299,0.10801907929906895,0.0,0.0,0.22809537235419838,1.0,0.7719046276458016,0.9999999999999999
v3_oracle_simulation_truth,gamma_shape_2,gamma,80,all,200,200,1.0,0.9811546736227335,1.0,0.04,0.020405632066152306,0.07693206820093293,0.96,0.923067931799067,0.9795943679338476
v3_oracle_simulation_truth,gamma_shape_2,gamma,80,acceptable,200,9,0.045,0.023852543001492997,0.0832967040018196,0.1111111111111111,0.019890887638544907,0.434999705576656,0.8888888888888888,0.5650002944233439,0.9801091123614551
v3_oracle_simulation_truth,gamma_shape_2,gamma,80,caution,200,191,0.955,0.9167032959981803,0.976147456998507,0.03664921465968586,0.01786427342628781,0.07370483578015169,0.9633507853403142,0.9262951642198484,0.9821357265737122
v3_oracle_simulation_truth,gamma_shape_2,gamma,80,insufficient,200,0,0.0,1.734723475976807e-18,0.018845326377266575,,,,,,
v2,gamma_shape_2,gamma,100,all,200,200,1.0,0.9811546736227335,1.0,0.06,0.03465219425433187,0.1019316929576627,0.94,0.8980683070423372,0.9653478057456681
v2,gamma_shape_2,gamma,100,acceptable,200,27,0.135,0.09446570454787906,0.18929138370752552,0.037037037037037035,0.006568145980785103,0.18283465933575843,0.9629629629629629,0.8171653406642414,0.9934318540192149
v2,gamma_shape_2,gamma,100,caution,200,158,0.79,0.7283538314009754,0.8407158793002101,0.06962025316455696,0.039316463407065294,0.12035497683448712,0.930379746835443,0.879645023165513,0.9606835365929348
v2,gamma_shape_2,gamma,100,insufficient,200,15,0.075,0.04597491718438201,0.12004361023629456,0.0,0.0,0.20388330103584862,1.0,0.7961166989641515,1.0
v3_default,gamma_shape_2,gamma,100,all,200,200,1.0,0.9811546736227335,1.0,0.06,0.03465219425433187,0.1019316929576627,0.94,0.8980683070423372,0.9653478057456681
v3_default,gamma_shape_2,gamma,100,acceptable,200,0,0.0,1.734723475976807e-18,0.018845326377266575,,,,,,
v3_default,gamma_shape_2,gamma,100,caution,200,188,0.94,0.8980683070423372,0.9653478057456681,0.06382978723404255,0.03688691114919235,0.10824052372251766,0.9361702127659575,0.8917594762774823,0.9631130888508077
v3_default,gamma_shape_2,gamma,100,insufficient,200,12,0.06,0.03465219425433187,0.1019316929576627,0.0,2.7755575615628914e-17,0.24249400665524085,1.0,0.7575059933447592,1.0
v3_oracle_simulation_truth,gamma_shape_2,gamma,100,all,200,200,1.0,0.9811546736227335,1.0,0.06,0.03465219425433187,0.1019316929576627,0.94,0.8980683070423372,0.9653478057456681
v3_oracle_simulation_truth,gamma_shape_2,gamma,100,acceptable,200,5,0.025,0.010724719651761264,0.05717834040664198,0.0,0.0,0.43448246478317476,1.0,0.5655175352168251,1.0
v3_oracle_simulation_truth,gamma_shape_2,gamma,100,caution,200,195,0.975,0.942821659593358,0.9892752803482386,0.06153846153846154,0.0355495629094619,0.10446881648595507,0.9384615384615385,0.895531183514045,0.9644504370905381
v3_oracle_simulation_truth,gamma_shape_2,gamma,100,insufficient,200,0,0.0,1.734723475976807e-18,0.018845326377266575,,,,,,
v2,gamma_shape_2,gamma,200,all,200,200,1.0,0.9811546736227335,1.0,0.045,0.023852543001492997,0.0832967040018196,0.955,0.9167032959981803,0.976147456998507
v2,gamma_shape_2,gamma,200,acceptable,200,4,0.02,0.0078044264163494685,0.050287086905826436,0.0,0.0,0.4898908364545973,1.0,0.5101091635454027,1.0
v2,gamma_shape_2,gamma,200,caution,200,187,0.935,0.8919809207009312,0.961623645350847,0.0427807486631016,0.02183453844814547,0.08213374466656415,0.9572192513368984,0.9178662553334359,0.9781654615518546
v2,gamma_shape_2,gamma,200,insufficient,200,9,0.045,0.023852543001492997,0.0832967040018196,0.1111111111111111,0.019890887638544907,0.434999705576656,0.8888888888888888,0.5650002944233439,0.9801091123614551
v3_default,gamma_shape_2,gamma,200,all,200,200,1.0,0.9811546736227335,1.0,0.045,0.023852543001492997,0.0832967040018196,0.955,0.9167032959981803,0.976147456998507
v3_default,gamma_shape_2,gamma,200,acceptable,200,0,0.0,1.734723475976807e-18,0.018845326377266575,,,,,,
v3_default,gamma_shape_2,gamma,200,caution,200,189,0.945,0.9042130012276914,0.9690146582965411,0.042328042328042326,0.021601819155109156,0.0812881866664238,0.9576719576719577,0.9187118133335762,0.9783981808448908
v3_default,gamma_shape_2,gamma,200,insufficient,200,11,0.055,0.03098534170345884,0.0957869987723084,0.09090909090909091,0.016232172885884855,0.37735843645159567,0.9090909090909091,0.6226415635484043,0.9837678271141151
v3_oracle_simulation_truth,gamma_shape_2,gamma,200,all,200,200,1.0,0.9811546736227335,1.0,0.045,0.023852543001492997,0.0832967040018196,0.955,0.9167032959981803,0.976147456998507
v3_oracle_simulation_truth,gamma_shape_2,gamma,200,acceptable,200,0,0.0,1.734723475976807e-18,0.018845326377266575,,,,,,
v3_oracle_simulation_truth,gamma_shape_2,gamma,200,caution,200,200,1.0,0.9811546736227335,1.0,0.045,0.023852543001492997,0.0832967040018196,0.955,0.9167032959981803,0.976147456998507
v3_oracle_simulation_truth,gamma_shape_2,gamma,200,insufficient,200,0,0.0,1.734723475976807e-18,0.018845326377266575,,,,,,
v2,gamma_shape_2,gamma,500,all,200,200,1.0,0.9811546736227335,1.0,0.045,0.023852543001492997,0.0832967040018196,0.955,0.9167032959981803,0.976147456998507
v2,gamma_shape_2,gamma,500,acceptable,200,0,0.0,1.734723475976807e-18,0.018845326377266575,,,,,,
v2,gamma_shape_2,gamma,500,caution,200,199,0.995,0.9722262956021069,0.9991168312843989,0.04522613065326633,0.023973316045364932,0.08370417231267992,0.9547738693467337,0.9162958276873201,0.976026683954635
v2,gamma_shape_2,gamma,500,insufficient,200,1,0.005,0.0008831687156009814,0.02777370439789293,0.0,0.0,0.7934506856227626,1.0,0.20654931437723745,1.0
v3_default,gamma_shape_2,gamma,500,all,200,200,1.0,0.9811546736227335,1.0,0.045,0.023852543001492997,0.0832967040018196,0.955,0.9167032959981803,0.976147456998507
v3_default,gamma_shape_2,gamma,500,acceptable,200,0,0.0,1.734723475976807e-18,0.018845326377266575,,,,,,
v3_default,gamma_shape_2,gamma,500,caution,200,197,0.985,0.9568342712073097,0.9948857622067417,0.04060913705583756,0.020718524461061684,0.07807312412185391,0.9593908629441624,0.9219268758781463,0.9792814755389385
v3_default,gamma_shape_2,gamma,500,insufficient,200,3,0.015,0.00511423779325831,0.04316572879269026,0.3333333333333333,0.06149194472039621,0.7923403991979522,0.6666666666666666,0.2076596008020477,0.9385080552796037
v3_oracle_simulation_truth,gamma_shape_2,gamma,500,all,200,200,1.0,0.9811546736227335,1.0,0.045,0.023852543001492997,0.0832967040018196,0.955,0.9167032959981803,0.976147456998507
v3_oracle_simulation_truth,gamma_shape_2,gamma,500,acceptable,200,0,0.0,1.734723475976807e-18,0.018845326377266575,,,,,,
v3_oracle_simulation_truth,gamma_shape_2,gamma,500,caution,200,200,1.0,0.9811546736227335,1.0,0.045,0.023852543001492997,0.0832967040018196,0.955,0.9167032959981803,0.976147456998507
v3_oracle_simulation_truth,gamma_shape_2,gamma,500,insufficient,200,0,0.0,1.734723475976807e-18,0.018845326377266575,,,,,,
v2,gamma_shape_2,gamma,750,all,200,200,1.0,0.9811546736227335,1.0,0.06,0.03465219425433187,0.1019316929576627,0.94,0.8980683070423372,0.9653478057456681
v2,gamma_shape_2,gamma,750,acceptable,200,0,0.0,1.734723475976807e-18,0.018845326377266575,,,,,,
v2,gamma_shape_2,gamma,750,caution,200,199,0.995,0.9722262956021069,0.9991168312843989,0.06030150753768844,0.034828024751301506,0.10242921537387994,0.9396984924623115,0.8975707846261199,0.9651719752486984
v2,gamma_shape_2,gamma,750,insufficient,200,1,0.005,0.0008831687156009814,0.02777370439789293,0.0,0.0,0.7934506856227626,1.0,0.20654931437723745,1.0
v3_default,gamma_shape_2,gamma,750,all,200,200,1.0,0.9811546736227335,1.0,0.06,0.03465219425433187,0.1019316929576627,0.94,0.8980683070423372,0.9653478057456681
v3_default,gamma_shape_2,gamma,750,acceptable,200,0,0.0,1.734723475976807e-18,0.018845326377266575,,,,,,
v3_default,gamma_shape_2,gamma,750,caution,200,197,0.985,0.9568342712073097,0.9948857622067417,0.06091370558375635,0.03518509455234576,0.10343896735287192,0.9390862944162437,0.8965610326471282,0.9648149054476544
v3_default,gamma_shape_2,gamma,750,insufficient,200,3,0.015,0.00511423779325831,0.04316572879269026,0.0,5.551115123125783e-17,0.5614970317550454,1.0,0.4385029682449546,1.0
v3_oracle_simulation_truth,gamma_shape_2,gamma,750,all,200,200,1.0,0.9811546736227335,1.0,0.06,0.03465219425433187,0.1019316929576627,0.94,0.8980683070423372,0.9653478057456681
v3_oracle_simulation_truth,gamma_shape_2,gamma,750,acceptable,200,0,0.0,1.734723475976807e-18,0.018845326377266575,,,,,,
v3_oracle_simulation_truth,gamma_shape_2,gamma,750,caution,200,200,1.0,0.9811546736227335,1.0,0.06,0.03465219425433187,0.1019316929576627,0.94,0.8980683070423372,0.9653478057456681
v3_oracle_simulation_truth,gamma_shape_2,gamma,750,insufficient,200,0,0.0,1.734723475976807e-18,0.018845326377266575,,,,,,
v2,gamma_shape_2,gamma,2000,all,200,200,1.0,0.9811546736227335,1.0,0.025,0.010724719651761264,0.05717834040664198,0.975,0.942821659593358,0.9892752803482386
v2,gamma_shape_2,gamma,2000,acceptable,200,0,0.0,1.734723475976807e-18,0.018845326377266575,,,,,,
v2,gamma_shape_2,gamma,2000,caution,200,200,1.0,0.9811546736227335,1.0,0.025,0.010724719651761264,0.05717834040664198,0.975,0.942821659593358,0.9892752803482386
v2,gamma_shape_2,gamma,2000,insufficient,200,0,0.0,1.734723475976807e-18,0.018845326377266575,,,,,,
v3_default,gamma_shape_2,gamma,2000,all,200,200,1.0,0.9811546736227335,1.0,0.025,0.010724719651761264,0.05717834040664198,0.975,0.942821659593358,0.9892752803482386
v3_default,gamma_shape_2,gamma,2000,acceptable,200,0,0.0,1.734723475976807e-18,0.018845326377266575,,,,,,
v3_default,gamma_shape_2,gamma,2000,caution,200,199,0.995,0.9722262956021069,0.9991168312843989,0.02512562814070352,0.01077884838355496,0.05745897095164104,0.9748743718592965,0.9425410290483589,0.9892211516164451
v3_default,gamma_shape_2,gamma,2000,insufficient,200,1,0.005,0.0008831687156009814,0.02777370439789293,0.0,0.0,0.7934506856227626,1.0,0.20654931437723745,1.0
v3_oracle_simulation_truth,gamma_shape_2,gamma,2000,all,200,200,1.0,0.9811546736227335,1.0,0.025,0.010724719651761264,0.05717834040664198,0.975,0.942821659593358,0.9892752803482386
v3_oracle_simulation_truth,gamma_shape_2,gamma,2000,acceptable,200,0,0.0,1.734723475976807e-18,0.018845326377266575,,,,,,
v3_oracle_simulation_truth,gamma_shape_2,gamma,2000,caution,200,200,1.0,0.9811546736227335,1.0,0.025,0.010724719651761264,0.05717834040664198,0.975,0.942821659593358,0.9892752803482386
v3_oracle_simulation_truth,gamma_shape_2,gamma,2000,insufficient,200,0,0.0,1.734723475976807e-18,0.018845326377266575,,,,,,
v2,gamma_shape_4,gamma,5,all,200,200,1.0,0.9811546736227335,1.0,0.025,0.010724719651761264,0.05717834040664198,0.975,0.942821659593358,0.9892752803482386
v2,gamma_shape_4,gamma,5,acceptable,200,104,0.52,0.4510378507281424,0.588208336216767,0.028846153846153848,0.009858182902777006,0.08140040102511037,0.9711538461538461,0.9185995989748896,0.9901418170972229
v2,gamma_shape_4,gamma,5,caution,200,0,0.0,1.734723475976807e-18,0.018845326377266575,,,,,,
v2,gamma_shape_4,gamma,5,insufficient,200,96,0.48,0.411791663783233,0.5489621492718576,0.020833333333333332,0.005731969852430421,0.07280713517784211,0.9791666666666666,0.9271928648221579,0.9942680301475697
v3_default,gamma_shape_4,gamma,5,all,200,200,1.0,0.9811546736227335,1.0,0.025,0.010724719651761264,0.05717834040664198,0.975,0.942821659593358,0.9892752803482386
v3_default,gamma_shape_4,gamma,5,acceptable,200,0,0.0,1.734723475976807e-18,0.018845326377266575,,,,,,
v3_default,gamma_shape_4,gamma,5,caution,200,200,1.0,0.9811546736227335,1.0,0.025,0.010724719651761264,0.05717834040664198,0.975,0.942821659593358,0.9892752803482386
v3_default,gamma_shape_4,gamma,5,insufficient,200,0,0.0,1.734723475976807e-18,0.018845326377266575,,,,,,
v3_oracle_simulation_truth,gamma_shape_4,gamma,5,all,200,200,1.0,0.9811546736227335,1.0,0.025,0.010724719651761264,0.05717834040664198,0.975,0.942821659593358,0.9892752803482386
v3_oracle_simulation_truth,gamma_shape_4,gamma,5,acceptable,200,83,0.415,0.34894285449757567,0.4842608509865596,0.03614457831325301,0.012367803271745428,0.10095892976960381,0.963855421686747,0.8990410702303961,0.9876321967282546
v3_oracle_simulation_truth,gamma_shape_4,gamma,5,caution,200,117,0.585,0.5157391490134403,0.6510571455024242,0.017094017094017096,0.004700382604581561,0.06019008542865668,0.9829059829059829,0.9398099145713432,0.9952996173954185
v3_oracle_simulation_truth,gamma_shape_4,gamma,5,insufficient,200,0,0.0,1.734723475976807e-18,0.018845326377266575,,,,,,
v2,gamma_shape_4,gamma,8,all,200,200,1.0,0.9811546736227335,1.0,0.08,0.049840585889759974,0.12598948826714396,0.92,0.874010511732856,0.9501594141102401
v2,gamma_shape_4,gamma,8,acceptable,200,140,0.7,0.6332093162728074,0.7592525531762859,0.08571428571428572,0.04971124458699671,0.14384532143337403,0.9142857142857143,0.8561546785666259,0.9502887554130033
v2,gamma_shape_4,gamma,8,caution,200,0,0.0,1.734723475976807e-18,0.018845326377266575,,,,,,
v2,gamma_shape_4,gamma,8,insufficient,200,60,0.3,0.24074744682371402,0.36679068372719265,0.06666666666666667,0.026228698724506214,0.1592535731319717,0.9333333333333333,0.8407464268680283,0.9737713012754938
v3_default,gamma_shape_4,gamma,8,all,200,200,1.0,0.9811546736227335,1.0,0.08,0.049840585889759974,0.12598948826714396,0.92,0.874010511732856,0.9501594141102401
v3_default,gamma_shape_4,gamma,8,acceptable,200,0,0.0,1.734723475976807e-18,0.018845326377266575,,,,,,
v3_default,gamma_shape_4,gamma,8,caution,200,200,1.0,0.9811546736227335,1.0,0.08,0.049840585889759974,0.12598948826714396,0.92,0.874010511732856,0.9501594141102401
v3_default,gamma_shape_4,gamma,8,insufficient,200,0,0.0,1.734723475976807e-18,0.018845326377266575,,,,,,
v3_oracle_simulation_truth,gamma_shape_4,gamma,8,all,200,200,1.0,0.9811546736227335,1.0,0.08,0.049840585889759974,0.12598948826714396,0.92,0.874010511732856,0.9501594141102401
v3_oracle_simulation_truth,gamma_shape_4,gamma,8,acceptable,200,107,0.535,0.4658664687236316,0.6028143584299599,0.09345794392523364,0.0515582662185042,0.16353687123599236,0.9065420560747663,0.8364631287640076,0.9484417337814959
v3_oracle_simulation_truth,gamma_shape_4,gamma,8,caution,200,93,0.465,0.3971856415700402,0.5341335312763685,0.06451612903225806,0.029901431618647632,0.13367994162383134,0.9354838709677419,0.8663200583761685,0.9700985683813523
v3_oracle_simulation_truth,gamma_shape_4,gamma,8,insufficient,200,0,0.0,1.734723475976807e-18,0.018845326377266575,,,,,,
v2,gamma_shape_4,gamma,10,all,200,200,1.0,0.9811546736227335,1.0,0.055,0.03098534170345884,0.0957869987723084,0.945,0.9042130012276914,0.9690146582965411
v2,gamma_shape_4,gamma,10,acceptable,200,125,0.625,0.5561430369897816,0.6891456314159018,0.064,0.0327835795958678,0.12121544371779289,0.936,0.8787845562822072,0.9672164204041322
v2,gamma_shape_4,gamma,10,caution,200,0,0.0,1.734723475976807e-18,0.018845326377266575,,,,,,
v2,gamma_shape_4,gamma,10,insufficient,200,75,0.375,0.31085436858409826,0.44385696301021843,0.04,0.013696064260143935,0.11112987082403747,0.96,0.8888701291759625,0.9863039357398561
v3_default,gamma_shape_4,gamma,10,all,200,200,1.0,0.9811546736227335,1.0,0.055,0.03098534170345884,0.0957869987723084,0.945,0.9042130012276914,0.9690146582965411
v3_default,gamma_shape_4,gamma,10,acceptable,200,0,0.0,1.734723475976807e-18,0.018845326377266575,,,,,,
v3_default,gamma_shape_4,gamma,10,caution,200,200,1.0,0.9811546736227335,1.0,0.055,0.03098534170345884,0.0957869987723084,0.945,0.9042130012276914,0.9690146582965411
v3_default,gamma_shape_4,gamma,10,insufficient,200,0,0.0,1.734723475976807e-18,0.018845326377266575,,,,,,
v3_oracle_simulation_truth,gamma_shape_4,gamma,10,all,200,200,1.0,0.9811546736227335,1.0,0.055,0.03098534170345884,0.0957869987723084,0.945,0.9042130012276914,0.9690146582965411
v3_oracle_simulation_truth,gamma_shape_4,gamma,10,acceptable,200,87,0.435,0.36815725502699076,0.504292637402054,0.08045977011494253,0.03952027108986881,0.15688188990922067,0.9195402298850575,0.8431181100907793,0.9604797289101311
v3_oracle_simulation_truth,gamma_shape_4,gamma,10,caution,200,113,0.565,0.49570736259794607,0.6318427449730093,0.035398230088495575,0.013850178551374819,0.08749620089486373,0.9646017699115044,0.9125037991051361,0.9861498214486251
v3_oracle_simulation_truth,gamma_shape_4,gamma,10,insufficient,200,0,0.0,1.734723475976807e-18,0.018845326377266575,,,,,,
v2,gamma_shape_4,gamma,15,all,200,200,1.0,0.9811546736227335,1.0,0.07,0.042152171828342806,0.11405480885610647,0.93,0.8859451911438936,0.9578478281716571
v2,gamma_shape_4,gamma,15,acceptable,200,138,0.69,0.6228282243374195,0.750010551639219,0.08695652173913043,0.05044201073627726,0.14584375121354387,0.9130434782608695,0.854156248786456,0.9495579892637227
v2,gamma_shape_4,gamma,15,caution,200,0,0.0,1.734723475976807e-18,0.018845326377266575,,,,,,
v2,gamma_shape_4,gamma,15,insufficient,200,62,0.31,0.2499894483607809,0.37717177566258037,0.03225806451612903,0.008891371499816635,0.11020469594985441,0.967741935483871,0.8897953040501456,0.9911086285001833
v3_default,gamma_shape_4,gamma,15,all,200,200,1.0,0.9811546736227335,1.0,0.07,0.042152171828342806,0.11405480885610647,0.93,0.8859451911438936,0.9578478281716571
v3_default,gamma_shape_4,gamma,15,acceptable,200,0,0.0,1.734723475976807e-18,0.018845326377266575,,,,,,
v3_default,gamma_shape_4,gamma,15,caution,200,200,1.0,0.9811546736227335,1.0,0.07,0.042152171828342806,0.11405480885610647,0.93,0.8859451911438936,0.9578478281716571
v3_default,gamma_shape_4,gamma,15,insufficient,200,0,0.0,1.734723475976807e-18,0.018845326377266575,,,,,,
v3_oracle_simulation_truth,gamma_shape_4,gamma,15,all,200,200,1.0,0.9811546736227335,1.0,0.07,0.042152171828342806,0.11405480885610647,0.93,0.8859451911438936,0.9578478281716571
v3_oracle_simulation_truth,gamma_shape_4,gamma,15,acceptable,200,103,0.515,0.44610849192745716,0.5833261482812249,0.11650485436893204,0.06791546266112922,0.1926711965627854,0.883495145631068,0.8073288034372147,0.9320845373388708
v3_oracle_simulation_truth,gamma_shape_4,gamma,15,caution,200,97,0.485,0.41667385171877513,0.5538915080725428,0.020618556701030927,0.005672685102266338,0.07208758247415772,0.979381443298969,0.9279124175258422,0.9943273148977336
v3_oracle_simulation_truth,gamma_shape_4,gamma,15,insufficient,200,0,0.0,1.734723475976807e-18,0.018845326377266575,,,,,,
v2,gamma_shape_4,gamma,20,all,200,200,1.0,0.9811546736227335,1.0,0.05,0.02738264560076393,0.08957814813877599,0.95,0.9104218518612239,0.972617354399236
v2,gamma_shape_4,gamma,20,acceptable,200,136,0.68,0.6124810156588646,0.7407346668453195,0.051470588235294115,0.025153173635273883,0.10243029818455737,0.9485294117647058,0.8975697018154425,0.9748468263647261
v2,gamma_shape_4,gamma,20,caution,200,0,0.0,1.734723475976807e-18,0.018845326377266575,,,,,,
v2,gamma_shape_4,gamma,20,insufficient,200,64,0.32,0.25926533315468053,0.38751898434113546,0.046875,0.016069016786292974,0.12899653740093686,0.953125,0.8710034625990631,0.983930983213707
v3_default,gamma_shape_4,gamma,20,all,200,200,1.0,0.9811546736227335,1.0,0.05,0.02738264560076393,0.08957814813877599,0.95,0.9104218518612239,0.972617354399236
v3_default,gamma_shape_4,gamma,20,acceptable,200,0,0.0,1.734723475976807e-18,0.018845326377266575,,,,,,
v3_default,gamma_shape_4,gamma,20,caution,200,200,1.0,0.9811546736227335,1.0,0.05,0.02738264560076393,0.08957814813877599,0.95,0.9104218518612239,0.972617354399236
v3_default,gamma_shape_4,gamma,20,insufficient,200,0,0.0,1.734723475976807e-18,0.018845326377266575,,,,,,
v3_oracle_simulation_truth,gamma_shape_4,gamma,20,all,200,200,1.0,0.9811546736227335,1.0,0.05,0.02738264560076393,0.08957814813877599,0.95,0.9104218518612239,0.972617354399236
v3_oracle_simulation_truth,gamma_shape_4,gamma,20,acceptable,200,104,0.52,0.4510378507281424,0.588208336216767,0.0673076923076923,0.03298368902967008,0.1324578676387979,0.9326923076923077,0.8675421323612021,0.9670163109703299
v3_oracle_simulation_truth,gamma_shape_4,gamma,20,caution,200,96,0.48,0.411791663783233,0.5489621492718576,0.03125,0.010684070371201164,0.0878867932453698,0.96875,0.9121132067546303,0.989315929628799
v3_oracle_simulation_truth,gamma_shape_4,gamma,20,insufficient,200,0,0.0,1.734723475976807e-18,0.018845326377266575,,,,,,
v2,gamma_shape_4,gamma,30,all,200,200,1.0,0.9811546736227335,1.0,0.065,0.03837635464915299,0.10801907929906895,0.935,0.8919809207009312,0.961623645350847
v2,gamma_shape_4,gamma,30,acceptable,200,121,0.605,0.5358834915928536,0.6701589898679203,0.08264462809917356,0.045509049437406586,0.14546483893197612,0.9173553719008265,0.854535161068024,0.9544909505625935
v2,gamma_shape_4,gamma,30,caution,200,0,0.0,1.734723475976807e-18,0.018845326377266575,,,,,,
v2,gamma_shape_4,gamma,30,insufficient,200,79,0.395,0.32984101013207967,0.46411650840714636,0.0379746835443038,0.012998086889435871,0.10580062767684709,0.9620253164556962,0.8941993723231529,0.9870019131105641
v3_default,gamma_shape_4,gamma,30,all,200,200,1.0,0.9811546736227335,1.0,0.065,0.03837635464915299,0.10801907929906895,0.935,0.8919809207009312,0.961623645350847
v3_default,gamma_shape_4,gamma,30,acceptable,200,0,0.0,1.734723475976807e-18,0.018845326377266575,,,,,,
v3_default,gamma_shape_4,gamma,30,caution,200,200,1.0,0.9811546736227335,1.0,0.065,0.03837635464915299,0.10801907929906895,0.935,0.8919809207009312,0.961623645350847
v3_default,gamma_shape_4,gamma,30,insufficient,200,0,0.0,1.734723475976807e-18,0.018845326377266575,,,,,,
v3_oracle_simulation_truth,gamma_shape_4,gamma,30,all,200,200,1.0,0.9811546736227335,1.0,0.065,0.03837635464915299,0.10801907929906895,0.935,0.8919809207009312,0.961623645350847
v3_oracle_simulation_truth,gamma_shape_4,gamma,30,acceptable,200,82,0.41,0.34415674908482885,0.4792354096630791,0.07317073170731707,0.033964777256659195,0.1505784380885484,0.926829268292683,0.8494215619114518,0.9660352227433409
v3_oracle_simulation_truth,gamma_shape_4,gamma,30,caution,200,118,0.59,0.5207645903369208,0.6558432509151711,0.059322033898305086,0.02902976488109972,0.11740199154550544,0.940677966101695,0.8825980084544947,0.9709702351189002
v3_oracle_simulation_truth,gamma_shape_4,gamma,30,insufficient,200,0,0.0,1.734723475976807e-18,0.018845326377266575,,,,,,
v2,gamma_shape_4,gamma,40,all,200,200,1.0,0.9811546736227335,1.0,0.06,0.03465219425433187,0.1019316929576627,0.94,0.8980683070423372,0.9653478057456681
v2,gamma_shape_4,gamma,40,acceptable,200,109,0.545,0.47578611372488105,0.6125178069011651,0.07339449541284404,0.03765708283283439,0.13817774798251642,0.926605504587156,0.8618222520174836,0.9623429171671656
v2,gamma_shape_4,gamma,40,caution,200,18,0.09,0.05768744886219316,0.13776571876716542,0.1111111111111111,0.03101952264561239,0.32799765130178804,0.8888888888888888,0.672002348698212,0.9689804773543876
v2,gamma_shape_4,gamma,40,insufficient,200,73,0.365,0.301405264649268,0.433682973472594,0.0273972602739726,0.007545758679607641,0.09450148171690531,0.9726027397260274,0.9054985182830946,0.9924542413203923
v3_default,gamma_shape_4,gamma,40,all,200,200,1.0,0.9811546736227335,1.0,0.06,0.03465219425433187,0.1019316929576627,0.94,0.8980683070423372,0.9653478057456681
v3_default,gamma_shape_4,gamma,40,acceptable,200,0,0.0,1.734723475976807e-18,0.018845326377266575,,,,,,
v3_default,gamma_shape_4,gamma,40,caution,200,199,0.995,0.9722262956021069,0.9991168312843989,0.06030150753768844,0.034828024751301506,0.10242921537387994,0.9396984924623115,0.8975707846261199,0.9651719752486984
v3_default,gamma_shape_4,gamma,40,insufficient,200,1,0.005,0.0008831687156009814,0.02777370439789293,0.0,0.0,0.7934506856227626,1.0,0.20654931437723745,1.0
v3_oracle_simulation_truth,gamma_shape_4,gamma,40,all,200,200,1.0,0.9811546736227335,1.0,0.06,0.03465219425433187,0.1019316929576627,0.94,0.8980683070423372,0.9653478057456681
v3_oracle_simulation_truth,gamma_shape_4,gamma,40,acceptable,200,61,0.305,0.24536415630735034,0.37198552097978366,0.06557377049180328,0.02579370448956657,0.1568280167989577,0.9344262295081968,0.8431719832010424,0.9742062955104335
v3_oracle_simulation_truth,gamma_shape_4,gamma,40,caution,200,139,0.695,0.6280144790202163,0.7546358436926496,0.05755395683453238,0.029448901559716058,0.10945656037343804,0.9424460431654677,0.890543439626562,0.970551098440284
v3_oracle_simulation_truth,gamma_shape_4,gamma,40,insufficient,200,0,0.0,1.734723475976807e-18,0.018845326377266575,,,,,,
v2,gamma_shape_4,gamma,50,all,200,200,1.0,0.9811546736227335,1.0,0.04,0.020405632066152306,0.07693206820093293,0.96,0.923067931799067,0.9795943679338476
v2,gamma_shape_4,gamma,50,acceptable,200,108,0.54,0.4708228918895333,0.6076694820002854,0.037037037037037035,0.014495541339902766,0.09138164361061299,0.9629629629629629,0.9086183563893868,0.9855044586600972
v2,gamma_shape_4,gamma,50,caution,200,17,0.085,0.05374575017747561,0.13189587071565567,0.058823529411764705,0.010460400984997592,0.26982030637575405,0.9411764705882353,0.7301796936242461,0.9895395990150025
v2,gamma_shape_4,gamma,50,insufficient,200,75,0.375,0.31085436858409826,0.44385696301021843,0.04,0.013696064260143935,0.11112987082403747,0.96,0.8888701291759625,0.9863039357398561
v3_default,gamma_shape_4,gamma,50,all,200,200,1.0,0.9811546736227335,1.0,0.04,0.020405632066152306,0.07693206820093293,0.96,0.923067931799067,0.9795943679338476
v3_default,gamma_shape_4,gamma,50,acceptable,200,0,0.0,1.734723475976807e-18,0.018845326377266575,,,,,,
v3_default,gamma_shape_4,gamma,50,caution,200,196,0.98,0.9497129130941735,0.9921955735836505,0.04081632653061224,0.0208249653645253,0.07846103333555769,0.9591836734693877,0.9215389666644423,0.9791750346354747
v3_default,gamma_shape_4,gamma,50,insufficient,200,4,0.02,0.0078044264163494685,0.050287086905826436,0.0,0.0,0.4898908364545973,1.0,0.5101091635454027,1.0
v3_oracle_simulation_truth,gamma_shape_4,gamma,50,all,200,200,1.0,0.9811546736227335,1.0,0.04,0.020405632066152306,0.07693206820093293,0.96,0.923067931799067,0.9795943679338476
v3_oracle_simulation_truth,gamma_shape_4,gamma,50,acceptable,200,58,0.29,0.23154025607067882,0.3563747810077731,0.06896551724137931,0.027144247017578338,0.1643366631438035,0.9310344827586207,0.8356633368561964,0.9728557529824217
v3_oracle_simulation_truth,gamma_shape_4,gamma,50,caution,200,142,0.71,0.6436252189922268,0.7684597439293211,0.028169014084507043,0.01100774180252639,0.07018630902805872,0.971830985915493,0.9298136909719413,0.9889922581974736
v3_oracle_simulation_truth,gamma_shape_4,gamma,50,insufficient,200,0,0.0,1.734723475976807e-18,0.018845326377266575,,,,,,
v2,gamma_shape_4,gamma,80,all,200,200,1.0,0.9811546736227335,1.0,0.065,0.03837635464915299,0.10801907929906895,0.935,0.8919809207009312,0.961623645350847
v2,gamma_shape_4,gamma,80,acceptable,200,87,0.435,0.36815725502699076,0.504292637402054,0.06896551724137931,0.031988839442576765,0.14239694240580283,0.9310344827586207,0.8576030575941972,0.9680111605574232
v2,gamma_shape_4,gamma,80,caution,200,107,0.535,0.4658664687236316,0.6028143584299599,0.06542056074766354,0.03204830428813078,0.1289154633356414,0.9345794392523364,0.8710845366643586,0.9679516957118693
v2,gamma_shape_4,gamma,80,insufficient,200,6,0.03,0.013820314340111346,0.06389429245451925,0.0,2.7755575615628914e-17,0.3903342879021653,1.0,0.6096657120978346,1.0
v3_default,gamma_shape_4,gamma,80,all,200,200,1.0,0.9811546736227335,1.0,0.065,0.03837635464915299,0.10801907929906895,0.935,0.8919809207009312,0.961623645350847
v3_default,gamma_shape_4,gamma,80,acceptable,200,0,0.0,1.734723475976807e-18,0.018845326377266575,,,,,,
v3_default,gamma_shape_4,gamma,80,caution,200,197,0.985,0.9568342712073097,0.9948857622067417,0.06598984771573604,0.038966929953684525,0.10961523528210868,0.934010152284264,0.8903847647178915,0.9610330700463157
v3_default,gamma_shape_4,gamma,80,insufficient,200,3,0.015,0.00511423779325831,0.04316572879269026,0.0,5.551115123125783e-17,0.5614970317550454,1.0,0.4385029682449546,1.0
v3_oracle_simulation_truth,gamma_shape_4,gamma,80,all,200,200,1.0,0.9811546736227335,1.0,0.065,0.03837635464915299,0.10801907929906895,0.935,0.8919809207009312,0.961623645350847
v3_oracle_simulation_truth,gamma_shape_4,gamma,80,acceptable,200,51,0.255,0.1996049517203135,0.3196292582045472,0.0784313725490196,0.03092219678848919,0.18499946312595889,0.9215686274509803,0.8150005368740411,0.9690778032115107
v3_oracle_simulation_truth,gamma_shape_4,gamma,80,caution,200,149,0.745,0.6803707417954529,0.8003950482796865,0.06040268456375839,0.032100224500152576,0.11080248651307728,0.9395973154362416,0.8891975134869227,0.9678997754998474
v3_oracle_simulation_truth,gamma_shape_4,gamma,80,insufficient,200,0,0.0,1.734723475976807e-18,0.018845326377266575,,,,,,
v2,gamma_shape_4,gamma,100,all,200,200,1.0,0.9811546736227335,1.0,0.04,0.020405632066152306,0.07693206820093293,0.96,0.923067931799067,0.9795943679338476
v2,gamma_shape_4,gamma,100,acceptable,200,82,0.41,0.34415674908482885,0.4792354096630791,0.04878048780487805,0.019131065567745804,0.1188146192257594,0.9512195121951219,0.8811853807742406,0.9808689344322542
v2,gamma_shape_4,gamma,100,caution,200,114,0.57,0.5007048776415268,0.6366567766656557,0.03508771929824561,0.013727941234497623,0.08675841508863581,0.9649122807017544,0.9132415849113642,0.9862720587655025
v2,gamma_shape_4,gamma,100,insufficient,200,4,0.02,0.0078044264163494685,0.050287086905826436,0.0,0.0,0.4898908364545973,1.0,0.5101091635454027,1.0
v3_default,gamma_shape_4,gamma,100,all,200,200,1.0,0.9811546736227335,1.0,0.04,0.020405632066152306,0.07693206820093293,0.96,0.923067931799067,0.9795943679338476
v3_default,gamma_shape_4,gamma,100,acceptable,200,0,0.0,1.734723475976807e-18,0.018845326377266575,,,,,,
v3_default,gamma_shape_4,gamma,100,caution,200,197,0.985,0.9568342712073097,0.9948857622067417,0.04060913705583756,0.020718524461061684,0.07807312412185391,0.9593908629441624,0.9219268758781463,0.9792814755389385
v3_default,gamma_shape_4,gamma,100,insufficient,200,3,0.015,0.00511423779325831,0.04316572879269026,0.0,5.551115123125783e-17,0.5614970317550454,1.0,0.4385029682449546,1.0
v3_oracle_simulation_truth,gamma_shape_4,gamma,100,all,200,200,1.0,0.9811546736227335,1.0,0.04,0.020405632066152306,0.07693206820093293,0.96,0.923067931799067,0.9795943679338476
v3_oracle_simulation_truth,gamma_shape_4,gamma,100,acceptable,200,47,0.235,0.18157433415232588,0.29841368882762537,0.0851063829787234,0.03359412345792552,0.19931537786964587,0.9148936170212766,0.8006846221303541,0.9664058765420744
v3_oracle_simulation_truth,gamma_shape_4,gamma,100,caution,200,153,0.765,0.7015863111723746,0.8184256658476741,0.026143790849673203,0.01021273959970401,0.06528680567187906,0.9738562091503268,0.9347131943281209,0.9897872604002961
v3_oracle_simulation_truth,gamma_shape_4,gamma,100,insufficient,200,0,0.0,1.734723475976807e-18,0.018845326377266575,,,,,,
v2,gamma_shape_4,gamma,200,all,200,200,1.0,0.9811546736227335,1.0,0.045,0.023852543001492997,0.0832967040018196,0.955,0.9167032959981803,0.976147456998507
v2,gamma_shape_4,gamma,200,acceptable,200,33,0.165,0.11996855328217307,0.2226578153905955,0.0,0.0,0.10426999754245206,1.0,0.895730002457548,1.0
v2,gamma_shape_4,gamma,200,caution,200,167,0.835,0.7773421846094045,0.8800314467178268,0.05389221556886228,0.028608758616566768,0.09923760239828343,0.9461077844311377,0.9007623976017166,0.9713912413834332
v2,gamma_shape_4,gamma,200,insufficient,200,0,0.0,1.734723475976807e-18,0.018845326377266575,,,,,,
v3_default,gamma_shape_4,gamma,200,all,200,200,1.0,0.9811546736227335,1.0,0.045,0.023852543001492997,0.0832967040018196,0.955,0.9167032959981803,0.976147456998507
v3_default,gamma_shape_4,gamma,200,acceptable,200,0,0.0,1.734723475976807e-18,0.018845326377266575,,,,,,
v3_default,gamma_shape_4,gamma,200,caution,200,199,0.995,0.9722262956021069,0.9991168312843989,0.04522613065326633,0.023973316045364932,0.08370417231267992,0.9547738693467337,0.9162958276873201,0.976026683954635
v3_default,gamma_shape_4,gamma,200,insufficient,200,1,0.005,0.0008831687156009814,0.02777370439789293,0.0,0.0,0.7934506856227626,1.0,0.20654931437723745,1.0
v3_oracle_simulation_truth,gamma_shape_4,gamma,200,all,200,200,1.0,0.9811546736227335,1.0,0.045,0.023852543001492997,0.0832967040018196,0.955,0.9167032959981803,0.976147456998507
v3_oracle_simulation_truth,gamma_shape_4,gamma,200,acceptable,200,14,0.07,0.042152171828342806,0.11405480885610647,0.0,1.3877787807814457e-17,0.2153108027376358,1.0,0.7846891972623643,1.0
v3_oracle_simulation_truth,gamma_shape_4,gamma,200,caution,200,186,0.93,0.8859451911438936,0.9578478281716571,0.04838709677419355,0.025662513776904622,0.08938853437861682,0.9516129032258065,0.9106114656213832,0.9743374862230955
v3_oracle_simulation_truth,gamma_shape_4,gamma,200,insufficient,200,0,0.0,1.734723475976807e-18,0.018845326377266575,,,,,,
v2,gamma_shape_4,gamma,500,all,200,200,1.0,0.9811546736227335,1.0,0.05,0.02738264560076393,0.08957814813877599,0.95,0.9104218518612239,0.972617354399236
v2,gamma_shape_4,gamma,500,acceptable,200,5,0.025,0.010724719651761264,0.05717834040664198,0.2,0.03622410863243014,0.6244653702374747,0.8,0.37553462976252533,0.9637758913675698
v2,gamma_shape_4,gamma,500,caution,200,195,0.975,0.942821659593358,0.9892752803482386,0.046153846153846156,0.024468892331212376,0.08537469335878062,0.9538461538461539,0.9146253066412194,0.9755311076687877
v2,gamma_shape_4,gamma,500,insufficient,200,0,0.0,1.734723475976807e-18,0.018845326377266575,,,,,,
v3_default,gamma_shape_4,gamma,500,all,200,200,1.0,0.9811546736227335,1.0,0.05,0.02738264560076393,0.08957814813877599,0.95,0.9104218518612239,0.972617354399236
v3_default,gamma_shape_4,gamma,500,acceptable,200,0,0.0,1.734723475976807e-18,0.018845326377266575,,,,,,
v3_default,gamma_shape_4,gamma,500,caution,200,199,0.995,0.9722262956021069,0.9991168312843989,0.05025125628140704,0.027521394363559718,0.09001601125019734,0.949748743718593,0.9099839887498027,0.9724786056364403
v3_default,gamma_shape_4,gamma,500,insufficient,200,1,0.005,0.0008831687156009814,0.02777370439789293,0.0,0.0,0.7934506856227626,1.0,0.20654931437723745,1.0
v3_oracle_simulation_truth,gamma_shape_4,gamma,500,all,200,200,1.0,0.9811546736227335,1.0,0.05,0.02738264560076393,0.08957814813877599,0.95,0.9104218518612239,0.972617354399236
v3_oracle_simulation_truth,gamma_shape_4,gamma,500,acceptable,200,4,0.02,0.0078044264163494685,0.050287086905826436,0.0,0.0,0.4898908364545973,1.0,0.5101091635454027,1.0
v3_oracle_simulation_truth,gamma_shape_4,gamma,500,caution,200,196,0.98,0.9497129130941735,0.9921955735836505,0.05102040816326531,0.02794620828097462,0.09135565711466209,0.9489795918367347,0.908644342885338,0.9720537917190254
v3_oracle_simulation_truth,gamma_shape_4,gamma,500,insufficient,200,0,0.0,1.734723475976807e-18,0.018845326377266575,,,,,,
v2,gamma_shape_4,gamma,750,all,200,200,1.0,0.9811546736227335,1.0,0.035,0.017055542008567192,0.07047061152229073,0.965,0.9295293884777092,0.9829444579914328
v2,gamma_shape_4,gamma,750,acceptable,200,1,0.005,0.0008831687156009814,0.02777370439789293,0.0,0.0,0.7934506856227626,1.0,0.20654931437723745,1.0
v2,gamma_shape_4,gamma,750,caution,200,199,0.995,0.9722262956021069,0.9991168312843989,0.035175879396984924,0.017141766602341124,0.0708158872442793,0.964824120603015,0.9291841127557207,0.9828582333976589
v2,gamma_shape_4,gamma,750,insufficient,200,0,0.0,1.734723475976807e-18,0.018845326377266575,,,,,,
v3_default,gamma_shape_4,gamma,750,all,200,200,1.0,0.9811546736227335,1.0,0.035,0.017055542008567192,0.07047061152229073,0.965,0.9295293884777092,0.9829444579914328
v3_default,gamma_shape_4,gamma,750,acceptable,200,0,0.0,1.734723475976807e-18,0.018845326377266575,,,,,,
v3_default,gamma_shape_4,gamma,750,caution,200,200,1.0,0.9811546736227335,1.0,0.035,0.017055542008567192,0.07047061152229073,0.965,0.9295293884777092,0.9829444579914328
v3_default,gamma_shape_4,gamma,750,insufficient,200,0,0.0,1.734723475976807e-18,0.018845326377266575,,,,,,
v3_oracle_simulation_truth,gamma_shape_4,gamma,750,all,200,200,1.0,0.9811546736227335,1.0,0.035,0.017055542008567192,0.07047061152229073,0.965,0.9295293884777092,0.9829444579914328
v3_oracle_simulation_truth,gamma_shape_4,gamma,750,acceptable,200,0,0.0,1.734723475976807e-18,0.018845326377266575,,,,,,
v3_oracle_simulation_truth,gamma_shape_4,gamma,750,caution,200,200,1.0,0.9811546736227335,1.0,0.035,0.017055542008567192,0.07047061152229073,0.965,0.9295293884777092,0.9829444579914328
v3_oracle_simulation_truth,gamma_shape_4,gamma,750,insufficient,200,0,0.0,1.734723475976807e-18,0.018845326377266575,,,,,,
v2,gamma_shape_4,gamma,2000,all,200,200,1.0,0.9811546736227335,1.0,0.06,0.03465219425433187,0.1019316929576627,0.94,0.8980683070423372,0.9653478057456681
v2,gamma_shape_4,gamma,2000,acceptable,200,0,0.0,1.734723475976807e-18,0.018845326377266575,,,,,,
v2,gamma_shape_4,gamma,2000,caution,200,200,1.0,0.9811546736227335,1.0,0.06,0.03465219425433187,0.1019316929576627,0.94,0.8980683070423372,0.9653478057456681
v2,gamma_shape_4,gamma,2000,insufficient,200,0,0.0,1.734723475976807e-18,0.018845326377266575,,,,,,
v3_default,gamma_shape_4,gamma,2000,all,200,200,1.0,0.9811546736227335,1.0,0.06,0.03465219425433187,0.1019316929576627,0.94,0.8980683070423372,0.9653478057456681
v3_default,gamma_shape_4,gamma,2000,acceptable,200,0,0.0,1.734723475976807e-18,0.018845326377266575,,,,,,
v3_default,gamma_shape_4,gamma,2000,caution,200,200,1.0,0.9811546736227335,1.0,0.06,0.03465219425433187,0.1019316929576627,0.94,0.8980683070423372,0.9653478057456681
v3_default,gamma_shape_4,gamma,2000,insufficient,200,0,0.0,1.734723475976807e-18,0.018845326377266575,,,,,,
v3_oracle_simulation_truth,gamma_shape_4,gamma,2000,all,200,200,1.0,0.9811546736227335,1.0,0.06,0.03465219425433187,0.1019316929576627,0.94,0.8980683070423372,0.9653478057456681
v3_oracle_simulation_truth,gamma_shape_4,gamma,2000,acceptable,200,0,0.0,1.734723475976807e-18,0.018845326377266575,,,,,,
v3_oracle_simulation_truth,gamma_shape_4,gamma,2000,caution,200,200,1.0,0.9811546736227335,1.0,0.06,0.03465219425433187,0.1019316929576627,0.94,0.8980683070423372,0.9653478057456681
v3_oracle_simulation_truth,gamma_shape_4,gamma,2000,insufficient,200,0,0.0,1.734723475976807e-18,0.018845326377266575,,,,,,
v2,lognormal_sigma_0.25,lognormal,5,all,200,200,1.0,0.9811546736227335,1.0,0.06,0.03465219425433187,0.1019316929576627,0.94,0.8980683070423372,0.9653478057456681
v2,lognormal_sigma_0.25,lognormal,5,acceptable,200,124,0.62,0.5510671801561923,0.6844099415132637,0.056451612903225805,0.027611270948101965,0.11194798459604759,0.9435483870967742,0.8880520154039525,0.9723887290518981
v2,lognormal_sigma_0.25,lognormal,5,caution,200,0,0.0,1.734723475976807e-18,0.018845326377266575,,,,,,
v2,lognormal_sigma_0.25,lognormal,5,insufficient,200,76,0.38,0.31559005848673627,0.44893281984380773,0.06578947368421052,0.028426532219532126,0.14493526533703452,0.9342105263157895,0.8550647346629656,0.9715734677804679
v3_default,lognormal_sigma_0.25,lognormal,5,all,200,200,1.0,0.9811546736227335,1.0,0.06,0.03465219425433187,0.1019316929576627,0.94,0.8980683070423372,0.9653478057456681
v3_default,lognormal_sigma_0.25,lognormal,5,acceptable,200,0,0.0,1.734723475976807e-18,0.018845326377266575,,,,,,
v3_default,lognormal_sigma_0.25,lognormal,5,caution,200,200,1.0,0.9811546736227335,1.0,0.06,0.03465219425433187,0.1019316929576627,0.94,0.8980683070423372,0.9653478057456681
v3_default,lognormal_sigma_0.25,lognormal,5,insufficient,200,0,0.0,1.734723475976807e-18,0.018845326377266575,,,,,,
v3_oracle_simulation_truth,lognormal_sigma_0.25,lognormal,5,all,200,200,1.0,0.9811546736227335,1.0,0.06,0.03465219425433187,0.1019316929576627,0.94,0.8980683070423372,0.9653478057456681
v3_oracle_simulation_truth,lognormal_sigma_0.25,lognormal,5,acceptable,200,0,0.0,1.734723475976807e-18,0.018845326377266575,,,,,,
v3_oracle_simulation_truth,lognormal_sigma_0.25,lognormal,5,caution,200,200,1.0,0.9811546736227335,1.0,0.06,0.03465219425433187,0.1019316929576627,0.94,0.8980683070423372,0.9653478057456681
v3_oracle_simulation_truth,lognormal_sigma_0.25,lognormal,5,insufficient,200,0,0.0,1.734723475976807e-18,0.018845326377266575,,,,,,
v2,lognormal_sigma_0.25,lognormal,8,all,200,200,1.0,0.9811546736227335,1.0,0.04,0.020405632066152306,0.07693206820093293,0.96,0.923067931799067,0.9795943679338476
v2,lognormal_sigma_0.25,lognormal,8,acceptable,200,144,0.72,0.6540769541334929,0.7776311022605097,0.027777777777777776,0.01085411795640967,0.06924153934534726,0.9722222222222222,0.9307584606546526,0.9891458820435903
v2,lognormal_sigma_0.25,lognormal,8,caution,200,0,0.0,1.734723475976807e-18,0.018845326377266575,,,,,,
v2,lognormal_sigma_0.25,lognormal,8,insufficient,200,56,0.28,0.22236889773949026,0.3459230458665071,0.07142857142857142,0.028126036578876953,0.16975448060863452,0.9285714285714286,0.8302455193913656,0.9718739634211231
v3_default,lognormal_sigma_0.25,lognormal,8,all,200,200,1.0,0.9811546736227335,1.0,0.04,0.020405632066152306,0.07693206820093293,0.96,0.923067931799067,0.9795943679338476
v3_default,lognormal_sigma_0.25,lognormal,8,acceptable,200,0,0.0,1.734723475976807e-18,0.018845326377266575,,,,,,
v3_default,lognormal_sigma_0.25,lognormal,8,caution,200,200,1.0,0.9811546736227335,1.0,0.04,0.020405632066152306,0.07693206820093293,0.96,0.923067931799067,0.9795943679338476
v3_default,lognormal_sigma_0.25,lognormal,8,insufficient,200,0,0.0,1.734723475976807e-18,0.018845326377266575,,,,,,
v3_oracle_simulation_truth,lognormal_sigma_0.25,lognormal,8,all,200,200,1.0,0.9811546736227335,1.0,0.04,0.020405632066152306,0.07693206820093293,0.96,0.923067931799067,0.9795943679338476
v3_oracle_simulation_truth,lognormal_sigma_0.25,lognormal,8,acceptable,200,0,0.0,1.734723475976807e-18,0.018845326377266575,,,,,,
v3_oracle_simulation_truth,lognormal_sigma_0.25,lognormal,8,caution,200,200,1.0,0.9811546736227335,1.0,0.04,0.020405632066152306,0.07693206820093293,0.96,0.923067931799067,0.9795943679338476
v3_oracle_simulation_truth,lognormal_sigma_0.25,lognormal,8,insufficient,200,0,0.0,1.734723475976807e-18,0.018845326377266575,,,,,,
v2,lognormal_sigma_0.25,lognormal,10,all,200,200,1.0,0.9811546736227335,1.0,0.07,0.042152171828342806,0.11405480885610647,0.93,0.8859451911438936,0.9578478281716571
v2,lognormal_sigma_0.25,lognormal,10,acceptable,200,151,0.755,0.6909575644379659,0.8094313191096282,0.0728476821192053,0.04116107175903339,0.12572872001578092,0.9271523178807947,0.8742712799842192,0.9588389282409666
v2,lognormal_sigma_0.25,lognormal,10,caution,200,0,0.0,1.734723475976807e-18,0.018845326377266575,,,,,,
v2,lognormal_sigma_0.25,lognormal,10,insufficient,200,49,0.245,0.1905686808903718,0.30904243556203415,0.061224489795918366,0.02104014667296747,0.16520487835726402,0.9387755102040817,0.834795121642736,0.9789598533270324
v3_default,lognormal_sigma_0.25,lognormal,10,all,200,200,1.0,0.9811546736227335,1.0,0.07,0.042152171828342806,0.11405480885610647,0.93,0.8859451911438936,0.9578478281716571
v3_default,lognormal_sigma_0.25,lognormal,10,acceptable,200,0,0.0,1.734723475976807e-18,0.018845326377266575,,,,,,
v3_default,lognormal_sigma_0.25,lognormal,10,caution,200,200,1.0,0.9811546736227335,1.0,0.07,0.042152171828342806,0.11405480885610647,0.93,0.8859451911438936,0.9578478281716571
v3_default,lognormal_sigma_0.25,lognormal,10,insufficient,200,0,0.0,1.734723475976807e-18,0.018845326377266575,,,,,,
v3_oracle_simulation_truth,lognormal_sigma_0.25,lognormal,10,all,200,200,1.0,0.9811546736227335,1.0,0.07,0.042152171828342806,0.11405480885610647,0.93,0.8859451911438936,0.9578478281716571
v3_oracle_simulation_truth,lognormal_sigma_0.25,lognormal,10,acceptable,200,0,0.0,1.734723475976807e-18,0.018845326377266575,,,,,,
v3_oracle_simulation_truth,lognormal_sigma_0.25,lognormal,10,caution,200,200,1.0,0.9811546736227335,1.0,0.07,0.042152171828342806,0.11405480885610647,0.93,0.8859451911438936,0.9578478281716571
v3_oracle_simulation_truth,lognormal_sigma_0.25,lognormal,10,insufficient,200,0,0.0,1.734723475976807e-18,0.018845326377266575,,,,,,
v2,lognormal_sigma_0.25,lognormal,15,all,200,200,1.0,0.9811546736227335,1.0,0.065,0.03837635464915299,0.10801907929906895,0.935,0.8919809207009312,0.961623645350847
v2,lognormal_sigma_0.25,lognormal,15,acceptable,200,148,0.74,0.6750925439746589,0.7958616993642531,0.07432432432432433,0.042005703115514985,0.12818140534219336,0.9256756756756757,0.8718185946578065,0.957994296884485
v2,lognormal_sigma_0.25,lognormal,15,caution,200,0,0.0,1.734723475976807e-18,0.018845326377266575,,,,,,
v2,lognormal_sigma_0.25,lognormal,15,insufficient,200,52,0.26,0.20413830063574687,0.32490745602534116,0.038461538461538464,0.010611711001315298,0.12981189157455764,0.9615384615384616,0.8701881084254424,0.9893882889986847
v3_default,lognormal_sigma_0.25,lognormal,15,all,200,200,1.0,0.9811546736227335,1.0,0.065,0.03837635464915299,0.10801907929906895,0.935,0.8919809207009312,0.961623645350847
v3_default,lognormal_sigma_0.25,lognormal,15,acceptable,200,0,0.0,1.734723475976807e-18,0.018845326377266575,,,,,,
v3_default,lognormal_sigma_0.25,lognormal,15,caution,200,200,1.0,0.9811546736227335,1.0,0.065,0.03837635464915299,0.10801907929906895,0.935,0.8919809207009312,0.961623645350847
v3_default,lognormal_sigma_0.25,lognormal,15,insufficient,200,0,0.0,1.734723475976807e-18,0.018845326377266575,,,,,,
v3_oracle_simulation_truth,lognormal_sigma_0.25,lognormal,15,all,200,200,1.0,0.9811546736227335,1.0,0.065,0.03837635464915299,0.10801907929906895,0.935,0.8919809207009312,0.961623645350847
v3_oracle_simulation_truth,lognormal_sigma_0.25,lognormal,15,acceptable,200,0,0.0,1.734723475976807e-18,0.018845326377266575,,,,,,
v3_oracle_simulation_truth,lognormal_sigma_0.25,lognormal,15,caution,200,200,1.0,0.9811546736227335,1.0,0.065,0.03837635464915299,0.10801907929906895,0.935,0.8919809207009312,0.961623645350847
v3_oracle_simulation_truth,lognormal_sigma_0.25,lognormal,15,insufficient,200,0,0.0,1.734723475976807e-18,0.018845326377266575,,,,,,
v2,lognormal_sigma_0.25,lognormal,20,all,10000,10000,1.0,0.9996160016293234,1.0,0.0553,0.050988580601897746,0.059952947548982005,0.9447,0.9400470524510179,0.9490114193981022
v2,lognormal_sigma_0.25,lognormal,20,acceptable,10000,7388,0.7388,0.7300995657828826,0.7473170365952821,0.06199242014076881,0.05671810293083445,0.0677219928078324,0.9380075798592312,0.9322780071921676,0.9432818970691655
v2,lognormal_sigma_0.25,lognormal,20,caution,10000,0,0.0,0.0,0.00038399837067659573,,,,,,
v2,lognormal_sigma_0.25,lognormal,20,insufficient,10000,2612,0.2612,0.2526829634047178,0.26990043421711724,0.03637059724349158,0.02984503269315615,0.044257875251457635,0.9636294027565084,0.9557421247485424,0.9701549673068438
v3_default,lognormal_sigma_0.25,lognormal,20,all,10000,10000,1.0,0.9996160016293234,1.0,0.0553,0.050988580601897746,0.059952947548982005,0.9447,0.9400470524510179,0.9490114193981022
v3_default,lognormal_sigma_0.25,lognormal,20,acceptable,10000,0,0.0,0.0,0.00038399837067659573,,,,,,
v3_default,lognormal_sigma_0.25,lognormal,20,caution,10000,9983,0.9983,0.9972790145849042,0.9989382926388795,0.05539417008915156,0.05107559877112873,0.06005477847546779,0.9446058299108484,0.9399452215245322,0.9489244012288712
v3_default,lognormal_sigma_0.25,lognormal,20,insufficient,10000,17,0.0017,0.0010617073611205116,0.0027209854150957837,0.0,0.0,0.1843181350088518,1.0,0.8156818649911483,1.0
v3_oracle_simulation_truth,lognormal_sigma_0.25,lognormal,20,all,10000,10000,1.0,0.9996160016293234,1.0,0.0553,0.050988580601897746,0.059952947548982005,0.9447,0.9400470524510179,0.9490114193981022
v3_oracle_simulation_truth,lognormal_sigma_0.25,lognormal,20,acceptable,10000,0,0.0,0.0,0.00038399837067659573,,,,,,
v3_oracle_simulation_truth,lognormal_sigma_0.25,lognormal,20,caution,10000,9983,0.9983,0.9972790145849042,0.9989382926388795,0.05539417008915156,0.05107559877112873,0.06005477847546779,0.9446058299108484,0.9399452215245322,0.9489244012288712
v3_oracle_simulation_truth,lognormal_sigma_0.25,lognormal,20,insufficient,10000,17,0.0017,0.0010617073611205116,0.0027209854150957837,0.0,0.0,0.1843181350088518,1.0,0.8156818649911483,1.0
v2,lognormal_sigma_0.25,lognormal,30,all,200,200,1.0,0.9811546736227335,1.0,0.05,0.02738264560076393,0.08957814813877599,0.95,0.9104218518612239,0.972617354399236
v2,lognormal_sigma_0.25,lognormal,30,acceptable,200,137,0.685,0.6176504391426966,0.745376790097715,0.058394160583941604,0.02988313170702593,0.11099483836536854,0.9416058394160584,0.8890051616346314,0.970116868292974
v2,lognormal_sigma_0.25,lognormal,30,caution,200,0,0.0,1.734723475976807e-18,0.018845326377266575,,,,,,
v2,lognormal_sigma_0.25,lognormal,30,insufficient,200,63,0.315,0.2546232099022851,0.3823495608573036,0.031746031746031744,0.008749527561580449,0.10856477046607432,0.9682539682539683,0.8914352295339257,0.9912504724384196
v3_default,lognormal_sigma_0.25,lognormal,30,all,200,200,1.0,0.9811546736227335,1.0,0.05,0.02738264560076393,0.08957814813877599,0.95,0.9104218518612239,0.972617354399236
v3_default,lognormal_sigma_0.25,lognormal,30,acceptable,200,0,0.0,1.734723475976807e-18,0.018845326377266575,,,,,,
v3_default,lognormal_sigma_0.25,lognormal,30,caution,200,198,0.99,0.9642782382838231,0.9972533418664555,0.050505050505050504,0.027661556517076857,0.09045817448364726,0.9494949494949495,0.9095418255163528,0.9723384434829232
v3_default,lognormal_sigma_0.25,lognormal,30,insufficient,200,2,0.01,0.0027466581335444384,0.0357217617161768,0.0,0.0,0.6576197724933469,1.0,0.34238022750665303,1.0
v3_oracle_simulation_truth,lognormal_sigma_0.25,lognormal,30,all,200,200,1.0,0.9811546736227335,1.0,0.05,0.02738264560076393,0.08957814813877599,0.95,0.9104218518612239,0.972617354399236
v3_oracle_simulation_truth,lognormal_sigma_0.25,lognormal,30,acceptable,200,0,0.0,1.734723475976807e-18,0.018845326377266575,,,,,,
v3_oracle_simulation_truth,lognormal_sigma_0.25,lognormal,30,caution,200,198,0.99,0.9642782382838231,0.9972533418664555,0.050505050505050504,0.027661556517076857,0.09045817448364726,0.9494949494949495,0.9095418255163528,0.9723384434829232
v3_oracle_simulation_truth,lognormal_sigma_0.25,lognormal,30,insufficient,200,2,0.01,0.0027466581335444384,0.0357217617161768,0.0,0.0,0.6576197724933469,1.0,0.34238022750665303,1.0
v2,lognormal_sigma_0.25,lognormal,40,all,200,200,1.0,0.9811546736227335,1.0,0.075,0.04597491718438201,0.12004361023629456,0.925,0.8799563897637055,0.954025082815618
v2,lognormal_sigma_0.25,lognormal,40,acceptable,200,139,0.695,0.6280144790202163,0.7546358436926496,0.09352517985611511,0.05547239293226588,0.153440755022583,0.9064748201438849,0.846559244977417,0.9445276070677341
v2,lognormal_sigma_0.25,lognormal,40,caution,200,20,0.1,0.06567044866909588,0.1494058124327174,0.1,0.027866481213768224,0.3010336452284873,0.9,0.6989663547715128,0.9721335187862319
v2,lognormal_sigma_0.25,lognormal,40,insufficient,200,41,0.205,0.15486176203836208,0.26625698052422514,0.0,-6.938893903907228e-18,0.08566757018443186,1.0,0.9143324298155681,0.9999999999999999
v3_default,lognormal_sigma_0.25,lognormal,40,all,200,200,1.0,0.9811546736227335,1.0,0.075,0.04597491718438201,0.12004361023629456,0.925,0.8799563897637055,0.954025082815618
v3_default,lognormal_sigma_0.25,lognormal,40,acceptable,200,0,0.0,1.734723475976807e-18,0.018845326377266575,,,,,,
v3_default,lognormal_sigma_0.25,lognormal,40,caution,200,198,0.99,0.9642782382838231,0.9972533418664555,0.07575757575757576,0.046444799057100666,0.12121876728066142,0.9242424242424242,0.8787812327193385,0.9535552009428994
v3_default,lognormal_sigma_0.25,lognormal,40,insufficient,200,2,0.01,0.0027466581335444384,0.0357217617161768,0.0,0.0,0.6576197724933469,1.0,0.34238022750665303,1.0
v3_oracle_simulation_truth,lognormal_sigma_0.25,lognormal,40,all,200,200,1.0,0.9811546736227335,1.0,0.075,0.04597491718438201,0.12004361023629456,0.925,0.8799563897637055,0.954025082815618
v3_oracle_simulation_truth,lognormal_sigma_0.25,lognormal,40,acceptable,200,0,0.0,1.734723475976807e-18,0.018845326377266575,,,,,,
v3_oracle_simulation_truth,lognormal_sigma_0.25,lognormal,40,caution,200,198,0.99,0.9642782382838231,0.9972533418664555,0.07575757575757576,0.046444799057100666,0.12121876728066142,0.9242424242424242,0.8787812327193385,0.9535552009428994
v3_oracle_simulation_truth,lognormal_sigma_0.25,lognormal,40,insufficient,200,2,0.01,0.0027466581335444384,0.0357217617161768,0.0,0.0,0.6576197724933469,1.0,0.34238022750665303,1.0
v2,lognormal_sigma_0.25,lognormal,50,all,200,200,1.0,0.9811546736227335,1.0,0.06,0.03465219425433187,0.1019316929576627,0.94,0.8980683070423372,0.9653478057456681
v2,lognormal_sigma_0.25,lognormal,50,acceptable,200,116,0.58,0.5107207393958046,0.6462640083838327,0.05172413793103448,0.02391865346304596,0.1082681454676646,0.9482758620689655,0.8917318545323354,0.976081346536954
v2,lognormal_sigma_0.25,lognormal,50,caution,200,20,0.1,0.06567044866909588,0.1494058124327174,0.0,0.0,0.16112515805281938,1.0,0.8388748419471806,1.0
v2,lognormal_sigma_0.25,lognormal,50,insufficient,200,64,0.32,0.25926533315468053,0.38751898434113546,0.09375,0.04367825258519838,0.18982879599645597,0.90625,0.810171204003544,0.9563217474148016
v3_default,lognormal_sigma_0.25,lognormal,50,all,200,200,1.0,0.9811546736227335,1.0,0.06,0.03465219425433187,0.1019316929576627,0.94,0.8980683070423372,0.9653478057456681
v3_default,lognormal_sigma_0.25,lognormal,50,acceptable,200,0,0.0,1.734723475976807e-18,0.018845326377266575,,,,,,
v3_default,lognormal_sigma_0.25,lognormal,50,caution,200,200,1.0,0.9811546736227335,1.0,0.06,0.03465219425433187,0.1019316929576627,0.94,0.8980683070423372,0.9653478057456681
v3_default,lognormal_sigma_0.25,lognormal,50,insufficient,200,0,0.0,1.734723475976807e-18,0.018845326377266575,,,,,,
v3_oracle_simulation_truth,lognormal_sigma_0.25,lognormal,50,all,200,200,1.0,0.9811546736227335,1.0,0.06,0.03465219425433187,0.1019316929576627,0.94,0.8980683070423372,0.9653478057456681
v3_oracle_simulation_truth,lognormal_sigma_0.25,lognormal,50,acceptable,200,0,0.0,1.734723475976807e-18,0.018845326377266575,,,,,,
v3_oracle_simulation_truth,lognormal_sigma_0.25,lognormal,50,caution,200,200,1.0,0.9811546736227335,1.0,0.06,0.03465219425433187,0.1019316929576627,0.94,0.8980683070423372,0.9653478057456681
v3_oracle_simulation_truth,lognormal_sigma_0.25,lognormal,50,insufficient,200,0,0.0,1.734723475976807e-18,0.018845326377266575,,,,,,
v2,lognormal_sigma_0.25,lognormal,80,all,200,200,1.0,0.9811546736227335,1.0,0.06,0.03465219425433187,0.1019316929576627,0.94,0.8980683070423372,0.9653478057456681
v2,lognormal_sigma_0.25,lognormal,80,acceptable,200,119,0.595,0.525797100813387,0.6606222871749323,0.07563025210084033,0.04029724166083566,0.13750477266215505,0.9243697478991597,0.862495227337845,0.9597027583391644
v2,lognormal_sigma_0.25,lognormal,80,caution,200,80,0.4,0.33460578566807336,0.46916327960737997,0.0375,0.012834568919911402,0.10454720090045115,0.9625,0.8954527990995489,0.9871654310800886
v2,lognormal_sigma_0.25,lognormal,80,insufficient,200,1,0.005,0.0008831687156009814,0.02777370439789293,0.0,0.0,0.7934506856227626,1.0,0.20654931437723745,1.0
v3_default,lognormal_sigma_0.25,lognormal,80,all,200,200,1.0,0.9811546736227335,1.0,0.06,0.03465219425433187,0.1019316929576627,0.94,0.8980683070423372,0.9653478057456681
v3_default,lognormal_sigma_0.25,lognormal,80,acceptable,200,0,0.0,1.734723475976807e-18,0.018845326377266575,,,,,,
v3_default,lognormal_sigma_0.25,lognormal,80,caution,200,200,1.0,0.9811546736227335,1.0,0.06,0.03465219425433187,0.1019316929576627,0.94,0.8980683070423372,0.9653478057456681
v3_default,lognormal_sigma_0.25,lognormal,80,insufficient,200,0,0.0,1.734723475976807e-18,0.018845326377266575,,,,,,
v3_oracle_simulation_truth,lognormal_sigma_0.25,lognormal,80,all,200,200,1.0,0.9811546736227335,1.0,0.06,0.03465219425433187,0.1019316929576627,0.94,0.8980683070423372,0.9653478057456681
v3_oracle_simulation_truth,lognormal_sigma_0.25,lognormal,80,acceptable,200,0,0.0,1.734723475976807e-18,0.018845326377266575,,,,,,
v3_oracle_simulation_truth,lognormal_sigma_0.25,lognormal,80,caution,200,200,1.0,0.9811546736227335,1.0,0.06,0.03465219425433187,0.1019316929576627,0.94,0.8980683070423372,0.9653478057456681
v3_oracle_simulation_truth,lognormal_sigma_0.25,lognormal,80,insufficient,200,0,0.0,1.734723475976807e-18,0.018845326377266575,,,,,,
v2,lognormal_sigma_0.25,lognormal,100,all,200,200,1.0,0.9811546736227335,1.0,0.06,0.03465219425433187,0.1019316929576627,0.94,0.8980683070423372,0.9653478057456681
v2,lognormal_sigma_0.25,lognormal,100,acceptable,200,96,0.48,0.411791663783233,0.5489621492718576,0.052083333333333336,0.02244960047424143,0.11618478031492638,0.9479166666666666,0.8838152196850738,0.9775503995257587
v2,lognormal_sigma_0.25,lognormal,100,caution,200,102,0.51,0.44118587678458643,0.5784372166878682,0.06862745098039216,0.03363822087686714,0.13492955038674817,0.9313725490196079,0.8650704496132519,0.9663617791231328
v2,lognormal_sigma_0.25,lognormal,100,insufficient,200,2,0.01,0.0027466581335444384,0.0357217617161768,0.0,0.0,0.6576197724933469,1.0,0.34238022750665303,1.0
v3_default,lognormal_sigma_0.25,lognormal,100,all,200,200,1.0,0.9811546736227335,1.0,0.06,0.03465219425433187,0.1019316929576627,0.94,0.8980683070423372,0.9653478057456681
v3_default,lognormal_sigma_0.25,lognormal,100,acceptable,200,0,0.0,1.734723475976807e-18,0.018845326377266575,,,,,,
v3_default,lognormal_sigma_0.25,lognormal,100,caution,200,198,0.99,0.9642782382838231,0.9972533418664555,0.06060606060606061,0.03500564898628547,0.10293161614925386,0.9393939393939394,0.8970683838507462,0.9649943510137146
v3_default,lognormal_sigma_0.25,lognormal,100,insufficient,200,2,0.01,0.0027466581335444384,0.0357217617161768,0.0,0.0,0.6576197724933469,1.0,0.34238022750665303,1.0
v3_oracle_simulation_truth,lognormal_sigma_0.25,lognormal,100,all,200,200,1.0,0.9811546736227335,1.0,0.06,0.03465219425433187,0.1019316929576627,0.94,0.8980683070423372,0.9653478057456681
v3_oracle_simulation_truth,lognormal_sigma_0.25,lognormal,100,acceptable,200,0,0.0,1.734723475976807e-18,0.018845326377266575,,,,,,
v3_oracle_simulation_truth,lognormal_sigma_0.25,lognormal,100,caution,200,198,0.99,0.9642782382838231,0.9972533418664555,0.06060606060606061,0.03500564898628547,0.10293161614925386,0.9393939393939394,0.8970683838507462,0.9649943510137146
v3_oracle_simulation_truth,lognormal_sigma_0.25,lognormal,100,insufficient,200,2,0.01,0.0027466581335444384,0.0357217617161768,0.0,0.0,0.6576197724933469,1.0,0.34238022750665303,1.0
v2,lognormal_sigma_0.25,lognormal,200,all,200,200,1.0,0.9811546736227335,1.0,0.025,0.010724719651761264,0.05717834040664198,0.975,0.942821659593358,0.9892752803482386
v2,lognormal_sigma_0.25,lognormal,200,acceptable,200,62,0.31,0.2499894483607809,0.37717177566258037,0.016129032258064516,0.002852867168621827,0.08586720260689992,0.9838709677419355,0.9141327973931,0.9971471328313782
v2,lognormal_sigma_0.25,lognormal,200,caution,200,138,0.69,0.6228282243374195,0.750010551639219,0.028985507246376812,0.011328415842255957,0.07215534778473306,0.9710144927536232,0.927844652215267,0.988671584157744
v2,lognormal_sigma_0.25,lognormal,200,insufficient,200,0,0.0,1.734723475976807e-18,0.018845326377266575,,,,,,
v3_default,lognormal_sigma_0.25,lognormal,200,all,200,200,1.0,0.9811546736227335,1.0,0.025,0.010724719651761264,0.05717834040664198,0.975,0.942821659593358,0.9892752803482386
v3_default,lognormal_sigma_0.25,lognormal,200,acceptable,200,0,0.0,1.734723475976807e-18,0.018845326377266575,,,,,,
v3_default,lognormal_sigma_0.25,lognormal,200,caution,200,200,1.0,0.9811546736227335,1.0,0.025,0.010724719651761264,0.05717834040664198,0.975,0.942821659593358,0.9892752803482386
v3_default,lognormal_sigma_0.25,lognormal,200,insufficient,200,0,0.0,1.734723475976807e-18,0.018845326377266575,,,,,,
v3_oracle_simulation_truth,lognormal_sigma_0.25,lognormal,200,all,200,200,1.0,0.9811546736227335,1.0,0.025,0.010724719651761264,0.05717834040664198,0.975,0.942821659593358,0.9892752803482386
v3_oracle_simulation_truth,lognormal_sigma_0.25,lognormal,200,acceptable,200,0,0.0,1.734723475976807e-18,0.018845326377266575,,,,,,
v3_oracle_simulation_truth,lognormal_sigma_0.25,lognormal,200,caution,200,200,1.0,0.9811546736227335,1.0,0.025,0.010724719651761264,0.05717834040664198,0.975,0.942821659593358,0.9892752803482386
v3_oracle_simulation_truth,lognormal_sigma_0.25,lognormal,200,insufficient,200,0,0.0,1.734723475976807e-18,0.018845326377266575,,,,,,
v2,lognormal_sigma_0.25,lognormal,500,all,200,200,1.0,0.9811546736227335,1.0,0.095,0.06166310271738653,0.1436016116481994,0.905,0.8563983883518006,0.9383368972826135
v2,lognormal_sigma_0.25,lognormal,500,acceptable,200,13,0.065,0.03837635464915299,0.10801907929906895,0.0,0.0,0.22809537235419838,1.0,0.7719046276458016,0.9999999999999999
v2,lognormal_sigma_0.25,lognormal,500,caution,200,187,0.935,0.8919809207009312,0.961623645350847,0.10160427807486631,0.06601504103570477,0.1532321764151241,0.8983957219251337,0.8467678235848759,0.9339849589642952
v2,lognormal_sigma_0.25,lognormal,500,insufficient,200,0,0.0,1.734723475976807e-18,0.018845326377266575,,,,,,
v3_default,lognormal_sigma_0.25,lognormal,500,all,200,200,1.0,0.9811546736227335,1.0,0.095,0.06166310271738653,0.1436016116481994,0.905,0.8563983883518006,0.9383368972826135
v3_default,lognormal_sigma_0.25,lognormal,500,acceptable,200,0,0.0,1.734723475976807e-18,0.018845326377266575,,,,,,
v3_default,lognormal_sigma_0.25,lognormal,500,caution,200,200,1.0,0.9811546736227335,1.0,0.095,0.06166310271738653,0.1436016116481994,0.905,0.8563983883518006,0.9383368972826135
v3_default,lognormal_sigma_0.25,lognormal,500,insufficient,200,0,0.0,1.734723475976807e-18,0.018845326377266575,,,,,,
v3_oracle_simulation_truth,lognormal_sigma_0.25,lognormal,500,all,200,200,1.0,0.9811546736227335,1.0,0.095,0.06166310271738653,0.1436016116481994,0.905,0.8563983883518006,0.9383368972826135
v3_oracle_simulation_truth,lognormal_sigma_0.25,lognormal,500,acceptable,200,0,0.0,1.734723475976807e-18,0.018845326377266575,,,,,,
v3_oracle_simulation_truth,lognormal_sigma_0.25,lognormal,500,caution,200,200,1.0,0.9811546736227335,1.0,0.095,0.06166310271738653,0.1436016116481994,0.905,0.8563983883518006,0.9383368972826135
v3_oracle_simulation_truth,lognormal_sigma_0.25,lognormal,500,insufficient,200,0,0.0,1.734723475976807e-18,0.018845326377266575,,,,,,
v2,lognormal_sigma_0.25,lognormal,750,all,200,200,1.0,0.9811546736227335,1.0,0.045,0.023852543001492997,0.0832967040018196,0.955,0.9167032959981803,0.976147456998507
v2,lognormal_sigma_0.25,lognormal,750,acceptable,200,2,0.01,0.0027466581335444384,0.0357217617161768,0.0,0.0,0.6576197724933469,1.0,0.34238022750665303,1.0
v2,lognormal_sigma_0.25,lognormal,750,caution,200,198,0.99,0.9642782382838231,0.9972533418664555,0.045454545454545456,0.02409531843733931,0.08411564549597723,0.9545454545454546,0.9158843545040228,0.9759046815626607
v2,lognormal_sigma_0.25,lognormal,750,insufficient,200,0,0.0,1.734723475976807e-18,0.018845326377266575,,,,,,
v3_default,lognormal_sigma_0.25,lognormal,750,all,200,200,1.0,0.9811546736227335,1.0,0.045,0.023852543001492997,0.0832967040018196,0.955,0.9167032959981803,0.976147456998507
v3_default,lognormal_sigma_0.25,lognormal,750,acceptable,200,0,0.0,1.734723475976807e-18,0.018845326377266575,,,,,,
v3_default,lognormal_sigma_0.25,lognormal,750,caution,200,200,1.0,0.9811546736227335,1.0,0.045,0.023852543001492997,0.0832967040018196,0.955,0.9167032959981803,0.976147456998507
v3_default,lognormal_sigma_0.25,lognormal,750,insufficient,200,0,0.0,1.734723475976807e-18,0.018845326377266575,,,,,,
v3_oracle_simulation_truth,lognormal_sigma_0.25,lognormal,750,all,200,200,1.0,0.9811546736227335,1.0,0.045,0.023852543001492997,0.0832967040018196,0.955,0.9167032959981803,0.976147456998507
v3_oracle_simulation_truth,lognormal_sigma_0.25,lognormal,750,acceptable,200,0,0.0,1.734723475976807e-18,0.018845326377266575,,,,,,
v3_oracle_simulation_truth,lognormal_sigma_0.25,lognormal,750,caution,200,200,1.0,0.9811546736227335,1.0,0.045,0.023852543001492997,0.0832967040018196,0.955,0.9167032959981803,0.976147456998507
v3_oracle_simulation_truth,lognormal_sigma_0.25,lognormal,750,insufficient,200,0,0.0,1.734723475976807e-18,0.018845326377266575,,,,,,
v2,lognormal_sigma_0.25,lognormal,2000,all,200,200,1.0,0.9811546736227335,1.0,0.035,0.017055542008567192,0.07047061152229073,0.965,0.9295293884777092,0.9829444579914328
v2,lognormal_sigma_0.25,lognormal,2000,acceptable,200,0,0.0,1.734723475976807e-18,0.018845326377266575,,,,,,
v2,lognormal_sigma_0.25,lognormal,2000,caution,200,200,1.0,0.9811546736227335,1.0,0.035,0.017055542008567192,0.07047061152229073,0.965,0.9295293884777092,0.9829444579914328
v2,lognormal_sigma_0.25,lognormal,2000,insufficient,200,0,0.0,1.734723475976807e-18,0.018845326377266575,,,,,,
v3_default,lognormal_sigma_0.25,lognormal,2000,all,200,200,1.0,0.9811546736227335,1.0,0.035,0.017055542008567192,0.07047061152229073,0.965,0.9295293884777092,0.9829444579914328
v3_default,lognormal_sigma_0.25,lognormal,2000,acceptable,200,0,0.0,1.734723475976807e-18,0.018845326377266575,,,,,,
v3_default,lognormal_sigma_0.25,lognormal,2000,caution,200,200,1.0,0.9811546736227335,1.0,0.035,0.017055542008567192,0.07047061152229073,0.965,0.9295293884777092,0.9829444579914328
v3_default,lognormal_sigma_0.25,lognormal,2000,insufficient,200,0,0.0,1.734723475976807e-18,0.018845326377266575,,,,,,
v3_oracle_simulation_truth,lognormal_sigma_0.25,lognormal,2000,all,200,200,1.0,0.9811546736227335,1.0,0.035,0.017055542008567192,0.07047061152229073,0.965,0.9295293884777092,0.9829444579914328
v3_oracle_simulation_truth,lognormal_sigma_0.25,lognormal,2000,acceptable,200,0,0.0,1.734723475976807e-18,0.018845326377266575,,,,,,
v3_oracle_simulation_truth,lognormal_sigma_0.25,lognormal,2000,caution,200,200,1.0,0.9811546736227335,1.0,0.035,0.017055542008567192,0.07047061152229073,0.965,0.9295293884777092,0.9829444579914328
v3_oracle_simulation_truth,lognormal_sigma_0.25,lognormal,2000,insufficient,200,0,0.0,1.734723475976807e-18,0.018845326377266575,,,,,,
v2,lognormal_sigma_0.50,lognormal,5,all,200,200,1.0,0.9811546736227335,1.0,0.105,0.06970748792681017,0.1551803199112304,0.895,0.8448196800887696,0.9302925120731899
v2,lognormal_sigma_0.50,lognormal,5,acceptable,200,103,0.515,0.44610849192745716,0.5833261482812249,0.0970873786407767,0.05359377103943983,0.16955423801859704,0.9029126213592233,0.8304457619814031,0.9464062289605603
v2,lognormal_sigma_0.50,lognormal,5,caution,200,0,0.0,1.734723475976807e-18,0.018845326377266575,,,,,,
v2,lognormal_sigma_0.50,lognormal,5,insufficient,200,97,0.485,0.41667385171877513,0.5538915080725428,0.1134020618556701,0.06451358102935628,0.1917446992742115,0.8865979381443299,0.8082553007257883,0.9354864189706437
v3_default,lognormal_sigma_0.50,lognormal,5,all,200,200,1.0,0.9811546736227335,1.0,0.105,0.06970748792681017,0.1551803199112304,0.895,0.8448196800887696,0.9302925120731899
v3_default,lognormal_sigma_0.50,lognormal,5,acceptable,200,0,0.0,1.734723475976807e-18,0.018845326377266575,,,,,,
v3_default,lognormal_sigma_0.50,lognormal,5,caution,200,200,1.0,0.9811546736227335,1.0,0.105,0.06970748792681017,0.1551803199112304,0.895,0.8448196800887696,0.9302925120731899
v3_default,lognormal_sigma_0.50,lognormal,5,insufficient,200,0,0.0,1.734723475976807e-18,0.018845326377266575,,,,,,
v3_oracle_simulation_truth,lognormal_sigma_0.50,lognormal,5,all,200,200,1.0,0.9811546736227335,1.0,0.105,0.06970748792681017,0.1551803199112304,0.895,0.8448196800887696,0.9302925120731899
v3_oracle_simulation_truth,lognormal_sigma_0.50,lognormal,5,acceptable,200,0,0.0,1.734723475976807e-18,0.018845326377266575,,,,,,
v3_oracle_simulation_truth,lognormal_sigma_0.50,lognormal,5,caution,200,200,1.0,0.9811546736227335,1.0,0.105,0.06970748792681017,0.1551803199112304,0.895,0.8448196800887696,0.9302925120731899
v3_oracle_simulation_truth,lognormal_sigma_0.50,lognormal,5,insufficient,200,0,0.0,1.734723475976807e-18,0.018845326377266575,,,,,,
v2,lognormal_sigma_0.50,lognormal,8,all,200,200,1.0,0.9811546736227335,1.0,0.09,0.05768744886219316,0.13776571876716542,0.91,0.8622342812328346,0.9423125511378069
v2,lognormal_sigma_0.50,lognormal,8,acceptable,200,115,0.575,0.5057093264785485,0.6414638745648614,0.09565217391304348,0.054252518982852306,0.16319229427615742,0.9043478260869565,0.8368077057238427,0.9457474810171477
v2,lognormal_sigma_0.50,lognormal,8,caution,200,0,0.0,1.734723475976807e-18,0.018845326377266575,,,,,,
v2,lognormal_sigma_0.50,lognormal,8,insufficient,200,85,0.425,0.3585361254351385,0.49429067352145145,0.08235294117647059,0.040463723499160636,0.16035984533375294,0.9176470588235294,0.839640154666247,0.9595362765008394
v3_default,lognormal_sigma_0.50,lognormal,8,all,200,200,1.0,0.9811546736227335,1.0,0.09,0.05768744886219316,0.13776571876716542,0.91,0.8622342812328346,0.9423125511378069
v3_default,lognormal_sigma_0.50,lognormal,8,acceptable,200,0,0.0,1.734723475976807e-18,0.018845326377266575,,,,,,
v3_default,lognormal_sigma_0.50,lognormal,8,caution,200,200,1.0,0.9811546736227335,1.0,0.09,0.05768744886219316,0.13776571876716542,0.91,0.8622342812328346,0.9423125511378069
v3_default,lognormal_sigma_0.50,lognormal,8,insufficient,200,0,0.0,1.734723475976807e-18,0.018845326377266575,,,,,,
v3_oracle_simulation_truth,lognormal_sigma_0.50,lognormal,8,all,200,200,1.0,0.9811546736227335,1.0,0.09,0.05768744886219316,0.13776571876716542,0.91,0.8622342812328346,0.9423125511378069
v3_oracle_simulation_truth,lognormal_sigma_0.50,lognormal,8,acceptable,200,0,0.0,1.734723475976807e-18,0.018845326377266575,,,,,,
v3_oracle_simulation_truth,lognormal_sigma_0.50,lognormal,8,caution,200,200,1.0,0.9811546736227335,1.0,0.09,0.05768744886219316,0.13776571876716542,0.91,0.8622342812328346,0.9423125511378069
v3_oracle_simulation_truth,lognormal_sigma_0.50,lognormal,8,insufficient,200,0,0.0,1.734723475976807e-18,0.018845326377266575,,,,,,
v2,lognormal_sigma_0.50,lognormal,10,all,200,200,1.0,0.9811546736227335,1.0,0.065,0.03837635464915299,0.10801907929906895,0.935,0.8919809207009312,0.961623645350847
v2,lognormal_sigma_0.50,lognormal,10,acceptable,200,123,0.615,0.5459986722024608,0.6796669027307678,0.08943089430894309,0.05067093036620061,0.15305945133198043,0.9105691056910569,0.8469405486680196,0.9493290696337994
v2,lognormal_sigma_0.50,lognormal,10,caution,200,0,0.0,1.734723475976807e-18,0.018845326377266575,,,,,,
v2,lognormal_sigma_0.50,lognormal,10,insufficient,200,77,0.385,0.32033309726923215,0.45400132779753916,0.025974025974025976,0.007152159807893181,0.08984582779753134,0.974025974025974,0.9101541722024686,0.9928478401921068
v3_default,lognormal_sigma_0.50,lognormal,10,all,200,200,1.0,0.9811546736227335,1.0,0.065,0.03837635464915299,0.10801907929906895,0.935,0.8919809207009312,0.961623645350847
v3_default,lognormal_sigma_0.50,lognormal,10,acceptable,200,0,0.0,1.734723475976807e-18,0.018845326377266575,,,,,,
v3_default,lognormal_sigma_0.50,lognormal,10,caution,200,200,1.0,0.9811546736227335,1.0,0.065,0.03837635464915299,0.10801907929906895,0.935,0.8919809207009312,0.961623645350847
v3_default,lognormal_sigma_0.50,lognormal,10,insufficient,200,0,0.0,1.734723475976807e-18,0.018845326377266575,,,,,,
v3_oracle_simulation_truth,lognormal_sigma_0.50,lognormal,10,all,200,200,1.0,0.9811546736227335,1.0,0.065,0.03837635464915299,0.10801907929906895,0.935,0.8919809207009312,0.961623645350847
v3_oracle_simulation_truth,lognormal_sigma_0.50,lognormal,10,acceptable,200,0,0.0,1.734723475976807e-18,0.018845326377266575,,,,,,
v3_oracle_simulation_truth,lognormal_sigma_0.50,lognormal,10,caution,200,200,1.0,0.9811546736227335,1.0,0.065,0.03837635464915299,0.10801907929906895,0.935,0.8919809207009312,0.961623645350847
v3_oracle_simulation_truth,lognormal_sigma_0.50,lognormal,10,insufficient,200,0,0.0,1.734723475976807e-18,0.018845326377266575,,,,,,
v2,lognormal_sigma_0.50,lognormal,15,all,200,200,1.0,0.9811546736227335,1.0,0.035,0.017055542008567192,0.07047061152229073,0.965,0.9295293884777092,0.9829444579914328
v2,lognormal_sigma_0.50,lognormal,15,acceptable,200,96,0.48,0.411791663783233,0.5489621492718576,0.052083333333333336,0.02244960047424143,0.11618478031492638,0.9479166666666666,0.8838152196850738,0.9775503995257587
v2,lognormal_sigma_0.50,lognormal,15,caution,200,0,0.0,1.734723475976807e-18,0.018845326377266575,,,,,,
v2,lognormal_sigma_0.50,lognormal,15,insufficient,200,104,0.52,0.4510378507281424,0.588208336216767,0.019230769230769232,0.0052897115850640206,0.0674231291576782,0.9807692307692307,0.9325768708423217,0.9947102884149359
v3_default,lognormal_sigma_0.50,lognormal,15,all,200,200,1.0,0.9811546736227335,1.0,0.035,0.017055542008567192,0.07047061152229073,0.965,0.9295293884777092,0.9829444579914328
v3_default,lognormal_sigma_0.50,lognormal,15,acceptable,200,0,0.0,1.734723475976807e-18,0.018845326377266575,,,,,,
v3_default,lognormal_sigma_0.50,lognormal,15,caution,200,196,0.98,0.9497129130941735,0.9921955735836505,0.03571428571428571,0.01740575212109408,0.07187231323121207,0.9642857142857143,0.928127686768788,0.982594247878906
v3_default,lognormal_sigma_0.50,lognormal,15,insufficient,200,4,0.02,0.0078044264163494685,0.050287086905826436,0.0,0.0,0.4898908364545973,1.0,0.5101091635454027,1.0
v3_oracle_simulation_truth,lognormal_sigma_0.50,lognormal,15,all,200,200,1.0,0.9811546736227335,1.0,0.035,0.017055542008567192,0.07047061152229073,0.965,0.9295293884777092,0.9829444579914328
v3_oracle_simulation_truth,lognormal_sigma_0.50,lognormal,15,acceptable,200,0,0.0,1.734723475976807e-18,0.018845326377266575,,,,,,
v3_oracle_simulation_truth,lognormal_sigma_0.50,lognormal,15,caution,200,196,0.98,0.9497129130941735,0.9921955735836505,0.03571428571428571,0.01740575212109408,0.07187231323121207,0.9642857142857143,0.928127686768788,0.982594247878906
v3_oracle_simulation_truth,lognormal_sigma_0.50,lognormal,15,insufficient,200,4,0.02,0.0078044264163494685,0.050287086905826436,0.0,0.0,0.4898908364545973,1.0,0.5101091635454027,1.0
v2,lognormal_sigma_0.50,lognormal,20,all,200,200,1.0,0.9811546736227335,1.0,0.05,0.02738264560076393,0.08957814813877599,0.95,0.9104218518612239,0.972617354399236
v2,lognormal_sigma_0.50,lognormal,20,acceptable,200,95,0.475,0.4069162264657108,0.5440260398531525,0.08421052631578947,0.0432881153842945,0.15745213124326723,0.9157894736842105,0.8425478687567327,0.9567118846157054
v2,lognormal_sigma_0.50,lognormal,20,caution,200,0,0.0,1.734723475976807e-18,0.018845326377266575,,,,,,
v2,lognormal_sigma_0.50,lognormal,20,insufficient,200,105,0.525,0.4559739601468475,0.5930837735342891,0.01904761904761905,0.0052391820659629385,0.06680559669441896,0.9809523809523809,0.933194403305581,0.994760817934037
v3_default,lognormal_sigma_0.50,lognormal,20,all,200,200,1.0,0.9811546736227335,1.0,0.05,0.02738264560076393,0.08957814813877599,0.95,0.9104218518612239,0.972617354399236
v3_default,lognormal_sigma_0.50,lognormal,20,acceptable,200,0,0.0,1.734723475976807e-18,0.018845326377266575,,,,,,
v3_default,lognormal_sigma_0.50,lognormal,20,caution,200,193,0.965,0.9295293884777092,0.9829444579914328,0.05181347150259067,0.028384343864107146,0.09273576448873569,0.9481865284974094,0.9072642355112643,0.9716156561358928
v3_default,lognormal_sigma_0.50,lognormal,20,insufficient,200,7,0.035,0.017055542008567192,0.07047061152229073,0.0,5.551115123125783e-17,0.35433043506668743,1.0,0.6456695649333126,1.0
v3_oracle_simulation_truth,lognormal_sigma_0.50,lognormal,20,all,200,200,1.0,0.9811546736227335,1.0,0.05,0.02738264560076393,0.08957814813877599,0.95,0.9104218518612239,0.972617354399236
v3_oracle_simulation_truth,lognormal_sigma_0.50,lognormal,20,acceptable,200,0,0.0,1.734723475976807e-18,0.018845326377266575,,,,,,
v3_oracle_simulation_truth,lognormal_sigma_0.50,lognormal,20,caution,200,193,0.965,0.9295293884777092,0.9829444579914328,0.05181347150259067,0.028384343864107146,0.09273576448873569,0.9481865284974094,0.9072642355112643,0.9716156561358928
v3_oracle_simulation_truth,lognormal_sigma_0.50,lognormal,20,insufficient,200,7,0.035,0.017055542008567192,0.07047061152229073,0.0,5.551115123125783e-17,0.35433043506668743,1.0,0.6456695649333126,1.0
v2,lognormal_sigma_0.50,lognormal,30,all,200,200,1.0,0.9811546736227335,1.0,0.045,0.023852543001492997,0.0832967040018196,0.955,0.9167032959981803,0.976147456998507
v2,lognormal_sigma_0.50,lognormal,30,acceptable,200,83,0.415,0.34894285449757567,0.4842608509865596,0.060240963855421686,0.026003401041882007,0.13338428093238414,0.9397590361445783,0.8666157190676159,0.973996598958118
v2,lognormal_sigma_0.50,lognormal,30,caution,200,0,0.0,1.734723475976807e-18,0.018845326377266575,,,,,,
v2,lognormal_sigma_0.50,lognormal,30,insufficient,200,117,0.585,0.5157391490134403,0.6510571455024242,0.03418803418803419,0.013373841819450491,0.08461784858429258,0.9658119658119658,0.9153821514157074,0.9866261581805496
v3_default,lognormal_sigma_0.50,lognormal,30,all,200,200,1.0,0.9811546736227335,1.0,0.045,0.023852543001492997,0.0832967040018196,0.955,0.9167032959981803,0.976147456998507
v3_default,lognormal_sigma_0.50,lognormal,30,acceptable,200,0,0.0,1.734723475976807e-18,0.018845326377266575,,,,,,
v3_default,lognormal_sigma_0.50,lognormal,30,caution,200,195,0.975,0.942821659593358,0.9892752803482386,0.046153846153846156,0.024468892331212376,0.08537469335878062,0.9538461538461539,0.9146253066412194,0.9755311076687877
v3_default,lognormal_sigma_0.50,lognormal,30,insufficient,200,5,0.025,0.010724719651761264,0.05717834040664198,0.0,0.0,0.43448246478317476,1.0,0.5655175352168251,1.0
v3_oracle_simulation_truth,lognormal_sigma_0.50,lognormal,30,all,200,200,1.0,0.9811546736227335,1.0,0.045,0.023852543001492997,0.0832967040018196,0.955,0.9167032959981803,0.976147456998507
v3_oracle_simulation_truth,lognormal_sigma_0.50,lognormal,30,acceptable,200,0,0.0,1.734723475976807e-18,0.018845326377266575,,,,,,
v3_oracle_simulation_truth,lognormal_sigma_0.50,lognormal,30,caution,200,195,0.975,0.942821659593358,0.9892752803482386,0.046153846153846156,0.024468892331212376,0.08537469335878062,0.9538461538461539,0.9146253066412194,0.9755311076687877
v3_oracle_simulation_truth,lognormal_sigma_0.50,lognormal,30,insufficient,200,5,0.025,0.010724719651761264,0.05717834040664198,0.0,0.0,0.43448246478317476,1.0,0.5655175352168251,1.0
v2,lognormal_sigma_0.50,lognormal,40,all,200,200,1.0,0.9811546736227335,1.0,0.055,0.03098534170345884,0.0957869987723084,0.945,0.9042130012276914,0.9690146582965411
v2,lognormal_sigma_0.50,lognormal,40,acceptable,200,54,0.27,0.21323449814685846,0.33543435198668425,0.07407407407407407,0.02918152776550481,0.1755411583859995,0.9259259259259259,0.8244588416140005,0.9708184722344951
v2,lognormal_sigma_0.50,lognormal,40,caution,200,8,0.04,0.020405632066152306,0.07693206820093293,0.0,0.0,0.32440756488388023,1.0,0.6755924351161198,1.0
v2,lognormal_sigma_0.50,lognormal,40,insufficient,200,138,0.69,0.6228282243374195,0.750010551639219,0.050724637681159424,0.024785423632257546,0.10099908936579352,0.9492753623188406,0.8990009106342065,0.9752145763677424
v3_default,lognormal_sigma_0.50,lognormal,40,all,200,200,1.0,0.9811546736227335,1.0,0.055,0.03098534170345884,0.0957869987723084,0.945,0.9042130012276914,0.9690146582965411
v3_default,lognormal_sigma_0.50,lognormal,40,acceptable,200,0,0.0,1.734723475976807e-18,0.018845326377266575,,,,,,
v3_default,lognormal_sigma_0.50,lognormal,40,caution,200,187,0.935,0.8919809207009312,0.961623645350847,0.058823529411764705,0.03316019484818036,0.10224779763092542,0.9411764705882353,0.8977522023690745,0.9668398051518197
v3_default,lognormal_sigma_0.50,lognormal,40,insufficient,200,13,0.065,0.03837635464915299,0.10801907929906895,0.0,0.0,0.22809537235419838,1.0,0.7719046276458016,0.9999999999999999
v3_oracle_simulation_truth,lognormal_sigma_0.50,lognormal,40,all,200,200,1.0,0.9811546736227335,1.0,0.055,0.03098534170345884,0.0957869987723084,0.945,0.9042130012276914,0.9690146582965411
v3_oracle_simulation_truth,lognormal_sigma_0.50,lognormal,40,acceptable,200,0,0.0,1.734723475976807e-18,0.018845326377266575,,,,,,
v3_oracle_simulation_truth,lognormal_sigma_0.50,lognormal,40,caution,200,187,0.935,0.8919809207009312,0.961623645350847,0.058823529411764705,0.03316019484818036,0.10224779763092542,0.9411764705882353,0.8977522023690745,0.9668398051518197
v3_oracle_simulation_truth,lognormal_sigma_0.50,lognormal,40,insufficient,200,13,0.065,0.03837635464915299,0.10801907929906895,0.0,0.0,0.22809537235419838,1.0,0.7719046276458016,0.9999999999999999
v2,lognormal_sigma_0.50,lognormal,50,all,10000,10000,1.0,0.9996160016293234,1.0,0.0573,0.05291244988627403,0.06202754227112302,0.9427,0.9379724577288768,0.9470875501137259
v2,lognormal_sigma_0.50,lognormal,50,acceptable,10000,2541,0.2541,0.24566275758583964,0.26272609281285897,0.10153482880755609,0.09038610546902545,0.11388652496100302,0.898465171192444,0.8861134750389971,0.9096138945309745
v2,lognormal_sigma_0.50,lognormal,50,caution,10000,470,0.047,0.04302305617019257,0.051324846353640416,0.07021276595744681,0.050429226824068356,0.09696492267588658,0.9297872340425531,0.9030350773241134,0.9495707731759315
v2,lognormal_sigma_0.50,lognormal,50,insufficient,10000,6989,0.6989,0.689833962776364,0.7078132826717808,0.04034912004578624,0.035982658711545094,0.04522059209352287,0.9596508799542137,0.9547794079064771,0.964017341288455
v3_default,lognormal_sigma_0.50,lognormal,50,all,10000,10000,1.0,0.9996160016293234,1.0,0.0573,0.05291244988627403,0.06202754227112302,0.9427,0.9379724577288768,0.9470875501137259
v3_default,lognormal_sigma_0.50,lognormal,50,acceptable,10000,0,0.0,0.0,0.00038399837067659573,,,,,,
v3_default,lognormal_sigma_0.50,lognormal,50,caution,10000,9169,0.9169,0.9113284279112934,0.9221513942472366,0.06020285745446614,0.055515878084497185,0.0652581987153785,0.9397971425455338,0.9347418012846215,0.9444841219155028
v3_default,lognormal_sigma_0.50,lognormal,50,insufficient,10000,831,0.0831,0.07784860575276353,0.0886715720887066,0.02527075812274368,0.016587131102401426,0.038323245396449324,0.9747292418772563,0.9616767546035506,0.9834128688975986
v3_oracle_simulation_truth,lognormal_sigma_0.50,lognormal,50,all,10000,10000,1.0,0.9996160016293234,1.0,0.0573,0.05291244988627403,0.06202754227112302,0.9427,0.9379724577288768,0.9470875501137259
v3_oracle_simulation_truth,lognormal_sigma_0.50,lognormal,50,acceptable,10000,0,0.0,0.0,0.00038399837067659573,,,,,,
v3_oracle_simulation_truth,lognormal_sigma_0.50,lognormal,50,caution,10000,9169,0.9169,0.9113284279112934,0.9221513942472366,0.06020285745446614,0.055515878084497185,0.0652581987153785,0.9397971425455338,0.9347418012846215,0.9444841219155028
v3_oracle_simulation_truth,lognormal_sigma_0.50,lognormal,50,insufficient,10000,831,0.0831,0.07784860575276353,0.0886715720887066,0.02527075812274368,0.016587131102401426,0.038323245396449324,0.9747292418772563,0.9616767546035506,0.9834128688975986
v2,lognormal_sigma_0.50,lognormal,80,all,200,200,1.0,0.9811546736227335,1.0,0.055,0.03098534170345884,0.0957869987723084,0.945,0.9042130012276914,0.9690146582965411
v2,lognormal_sigma_0.50,lognormal,80,acceptable,200,23,0.115,0.07786373232561955,0.16664716898487572,0.08695652173913043,0.024180004484220363,0.26795981075743663,0.9130434782608695,0.7320401892425634,0.9758199955157796
v2,lognormal_sigma_0.50,lognormal,80,caution,200,137,0.685,0.6176504391426966,0.745376790097715,0.058394160583941604,0.02988313170702593,0.11099483836536854,0.9416058394160584,0.8890051616346314,0.970116868292974
v2,lognormal_sigma_0.50,lognormal,80,insufficient,200,40,0.2,0.15045200926098115,0.2608551865653788,0.025,0.0044268315026814095,0.1288136896347409,0.975,0.8711863103652591,0.9955731684973186
v3_default,lognormal_sigma_0.50,lognormal,80,all,200,200,1.0,0.9811546736227335,1.0,0.055,0.03098534170345884,0.0957869987723084,0.945,0.9042130012276914,0.9690146582965411
v3_default,lognormal_sigma_0.50,lognormal,80,acceptable,200,0,0.0,1.734723475976807e-18,0.018845326377266575,,,,,,
v3_default,lognormal_sigma_0.50,lognormal,80,caution,200,169,0.845,0.7883930940765792,0.8886036307231068,0.05917159763313609,0.03245500078606747,0.10548330975218873,0.9408284023668639,0.8945166902478113,0.9675449992139326
v3_default,lognormal_sigma_0.50,lognormal,80,insufficient,200,31,0.155,0.11139636927689314,0.21160690592342077,0.03225806451612903,0.005717221525416816,0.16194105164724906,0.967741935483871,0.838058948352751,0.9942827784745831
v3_oracle_simulation_truth,lognormal_sigma_0.50,lognormal,80,all,200,200,1.0,0.9811546736227335,1.0,0.055,0.03098534170345884,0.0957869987723084,0.945,0.9042130012276914,0.9690146582965411
v3_oracle_simulation_truth,lognormal_sigma_0.50,lognormal,80,acceptable,200,0,0.0,1.734723475976807e-18,0.018845326377266575,,,,,,
v3_oracle_simulation_truth,lognormal_sigma_0.50,lognormal,80,caution,200,169,0.845,0.7883930940765792,0.8886036307231068,0.05917159763313609,0.03245500078606747,0.10548330975218873,0.9408284023668639,0.8945166902478113,0.9675449992139326
v3_oracle_simulation_truth,lognormal_sigma_0.50,lognormal,80,insufficient,200,31,0.155,0.11139636927689314,0.21160690592342077,0.03225806451612903,0.005717221525416816,0.16194105164724906,0.967741935483871,0.838058948352751,0.9942827784745831
v2,lognormal_sigma_0.50,lognormal,100,all,200,200,1.0,0.9811546736227335,1.0,0.025,0.010724719651761264,0.05717834040664198,0.975,0.942821659593358,0.9892752803482386
v2,lognormal_sigma_0.50,lognormal,100,acceptable,200,14,0.07,0.042152171828342806,0.11405480885610647,0.07142857142857142,0.012722215247890939,0.31468704424151117,0.9285714285714286,0.6853129557584889,0.9872777847521093
v2,lognormal_sigma_0.50,lognormal,100,caution,200,153,0.765,0.7015863111723746,0.8184256658476741,0.026143790849673203,0.01021273959970401,0.06528680567187906,0.9738562091503268,0.9347131943281209,0.9897872604002961
v2,lognormal_sigma_0.50,lognormal,100,insufficient,200,33,0.165,0.11996855328217307,0.2226578153905955,0.0,0.0,0.10426999754245206,1.0,0.895730002457548,1.0
v3_default,lognormal_sigma_0.50,lognormal,100,all,200,200,1.0,0.9811546736227335,1.0,0.025,0.010724719651761264,0.05717834040664198,0.975,0.942821659593358,0.9892752803482386
v3_default,lognormal_sigma_0.50,lognormal,100,acceptable,200,0,0.0,1.734723475976807e-18,0.018845326377266575,,,,,,
v3_default,lognormal_sigma_0.50,lognormal,100,caution,200,170,0.85,0.7939442071583334,0.89286406437758,0.029411764705882353,0.01262702131586935,0.06699413991110048,0.9705882352941176,0.9330058600888995,0.9873729786841305
v3_default,lognormal_sigma_0.50,lognormal,100,insufficient,200,30,0.15,0.10713593562241995,0.20605579284166659,0.0,0.0,0.11351339317396876,1.0,0.8864866068260312,0.9999999999999999
v3_oracle_simulation_truth,lognormal_sigma_0.50,lognormal,100,all,200,200,1.0,0.9811546736227335,1.0,0.025,0.010724719651761264,0.05717834040664198,0.975,0.942821659593358,0.9892752803482386
v3_oracle_simulation_truth,lognormal_sigma_0.50,lognormal,100,acceptable,200,0,0.0,1.734723475976807e-18,0.018845326377266575,,,,,,
v3_oracle_simulation_truth,lognormal_sigma_0.50,lognormal,100,caution,200,170,0.85,0.7939442071583334,0.89286406437758,0.029411764705882353,0.01262702131586935,0.06699413991110048,0.9705882352941176,0.9330058600888995,0.9873729786841305
v3_oracle_simulation_truth,lognormal_sigma_0.50,lognormal,100,insufficient,200,30,0.15,0.10713593562241995,0.20605579284166659,0.0,0.0,0.11351339317396876,1.0,0.8864866068260312,0.9999999999999999
v2,lognormal_sigma_0.50,lognormal,200,all,200,200,1.0,0.9811546736227335,1.0,0.05,0.02738264560076393,0.08957814813877599,0.95,0.9104218518612239,0.972617354399236
v2,lognormal_sigma_0.50,lognormal,200,acceptable,200,3,0.015,0.00511423779325831,0.04316572879269026,0.3333333333333333,0.06149194472039621,0.7923403991979522,0.6666666666666666,0.2076596008020477,0.9385080552796037
v2,lognormal_sigma_0.50,lognormal,200,caution,200,158,0.79,0.7283538314009754,0.8407158793002101,0.056962025316455694,0.030254078914574406,0.10470181545172955,0.9430379746835443,0.8952981845482706,0.9697459210854258
v2,lognormal_sigma_0.50,lognormal,200,insufficient,200,39,0.195,0.1460552053440051,0.25544044374612745,0.0,-6.938893903907228e-18,0.08966685370757144,1.0,0.9103331462924287,1.0
v3_default,lognormal_sigma_0.50,lognormal,200,all,200,200,1.0,0.9811546736227335,1.0,0.05,0.02738264560076393,0.08957814813877599,0.95,0.9104218518612239,0.972617354399236
v3_default,lognormal_sigma_0.50,lognormal,200,acceptable,200,0,0.0,1.734723475976807e-18,0.018845326377266575,,,,,,
v3_default,lognormal_sigma_0.50,lognormal,200,caution,200,158,0.79,0.7283538314009754,0.8407158793002101,0.06329113924050633,0.03473843819243328,0.11257522911149492,0.9367088607594937,0.8874247708885052,0.9652615618075668
v3_default,lognormal_sigma_0.50,lognormal,200,insufficient,200,42,0.21,0.15928412069979,0.2716461685990246,0.0,-6.938893903907228e-18,0.08379879086570391,1.0,0.916201209134296,0.9999999999999999
v3_oracle_simulation_truth,lognormal_sigma_0.50,lognormal,200,all,200,200,1.0,0.9811546736227335,1.0,0.05,0.02738264560076393,0.08957814813877599,0.95,0.9104218518612239,0.972617354399236
v3_oracle_simulation_truth,lognormal_sigma_0.50,lognormal,200,acceptable,200,0,0.0,1.734723475976807e-18,0.018845326377266575,,,,,,
v3_oracle_simulation_truth,lognormal_sigma_0.50,lognormal,200,caution,200,158,0.79,0.7283538314009754,0.8407158793002101,0.06329113924050633,0.03473843819243328,0.11257522911149492,0.9367088607594937,0.8874247708885052,0.9652615618075668
v3_oracle_simulation_truth,lognormal_sigma_0.50,lognormal,200,insufficient,200,42,0.21,0.15928412069979,0.2716461685990246,0.0,-6.938893903907228e-18,0.08379879086570391,1.0,0.916201209134296,0.9999999999999999
v2,lognormal_sigma_0.50,lognormal,500,all,200,200,1.0,0.9811546736227335,1.0,0.04,0.020405632066152306,0.07693206820093293,0.96,0.923067931799067,0.9795943679338476
v2,lognormal_sigma_0.50,lognormal,500,acceptable,200,0,0.0,1.734723475976807e-18,0.018845326377266575,,,,,,
v2,lognormal_sigma_0.50,lognormal,500,caution,200,173,0.865,0.8107086162924745,0.9055342954521209,0.03468208092485549,0.01599023570343839,0.07358976960943533,0.9653179190751445,0.9264102303905647,0.9840097642965616
v2,lognormal_sigma_0.50,lognormal,500,insufficient,200,27,0.135,0.09446570454787906,0.18929138370752552,0.07407407407407407,0.020554654060988622,0.23369592683023144,0.9259259259259259,0.7663040731697686,0.9794453459390113
v3_default,lognormal_sigma_0.50,lognormal,500,all,200,200,1.0,0.9811546736227335,1.0,0.04,0.020405632066152306,0.07693206820093293,0.96,0.923067931799067,0.9795943679338476
v3_default,lognormal_sigma_0.50,lognormal,500,acceptable,200,0,0.0,1.734723475976807e-18,0.018845326377266575,,,,,,
v3_default,lognormal_sigma_0.50,lognormal,500,caution,200,151,0.755,0.6909575644379659,0.8094313191096282,0.039735099337748346,0.018336067205401298,0.08397153788529008,0.9602649006622517,0.91602846211471,0.9816639327945987
v3_default,lognormal_sigma_0.50,lognormal,500,insufficient,200,49,0.245,0.1905686808903718,0.30904243556203415,0.04081632653061224,0.011265633366185787,0.13713032306080064,0.9591836734693877,0.8628696769391992,0.9887343666338142
v3_oracle_simulation_truth,lognormal_sigma_0.50,lognormal,500,all,200,200,1.0,0.9811546736227335,1.0,0.04,0.020405632066152306,0.07693206820093293,0.96,0.923067931799067,0.9795943679338476
v3_oracle_simulation_truth,lognormal_sigma_0.50,lognormal,500,acceptable,200,0,0.0,1.734723475976807e-18,0.018845326377266575,,,,,,
v3_oracle_simulation_truth,lognormal_sigma_0.50,lognormal,500,caution,200,151,0.755,0.6909575644379659,0.8094313191096282,0.039735099337748346,0.018336067205401298,0.08397153788529008,0.9602649006622517,0.91602846211471,0.9816639327945987
v3_oracle_simulation_truth,lognormal_sigma_0.50,lognormal,500,insufficient,200,49,0.245,0.1905686808903718,0.30904243556203415,0.04081632653061224,0.011265633366185787,0.13713032306080064,0.9591836734693877,0.8628696769391992,0.9887343666338142
v2,lognormal_sigma_0.50,lognormal,750,all,200,200,1.0,0.9811546736227335,1.0,0.075,0.04597491718438201,0.12004361023629456,0.925,0.8799563897637055,0.954025082815618
v2,lognormal_sigma_0.50,lognormal,750,acceptable,200,0,0.0,1.734723475976807e-18,0.018845326377266575,,,,,,
v2,lognormal_sigma_0.50,lognormal,750,caution,200,171,0.855,0.7995133246921847,0.8971064935799559,0.08187134502923976,0.04939360712875908,0.13272257421326822,0.9181286549707602,0.8672774257867318,0.950606392871241
v2,lognormal_sigma_0.50,lognormal,750,insufficient,200,29,0.145,0.10289350642004402,0.20048667530781522,0.034482758620689655,0.006113214292762653,0.17175521879320288,0.9655172413793104,0.8282447812067973,0.9938867857072374
v3_default,lognormal_sigma_0.50,lognormal,750,all,200,200,1.0,0.9811546736227335,1.0,0.075,0.04597491718438201,0.12004361023629456,0.925,0.8799563897637055,0.954025082815618
v3_default,lognormal_sigma_0.50,lognormal,750,acceptable,200,0,0.0,1.734723475976807e-18,0.018845326377266575,,,,,,
v3_default,lognormal_sigma_0.50,lognormal,750,caution,200,138,0.69,0.6228282243374195,0.750010551639219,0.07971014492753623,0.04508994136658648,0.13709557079288062,0.9202898550724637,0.8629044292071194,0.9549100586334135
v3_default,lognormal_sigma_0.50,lognormal,750,insufficient,200,62,0.31,0.2499894483607809,0.37717177566258037,0.06451612903225806,0.025372905520440803,0.15447515727752878,0.9354838709677419,0.8455248427224711,0.9746270944795592
v3_oracle_simulation_truth,lognormal_sigma_0.50,lognormal,750,all,200,200,1.0,0.9811546736227335,1.0,0.075,0.04597491718438201,0.12004361023629456,0.925,0.8799563897637055,0.954025082815618
v3_oracle_simulation_truth,lognormal_sigma_0.50,lognormal,750,acceptable,200,0,0.0,1.734723475976807e-18,0.018845326377266575,,,,,,
v3_oracle_simulation_truth,lognormal_sigma_0.50,lognormal,750,caution,200,138,0.69,0.6228282243374195,0.750010551639219,0.07971014492753623,0.04508994136658648,0.13709557079288062,0.9202898550724637,0.8629044292071194,0.9549100586334135
v3_oracle_simulation_truth,lognormal_sigma_0.50,lognormal,750,insufficient,200,62,0.31,0.2499894483607809,0.37717177566258037,0.06451612903225806,0.025372905520440803,0.15447515727752878,0.9354838709677419,0.8455248427224711,0.9746270944795592
v2,lognormal_sigma_0.50,lognormal,2000,all,200,200,1.0,0.9811546736227335,1.0,0.07,0.042152171828342806,0.11405480885610647,0.93,0.8859451911438936,0.9578478281716571
v2,lognormal_sigma_0.50,lognormal,2000,acceptable,200,0,0.0,1.734723475976807e-18,0.018845326377266575,,,,,,
v2,lognormal_sigma_0.50,lognormal,2000,caution,200,178,0.89,0.839073090026985,0.926227555398747,0.07865168539325842,0.04742689159231053,0.12767871428655334,0.9213483146067416,0.8723212857134466,0.9525731084076894
v2,lognormal_sigma_0.50,lognormal,2000,insufficient,200,22,0.11,0.07377244460125303,0.1609269099730149,0.0,0.0,0.14865487460862087,1.0,0.8513451253913791,1.0
v3_default,lognormal_sigma_0.50,lognormal,2000,all,200,200,1.0,0.9811546736227335,1.0,0.07,0.042152171828342806,0.11405480885610647,0.93,0.8859451911438936,0.9578478281716571
v3_default,lognormal_sigma_0.50,lognormal,2000,acceptable,200,0,0.0,1.734723475976807e-18,0.018845326377266575,,,,,,
v3_default,lognormal_sigma_0.50,lognormal,2000,caution,200,118,0.59,0.5207645903369208,0.6558432509151711,0.1016949152542373,0.05913556501602044,0.16937006098494964,0.8983050847457628,0.8306299390150504,0.9408644349839796
v3_default,lognormal_sigma_0.50,lognormal,2000,insufficient,200,82,0.41,0.34415674908482885,0.4792354096630791,0.024390243902439025,0.006714370331163358,0.08463378391063939,0.975609756097561,0.9153662160893606,0.9932856296688367
v3_oracle_simulation_truth,lognormal_sigma_0.50,lognormal,2000,all,200,200,1.0,0.9811546736227335,1.0,0.07,0.042152171828342806,0.11405480885610647,0.93,0.8859451911438936,0.9578478281716571
v3_oracle_simulation_truth,lognormal_sigma_0.50,lognormal,2000,acceptable,200,0,0.0,1.734723475976807e-18,0.018845326377266575,,,,,,
v3_oracle_simulation_truth,lognormal_sigma_0.50,lognormal,2000,caution,200,118,0.59,0.5207645903369208,0.6558432509151711,0.1016949152542373,0.05913556501602044,0.16937006098494964,0.8983050847457628,0.8306299390150504,0.9408644349839796
v3_oracle_simulation_truth,lognormal_sigma_0.50,lognormal,2000,insufficient,200,82,0.41,0.34415674908482885,0.4792354096630791,0.024390243902439025,0.006714370331163358,0.08463378391063939,0.975609756097561,0.9153662160893606,0.9932856296688367
v2,lognormal_sigma_1.00,lognormal,5,all,200,200,1.0,0.9811546736227335,1.0,0.155,0.11139636927689314,0.21160690592342077,0.845,0.7883930940765792,0.8886036307231068
v2,lognormal_sigma_1.00,lognormal,5,acceptable,200,88,0.44,0.37297819251185865,0.5092832466534134,0.25,0.17128323377232502,0.34963029956012115,0.75,0.6503697004398789,0.828716766227675
v2,lognormal_sigma_1.00,lognormal,5,caution,200,0,0.0,1.734723475976807e-18,0.018845326377266575,,,,,,
v2,lognormal_sigma_1.00,lognormal,5,insufficient,200,112,0.56,0.4907167533465867,0.6270218074881414,0.08035714285714286,0.042850577836899786,0.1456955527371424,0.9196428571428571,0.8543044472628575,0.9571494221631002
v3_default,lognormal_sigma_1.00,lognormal,5,all,200,200,1.0,0.9811546736227335,1.0,0.155,0.11139636927689314,0.21160690592342077,0.845,0.7883930940765792,0.8886036307231068
v3_default,lognormal_sigma_1.00,lognormal,5,acceptable,200,0,0.0,1.734723475976807e-18,0.018845326377266575,,,,,,
v3_default,lognormal_sigma_1.00,lognormal,5,caution,200,200,1.0,0.9811546736227335,1.0,0.155,0.11139636927689314,0.21160690592342077,0.845,0.7883930940765792,0.8886036307231068
v3_default,lognormal_sigma_1.00,lognormal,5,insufficient,200,0,0.0,1.734723475976807e-18,0.018845326377266575,,,,,,
v3_oracle_simulation_truth,lognormal_sigma_1.00,lognormal,5,all,200,200,1.0,0.9811546736227335,1.0,0.155,0.11139636927689314,0.21160690592342077,0.845,0.7883930940765792,0.8886036307231068
v3_oracle_simulation_truth,lognormal_sigma_1.00,lognormal,5,acceptable,200,0,0.0,1.734723475976807e-18,0.018845326377266575,,,,,,
v3_oracle_simulation_truth,lognormal_sigma_1.00,lognormal,5,caution,200,200,1.0,0.9811546736227335,1.0,0.155,0.11139636927689314,0.21160690592342077,0.845,0.7883930940765792,0.8886036307231068
v3_oracle_simulation_truth,lognormal_sigma_1.00,lognormal,5,insufficient,200,0,0.0,1.734723475976807e-18,0.018845326377266575,,,,,,
v2,lognormal_sigma_1.00,lognormal,8,all,200,200,1.0,0.9811546736227335,1.0,0.21,0.15928412069979,0.2716461685990246,0.79,0.7283538314009754,0.8407158793002101
v2,lognormal_sigma_1.00,lognormal,8,acceptable,200,77,0.385,0.32033309726923215,0.45400132779753916,0.3246753246753247,0.23059379328779073,0.4354191610320238,0.6753246753246753,0.5645808389679762,0.7694062067122093
v2,lognormal_sigma_1.00,lognormal,8,caution,200,0,0.0,1.734723475976807e-18,0.018845326377266575,,,,,,
v2,lognormal_sigma_1.00,lognormal,8,insufficient,200,123,0.615,0.5459986722024608,0.6796669027307678,0.13821138211382114,0.08811645646024345,0.21022021652132195,0.8617886178861789,0.7897797834786779,0.9118835435397565
v3_default,lognormal_sigma_1.00,lognormal,8,all,200,200,1.0,0.9811546736227335,1.0,0.21,0.15928412069979,0.2716461685990246,0.79,0.7283538314009754,0.8407158793002101
v3_default,lognormal_sigma_1.00,lognormal,8,acceptable,200,0,0.0,1.734723475976807e-18,0.018845326377266575,,,,,,
v3_default,lognormal_sigma_1.00,lognormal,8,caution,200,200,1.0,0.9811546736227335,1.0,0.21,0.15928412069979,0.2716461685990246,0.79,0.7283538314009754,0.8407158793002101
v3_default,lognormal_sigma_1.00,lognormal,8,insufficient,200,0,0.0,1.734723475976807e-18,0.018845326377266575,,,,,,
v3_oracle_simulation_truth,lognormal_sigma_1.00,lognormal,8,all,200,200,1.0,0.9811546736227335,1.0,0.21,0.15928412069979,0.2716461685990246,0.79,0.7283538314009754,0.8407158793002101
v3_oracle_simulation_truth,lognormal_sigma_1.00,lognormal,8,acceptable,200,0,0.0,1.734723475976807e-18,0.018845326377266575,,,,,,
v3_oracle_simulation_truth,lognormal_sigma_1.00,lognormal,8,caution,200,200,1.0,0.9811546736227335,1.0,0.21,0.15928412069979,0.2716461685990246,0.79,0.7283538314009754,0.8407158793002101
v3_oracle_simulation_truth,lognormal_sigma_1.00,lognormal,8,insufficient,200,0,0.0,1.734723475976807e-18,0.018845326377266575,,,,,,
v2,lognormal_sigma_1.00,lognormal,10,all,200,200,1.0,0.9811546736227335,1.0,0.205,0.15486176203836208,0.26625698052422514,0.795,0.7337430194757748,0.8451382379616379
v2,lognormal_sigma_1.00,lognormal,10,acceptable,200,49,0.245,0.1905686808903718,0.30904243556203415,0.3469387755102041,0.22924392834538948,0.48688805713027256,0.6530612244897959,0.5131119428697273,0.7707560716546102
v2,lognormal_sigma_1.00,lognormal,10,caution,200,0,0.0,1.734723475976807e-18,0.018845326377266575,,,,,,
v2,lognormal_sigma_1.00,lognormal,10,insufficient,200,151,0.755,0.6909575644379659,0.8094313191096282,0.15894039735099338,0.10919505608725422,0.2256084210662797,0.8410596026490066,0.7743915789337202,0.8908049439127458
v3_default,lognormal_sigma_1.00,lognormal,10,all,200,200,1.0,0.9811546736227335,1.0,0.205,0.15486176203836208,0.26625698052422514,0.795,0.7337430194757748,0.8451382379616379
v3_default,lognormal_sigma_1.00,lognormal,10,acceptable,200,0,0.0,1.734723475976807e-18,0.018845326377266575,,,,,,
v3_default,lognormal_sigma_1.00,lognormal,10,caution,200,199,0.995,0.9722262956021069,0.9991168312843989,0.20603015075376885,0.15566046134782968,0.26753437919300593,0.7939698492462312,0.7324656208069941,0.8443395386521703
v3_default,lognormal_sigma_1.00,lognormal,10,insufficient,200,1,0.005,0.0008831687156009814,0.02777370439789293,0.0,0.0,0.7934506856227626,1.0,0.20654931437723745,1.0
v3_oracle_simulation_truth,lognormal_sigma_1.00,lognormal,10,all,200,200,1.0,0.9811546736227335,1.0,0.205,0.15486176203836208,0.26625698052422514,0.795,0.7337430194757748,0.8451382379616379
v3_oracle_simulation_truth,lognormal_sigma_1.00,lognormal,10,acceptable,200,0,0.0,1.734723475976807e-18,0.018845326377266575,,,,,,
v3_oracle_simulation_truth,lognormal_sigma_1.00,lognormal,10,caution,200,199,0.995,0.9722262956021069,0.9991168312843989,0.20603015075376885,0.15566046134782968,0.26753437919300593,0.7939698492462312,0.7324656208069941,0.8443395386521703
v3_oracle_simulation_truth,lognormal_sigma_1.00,lognormal,10,insufficient,200,1,0.005,0.0008831687156009814,0.02777370439789293,0.0,0.0,0.7934506856227626,1.0,0.20654931437723745,1.0
v2,lognormal_sigma_1.00,lognormal,15,all,200,200,1.0,0.9811546736227335,1.0,0.155,0.11139636927689314,0.21160690592342077,0.845,0.7883930940765792,0.8886036307231068
v2,lognormal_sigma_1.00,lognormal,15,acceptable,200,27,0.135,0.09446570454787906,0.18929138370752552,0.2222222222222222,0.10607239452360037,0.4075692886663257,0.7777777777777778,0.5924307113336742,0.8939276054763996
v2,lognormal_sigma_1.00,lognormal,15,caution,200,0,0.0,1.734723475976807e-18,0.018845326377266575,,,,,,
v2,lognormal_sigma_1.00,lognormal,15,insufficient,200,173,0.865,0.8107086162924745,0.9055342954521209,0.14450867052023122,0.09983706982288384,0.20462467336645448,0.8554913294797688,0.7953753266335455,0.9001629301771161
v3_default,lognormal_sigma_1.00,lognormal,15,all,200,200,1.0,0.9811546736227335,1.0,0.155,0.11139636927689314,0.21160690592342077,0.845,0.7883930940765792,0.8886036307231068
v3_default,lognormal_sigma_1.00,lognormal,15,acceptable,200,0,0.0,1.734723475976807e-18,0.018845326377266575,,,,,,
v3_default,lognormal_sigma_1.00,lognormal,15,caution,200,170,0.85,0.7939442071583334,0.89286406437758,0.18235294117647058,0.13154471191493697,0.2471995719132676,0.8176470588235294,0.7528004280867323,0.868455288085063
v3_default,lognormal_sigma_1.00,lognormal,15,insufficient,200,30,0.15,0.10713593562241995,0.20605579284166659,0.0,0.0,0.11351339317396876,1.0,0.8864866068260312,0.9999999999999999
v3_oracle_simulation_truth,lognormal_sigma_1.00,lognormal,15,all,200,200,1.0,0.9811546736227335,1.0,0.155,0.11139636927689314,0.21160690592342077,0.845,0.7883930940765792,0.8886036307231068
v3_oracle_simulation_truth,lognormal_sigma_1.00,lognormal,15,acceptable,200,0,0.0,1.734723475976807e-18,0.018845326377266575,,,,,,
v3_oracle_simulation_truth,lognormal_sigma_1.00,lognormal,15,caution,200,170,0.85,0.7939442071583334,0.89286406437758,0.18235294117647058,0.13154471191493697,0.2471995719132676,0.8176470588235294,0.7528004280867323,0.868455288085063
v3_oracle_simulation_truth,lognormal_sigma_1.00,lognormal,15,insufficient,200,30,0.15,0.10713593562241995,0.20605579284166659,0.0,0.0,0.11351339317396876,1.0,0.8864866068260312,0.9999999999999999
v2,lognormal_sigma_1.00,lognormal,20,all,200,200,1.0,0.9811546736227335,1.0,0.13,0.0902820227966932,0.18366351872248407,0.87,0.8163364812775159,0.9097179772033067
v2,lognormal_sigma_1.00,lognormal,20,acceptable,200,22,0.11,0.07377244460125303,0.1609269099730149,0.22727272727272727,0.10123039985248516,0.4343995317522171,0.7727272727272727,0.5656004682477829,0.8987696001475147
v2,lognormal_sigma_1.00,lognormal,20,caution,200,0,0.0,1.734723475976807e-18,0.018845326377266575,,,,,,
v2,lognormal_sigma_1.00,lognormal,20,insufficient,200,178,0.89,0.839073090026985,0.926227555398747,0.11797752808988764,0.07847260283108948,0.17362314649908045,0.8820224719101124,0.8263768535009196,0.9215273971689105
v3_default,lognormal_sigma_1.00,lognormal,20,all,200,200,1.0,0.9811546736227335,1.0,0.13,0.0902820227966932,0.18366351872248407,0.87,0.8163364812775159,0.9097179772033067
v3_default,lognormal_sigma_1.00,lognormal,20,acceptable,200,0,0.0,1.734723475976807e-18,0.018845326377266575,,,,,,
v3_default,lognormal_sigma_1.00,lognormal,20,caution,200,149,0.745,0.6803707417954529,0.8003950482796865,0.16778523489932887,0.11630849695340292,0.23596149075888526,0.8322147651006712,0.7640385092411148,0.883691503046597
v3_default,lognormal_sigma_1.00,lognormal,20,insufficient,200,51,0.255,0.1996049517203135,0.3196292582045472,0.0196078431372549,0.0034696926410608536,0.10304568726144975,0.9803921568627451,0.8969543127385502,0.9965303073589391
v3_oracle_simulation_truth,lognormal_sigma_1.00,lognormal,20,all,200,200,1.0,0.9811546736227335,1.0,0.13,0.0902820227966932,0.18366351872248407,0.87,0.8163364812775159,0.9097179772033067
v3_oracle_simulation_truth,lognormal_sigma_1.00,lognormal,20,acceptable,200,0,0.0,1.734723475976807e-18,0.018845326377266575,,,,,,
v3_oracle_simulation_truth,lognormal_sigma_1.00,lognormal,20,caution,200,149,0.745,0.6803707417954529,0.8003950482796865,0.16778523489932887,0.11630849695340292,0.23596149075888526,0.8322147651006712,0.7640385092411148,0.883691503046597
v3_oracle_simulation_truth,lognormal_sigma_1.00,lognormal,20,insufficient,200,51,0.255,0.1996049517203135,0.3196292582045472,0.0196078431372549,0.0034696926410608536,0.10304568726144975,0.9803921568627451,0.8969543127385502,0.9965303073589391
v2,lognormal_sigma_1.00,lognormal,30,all,10000,10000,1.0,0.9996160016293234,1.0,0.1128,0.10674778186658007,0.11914958647167187,0.8872,0.880850413528328,0.8932522181334198
v2,lognormal_sigma_1.00,lognormal,30,acceptable,10000,460,0.046,0.04206559125734039,0.05028307926323395,0.3826086956521739,0.33933981581774275,0.4278220065114051,0.6173913043478261,0.5721779934885949,0.6606601841822572
v2,lognormal_sigma_1.00,lognormal,30,caution,10000,0,0.0,0.0,0.00038399837067659573,,,,,,
v2,lognormal_sigma_1.00,lognormal,30,insufficient,10000,9540,0.954,0.949716920736766,0.9579344087426596,0.09979035639412998,0.09393612831177015,0.1059667584925168,0.90020964360587,0.8940332415074831,0.9060638716882298
v3_default,lognormal_sigma_1.00,lognormal,30,all,10000,10000,1.0,0.9996160016293234,1.0,0.1128,0.10674778186658007,0.11914958647167187,0.8872,0.880850413528328,0.8932522181334198
v3_default,lognormal_sigma_1.00,lognormal,30,acceptable,10000,0,0.0,0.0,0.00038399837067659573,,,,,,
v3_default,lognormal_sigma_1.00,lognormal,30,caution,10000,6465,0.6465,0.6370756447329917,0.6558118437444,0.15375096674400618,0.14516409821756743,0.1627490685373058,0.8462490332559938,0.8372509314626941,0.8548359017824325
v3_default,lognormal_sigma_1.00,lognormal,30,insufficient,10000,3535,0.3535,0.3441881562555999,0.3629243552670082,0.03790664780763791,0.032096363820560546,0.04472014858440158,0.9620933521923621,0.9552798514155985,0.9679036361794395
v3_oracle_simulation_truth,lognormal_sigma_1.00,lognormal,30,all,10000,10000,1.0,0.9996160016293234,1.0,0.1128,0.10674778186658007,0.11914958647167187,0.8872,0.880850413528328,0.8932522181334198
v3_oracle_simulation_truth,lognormal_sigma_1.00,lognormal,30,acceptable,10000,0,0.0,0.0,0.00038399837067659573,,,,,,
v3_oracle_simulation_truth,lognormal_sigma_1.00,lognormal,30,caution,10000,6465,0.6465,0.6370756447329917,0.6558118437444,0.15375096674400618,0.14516409821756743,0.1627490685373058,0.8462490332559938,0.8372509314626941,0.8548359017824325
v3_oracle_simulation_truth,lognormal_sigma_1.00,lognormal,30,insufficient,10000,3535,0.3535,0.3441881562555999,0.3629243552670082,0.03790664780763791,0.032096363820560546,0.04472014858440158,0.9620933521923621,0.9552798514155985,0.9679036361794395
v2,lognormal_sigma_1.00,lognormal,40,all,200,200,1.0,0.9811546736227335,1.0,0.095,0.06166310271738653,0.1436016116481994,0.905,0.8563983883518006,0.9383368972826135
v2,lognormal_sigma_1.00,lognormal,40,acceptable,200,5,0.025,0.010724719651761264,0.05717834040664198,0.6,0.2307242812760128,0.882379225767352,0.4,0.11762077423264783,0.769275718723987
v2,lognormal_sigma_1.00,lognormal,40,caution,200,1,0.005,0.0008831687156009814,0.02777370439789293,1.0,0.20654931437723745,1.0,0.0,0.0,0.7934506856227626
v2,lognormal_sigma_1.00,lognormal,40,insufficient,200,194,0.97,0.9361057075454807,0.9861796856598887,0.07731958762886598,0.047413985139115086,0.12363943825564973,0.9226804123711341,0.8763605617443504,0.9525860148608849
v3_default,lognormal_sigma_1.00,lognormal,40,all,200,200,1.0,0.9811546736227335,1.0,0.095,0.06166310271738653,0.1436016116481994,0.905,0.8563983883518006,0.9383368972826135
v3_default,lognormal_sigma_1.00,lognormal,40,acceptable,200,0,0.0,1.734723475976807e-18,0.018845326377266575,,,,,,
v3_default,lognormal_sigma_1.00,lognormal,40,caution,200,110,0.55,0.48075615138475697,0.6173593159775166,0.13636363636363635,0.08441156444990071,0.21285675213058225,0.8636363636363636,0.7871432478694177,0.9155884355500993
v3_default,lognormal_sigma_1.00,lognormal,40,insufficient,200,90,0.45,0.3826406840224836,0.5192438486152432,0.044444444444444446,0.01741724185270873,0.10876855032812233,0.9555555555555556,0.8912314496718777,0.9825827581472913
v3_oracle_simulation_truth,lognormal_sigma_1.00,lognormal,40,all,200,200,1.0,0.9811546736227335,1.0,0.095,0.06166310271738653,0.1436016116481994,0.905,0.8563983883518006,0.9383368972826135
v3_oracle_simulation_truth,lognormal_sigma_1.00,lognormal,40,acceptable,200,0,0.0,1.734723475976807e-18,0.018845326377266575,,,,,,
v3_oracle_simulation_truth,lognormal_sigma_1.00,lognormal,40,caution,200,110,0.55,0.48075615138475697,0.6173593159775166,0.13636363636363635,0.08441156444990071,0.21285675213058225,0.8636363636363636,0.7871432478694177,0.9155884355500993
v3_oracle_simulation_truth,lognormal_sigma_1.00,lognormal,40,insufficient,200,90,0.45,0.3826406840224836,0.5192438486152432,0.044444444444444446,0.01741724185270873,0.10876855032812233,0.9555555555555556,0.8912314496718777,0.9825827581472913
v2,lognormal_sigma_1.00,lognormal,50,all,200,200,1.0,0.9811546736227335,1.0,0.095,0.06166310271738653,0.1436016116481994,0.905,0.8563983883518006,0.9383368972826135
v2,lognormal_sigma_1.00,lognormal,50,acceptable,200,0,0.0,1.734723475976807e-18,0.018845326377266575,,,,,,
v2,lognormal_sigma_1.00,lognormal,50,caution,200,0,0.0,1.734723475976807e-18,0.018845326377266575,,,,,,
v2,lognormal_sigma_1.00,lognormal,50,insufficient,200,200,1.0,0.9811546736227335,1.0,0.095,0.06166310271738653,0.1436016116481994,0.905,0.8563983883518006,0.9383368972826135
v3_default,lognormal_sigma_1.00,lognormal,50,all,200,200,1.0,0.9811546736227335,1.0,0.095,0.06166310271738653,0.1436016116481994,0.905,0.8563983883518006,0.9383368972826135
v3_default,lognormal_sigma_1.00,lognormal,50,acceptable,200,0,0.0,1.734723475976807e-18,0.018845326377266575,,,,,,
v3_default,lognormal_sigma_1.00,lognormal,50,caution,200,87,0.435,0.36815725502699076,0.504292637402054,0.1724137931034483,0.10736292546557002,0.26517026873919847,0.8275862068965517,0.7348297312608015,0.89263707453443
v3_default,lognormal_sigma_1.00,lognormal,50,insufficient,200,113,0.565,0.49570736259794607,0.6318427449730093,0.035398230088495575,0.013850178551374819,0.08749620089486373,0.9646017699115044,0.9125037991051361,0.9861498214486251
v3_oracle_simulation_truth,lognormal_sigma_1.00,lognormal,50,all,200,200,1.0,0.9811546736227335,1.0,0.095,0.06166310271738653,0.1436016116481994,0.905,0.8563983883518006,0.9383368972826135
v3_oracle_simulation_truth,lognormal_sigma_1.00,lognormal,50,acceptable,200,0,0.0,1.734723475976807e-18,0.018845326377266575,,,,,,
v3_oracle_simulation_truth,lognormal_sigma_1.00,lognormal,50,caution,200,87,0.435,0.36815725502699076,0.504292637402054,0.1724137931034483,0.10736292546557002,0.26517026873919847,0.8275862068965517,0.7348297312608015,0.89263707453443
v3_oracle_simulation_truth,lognormal_sigma_1.00,lognormal,50,insufficient,200,113,0.565,0.49570736259794607,0.6318427449730093,0.035398230088495575,0.013850178551374819,0.08749620089486373,0.9646017699115044,0.9125037991051361,0.9861498214486251
v2,lognormal_sigma_1.00,lognormal,80,all,200,200,1.0,0.9811546736227335,1.0,0.06,0.03465219425433187,0.1019316929576627,0.94,0.8980683070423372,0.9653478057456681
v2,lognormal_sigma_1.00,lognormal,80,acceptable,200,0,0.0,1.734723475976807e-18,0.018845326377266575,,,,,,
v2,lognormal_sigma_1.00,lognormal,80,caution,200,25,0.125,0.08611974475712644,0.17801425002582347,0.16,0.0640345145667644,0.3465362160717886,0.84,0.6534637839282114,0.9359654854332355
v2,lognormal_sigma_1.00,lognormal,80,insufficient,200,175,0.875,0.8219857499741765,0.9138802552428735,0.045714285714285714,0.023343439021955972,0.08760096364357534,0.9542857142857143,0.9123990363564247,0.976656560978044
v3_default,lognormal_sigma_1.00,lognormal,80,all,200,200,1.0,0.9811546736227335,1.0,0.06,0.03465219425433187,0.1019316929576627,0.94,0.8980683070423372,0.9653478057456681
v3_default,lognormal_sigma_1.00,lognormal,80,acceptable,200,0,0.0,1.734723475976807e-18,0.018845326377266575,,,,,,
v3_default,lognormal_sigma_1.00,lognormal,80,caution,200,39,0.195,0.1460552053440051,0.25544044374612745,0.10256410256410256,0.04061331344668381,0.23578854462856527,0.8974358974358975,0.7642114553714348,0.9593866865533163
v3_default,lognormal_sigma_1.00,lognormal,80,insufficient,200,161,0.805,0.7445595562538726,0.8539447946559949,0.049689440993788817,0.025390547575837065,0.09497637323791658,0.9503105590062112,0.9050236267620834,0.974609452424163
v3_oracle_simulation_truth,lognormal_sigma_1.00,lognormal,80,all,200,200,1.0,0.9811546736227335,1.0,0.06,0.03465219425433187,0.1019316929576627,0.94,0.8980683070423372,0.9653478057456681
v3_oracle_simulation_truth,lognormal_sigma_1.00,lognormal,80,acceptable,200,0,0.0,1.734723475976807e-18,0.018845326377266575,,,,,,
v3_oracle_simulation_truth,lognormal_sigma_1.00,lognormal,80,caution,200,39,0.195,0.1460552053440051,0.25544044374612745,0.10256410256410256,0.04061331344668381,0.23578854462856527,0.8974358974358975,0.7642114553714348,0.9593866865533163
v3_oracle_simulation_truth,lognormal_sigma_1.00,lognormal,80,insufficient,200,161,0.805,0.7445595562538726,0.8539447946559949,0.049689440993788817,0.025390547575837065,0.09497637323791658,0.9503105590062112,0.9050236267620834,0.974609452424163
v2,lognormal_sigma_1.00,lognormal,100,all,200,200,1.0,0.9811546736227335,1.0,0.105,0.06970748792681017,0.1551803199112304,0.895,0.8448196800887696,0.9302925120731899
v2,lognormal_sigma_1.00,lognormal,100,acceptable,200,0,0.0,1.734723475976807e-18,0.018845326377266575,,,,,,
v2,lognormal_sigma_1.00,lognormal,100,caution,200,29,0.145,0.10289350642004402,0.20048667530781522,0.3448275862068966,0.19940718526674994,0.5265489590952386,0.6551724137931034,0.47345104090476137,0.80059281473325
v2,lognormal_sigma_1.00,lognormal,100,insufficient,200,171,0.855,0.7995133246921847,0.8971064935799559,0.06432748538011696,0.036295758204863575,0.11150361955710891,0.935672514619883,0.888496380442891,0.9637042417951364
v3_default,lognormal_sigma_1.00,lognormal,100,all,200,200,1.0,0.9811546736227335,1.0,0.105,0.06970748792681017,0.1551803199112304,0.895,0.8448196800887696,0.9302925120731899
v3_default,lognormal_sigma_1.00,lognormal,100,acceptable,200,0,0.0,1.734723475976807e-18,0.018845326377266575,,,,,,
v3_default,lognormal_sigma_1.00,lognormal,100,caution,200,36,0.18,0.13294625859420173,0.23911475028724882,0.2777777777777778,0.1584833794013461,0.43992489997397105,0.7222222222222222,0.5600751000260289,0.841516620598654
v3_default,lognormal_sigma_1.00,lognormal,100,insufficient,200,164,0.82,0.7608852497127511,0.8670537414057983,0.06707317073170732,0.0378621146733797,0.11610138756417344,0.9329268292682927,0.8838986124358266,0.9621378853266203
v3_oracle_simulation_truth,lognormal_sigma_1.00,lognormal,100,all,200,200,1.0,0.9811546736227335,1.0,0.105,0.06970748792681017,0.1551803199112304,0.895,0.8448196800887696,0.9302925120731899
v3_oracle_simulation_truth,lognormal_sigma_1.00,lognormal,100,acceptable,200,0,0.0,1.734723475976807e-18,0.018845326377266575,,,,,,
v3_oracle_simulation_truth,lognormal_sigma_1.00,lognormal,100,caution,200,36,0.18,0.13294625859420173,0.23911475028724882,0.2777777777777778,0.1584833794013461,0.43992489997397105,0.7222222222222222,0.5600751000260289,0.841516620598654
v3_oracle_simulation_truth,lognormal_sigma_1.00,lognormal,100,insufficient,200,164,0.82,0.7608852497127511,0.8670537414057983,0.06707317073170732,0.0378621146733797,0.11610138756417344,0.9329268292682927,0.8838986124358266,0.9621378853266203
v2,lognormal_sigma_1.00,lognormal,200,all,200,200,1.0,0.9811546736227335,1.0,0.075,0.04597491718438201,0.12004361023629456,0.925,0.8799563897637055,0.954025082815618
v2,lognormal_sigma_1.00,lognormal,200,acceptable,200,0,0.0,1.734723475976807e-18,0.018845326377266575,,,,,,
v2,lognormal_sigma_1.00,lognormal,200,caution,200,3,0.015,0.00511423779325831,0.04316572879269026,0.0,5.551115123125783e-17,0.5614970317550454,1.0,0.4385029682449546,1.0
v2,lognormal_sigma_1.00,lognormal,200,insufficient,200,197,0.985,0.9568342712073097,0.9948857622067417,0.07614213197969544,0.04668336108731292,0.12181501080963134,0.9238578680203046,0.8781849891903688,0.9533166389126873
v3_default,lognormal_sigma_1.00,lognormal,200,all,200,200,1.0,0.9811546736227335,1.0,0.075,0.04597491718438201,0.12004361023629456,0.925,0.8799563897637055,0.954025082815618
v3_default,lognormal_sigma_1.00,lognormal,200,acceptable,200,0,0.0,1.734723475976807e-18,0.018845326377266575,,,,,,
v3_default,lognormal_sigma_1.00,lognormal,200,caution,200,3,0.015,0.00511423779325831,0.04316572879269026,0.0,5.551115123125783e-17,0.5614970317550454,1.0,0.4385029682449546,1.0
v3_default,lognormal_sigma_1.00,lognormal,200,insufficient,200,197,0.985,0.9568342712073097,0.9948857622067417,0.07614213197969544,0.04668336108731292,0.12181501080963134,0.9238578680203046,0.8781849891903688,0.9533166389126873
v3_oracle_simulation_truth,lognormal_sigma_1.00,lognormal,200,all,200,200,1.0,0.9811546736227335,1.0,0.075,0.04597491718438201,0.12004361023629456,0.925,0.8799563897637055,0.954025082815618
v3_oracle_simulation_truth,lognormal_sigma_1.00,lognormal,200,acceptable,200,0,0.0,1.734723475976807e-18,0.018845326377266575,,,,,,
v3_oracle_simulation_truth,lognormal_sigma_1.00,lognormal,200,caution,200,3,0.015,0.00511423779325831,0.04316572879269026,0.0,5.551115123125783e-17,0.5614970317550454,1.0,0.4385029682449546,1.0
v3_oracle_simulation_truth,lognormal_sigma_1.00,lognormal,200,insufficient,200,197,0.985,0.9568342712073097,0.9948857622067417,0.07614213197969544,0.04668336108731292,0.12181501080963134,0.9238578680203046,0.8781849891903688,0.9533166389126873
v2,lognormal_sigma_1.00,lognormal,500,all,200,200,1.0,0.9811546736227335,1.0,0.035,0.017055542008567192,0.07047061152229073,0.965,0.9295293884777092,0.9829444579914328
v2,lognormal_sigma_1.00,lognormal,500,acceptable,200,0,0.0,1.734723475976807e-18,0.018845326377266575,,,,,,
v2,lognormal_sigma_1.00,lognormal,500,caution,200,1,0.005,0.0008831687156009814,0.02777370439789293,0.0,0.0,0.7934506856227626,1.0,0.20654931437723745,1.0
v2,lognormal_sigma_1.00,lognormal,500,insufficient,200,199,0.995,0.9722262956021069,0.9991168312843989,0.035175879396984924,0.017141766602341124,0.0708158872442793,0.964824120603015,0.9291841127557207,0.9828582333976589
v3_default,lognormal_sigma_1.00,lognormal,500,all,200,200,1.0,0.9811546736227335,1.0,0.035,0.017055542008567192,0.07047061152229073,0.965,0.9295293884777092,0.9829444579914328
v3_default,lognormal_sigma_1.00,lognormal,500,acceptable,200,0,0.0,1.734723475976807e-18,0.018845326377266575,,,,,,
v3_default,lognormal_sigma_1.00,lognormal,500,caution,200,0,0.0,1.734723475976807e-18,0.018845326377266575,,,,,,
v3_default,lognormal_sigma_1.00,lognormal,500,insufficient,200,200,1.0,0.9811546736227335,1.0,0.035,0.017055542008567192,0.07047061152229073,0.965,0.9295293884777092,0.9829444579914328
v3_oracle_simulation_truth,lognormal_sigma_1.00,lognormal,500,all,200,200,1.0,0.9811546736227335,1.0,0.035,0.017055542008567192,0.07047061152229073,0.965,0.9295293884777092,0.9829444579914328
v3_oracle_simulation_truth,lognormal_sigma_1.00,lognormal,500,acceptable,200,0,0.0,1.734723475976807e-18,0.018845326377266575,,,,,,
v3_oracle_simulation_truth,lognormal_sigma_1.00,lognormal,500,caution,200,0,0.0,1.734723475976807e-18,0.018845326377266575,,,,,,
v3_oracle_simulation_truth,lognormal_sigma_1.00,lognormal,500,insufficient,200,200,1.0,0.9811546736227335,1.0,0.035,0.017055542008567192,0.07047061152229073,0.965,0.9295293884777092,0.9829444579914328
v2,lognormal_sigma_1.00,lognormal,750,all,200,200,1.0,0.9811546736227335,1.0,0.045,0.023852543001492997,0.0832967040018196,0.955,0.9167032959981803,0.976147456998507
v2,lognormal_sigma_1.00,lognormal,750,acceptable,200,0,0.0,1.734723475976807e-18,0.018845326377266575,,,,,,
v2,lognormal_sigma_1.00,lognormal,750,caution,200,0,0.0,1.734723475976807e-18,0.018845326377266575,,,,,,
v2,lognormal_sigma_1.00,lognormal,750,insufficient,200,200,1.0,0.9811546736227335,1.0,0.045,0.023852543001492997,0.0832967040018196,0.955,0.9167032959981803,0.976147456998507
v3_default,lognormal_sigma_1.00,lognormal,750,all,200,200,1.0,0.9811546736227335,1.0,0.045,0.023852543001492997,0.0832967040018196,0.955,0.9167032959981803,0.976147456998507
v3_default,lognormal_sigma_1.00,lognormal,750,acceptable,200,0,0.0,1.734723475976807e-18,0.018845326377266575,,,,,,
v3_default,lognormal_sigma_1.00,lognormal,750,caution,200,0,0.0,1.734723475976807e-18,0.018845326377266575,,,,,,
v3_default,lognormal_sigma_1.00,lognormal,750,insufficient,200,200,1.0,0.9811546736227335,1.0,0.045,0.023852543001492997,0.0832967040018196,0.955,0.9167032959981803,0.976147456998507
v3_oracle_simulation_truth,lognormal_sigma_1.00,lognormal,750,all,200,200,1.0,0.9811546736227335,1.0,0.045,0.023852543001492997,0.0832967040018196,0.955,0.9167032959981803,0.976147456998507
v3_oracle_simulation_truth,lognormal_sigma_1.00,lognormal,750,acceptable,200,0,0.0,1.734723475976807e-18,0.018845326377266575,,,,,,
v3_oracle_simulation_truth,lognormal_sigma_1.00,lognormal,750,caution,200,0,0.0,1.734723475976807e-18,0.018845326377266575,,,,,,
v3_oracle_simulation_truth,lognormal_sigma_1.00,lognormal,750,insufficient,200,200,1.0,0.9811546736227335,1.0,0.045,0.023852543001492997,0.0832967040018196,0.955,0.9167032959981803,0.976147456998507
v2,lognormal_sigma_1.00,lognormal,2000,all,200,200,1.0,0.9811546736227335,1.0,0.03,0.013820314340111346,0.06389429245451925,0.97,0.9361057075454807,0.9861796856598887
v2,lognormal_sigma_1.00,lognormal,2000,acceptable,200,0,0.0,1.734723475976807e-18,0.018845326377266575,,,,,,
v2,lognormal_sigma_1.00,lognormal,2000,caution,200,0,0.0,1.734723475976807e-18,0.018845326377266575,,,,,,
v2,lognormal_sigma_1.00,lognormal,2000,insufficient,200,200,1.0,0.9811546736227335,1.0,0.03,0.013820314340111346,0.06389429245451925,0.97,0.9361057075454807,0.9861796856598887
v3_default,lognormal_sigma_1.00,lognormal,2000,all,200,200,1.0,0.9811546736227335,1.0,0.03,0.013820314340111346,0.06389429245451925,0.97,0.9361057075454807,0.9861796856598887
v3_default,lognormal_sigma_1.00,lognormal,2000,acceptable,200,0,0.0,1.734723475976807e-18,0.018845326377266575,,,,,,
v3_default,lognormal_sigma_1.00,lognormal,2000,caution,200,0,0.0,1.734723475976807e-18,0.018845326377266575,,,,,,
v3_default,lognormal_sigma_1.00,lognormal,2000,insufficient,200,200,1.0,0.9811546736227335,1.0,0.03,0.013820314340111346,0.06389429245451925,0.97,0.9361057075454807,0.9861796856598887
v3_oracle_simulation_truth,lognormal_sigma_1.00,lognormal,2000,all,200,200,1.0,0.9811546736227335,1.0,0.03,0.013820314340111346,0.06389429245451925,0.97,0.9361057075454807,0.9861796856598887
v3_oracle_simulation_truth,lognormal_sigma_1.00,lognormal,2000,acceptable,200,0,0.0,1.734723475976807e-18,0.018845326377266575,,,,,,
v3_oracle_simulation_truth,lognormal_sigma_1.00,lognormal,2000,caution,200,0,0.0,1.734723475976807e-18,0.018845326377266575,,,,,,
v3_oracle_simulation_truth,lognormal_sigma_1.00,lognormal,2000,insufficient,200,200,1.0,0.9811546736227335,1.0,0.03,0.013820314340111346,0.06389429245451925,0.97,0.9361057075454807,0.9861796856598887
v2,mixture_distinct_means,normal_mixture,5,all,200,200,1.0,0.9811546736227335,1.0,0.085,0.05374575017747561,0.13189587071565567,0.915,0.8681041292843443,0.9462542498225244
v2,mixture_distinct_means,normal_mixture,5,acceptable,200,97,0.485,0.41667385171877513,0.5538915080725428,0.09278350515463918,0.04958321848144811,0.1670088367716433,0.9072164948453608,0.8329911632283566,0.9504167815185518
v2,mixture_distinct_means,normal_mixture,5,caution,200,0,0.0,1.734723475976807e-18,0.018845326377266575,,,,,,
v2,mixture_distinct_means,normal_mixture,5,insufficient,200,103,0.515,0.44610849192745716,0.5833261482812249,0.07766990291262135,0.039880356912350534,0.14582900197980858,0.9223300970873787,0.8541709980201915,0.9601196430876495
v3_default,mixture_distinct_means,normal_mixture,5,all,200,200,1.0,0.9811546736227335,1.0,0.085,0.05374575017747561,0.13189587071565567,0.915,0.8681041292843443,0.9462542498225244
v3_default,mixture_distinct_means,normal_mixture,5,acceptable,200,0,0.0,1.734723475976807e-18,0.018845326377266575,,,,,,
v3_default,mixture_distinct_means,normal_mixture,5,caution,200,200,1.0,0.9811546736227335,1.0,0.085,0.05374575017747561,0.13189587071565567,0.915,0.8681041292843443,0.9462542498225244
v3_default,mixture_distinct_means,normal_mixture,5,insufficient,200,0,0.0,1.734723475976807e-18,0.018845326377266575,,,,,,
v3_oracle_simulation_truth,mixture_distinct_means,normal_mixture,5,all,200,200,1.0,0.9811546736227335,1.0,0.085,0.05374575017747561,0.13189587071565567,0.915,0.8681041292843443,0.9462542498225244
v3_oracle_simulation_truth,mixture_distinct_means,normal_mixture,5,acceptable,200,0,0.0,1.734723475976807e-18,0.018845326377266575,,,,,,
v3_oracle_simulation_truth,mixture_distinct_means,normal_mixture,5,caution,200,200,1.0,0.9811546736227335,1.0,0.085,0.05374575017747561,0.13189587071565567,0.915,0.8681041292843443,0.9462542498225244
v3_oracle_simulation_truth,mixture_distinct_means,normal_mixture,5,insufficient,200,0,0.0,1.734723475976807e-18,0.018845326377266575,,,,,,
v2,mixture_distinct_means,normal_mixture,8,all,200,200,1.0,0.9811546736227335,1.0,0.07,0.042152171828342806,0.11405480885610647,0.93,0.8859451911438936,0.9578478281716571
v2,mixture_distinct_means,normal_mixture,8,acceptable,200,130,0.65,0.5816346433604008,0.7127117587264192,0.06923076923076923,0.03684711914499425,0.12634191819174667,0.9307692307692308,0.8736580818082533,0.9631528808550058
v2,mixture_distinct_means,normal_mixture,8,caution,200,0,0.0,1.734723475976807e-18,0.018845326377266575,,,,,,
v2,mixture_distinct_means,normal_mixture,8,insufficient,200,70,0.35,0.28728824127358077,0.4183653566395992,0.07142857142857142,0.03089421703784702,0.1565541221709532,0.9285714285714286,0.8434458778290468,0.969105782962153
v3_default,mixture_distinct_means,normal_mixture,8,all,200,200,1.0,0.9811546736227335,1.0,0.07,0.042152171828342806,0.11405480885610647,0.93,0.8859451911438936,0.9578478281716571
v3_default,mixture_distinct_means,normal_mixture,8,acceptable,200,0,0.0,1.734723475976807e-18,0.018845326377266575,,,,,,
v3_default,mixture_distinct_means,normal_mixture,8,caution,200,200,1.0,0.9811546736227335,1.0,0.07,0.042152171828342806,0.11405480885610647,0.93,0.8859451911438936,0.9578478281716571
v3_default,mixture_distinct_means,normal_mixture,8,insufficient,200,0,0.0,1.734723475976807e-18,0.018845326377266575,,,,,,
v3_oracle_simulation_truth,mixture_distinct_means,normal_mixture,8,all,200,200,1.0,0.9811546736227335,1.0,0.07,0.042152171828342806,0.11405480885610647,0.93,0.8859451911438936,0.9578478281716571
v3_oracle_simulation_truth,mixture_distinct_means,normal_mixture,8,acceptable,200,0,0.0,1.734723475976807e-18,0.018845326377266575,,,,,,
v3_oracle_simulation_truth,mixture_distinct_means,normal_mixture,8,caution,200,200,1.0,0.9811546736227335,1.0,0.07,0.042152171828342806,0.11405480885610647,0.93,0.8859451911438936,0.9578478281716571
v3_oracle_simulation_truth,mixture_distinct_means,normal_mixture,8,insufficient,200,0,0.0,1.734723475976807e-18,0.018845326377266575,,,,,,
v2,mixture_distinct_means,normal_mixture,10,all,200,200,1.0,0.9811546736227335,1.0,0.045,0.023852543001492997,0.0832967040018196,0.955,0.9167032959981803,0.976147456998507
v2,mixture_distinct_means,normal_mixture,10,acceptable,200,131,0.655,0.5867558925905368,0.7174020562325106,0.04580152671755725,0.02115788476371245,0.096324223181733,0.9541984732824428,0.903675776818267,0.9788421152362876
v2,mixture_distinct_means,normal_mixture,10,caution,200,0,0.0,1.734723475976807e-18,0.018845326377266575,,,,,,
v2,mixture_distinct_means,normal_mixture,10,insufficient,200,69,0.345,0.2825979437674894,0.4132441074094632,0.043478260869565216,0.014895903896212308,0.12021202749379145,0.9565217391304348,0.8797879725062087,0.9851040961037877
v3_default,mixture_distinct_means,normal_mixture,10,all,200,200,1.0,0.9811546736227335,1.0,0.045,0.023852543001492997,0.0832967040018196,0.955,0.9167032959981803,0.976147456998507
v3_default,mixture_distinct_means,normal_mixture,10,acceptable,200,0,0.0,1.734723475976807e-18,0.018845326377266575,,,,,,
v3_default,mixture_distinct_means,normal_mixture,10,caution,200,200,1.0,0.9811546736227335,1.0,0.045,0.023852543001492997,0.0832967040018196,0.955,0.9167032959981803,0.976147456998507
v3_default,mixture_distinct_means,normal_mixture,10,insufficient,200,0,0.0,1.734723475976807e-18,0.018845326377266575,,,,,,
v3_oracle_simulation_truth,mixture_distinct_means,normal_mixture,10,all,200,200,1.0,0.9811546736227335,1.0,0.045,0.023852543001492997,0.0832967040018196,0.955,0.9167032959981803,0.976147456998507
v3_oracle_simulation_truth,mixture_distinct_means,normal_mixture,10,acceptable,200,0,0.0,1.734723475976807e-18,0.018845326377266575,,,,,,
v3_oracle_simulation_truth,mixture_distinct_means,normal_mixture,10,caution,200,200,1.0,0.9811546736227335,1.0,0.045,0.023852543001492997,0.0832967040018196,0.955,0.9167032959981803,0.976147456998507
v3_oracle_simulation_truth,mixture_distinct_means,normal_mixture,10,insufficient,200,0,0.0,1.734723475976807e-18,0.018845326377266575,,,,,,
v2,mixture_distinct_means,normal_mixture,15,all,200,200,1.0,0.9811546736227335,1.0,0.075,0.04597491718438201,0.12004361023629456,0.925,0.8799563897637055,0.954025082815618
v2,mixture_distinct_means,normal_mixture,15,acceptable,200,135,0.675,0.6073198511602996,0.7360842846076571,0.05925925925925926,0.03033036094206136,0.11257694491042357,0.9407407407407408,0.8874230550895765,0.9696696390579387
v2,mixture_distinct_means,normal_mixture,15,caution,200,0,0.0,1.734723475976807e-18,0.018845326377266575,,,,,,
v2,mixture_distinct_means,normal_mixture,15,insufficient,200,65,0.325,0.2639157153923429,0.3926801488397004,0.1076923076923077,0.053154219531127755,0.20601313581449843,0.8923076923076924,0.7939868641855017,0.9468457804688724
v3_default,mixture_distinct_means,normal_mixture,15,all,200,200,1.0,0.9811546736227335,1.0,0.075,0.04597491718438201,0.12004361023629456,0.925,0.8799563897637055,0.954025082815618
v3_default,mixture_distinct_means,normal_mixture,15,acceptable,200,0,0.0,1.734723475976807e-18,0.018845326377266575,,,,,,
v3_default,mixture_distinct_means,normal_mixture,15,caution,200,200,1.0,0.9811546736227335,1.0,0.075,0.04597491718438201,0.12004361023629456,0.925,0.8799563897637055,0.954025082815618
v3_default,mixture_distinct_means,normal_mixture,15,insufficient,200,0,0.0,1.734723475976807e-18,0.018845326377266575,,,,,,
v3_oracle_simulation_truth,mixture_distinct_means,normal_mixture,15,all,200,200,1.0,0.9811546736227335,1.0,0.075,0.04597491718438201,0.12004361023629456,0.925,0.8799563897637055,0.954025082815618
v3_oracle_simulation_truth,mixture_distinct_means,normal_mixture,15,acceptable,200,0,0.0,1.734723475976807e-18,0.018845326377266575,,,,,,
v3_oracle_simulation_truth,mixture_distinct_means,normal_mixture,15,caution,200,200,1.0,0.9811546736227335,1.0,0.075,0.04597491718438201,0.12004361023629456,0.925,0.8799563897637055,0.954025082815618
v3_oracle_simulation_truth,mixture_distinct_means,normal_mixture,15,insufficient,200,0,0.0,1.734723475976807e-18,0.018845326377266575,,,,,,
v2,mixture_distinct_means,normal_mixture,20,all,200,200,1.0,0.9811546736227335,1.0,0.075,0.04597491718438201,0.12004361023629456,0.925,0.8799563897637055,0.954025082815618
v2,mixture_distinct_means,normal_mixture,20,acceptable,200,140,0.7,0.6332093162728074,0.7592525531762859,0.04285714285714286,0.01978754110755173,0.09034384208734014,0.9571428571428572,0.9096561579126599,0.9802124588924483
v2,mixture_distinct_means,normal_mixture,20,caution,200,0,0.0,1.734723475976807e-18,0.018845326377266575,,,,,,
v2,mixture_distinct_means,normal_mixture,20,insufficient,200,60,0.3,0.24074744682371402,0.36679068372719265,0.15,0.08097440580167739,0.2611458906977855,0.85,0.7388541093022145,0.9190255941983225
v3_default,mixture_distinct_means,normal_mixture,20,all,200,200,1.0,0.9811546736227335,1.0,0.075,0.04597491718438201,0.12004361023629456,0.925,0.8799563897637055,0.954025082815618
v3_default,mixture_distinct_means,normal_mixture,20,acceptable,200,0,0.0,1.734723475976807e-18,0.018845326377266575,,,,,,
v3_default,mixture_distinct_means,normal_mixture,20,caution,200,200,1.0,0.9811546736227335,1.0,0.075,0.04597491718438201,0.12004361023629456,0.925,0.8799563897637055,0.954025082815618
v3_default,mixture_distinct_means,normal_mixture,20,insufficient,200,0,0.0,1.734723475976807e-18,0.018845326377266575,,,,,,
v3_oracle_simulation_truth,mixture_distinct_means,normal_mixture,20,all,200,200,1.0,0.9811546736227335,1.0,0.075,0.04597491718438201,0.12004361023629456,0.925,0.8799563897637055,0.954025082815618
v3_oracle_simulation_truth,mixture_distinct_means,normal_mixture,20,acceptable,200,0,0.0,1.734723475976807e-18,0.018845326377266575,,,,,,
v3_oracle_simulation_truth,mixture_distinct_means,normal_mixture,20,caution,200,200,1.0,0.9811546736227335,1.0,0.075,0.04597491718438201,0.12004361023629456,0.925,0.8799563897637055,0.954025082815618
v3_oracle_simulation_truth,mixture_distinct_means,normal_mixture,20,insufficient,200,0,0.0,1.734723475976807e-18,0.018845326377266575,,,,,,
v2,mixture_distinct_means,normal_mixture,30,all,200,200,1.0,0.9811546736227335,1.0,0.055,0.03098534170345884,0.0957869987723084,0.945,0.9042130012276914,0.9690146582965411
v2,mixture_distinct_means,normal_mixture,30,acceptable,200,142,0.71,0.6436252189922268,0.7684597439293211,0.035211267605633804,0.015132189304854042,0.07977538315512533,0.9647887323943662,0.9202246168448748,0.984867810695146
v2,mixture_distinct_means,normal_mixture,30,caution,200,0,0.0,1.734723475976807e-18,0.018845326377266575,,,,,,
v2,mixture_distinct_means,normal_mixture,30,insufficient,200,58,0.29,0.23154025607067882,0.3563747810077731,0.10344827586206896,0.048281407423628964,0.2078810299248423,0.896551724137931,0.7921189700751577,0.951718592576371
v3_default,mixture_distinct_means,normal_mixture,30,all,200,200,1.0,0.9811546736227335,1.0,0.055,0.03098534170345884,0.0957869987723084,0.945,0.9042130012276914,0.9690146582965411
v3_default,mixture_distinct_means,normal_mixture,30,acceptable,200,0,0.0,1.734723475976807e-18,0.018845326377266575,,,,,,
v3_default,mixture_distinct_means,normal_mixture,30,caution,200,200,1.0,0.9811546736227335,1.0,0.055,0.03098534170345884,0.0957869987723084,0.945,0.9042130012276914,0.9690146582965411
v3_default,mixture_distinct_means,normal_mixture,30,insufficient,200,0,0.0,1.734723475976807e-18,0.018845326377266575,,,,,,
v3_oracle_simulation_truth,mixture_distinct_means,normal_mixture,30,all,200,200,1.0,0.9811546736227335,1.0,0.055,0.03098534170345884,0.0957869987723084,0.945,0.9042130012276914,0.9690146582965411
v3_oracle_simulation_truth,mixture_distinct_means,normal_mixture,30,acceptable,200,0,0.0,1.734723475976807e-18,0.018845326377266575,,,,,,
v3_oracle_simulation_truth,mixture_distinct_means,normal_mixture,30,caution,200,200,1.0,0.9811546736227335,1.0,0.055,0.03098534170345884,0.0957869987723084,0.945,0.9042130012276914,0.9690146582965411
v3_oracle_simulation_truth,mixture_distinct_means,normal_mixture,30,insufficient,200,0,0.0,1.734723475976807e-18,0.018845326377266575,,,,,,
v2,mixture_distinct_means,normal_mixture,40,all,200,200,1.0,0.9811546736227335,1.0,0.055,0.03098534170345884,0.0957869987723084,0.945,0.9042130012276914,0.9690146582965411
v2,mixture_distinct_means,normal_mixture,40,acceptable,200,147,0.735,0.6698242380737758,0.7913184585289088,0.047619047619047616,0.023255417425864768,0.09502412561344212,0.9523809523809523,0.9049758743865579,0.9767445825741352
v2,mixture_distinct_means,normal_mixture,40,caution,200,21,0.105,0.06970748792681017,0.1551803199112304,0.047619047619047616,0.008455987809826399,0.22669360074122563,0.9523809523809523,0.7733063992587743,0.9915440121901737
v2,mixture_distinct_means,normal_mixture,40,insufficient,200,32,0.16,0.1156741203158702,0.21714070162067106,0.09375,0.032401551298366194,0.24218154728387864,0.90625,0.7578184527161212,0.9675984487016337
v3_default,mixture_distinct_means,normal_mixture,40,all,200,200,1.0,0.9811546736227335,1.0,0.055,0.03098534170345884,0.0957869987723084,0.945,0.9042130012276914,0.9690146582965411
v3_default,mixture_distinct_means,normal_mixture,40,acceptable,200,0,0.0,1.734723475976807e-18,0.018845326377266575,,,,,,
v3_default,mixture_distinct_means,normal_mixture,40,caution,200,200,1.0,0.9811546736227335,1.0,0.055,0.03098534170345884,0.0957869987723084,0.945,0.9042130012276914,0.9690146582965411
v3_default,mixture_distinct_means,normal_mixture,40,insufficient,200,0,0.0,1.734723475976807e-18,0.018845326377266575,,,,,,
v3_oracle_simulation_truth,mixture_distinct_means,normal_mixture,40,all,200,200,1.0,0.9811546736227335,1.0,0.055,0.03098534170345884,0.0957869987723084,0.945,0.9042130012276914,0.9690146582965411
v3_oracle_simulation_truth,mixture_distinct_means,normal_mixture,40,acceptable,200,0,0.0,1.734723475976807e-18,0.018845326377266575,,,,,,
v3_oracle_simulation_truth,mixture_distinct_means,normal_mixture,40,caution,200,200,1.0,0.9811546736227335,1.0,0.055,0.03098534170345884,0.0957869987723084,0.945,0.9042130012276914,0.9690146582965411
v3_oracle_simulation_truth,mixture_distinct_means,normal_mixture,40,insufficient,200,0,0.0,1.734723475976807e-18,0.018845326377266575,,,,,,
v2,mixture_distinct_means,normal_mixture,50,all,200,200,1.0,0.9811546736227335,1.0,0.075,0.04597491718438201,0.12004361023629456,0.925,0.8799563897637055,0.954025082815618
v2,mixture_distinct_means,normal_mixture,50,acceptable,200,151,0.755,0.6909575644379659,0.8094313191096282,0.06622516556291391,0.03636670105392742,0.11760665338406232,0.9337748344370861,0.8823933466159377,0.9636332989460725
v2,mixture_distinct_means,normal_mixture,50,caution,200,20,0.1,0.06567044866909588,0.1494058124327174,0.0,0.0,0.16112515805281938,1.0,0.8388748419471806,1.0
v2,mixture_distinct_means,normal_mixture,50,insufficient,200,29,0.145,0.10289350642004402,0.20048667530781522,0.1724137931034483,0.07597857252891227,0.34548439890195237,0.8275862068965517,0.6545156010980476,0.9240214274710877
v3_default,mixture_distinct_means,normal_mixture,50,all,200,200,1.0,0.9811546736227335,1.0,0.075,0.04597491718438201,0.12004361023629456,0.925,0.8799563897637055,0.954025082815618
v3_default,mixture_distinct_means,normal_mixture,50,acceptable,200,0,0.0,1.734723475976807e-18,0.018845326377266575,,,,,,
v3_default,mixture_distinct_means,normal_mixture,50,caution,200,200,1.0,0.9811546736227335,1.0,0.075,0.04597491718438201,0.12004361023629456,0.925,0.8799563897637055,0.954025082815618
v3_default,mixture_distinct_means,normal_mixture,50,insufficient,200,0,0.0,1.734723475976807e-18,0.018845326377266575,,,,,,
v3_oracle_simulation_truth,mixture_distinct_means,normal_mixture,50,all,200,200,1.0,0.9811546736227335,1.0,0.075,0.04597491718438201,0.12004361023629456,0.925,0.8799563897637055,0.954025082815618
v3_oracle_simulation_truth,mixture_distinct_means,normal_mixture,50,acceptable,200,0,0.0,1.734723475976807e-18,0.018845326377266575,,,,,,
v3_oracle_simulation_truth,mixture_distinct_means,normal_mixture,50,caution,200,200,1.0,0.9811546736227335,1.0,0.075,0.04597491718438201,0.12004361023629456,0.925,0.8799563897637055,0.954025082815618
v3_oracle_simulation_truth,mixture_distinct_means,normal_mixture,50,insufficient,200,0,0.0,1.734723475976807e-18,0.018845326377266575,,,,,,
v2,mixture_distinct_means,normal_mixture,80,all,200,200,1.0,0.9811546736227335,1.0,0.075,0.04597491718438201,0.12004361023629456,0.925,0.8799563897637055,0.954025082815618
v2,mixture_distinct_means,normal_mixture,80,acceptable,200,140,0.7,0.6332093162728074,0.7592525531762859,0.07857142857142857,0.04443737597511909,0.13521499290767183,0.9214285714285714,0.8647850070923281,0.9555626240248808
v2,mixture_distinct_means,normal_mixture,80,caution,200,57,0.285,0.22695003004617292,0.3511534602960517,0.07017543859649122,0.027626420229066015,0.1670017009603369,0.9298245614035088,0.832998299039663,0.972373579770934
v2,mixture_distinct_means,normal_mixture,80,insufficient,200,3,0.015,0.00511423779325831,0.04316572879269026,0.0,5.551115123125783e-17,0.5614970317550454,1.0,0.4385029682449546,1.0
v3_default,mixture_distinct_means,normal_mixture,80,all,200,200,1.0,0.9811546736227335,1.0,0.075,0.04597491718438201,0.12004361023629456,0.925,0.8799563897637055,0.954025082815618
v3_default,mixture_distinct_means,normal_mixture,80,acceptable,200,0,0.0,1.734723475976807e-18,0.018845326377266575,,,,,,
v3_default,mixture_distinct_means,normal_mixture,80,caution,200,200,1.0,0.9811546736227335,1.0,0.075,0.04597491718438201,0.12004361023629456,0.925,0.8799563897637055,0.954025082815618
v3_default,mixture_distinct_means,normal_mixture,80,insufficient,200,0,0.0,1.734723475976807e-18,0.018845326377266575,,,,,,
v3_oracle_simulation_truth,mixture_distinct_means,normal_mixture,80,all,200,200,1.0,0.9811546736227335,1.0,0.075,0.04597491718438201,0.12004361023629456,0.925,0.8799563897637055,0.954025082815618
v3_oracle_simulation_truth,mixture_distinct_means,normal_mixture,80,acceptable,200,0,0.0,1.734723475976807e-18,0.018845326377266575,,,,,,
v3_oracle_simulation_truth,mixture_distinct_means,normal_mixture,80,caution,200,200,1.0,0.9811546736227335,1.0,0.075,0.04597491718438201,0.12004361023629456,0.925,0.8799563897637055,0.954025082815618
v3_oracle_simulation_truth,mixture_distinct_means,normal_mixture,80,insufficient,200,0,0.0,1.734723475976807e-18,0.018845326377266575,,,,,,
v2,mixture_distinct_means,normal_mixture,100,all,200,200,1.0,0.9811546736227335,1.0,0.06,0.03465219425433187,0.1019316929576627,0.94,0.8980683070423372,0.9653478057456681
v2,mixture_distinct_means,normal_mixture,100,acceptable,200,160,0.8,0.7391448134346212,0.8495479907390189,0.03125,0.013420516687644407,0.07106029128564172,0.96875,0.9289397087143583,0.9865794833123556
v2,mixture_distinct_means,normal_mixture,100,caution,200,39,0.195,0.1460552053440051,0.25544044374612745,0.1794871794871795,0.08977265473219115,0.32668045661881623,0.8205128205128205,0.6733195433811838,0.9102273452678089
v2,mixture_distinct_means,normal_mixture,100,insufficient,200,1,0.005,0.0008831687156009814,0.02777370439789293,0.0,0.0,0.7934506856227626,1.0,0.20654931437723745,1.0
v3_default,mixture_distinct_means,normal_mixture,100,all,200,200,1.0,0.9811546736227335,1.0,0.06,0.03465219425433187,0.1019316929576627,0.94,0.8980683070423372,0.9653478057456681
v3_default,mixture_distinct_means,normal_mixture,100,acceptable,200,0,0.0,1.734723475976807e-18,0.018845326377266575,,,,,,
v3_default,mixture_distinct_means,normal_mixture,100,caution,200,200,1.0,0.9811546736227335,1.0,0.06,0.03465219425433187,0.1019316929576627,0.94,0.8980683070423372,0.9653478057456681
v3_default,mixture_distinct_means,normal_mixture,100,insufficient,200,0,0.0,1.734723475976807e-18,0.018845326377266575,,,,,,
v3_oracle_simulation_truth,mixture_distinct_means,normal_mixture,100,all,200,200,1.0,0.9811546736227335,1.0,0.06,0.03465219425433187,0.1019316929576627,0.94,0.8980683070423372,0.9653478057456681
v3_oracle_simulation_truth,mixture_distinct_means,normal_mixture,100,acceptable,200,0,0.0,1.734723475976807e-18,0.018845326377266575,,,,,,
v3_oracle_simulation_truth,mixture_distinct_means,normal_mixture,100,caution,200,200,1.0,0.9811546736227335,1.0,0.06,0.03465219425433187,0.1019316929576627,0.94,0.8980683070423372,0.9653478057456681
v3_oracle_simulation_truth,mixture_distinct_means,normal_mixture,100,insufficient,200,0,0.0,1.734723475976807e-18,0.018845326377266575,,,,,,
v2,mixture_distinct_means,normal_mixture,200,all,200,200,1.0,0.9811546736227335,1.0,0.05,0.02738264560076393,0.08957814813877599,0.95,0.9104218518612239,0.972617354399236
v2,mixture_distinct_means,normal_mixture,200,acceptable,200,150,0.75,0.6856590168795417,0.8049183199318249,0.04,0.01845916060207442,0.08451346421655606,0.96,0.915486535783444,0.9815408393979256
v2,mixture_distinct_means,normal_mixture,200,caution,200,50,0.25,0.19508168006817497,0.31434098312045833,0.08,0.03154951408859298,0.18838246918342838,0.92,0.8116175308165717,0.968450485911407
v2,mixture_distinct_means,normal_mixture,200,insufficient,200,0,0.0,1.734723475976807e-18,0.018845326377266575,,,,,,
v3_default,mixture_distinct_means,normal_mixture,200,all,200,200,1.0,0.9811546736227335,1.0,0.05,0.02738264560076393,0.08957814813877599,0.95,0.9104218518612239,0.972617354399236
v3_default,mixture_distinct_means,normal_mixture,200,acceptable,200,0,0.0,1.734723475976807e-18,0.018845326377266575,,,,,,
v3_default,mixture_distinct_means,normal_mixture,200,caution,200,200,1.0,0.9811546736227335,1.0,0.05,0.02738264560076393,0.08957814813877599,0.95,0.9104218518612239,0.972617354399236
v3_default,mixture_distinct_means,normal_mixture,200,insufficient,200,0,0.0,1.734723475976807e-18,0.018845326377266575,,,,,,
v3_oracle_simulation_truth,mixture_distinct_means,normal_mixture,200,all,200,200,1.0,0.9811546736227335,1.0,0.05,0.02738264560076393,0.08957814813877599,0.95,0.9104218518612239,0.972617354399236
v3_oracle_simulation_truth,mixture_distinct_means,normal_mixture,200,acceptable,200,0,0.0,1.734723475976807e-18,0.018845326377266575,,,,,,
v3_oracle_simulation_truth,mixture_distinct_means,normal_mixture,200,caution,200,200,1.0,0.9811546736227335,1.0,0.05,0.02738264560076393,0.08957814813877599,0.95,0.9104218518612239,0.972617354399236
v3_oracle_simulation_truth,mixture_distinct_means,normal_mixture,200,insufficient,200,0,0.0,1.734723475976807e-18,0.018845326377266575,,,,,,
v2,mixture_distinct_means,normal_mixture,500,all,200,200,1.0,0.9811546736227335,1.0,0.065,0.03837635464915299,0.10801907929906895,0.935,0.8919809207009312,0.961623645350847
v2,mixture_distinct_means,normal_mixture,500,acceptable,200,131,0.655,0.5867558925905368,0.7174020562325106,0.05343511450381679,0.026122137223314273,0.10619220420203965,0.9465648854961832,0.8938077957979604,0.9738778627766858
v2,mixture_distinct_means,normal_mixture,500,caution,200,69,0.345,0.2825979437674894,0.4132441074094632,0.08695652173913043,0.040463621201533975,0.1770149833894218,0.9130434782608695,0.8229850166105782,0.959536378798466
v2,mixture_distinct_means,normal_mixture,500,insufficient,200,0,0.0,1.734723475976807e-18,0.018845326377266575,,,,,,
v3_default,mixture_distinct_means,normal_mixture,500,all,200,200,1.0,0.9811546736227335,1.0,0.065,0.03837635464915299,0.10801907929906895,0.935,0.8919809207009312,0.961623645350847
v3_default,mixture_distinct_means,normal_mixture,500,acceptable,200,0,0.0,1.734723475976807e-18,0.018845326377266575,,,,,,
v3_default,mixture_distinct_means,normal_mixture,500,caution,200,200,1.0,0.9811546736227335,1.0,0.065,0.03837635464915299,0.10801907929906895,0.935,0.8919809207009312,0.961623645350847
v3_default,mixture_distinct_means,normal_mixture,500,insufficient,200,0,0.0,1.734723475976807e-18,0.018845326377266575,,,,,,
v3_oracle_simulation_truth,mixture_distinct_means,normal_mixture,500,all,200,200,1.0,0.9811546736227335,1.0,0.065,0.03837635464915299,0.10801907929906895,0.935,0.8919809207009312,0.961623645350847
v3_oracle_simulation_truth,mixture_distinct_means,normal_mixture,500,acceptable,200,0,0.0,1.734723475976807e-18,0.018845326377266575,,,,,,
v3_oracle_simulation_truth,mixture_distinct_means,normal_mixture,500,caution,200,200,1.0,0.9811546736227335,1.0,0.065,0.03837635464915299,0.10801907929906895,0.935,0.8919809207009312,0.961623645350847
v3_oracle_simulation_truth,mixture_distinct_means,normal_mixture,500,insufficient,200,0,0.0,1.734723475976807e-18,0.018845326377266575,,,,,,
v2,mixture_distinct_means,normal_mixture,750,all,200,200,1.0,0.9811546736227335,1.0,0.065,0.03837635464915299,0.10801907929906895,0.935,0.8919809207009312,0.961623645350847
v2,mixture_distinct_means,normal_mixture,750,acceptable,200,121,0.605,0.5358834915928536,0.6701589898679203,0.04132231404958678,0.017777486075125137,0.09309480708330535,0.9586776859504132,0.9069051929166947,0.9822225139248748
v2,mixture_distinct_means,normal_mixture,750,caution,200,79,0.395,0.32984101013207967,0.46411650840714636,0.10126582278481013,0.05221180794058543,0.18729941147963136,0.8987341772151899,0.8127005885203687,0.9477881920594146
v2,mixture_distinct_means,normal_mixture,750,insufficient,200,0,0.0,1.734723475976807e-18,0.018845326377266575,,,,,,
v3_default,mixture_distinct_means,normal_mixture,750,all,200,200,1.0,0.9811546736227335,1.0,0.065,0.03837635464915299,0.10801907929906895,0.935,0.8919809207009312,0.961623645350847
v3_default,mixture_distinct_means,normal_mixture,750,acceptable,200,0,0.0,1.734723475976807e-18,0.018845326377266575,,,,,,
v3_default,mixture_distinct_means,normal_mixture,750,caution,200,200,1.0,0.9811546736227335,1.0,0.065,0.03837635464915299,0.10801907929906895,0.935,0.8919809207009312,0.961623645350847
v3_default,mixture_distinct_means,normal_mixture,750,insufficient,200,0,0.0,1.734723475976807e-18,0.018845326377266575,,,,,,
v3_oracle_simulation_truth,mixture_distinct_means,normal_mixture,750,all,200,200,1.0,0.9811546736227335,1.0,0.065,0.03837635464915299,0.10801907929906895,0.935,0.8919809207009312,0.961623645350847
v3_oracle_simulation_truth,mixture_distinct_means,normal_mixture,750,acceptable,200,0,0.0,1.734723475976807e-18,0.018845326377266575,,,,,,
v3_oracle_simulation_truth,mixture_distinct_means,normal_mixture,750,caution,200,200,1.0,0.9811546736227335,1.0,0.065,0.03837635464915299,0.10801907929906895,0.935,0.8919809207009312,0.961623645350847
v3_oracle_simulation_truth,mixture_distinct_means,normal_mixture,750,insufficient,200,0,0.0,1.734723475976807e-18,0.018845326377266575,,,,,,
v2,mixture_distinct_means,normal_mixture,2000,all,200,200,1.0,0.9811546736227335,1.0,0.05,0.02738264560076393,0.08957814813877599,0.95,0.9104218518612239,0.972617354399236
v2,mixture_distinct_means,normal_mixture,2000,acceptable,200,86,0.43,0.36334322333434416,0.4992951223584731,0.046511627906976744,0.01823396823832083,0.1135699781371198,0.9534883720930233,0.8864300218628802,0.9817660317616792
v2,mixture_distinct_means,normal_mixture,2000,caution,200,114,0.57,0.5007048776415268,0.6366567766656557,0.05263157894736842,0.024342161507909528,0.11008810589736981,0.9473684210526315,0.8899118941026302,0.9756578384920905
v2,mixture_distinct_means,normal_mixture,2000,insufficient,200,0,0.0,1.734723475976807e-18,0.018845326377266575,,,,,,
v3_default,mixture_distinct_means,normal_mixture,2000,all,200,200,1.0,0.9811546736227335,1.0,0.05,0.02738264560076393,0.08957814813877599,0.95,0.9104218518612239,0.972617354399236
v3_default,mixture_distinct_means,normal_mixture,2000,acceptable,200,0,0.0,1.734723475976807e-18,0.018845326377266575,,,,,,
v3_default,mixture_distinct_means,normal_mixture,2000,caution,200,200,1.0,0.9811546736227335,1.0,0.05,0.02738264560076393,0.08957814813877599,0.95,0.9104218518612239,0.972617354399236
v3_default,mixture_distinct_means,normal_mixture,2000,insufficient,200,0,0.0,1.734723475976807e-18,0.018845326377266575,,,,,,
v3_oracle_simulation_truth,mixture_distinct_means,normal_mixture,2000,all,200,200,1.0,0.9811546736227335,1.0,0.05,0.02738264560076393,0.08957814813877599,0.95,0.9104218518612239,0.972617354399236
v3_oracle_simulation_truth,mixture_distinct_means,normal_mixture,2000,acceptable,200,0,0.0,1.734723475976807e-18,0.018845326377266575,,,,,,
v3_oracle_simulation_truth,mixture_distinct_means,normal_mixture,2000,caution,200,200,1.0,0.9811546736227335,1.0,0.05,0.02738264560076393,0.08957814813877599,0.95,0.9104218518612239,0.972617354399236
v3_oracle_simulation_truth,mixture_distinct_means,normal_mixture,2000,insufficient,200,0,0.0,1.734723475976807e-18,0.018845326377266575,,,,,,
v2,mixture_distinct_variances,normal_mixture,5,all,200,200,1.0,0.9811546736227335,1.0,0.04,0.020405632066152306,0.07693206820093293,0.96,0.923067931799067,0.9795943679338476
v2,mixture_distinct_variances,normal_mixture,5,acceptable,200,121,0.605,0.5358834915928536,0.6701589898679203,0.04132231404958678,0.017777486075125137,0.09309480708330535,0.9586776859504132,0.9069051929166947,0.9822225139248748
v2,mixture_distinct_variances,normal_mixture,5,caution,200,0,0.0,1.734723475976807e-18,0.018845326377266575,,,,,,
v2,mixture_distinct_variances,normal_mixture,5,insufficient,200,79,0.395,0.32984101013207967,0.46411650840714636,0.0379746835443038,0.012998086889435871,0.10580062767684709,0.9620253164556962,0.8941993723231529,0.9870019131105641
v3_default,mixture_distinct_variances,normal_mixture,5,all,200,200,1.0,0.9811546736227335,1.0,0.04,0.020405632066152306,0.07693206820093293,0.96,0.923067931799067,0.9795943679338476
v3_default,mixture_distinct_variances,normal_mixture,5,acceptable,200,0,0.0,1.734723475976807e-18,0.018845326377266575,,,,,,
v3_default,mixture_distinct_variances,normal_mixture,5,caution,200,200,1.0,0.9811546736227335,1.0,0.04,0.020405632066152306,0.07693206820093293,0.96,0.923067931799067,0.9795943679338476
v3_default,mixture_distinct_variances,normal_mixture,5,insufficient,200,0,0.0,1.734723475976807e-18,0.018845326377266575,,,,,,
v3_oracle_simulation_truth,mixture_distinct_variances,normal_mixture,5,all,200,200,1.0,0.9811546736227335,1.0,0.04,0.020405632066152306,0.07693206820093293,0.96,0.923067931799067,0.9795943679338476
v3_oracle_simulation_truth,mixture_distinct_variances,normal_mixture,5,acceptable,200,90,0.45,0.3826406840224836,0.5192438486152432,0.044444444444444446,0.01741724185270873,0.10876855032812233,0.9555555555555556,0.8912314496718777,0.9825827581472913
v3_oracle_simulation_truth,mixture_distinct_variances,normal_mixture,5,caution,200,110,0.55,0.48075615138475697,0.6173593159775166,0.03636363636363636,0.014230310826517947,0.08978679281359792,0.9636363636363636,0.910213207186402,0.985769689173482
v3_oracle_simulation_truth,mixture_distinct_variances,normal_mixture,5,insufficient,200,0,0.0,1.734723475976807e-18,0.018845326377266575,,,,,,
v2,mixture_distinct_variances,normal_mixture,8,all,200,200,1.0,0.9811546736227335,1.0,0.035,0.017055542008567192,0.07047061152229073,0.965,0.9295293884777092,0.9829444579914328
v2,mixture_distinct_variances,normal_mixture,8,acceptable,200,105,0.525,0.4559739601468475,0.5930837735342891,0.06666666666666667,0.03266588465602071,0.1312556486825412,0.9333333333333333,0.8687443513174588,0.9673341153439793
v2,mixture_distinct_variances,normal_mixture,8,caution,200,0,0.0,1.734723475976807e-18,0.018845326377266575,,,,,,
v2,mixture_distinct_variances,normal_mixture,8,insufficient,200,95,0.475,0.4069162264657108,0.5440260398531525,0.0,0.0,0.038864853539472964,1.0,0.9611351464605271,1.0
v3_default,mixture_distinct_variances,normal_mixture,8,all,200,200,1.0,0.9811546736227335,1.0,0.035,0.017055542008567192,0.07047061152229073,0.965,0.9295293884777092,0.9829444579914328
v3_default,mixture_distinct_variances,normal_mixture,8,acceptable,200,0,0.0,1.734723475976807e-18,0.018845326377266575,,,,,,
v3_default,mixture_distinct_variances,normal_mixture,8,caution,200,200,1.0,0.9811546736227335,1.0,0.035,0.017055542008567192,0.07047061152229073,0.965,0.9295293884777092,0.9829444579914328
v3_default,mixture_distinct_variances,normal_mixture,8,insufficient,200,0,0.0,1.734723475976807e-18,0.018845326377266575,,,,,,
v3_oracle_simulation_truth,mixture_distinct_variances,normal_mixture,8,all,200,200,1.0,0.9811546736227335,1.0,0.035,0.017055542008567192,0.07047061152229073,0.965,0.9295293884777092,0.9829444579914328
v3_oracle_simulation_truth,mixture_distinct_variances,normal_mixture,8,acceptable,200,76,0.38,0.31559005848673627,0.44893281984380773,0.07894736842105263,0.036684005233471775,0.16172743482138074,0.9210526315789473,0.8382725651786193,0.9633159947665283
v3_oracle_simulation_truth,mixture_distinct_variances,normal_mixture,8,caution,200,124,0.62,0.5510671801561923,0.6844099415132637,0.008064516129032258,0.0014250064581251692,0.04426798605447708,0.9919354838709677,0.9557320139455229,0.9985749935418747
v3_oracle_simulation_truth,mixture_distinct_variances,normal_mixture,8,insufficient,200,0,0.0,1.734723475976807e-18,0.018845326377266575,,,,,,
v2,mixture_distinct_variances,normal_mixture,10,all,200,200,1.0,0.9811546736227335,1.0,0.035,0.017055542008567192,0.07047061152229073,0.965,0.9295293884777092,0.9829444579914328
v2,mixture_distinct_variances,normal_mixture,10,acceptable,200,105,0.525,0.4559739601468475,0.5930837735342891,0.05714285714285714,0.026449634437321692,0.11909654798560422,0.9428571428571428,0.8809034520143957,0.9735503655626783
v2,mixture_distinct_variances,normal_mixture,10,caution,200,0,0.0,1.734723475976807e-18,0.018845326377266575,,,,,,
v2,mixture_distinct_variances,normal_mixture,10,insufficient,200,95,0.475,0.4069162264657108,0.5440260398531525,0.010526315789473684,0.001860576262347903,0.05723870141313616,0.9894736842105263,0.9427612985868637,0.9981394237376521
v3_default,mixture_distinct_variances,normal_mixture,10,all,200,200,1.0,0.9811546736227335,1.0,0.035,0.017055542008567192,0.07047061152229073,0.965,0.9295293884777092,0.9829444579914328
v3_default,mixture_distinct_variances,normal_mixture,10,acceptable,200,0,0.0,1.734723475976807e-18,0.018845326377266575,,,,,,
v3_default,mixture_distinct_variances,normal_mixture,10,caution,200,200,1.0,0.9811546736227335,1.0,0.035,0.017055542008567192,0.07047061152229073,0.965,0.9295293884777092,0.9829444579914328
v3_default,mixture_distinct_variances,normal_mixture,10,insufficient,200,0,0.0,1.734723475976807e-18,0.018845326377266575,,,,,,
v3_oracle_simulation_truth,mixture_distinct_variances,normal_mixture,10,all,200,200,1.0,0.9811546736227335,1.0,0.035,0.017055542008567192,0.07047061152229073,0.965,0.9295293884777092,0.9829444579914328
v3_oracle_simulation_truth,mixture_distinct_variances,normal_mixture,10,acceptable,200,82,0.41,0.34415674908482885,0.4792354096630791,0.07317073170731707,0.033964777256659195,0.1505784380885484,0.926829268292683,0.8494215619114518,0.9660352227433409
v3_oracle_simulation_truth,mixture_distinct_variances,normal_mixture,10,caution,200,118,0.59,0.5207645903369208,0.6558432509151711,0.00847457627118644,0.0014975405219652578,0.04644557241540204,0.9915254237288136,0.953554427584598,0.9985024594780347
v3_oracle_simulation_truth,mixture_distinct_variances,normal_mixture,10,insufficient,200,0,0.0,1.734723475976807e-18,0.018845326377266575,,,,,,
v2,mixture_distinct_variances,normal_mixture,15,all,200,200,1.0,0.9811546736227335,1.0,0.045,0.023852543001492997,0.0832967040018196,0.955,0.9167032959981803,0.976147456998507
v2,mixture_distinct_variances,normal_mixture,15,acceptable,200,87,0.435,0.36815725502699076,0.504292637402054,0.04597701149425287,0.018022688467086906,0.11233033507987294,0.9540229885057471,0.8876696649201269,0.981977311532913
v2,mixture_distinct_variances,normal_mixture,15,caution,200,0,0.0,1.734723475976807e-18,0.018845326377266575,,,,,,
v2,mixture_distinct_variances,normal_mixture,15,insufficient,200,113,0.565,0.49570736259794607,0.6318427449730093,0.04424778761061947,0.019045868604199254,0.09941772266211095,0.9557522123893806,0.9005822773378891,0.9809541313958008
v3_default,mixture_distinct_variances,normal_mixture,15,all,200,200,1.0,0.9811546736227335,1.0,0.045,0.023852543001492997,0.0832967040018196,0.955,0.9167032959981803,0.976147456998507
v3_default,mixture_distinct_variances,normal_mixture,15,acceptable,200,0,0.0,1.734723475976807e-18,0.018845326377266575,,,,,,
v3_default,mixture_distinct_variances,normal_mixture,15,caution,200,188,0.94,0.8980683070423372,0.9653478057456681,0.047872340425531915,0.025387307800360248,0.08846430151787575,0.9521276595744681,0.9115356984821243,0.9746126921996399
v3_default,mixture_distinct_variances,normal_mixture,15,insufficient,200,12,0.06,0.03465219425433187,0.1019316929576627,0.0,2.7755575615628914e-17,0.24249400665524085,1.0,0.7575059933447592,1.0
v3_oracle_simulation_truth,mixture_distinct_variances,normal_mixture,15,all,200,200,1.0,0.9811546736227335,1.0,0.045,0.023852543001492997,0.0832967040018196,0.955,0.9167032959981803,0.976147456998507
v3_oracle_simulation_truth,mixture_distinct_variances,normal_mixture,15,acceptable,200,64,0.32,0.25926533315468053,0.38751898434113546,0.046875,0.016069016786292974,0.12899653740093686,0.953125,0.8710034625990631,0.983930983213707
v3_oracle_simulation_truth,mixture_distinct_variances,normal_mixture,15,caution,200,136,0.68,0.6124810156588646,0.7407346668453195,0.04411764705882353,0.020374017012018374,0.09290754450977734,0.9558823529411765,0.9070924554902227,0.9796259829879816
v3_oracle_simulation_truth,mixture_distinct_variances,normal_mixture,15,insufficient,200,0,0.0,1.734723475976807e-18,0.018845326377266575,,,,,,
v2,mixture_distinct_variances,normal_mixture,20,all,200,200,1.0,0.9811546736227335,1.0,0.02,0.0078044264163494685,0.050287086905826436,0.98,0.9497129130941735,0.9921955735836505
v2,mixture_distinct_variances,normal_mixture,20,acceptable,200,78,0.39,0.3250834313746962,0.4590625404283025,0.038461538461538464,0.013165825413161053,0.1070844604750183,0.9615384615384616,0.8929155395249817,0.986834174586839
v2,mixture_distinct_variances,normal_mixture,20,caution,200,0,0.0,1.734723475976807e-18,0.018845326377266575,,,,,,
v2,mixture_distinct_variances,normal_mixture,20,insufficient,200,122,0.61,0.5409374595716976,0.6749165686253038,0.00819672131147541,0.0014483909512207002,0.044970800906824746,0.9918032786885246,0.9550291990931754,0.9985516090487794
v3_default,mixture_distinct_variances,normal_mixture,20,all,200,200,1.0,0.9811546736227335,1.0,0.02,0.0078044264163494685,0.050287086905826436,0.98,0.9497129130941735,0.9921955735836505
v3_default,mixture_distinct_variances,normal_mixture,20,acceptable,200,0,0.0,1.734723475976807e-18,0.018845326377266575,,,,,,
v3_default,mixture_distinct_variances,normal_mixture,20,caution,200,183,0.915,0.8681041292843443,0.9462542498225244,0.01639344262295082,0.0055906467181650425,0.04708213202597153,0.9836065573770492,0.9529178679740284,0.994409353281835
v3_default,mixture_distinct_variances,normal_mixture,20,insufficient,200,17,0.085,0.05374575017747561,0.13189587071565567,0.058823529411764705,0.010460400984997592,0.26982030637575405,0.9411764705882353,0.7301796936242461,0.9895395990150025
v3_oracle_simulation_truth,mixture_distinct_variances,normal_mixture,20,all,200,200,1.0,0.9811546736227335,1.0,0.02,0.0078044264163494685,0.050287086905826436,0.98,0.9497129130941735,0.9921955735836505
v3_oracle_simulation_truth,mixture_distinct_variances,normal_mixture,20,acceptable,200,65,0.325,0.2639157153923429,0.3926801488397004,0.03076923076923077,0.008478997236440126,0.10542705523577942,0.9692307692307692,0.8945729447642206,0.9915210027635599
v3_oracle_simulation_truth,mixture_distinct_variances,normal_mixture,20,caution,200,135,0.675,0.6073198511602996,0.7360842846076571,0.014814814814814815,0.004072203419334865,0.05240558705693005,0.9851851851851852,0.9475944129430699,0.9959277965806651
v3_oracle_simulation_truth,mixture_distinct_variances,normal_mixture,20,insufficient,200,0,0.0,1.734723475976807e-18,0.018845326377266575,,,,,,
v2,mixture_distinct_variances,normal_mixture,30,all,200,200,1.0,0.9811546736227335,1.0,0.025,0.010724719651761264,0.05717834040664198,0.975,0.942821659593358,0.9892752803482386
v2,mixture_distinct_variances,normal_mixture,30,acceptable,200,47,0.235,0.18157433415232588,0.29841368882762537,0.02127659574468085,0.0037657680385967812,0.11112981041629329,0.9787234042553191,0.8888701895837066,0.996234231961403
v2,mixture_distinct_variances,normal_mixture,30,caution,200,0,0.0,1.734723475976807e-18,0.018845326377266575,,,,,,
v2,mixture_distinct_variances,normal_mixture,30,insufficient,200,153,0.765,0.7015863111723746,0.8184256658476741,0.026143790849673203,0.01021273959970401,0.06528680567187906,0.9738562091503268,0.9347131943281209,0.9897872604002961
v3_default,mixture_distinct_variances,normal_mixture,30,all,200,200,1.0,0.9811546736227335,1.0,0.025,0.010724719651761264,0.05717834040664198,0.975,0.942821659593358,0.9892752803482386
v3_default,mixture_distinct_variances,normal_mixture,30,acceptable,200,0,0.0,1.734723475976807e-18,0.018845326377266575,,,,,,
v3_default,mixture_distinct_variances,normal_mixture,30,caution,200,154,0.77,0.7069169563469642,0.8229065674093119,0.032467532467532464,0.01394636101001754,0.07374580126540747,0.9675324675324676,0.9262541987345927,0.9860536389899826
v3_default,mixture_distinct_variances,normal_mixture,30,insufficient,200,46,0.23,0.17709343259068805,0.2930830436530359,0.0,0.0,0.07707356308558039,1.0,0.9229264369144198,1.0000000000000002
v3_oracle_simulation_truth,mixture_distinct_variances,normal_mixture,30,all,200,200,1.0,0.9811546736227335,1.0,0.025,0.010724719651761264,0.05717834040664198,0.975,0.942821659593358,0.9892752803482386
v3_oracle_simulation_truth,mixture_distinct_variances,normal_mixture,30,acceptable,200,33,0.165,0.11996855328217307,0.2226578153905955,0.0,0.0,0.10426999754245206,1.0,0.895730002457548,1.0
v3_oracle_simulation_truth,mixture_distinct_variances,normal_mixture,30,caution,200,167,0.835,0.7773421846094045,0.8800314467178268,0.029940119760479042,0.012855039352347983,0.0681642806431653,0.9700598802395209,0.9318357193568346,0.987144960647652
v3_oracle_simulation_truth,mixture_distinct_variances,normal_mixture,30,insufficient,200,0,0.0,1.734723475976807e-18,0.018845326377266575,,,,,,
v2,mixture_distinct_variances,normal_mixture,40,all,200,200,1.0,0.9811546736227335,1.0,0.065,0.03837635464915299,0.10801907929906895,0.935,0.8919809207009312,0.961623645350847
v2,mixture_distinct_variances,normal_mixture,40,acceptable,200,28,0.14,0.09866982633455634,0.1948988086570756,0.10714285714285714,0.03711836682929999,0.27195851548672156,0.8928571428571429,0.7280414845132785,0.9628816331707
v2,mixture_distinct_variances,normal_mixture,40,caution,200,11,0.055,0.03098534170345884,0.0957869987723084,0.2727272727272727,0.09746059290024889,0.5656453011761291,0.7272727272727273,0.43435469882387084,0.902539407099751
v2,mixture_distinct_variances,normal_mixture,40,insufficient,200,161,0.805,0.7445595562538726,0.8539447946559949,0.043478260869565216,0.02121799617304005,0.08701605458297229,0.9565217391304348,0.9129839454170278,0.97878200382696
v3_default,mixture_distinct_variances,normal_mixture,40,all,200,200,1.0,0.9811546736227335,1.0,0.065,0.03837635464915299,0.10801907929906895,0.935,0.8919809207009312,0.961623645350847
v3_default,mixture_distinct_variances,normal_mixture,40,acceptable,200,0,0.0,1.734723475976807e-18,0.018845326377266575,,,,,,
v3_default,mixture_distinct_variances,normal_mixture,40,caution,200,158,0.79,0.7283538314009754,0.8407158793002101,0.06962025316455696,0.039316463407065294,0.12035497683448712,0.930379746835443,0.879645023165513,0.9606835365929348
v3_default,mixture_distinct_variances,normal_mixture,40,insufficient,200,42,0.21,0.15928412069979,0.2716461685990246,0.047619047619047616,0.013157524908905607,0.15789852396958842,0.9523809523809523,0.8421014760304114,0.9868424750910944
v3_oracle_simulation_truth,mixture_distinct_variances,normal_mixture,40,all,200,200,1.0,0.9811546736227335,1.0,0.065,0.03837635464915299,0.10801907929906895,0.935,0.8919809207009312,0.961623645350847
v3_oracle_simulation_truth,mixture_distinct_variances,normal_mixture,40,acceptable,200,15,0.075,0.04597491718438201,0.12004361023629456,0.0,0.0,0.20388330103584862,1.0,0.7961166989641515,1.0
v3_oracle_simulation_truth,mixture_distinct_variances,normal_mixture,40,caution,200,185,0.925,0.8799563897637055,0.954025082815618,0.07027027027027027,0.04152295900807136,0.1165009146002592,0.9297297297297298,0.8834990853997409,0.9584770409919288
v3_oracle_simulation_truth,mixture_distinct_variances,normal_mixture,40,insufficient,200,0,0.0,1.734723475976807e-18,0.018845326377266575,,,,,,
v2,mixture_distinct_variances,normal_mixture,50,all,200,200,1.0,0.9811546736227335,1.0,0.04,0.020405632066152306,0.07693206820093293,0.96,0.923067931799067,0.9795943679338476
v2,mixture_distinct_variances,normal_mixture,50,acceptable,200,14,0.07,0.042152171828342806,0.11405480885610647,0.0,1.3877787807814457e-17,0.2153108027376358,1.0,0.7846891972623643,1.0
v2,mixture_distinct_variances,normal_mixture,50,caution,200,12,0.06,0.03465219425433187,0.1019316929576627,0.08333333333333333,0.014865094404917095,0.35387991114111694,0.9166666666666666,0.646120088858883,0.9851349055950829
v2,mixture_distinct_variances,normal_mixture,50,insufficient,200,174,0.87,0.8163364812775159,0.9097179772033067,0.040229885057471264,0.019621735027703077,0.08070053481311339,0.9597701149425287,0.9192994651868867,0.980378264972297
v3_default,mixture_distinct_variances,normal_mixture,50,all,200,200,1.0,0.9811546736227335,1.0,0.04,0.020405632066152306,0.07693206820093293,0.96,0.923067931799067,0.9795943679338476
v3_default,mixture_distinct_variances,normal_mixture,50,acceptable,200,0,0.0,1.734723475976807e-18,0.018845326377266575,,,,,,
v3_default,mixture_distinct_variances,normal_mixture,50,caution,200,155,0.775,0.7122587676433947,0.8273763028491088,0.04516129032258064,0.022045753492620307,0.09027667764819537,0.9548387096774194,0.9097233223518046,0.9779542465073798
v3_default,mixture_distinct_variances,normal_mixture,50,insufficient,200,45,0.225,0.17262369715089126,0.2877412323566053,0.022222222222222223,0.003933598882833428,0.1156668176841488,0.9777777777777777,0.8843331823158513,0.9960664011171667
v3_oracle_simulation_truth,mixture_distinct_variances,normal_mixture,50,all,200,200,1.0,0.9811546736227335,1.0,0.04,0.020405632066152306,0.07693206820093293,0.96,0.923067931799067,0.9795943679338476
v3_oracle_simulation_truth,mixture_distinct_variances,normal_mixture,50,acceptable,200,9,0.045,0.023852543001492997,0.0832967040018196,0.0,0.0,0.2991450484195441,1.0,0.7008549515804559,1.0
v3_oracle_simulation_truth,mixture_distinct_variances,normal_mixture,50,caution,200,191,0.955,0.9167032959981803,0.976147456998507,0.041884816753926704,0.0213740086703984,0.08045985636421693,0.9581151832460733,0.9195401436357831,0.9786259913296016
v3_oracle_simulation_truth,mixture_distinct_variances,normal_mixture,50,insufficient,200,0,0.0,1.734723475976807e-18,0.018845326377266575,,,,,,
v2,mixture_distinct_variances,normal_mixture,80,all,200,200,1.0,0.9811546736227335,1.0,0.055,0.03098534170345884,0.0957869987723084,0.945,0.9042130012276914,0.9690146582965411
v2,mixture_distinct_variances,normal_mixture,80,acceptable,200,6,0.03,0.013820314340111346,0.06389429245451925,0.0,2.7755575615628914e-17,0.3903342879021653,1.0,0.6096657120978346,1.0
v2,mixture_distinct_variances,normal_mixture,80,caution,200,66,0.33,0.26857425870603957,0.39783315226223115,0.030303030303030304,0.008349910198653748,0.10392521911709715,0.9696969696969697,0.8960747808829028,0.9916500898013463
v2,mixture_distinct_variances,normal_mixture,80,insufficient,200,128,0.64,0.5714152816600309,0.7033080269543346,0.0703125,0.03742976830393997,0.12823480349360633,0.9296875,0.8717651965063937,0.96257023169606
v3_default,mixture_distinct_variances,normal_mixture,80,all,200,200,1.0,0.9811546736227335,1.0,0.055,0.03098534170345884,0.0957869987723084,0.945,0.9042130012276914,0.9690146582965411
v3_default,mixture_distinct_variances,normal_mixture,80,acceptable,200,0,0.0,1.734723475976807e-18,0.018845326377266575,,,,,,
v3_default,mixture_distinct_variances,normal_mixture,80,caution,200,154,0.77,0.7069169563469642,0.8229065674093119,0.032467532467532464,0.01394636101001754,0.07374580126540747,0.9675324675324676,0.9262541987345927,0.9860536389899826
v3_default,mixture_distinct_variances,normal_mixture,80,insufficient,200,46,0.23,0.17709343259068805,0.2930830436530359,0.13043478260869565,0.06117840362035115,0.25665857779073004,0.8695652173913043,0.74334142220927,0.9388215963796489
v3_oracle_simulation_truth,mixture_distinct_variances,normal_mixture,80,all,200,200,1.0,0.9811546736227335,1.0,0.055,0.03098534170345884,0.0957869987723084,0.945,0.9042130012276914,0.9690146582965411
v3_oracle_simulation_truth,mixture_distinct_variances,normal_mixture,80,acceptable,200,4,0.02,0.0078044264163494685,0.050287086905826436,0.0,0.0,0.4898908364545973,1.0,0.5101091635454027,1.0
v3_oracle_simulation_truth,mixture_distinct_variances,normal_mixture,80,caution,200,196,0.98,0.9497129130941735,0.9921955735836505,0.05612244897959184,0.03162351270832498,0.09768628603508858,0.9438775510204082,0.9023137139649114,0.968376487291675
v3_oracle_simulation_truth,mixture_distinct_variances,normal_mixture,80,insufficient,200,0,0.0,1.734723475976807e-18,0.018845326377266575,,,,,,
v2,mixture_distinct_variances,normal_mixture,100,all,200,200,1.0,0.9811546736227335,1.0,0.06,0.03465219425433187,0.1019316929576627,0.94,0.8980683070423372,0.9653478057456681
v2,mixture_distinct_variances,normal_mixture,100,acceptable,200,6,0.03,0.013820314340111346,0.06389429245451925,0.0,2.7755575615628914e-17,0.3903342879021653,1.0,0.6096657120978346,1.0
v2,mixture_distinct_variances,normal_mixture,100,caution,200,57,0.285,0.22695003004617292,0.3511534602960517,0.10526315789473684,0.04914465852374461,0.2112281058338703,0.8947368421052632,0.7887718941661297,0.9508553414762553
v2,mixture_distinct_variances,normal_mixture,100,insufficient,200,137,0.685,0.6176504391426966,0.745376790097715,0.043795620437956206,0.020224162577653616,0.09225307923267126,0.9562043795620438,0.9077469207673288,0.9797758374223464
v3_default,mixture_distinct_variances,normal_mixture,100,all,200,200,1.0,0.9811546736227335,1.0,0.06,0.03465219425433187,0.1019316929576627,0.94,0.8980683070423372,0.9653478057456681
v3_default,mixture_distinct_variances,normal_mixture,100,acceptable,200,0,0.0,1.734723475976807e-18,0.018845326377266575,,,,,,
v3_default,mixture_distinct_variances,normal_mixture,100,caution,200,162,0.81,0.7499876129240015,0.8583282847220932,0.06172839506172839,0.03387184269726917,0.10988870421441249,0.9382716049382716,0.8901112957855875,0.9661281573027307
v3_default,mixture_distinct_variances,normal_mixture,100,insufficient,200,38,0.19,0.14167171527790676,0.25001238707599854,0.05263157894736842,0.014554208147292413,0.17285462131770377,0.9473684210526315,0.8271453786822962,0.9854457918527075
v3_oracle_simulation_truth,mixture_distinct_variances,normal_mixture,100,all,200,200,1.0,0.9811546736227335,1.0,0.06,0.03465219425433187,0.1019316929576627,0.94,0.8980683070423372,0.9653478057456681
v3_oracle_simulation_truth,mixture_distinct_variances,normal_mixture,100,acceptable,200,4,0.02,0.0078044264163494685,0.050287086905826436,0.0,0.0,0.4898908364545973,1.0,0.5101091635454027,1.0
v3_oracle_simulation_truth,mixture_distinct_variances,normal_mixture,100,caution,200,196,0.98,0.9497129130941735,0.9921955735836505,0.061224489795918366,0.03536638961149956,0.10395134247969086,0.9387755102040817,0.8960486575203093,0.9646336103885005
v3_oracle_simulation_truth,mixture_distinct_variances,normal_mixture,100,insufficient,200,0,0.0,1.734723475976807e-18,0.018845326377266575,,,,,,
v2,mixture_distinct_variances,normal_mixture,200,all,200,200,1.0,0.9811546736227335,1.0,0.05,0.02738264560076393,0.08957814813877599,0.95,0.9104218518612239,0.972617354399236
v2,mixture_distinct_variances,normal_mixture,200,acceptable,200,0,0.0,1.734723475976807e-18,0.018845326377266575,,,,,,
v2,mixture_distinct_variances,normal_mixture,200,caution,200,172,0.86,0.8051011913429243,0.9013301736654437,0.03488372093023256,0.016083766122096478,0.07400567539492195,0.9651162790697675,0.9259943246050782,0.9839162338779036
v2,mixture_distinct_variances,normal_mixture,200,insufficient,200,28,0.14,0.09866982633455634,0.1948988086570756,0.14285714285714285,0.05699005319749392,0.31489802163525293,0.8571428571428571,0.685101978364747,0.9430099468025059
v3_default,mixture_distinct_variances,normal_mixture,200,all,200,200,1.0,0.9811546736227335,1.0,0.05,0.02738264560076393,0.08957814813877599,0.95,0.9104218518612239,0.972617354399236
v3_default,mixture_distinct_variances,normal_mixture,200,acceptable,200,0,0.0,1.734723475976807e-18,0.018845326377266575,,,,,,
v3_default,mixture_distinct_variances,normal_mixture,200,caution,200,170,0.85,0.7939442071583334,0.89286406437758,0.03529411764705882,0.01627414845222118,0.07485174825941153,0.9647058823529412,0.9251482517405885,0.9837258515477787
v3_default,mixture_distinct_variances,normal_mixture,200,insufficient,200,30,0.15,0.10713593562241995,0.20605579284166659,0.13333333333333333,0.053096554840547455,0.296813266820363,0.8666666666666667,0.703186733179637,0.9469034451594526
v3_oracle_simulation_truth,mixture_distinct_variances,normal_mixture,200,all,200,200,1.0,0.9811546736227335,1.0,0.05,0.02738264560076393,0.08957814813877599,0.95,0.9104218518612239,0.972617354399236
v3_oracle_simulation_truth,mixture_distinct_variances,normal_mixture,200,acceptable,200,0,0.0,1.734723475976807e-18,0.018845326377266575,,,,,,
v3_oracle_simulation_truth,mixture_distinct_variances,normal_mixture,200,caution,200,200,1.0,0.9811546736227335,1.0,0.05,0.02738264560076393,0.08957814813877599,0.95,0.9104218518612239,0.972617354399236
v3_oracle_simulation_truth,mixture_distinct_variances,normal_mixture,200,insufficient,200,0,0.0,1.734723475976807e-18,0.018845326377266575,,,,,,
v2,mixture_distinct_variances,normal_mixture,500,all,200,200,1.0,0.9811546736227335,1.0,0.045,0.023852543001492997,0.0832967040018196,0.955,0.9167032959981803,0.976147456998507
v2,mixture_distinct_variances,normal_mixture,500,acceptable,200,0,0.0,1.734723475976807e-18,0.018845326377266575,,,,,,
v2,mixture_distinct_variances,normal_mixture,500,caution,200,190,0.95,0.9104218518612239,0.972617354399236,0.042105263157894736,0.021487310070989377,0.08087190111843803,0.9578947368421052,0.919128098881562,0.9785126899290106
v2,mixture_distinct_variances,normal_mixture,500,insufficient,200,10,0.05,0.02738264560076393,0.08957814813877599,0.1,0.017876213095072896,0.4041500267952385,0.9,0.5958499732047615,0.9821237869049271
v3_default,mixture_distinct_variances,normal_mixture,500,all,200,200,1.0,0.9811546736227335,1.0,0.045,0.023852543001492997,0.0832967040018196,0.955,0.9167032959981803,0.976147456998507
v3_default,mixture_distinct_variances,normal_mixture,500,acceptable,200,0,0.0,1.734723475976807e-18,0.018845326377266575,,,,,,
v3_default,mixture_distinct_variances,normal_mixture,500,caution,200,185,0.925,0.8799563897637055,0.954025082815618,0.032432432432432434,0.01494718736127727,0.0689404235459,0.9675675675675676,0.9310595764541001,0.9850528126387228
v3_default,mixture_distinct_variances,normal_mixture,500,insufficient,200,15,0.075,0.04597491718438201,0.12004361023629456,0.2,0.07047549346981563,0.45185448715169363,0.8,0.5481455128483065,0.9295245065301844
v3_oracle_simulation_truth,mixture_distinct_variances,normal_mixture,500,all,200,200,1.0,0.9811546736227335,1.0,0.045,0.023852543001492997,0.0832967040018196,0.955,0.9167032959981803,0.976147456998507
v3_oracle_simulation_truth,mixture_distinct_variances,normal_mixture,500,acceptable,200,0,0.0,1.734723475976807e-18,0.018845326377266575,,,,,,
v3_oracle_simulation_truth,mixture_distinct_variances,normal_mixture,500,caution,200,200,1.0,0.9811546736227335,1.0,0.045,0.023852543001492997,0.0832967040018196,0.955,0.9167032959981803,0.976147456998507
v3_oracle_simulation_truth,mixture_distinct_variances,normal_mixture,500,insufficient,200,0,0.0,1.734723475976807e-18,0.018845326377266575,,,,,,
v2,mixture_distinct_variances,normal_mixture,750,all,200,200,1.0,0.9811546736227335,1.0,0.03,0.013820314340111346,0.06389429245451925,0.97,0.9361057075454807,0.9861796856598887
v2,mixture_distinct_variances,normal_mixture,750,acceptable,200,0,0.0,1.734723475976807e-18,0.018845326377266575,,,,,,
v2,mixture_distinct_variances,normal_mixture,750,caution,200,196,0.98,0.9497129130941735,0.9921955735836505,0.030612244897959183,0.014103858876277017,0.06516627312825227,0.9693877551020408,0.9348337268717477,0.985896141123723
v2,mixture_distinct_variances,normal_mixture,750,insufficient,200,4,0.02,0.0078044264163494685,0.050287086905826436,0.0,0.0,0.4898908364545973,1.0,0.5101091635454027,1.0
v3_default,mixture_distinct_variances,normal_mixture,750,all,200,200,1.0,0.9811546736227335,1.0,0.03,0.013820314340111346,0.06389429245451925,0.97,0.9361057075454807,0.9861796856598887
v3_default,mixture_distinct_variances,normal_mixture,750,acceptable,200,0,0.0,1.734723475976807e-18,0.018845326377266575,,,,,,
v3_default,mixture_distinct_variances,normal_mixture,750,caution,200,195,0.975,0.942821659593358,0.9892752803482386,0.02564102564102564,0.011000939888087275,0.05860958752800707,0.9743589743589743,0.941390412471993,0.9889990601119127
v3_default,mixture_distinct_variances,normal_mixture,750,insufficient,200,5,0.025,0.010724719651761264,0.05717834040664198,0.2,0.03622410863243014,0.6244653702374747,0.8,0.37553462976252533,0.9637758913675698
v3_oracle_simulation_truth,mixture_distinct_variances,normal_mixture,750,all,200,200,1.0,0.9811546736227335,1.0,0.03,0.013820314340111346,0.06389429245451925,0.97,0.9361057075454807,0.9861796856598887
v3_oracle_simulation_truth,mixture_distinct_variances,normal_mixture,750,acceptable,200,0,0.0,1.734723475976807e-18,0.018845326377266575,,,,,,
v3_oracle_simulation_truth,mixture_distinct_variances,normal_mixture,750,caution,200,200,1.0,0.9811546736227335,1.0,0.03,0.013820314340111346,0.06389429245451925,0.97,0.9361057075454807,0.9861796856598887
v3_oracle_simulation_truth,mixture_distinct_variances,normal_mixture,750,insufficient,200,0,0.0,1.734723475976807e-18,0.018845326377266575,,,,,,
v2,mixture_distinct_variances,normal_mixture,2000,all,200,200,1.0,0.9811546736227335,1.0,0.04,0.020405632066152306,0.07693206820093293,0.96,0.923067931799067,0.9795943679338476
v2,mixture_distinct_variances,normal_mixture,2000,acceptable,200,0,0.0,1.734723475976807e-18,0.018845326377266575,,,,,,
v2,mixture_distinct_variances,normal_mixture,2000,caution,200,200,1.0,0.9811546736227335,1.0,0.04,0.020405632066152306,0.07693206820093293,0.96,0.923067931799067,0.9795943679338476
v2,mixture_distinct_variances,normal_mixture,2000,insufficient,200,0,0.0,1.734723475976807e-18,0.018845326377266575,,,,,,
v3_default,mixture_distinct_variances,normal_mixture,2000,all,200,200,1.0,0.9811546736227335,1.0,0.04,0.020405632066152306,0.07693206820093293,0.96,0.923067931799067,0.9795943679338476
v3_default,mixture_distinct_variances,normal_mixture,2000,acceptable,200,0,0.0,1.734723475976807e-18,0.018845326377266575,,,,,,
v3_default,mixture_distinct_variances,normal_mixture,2000,caution,200,200,1.0,0.9811546736227335,1.0,0.04,0.020405632066152306,0.07693206820093293,0.96,0.923067931799067,0.9795943679338476
v3_default,mixture_distinct_variances,normal_mixture,2000,insufficient,200,0,0.0,1.734723475976807e-18,0.018845326377266575,,,,,,
v3_oracle_simulation_truth,mixture_distinct_variances,normal_mixture,2000,all,200,200,1.0,0.9811546736227335,1.0,0.04,0.020405632066152306,0.07693206820093293,0.96,0.923067931799067,0.9795943679338476
v3_oracle_simulation_truth,mixture_distinct_variances,normal_mixture,2000,acceptable,200,0,0.0,1.734723475976807e-18,0.018845326377266575,,,,,,
v3_oracle_simulation_truth,mixture_distinct_variances,normal_mixture,2000,caution,200,200,1.0,0.9811546736227335,1.0,0.04,0.020405632066152306,0.07693206820093293,0.96,0.923067931799067,0.9795943679338476
v3_oracle_simulation_truth,mixture_distinct_variances,normal_mixture,2000,insufficient,200,0,0.0,1.734723475976807e-18,0.018845326377266575,,,,,,
v2,normal,normal,3,all,5000,5000,1.0,0.9992322980549431,1.0000000000000002,0.052,0.04618252452365877,0.058505336419112416,0.948,0.9414946635808875,0.9538174754763412
v2,normal,normal,3,acceptable,5000,1934,0.3868,0.37339262649632116,0.4003811812240398,0.055842812823164424,0.04646205245335585,0.06698451347700789,0.9441571871768356,0.933015486522992,0.9535379475466441
v2,normal,normal,3,caution,5000,0,0.0,0.0,0.0007677019450571244,,,,,,
v2,normal,normal,3,insufficient,5000,3066,0.6132,0.5996188187759601,0.6266073735036788,0.04957599478147423,0.04244033189455532,0.0578389375563674,0.9504240052185258,0.9421610624436325,0.9575596681054446
v3_default,normal,normal,3,all,5000,5000,1.0,0.9992322980549431,1.0000000000000002,0.052,0.04618252452365877,0.058505336419112416,0.948,0.9414946635808875,0.9538174754763412
v3_default,normal,normal,3,acceptable,5000,0,0.0,0.0,0.0007677019450571244,,,,,,
v3_default,normal,normal,3,caution,5000,5000,1.0,0.9992322980549431,1.0000000000000002,0.052,0.04618252452365877,0.058505336419112416,0.948,0.9414946635808875,0.9538174754763412
v3_default,normal,normal,3,insufficient,5000,0,0.0,0.0,0.0007677019450571244,,,,,,
v3_oracle_simulation_truth,normal,normal,3,all,5000,5000,1.0,0.9992322980549431,1.0000000000000002,0.052,0.04618252452365877,0.058505336419112416,0.948,0.9414946635808875,0.9538174754763412
v3_oracle_simulation_truth,normal,normal,3,acceptable,5000,1220,0.244,0.23229476727826517,0.25609829611760415,0.054098360655737705,0.04274731447758981,0.06824864651199157,0.9459016393442623,0.9317513534880084,0.9572526855224102
v3_oracle_simulation_truth,normal,normal,3,caution,5000,3780,0.756,0.7439017038823958,0.7677052327217349,0.051322751322751325,0.04473286438269887,0.05882365696870548,0.9486772486772487,0.9411763430312946,0.9552671356173011
v3_oracle_simulation_truth,normal,normal,3,insufficient,5000,0,0.0,0.0,0.0007677019450571244,,,,,,
v2,normal,normal,4,all,5000,5000,1.0,0.9992322980549431,1.0000000000000002,0.0496,0.04392008579235035,0.05597146011975712,0.9504,0.944028539880243,0.9560799142076497
v2,normal,normal,4,acceptable,5000,2243,0.4486,0.43485908232652537,0.46241983743342663,0.0521622826571556,0.043702073805976224,0.062153841344143285,0.9478377173428444,0.9378461586558567,0.9562979261940238
v2,normal,normal,4,caution,5000,0,0.0,0.0,0.0007677019450571244,,,,,,
v2,normal,normal,4,insufficient,5000,2757,0.5514,0.5375801625665735,0.5651409176734747,0.047515415306492566,0.04018458274225034,0.05610542984479966,0.9524845846935074,0.9438945701552003,0.9598154172577497
v3_default,normal,normal,4,all,5000,5000,1.0,0.9992322980549431,1.0000000000000002,0.0496,0.04392008579235035,0.05597146011975712,0.9504,0.944028539880243,0.9560799142076497
v3_default,normal,normal,4,acceptable,5000,0,0.0,0.0,0.0007677019450571244,,,,,,
v3_default,normal,normal,4,caution,5000,5000,1.0,0.9992322980549431,1.0000000000000002,0.0496,0.04392008579235035,0.05597146011975712,0.9504,0.944028539880243,0.9560799142076497
v3_default,normal,normal,4,insufficient,5000,0,0.0,0.0,0.0007677019450571244,,,,,,
v3_oracle_simulation_truth,normal,normal,4,all,5000,5000,1.0,0.9992322980549431,1.0000000000000002,0.0496,0.04392008579235035,0.05597146011975712,0.9504,0.944028539880243,0.9560799142076497
v3_oracle_simulation_truth,normal,normal,4,acceptable,5000,1933,0.3866,0.37319406825691803,0.400180046544221,0.05173305742369374,0.042718206128822905,0.06252606045395115,0.9482669425763063,0.9374739395460489,0.9572817938711772
v3_oracle_simulation_truth,normal,normal,4,caution,5000,3067,0.6134,0.599819953455779,0.626805931743082,0.048255624388653405,0.041219969535028475,0.056421495464549595,0.9517443756113466,0.9435785045354504,0.9587800304649715
v3_oracle_simulation_truth,normal,normal,4,insufficient,5000,0,0.0,0.0,0.0007677019450571244,,,,,,
v2,normal,normal,5,all,5000,5000,1.0,0.9992322980549431,1.0000000000000002,0.053,0.04712629144933971,0.059560034089541365,0.947,0.9404399659104586,0.9528737085506603
v2,normal,normal,5,acceptable,5000,3152,0.6304,0.6169252372320743,0.6436745461006549,0.052347715736040606,0.04510277350386281,0.06068247051959559,0.9476522842639594,0.9393175294804045,0.9548972264961372
v2,normal,normal,5,caution,5000,0,0.0,0.0,0.0007677019450571244,,,,,,
v2,normal,normal,5,insufficient,5000,1848,0.3696,0.35632545389934517,0.3830747627679258,0.05411255411255411,0.04469185686675389,0.0653831486634205,0.9458874458874459,0.9346168513365795,0.9553081431332461
v3_default,normal,normal,5,all,5000,5000,1.0,0.9992322980549431,1.0000000000000002,0.053,0.04712629144933971,0.059560034089541365,0.947,0.9404399659104586,0.9528737085506603
v3_default,normal,normal,5,acceptable,5000,0,0.0,0.0,0.0007677019450571244,,,,,,
v3_default,normal,normal,5,caution,5000,5000,1.0,0.9992322980549431,1.0000000000000002,0.053,0.04712629144933971,0.059560034089541365,0.947,0.9404399659104586,0.9528737085506603
v3_default,normal,normal,5,insufficient,5000,0,0.0,0.0,0.0007677019450571244,,,,,,
v3_oracle_simulation_truth,normal,normal,5,all,5000,5000,1.0,0.9992322980549431,1.0000000000000002,0.053,0.04712629144933971,0.059560034089541365,0.947,0.9404399659104586,0.9528737085506603
v3_oracle_simulation_truth,normal,normal,5,acceptable,5000,2394,0.4788,0.4649750067271296,0.49265754383534094,0.047619047619047616,0.03978922298676214,0.05689834489552742,0.9523809523809523,0.9431016551044725,0.9602107770132379
v3_oracle_simulation_truth,normal,normal,5,caution,5000,2606,0.5212,0.5073424561646592,0.5350249932728705,0.057943207981580966,0.04960672548389952,0.06758102850284813,0.9420567920184191,0.9324189714971519,0.9503932745161005
v3_oracle_simulation_truth,normal,normal,5,insufficient,5000,0,0.0,0.0,0.0007677019450571244,,,,,,
v2,normal,normal,8,all,5000,5000,1.0,0.9992322980549431,1.0000000000000002,0.0494,0.04373172063796704,0.055760132354918446,0.9506,0.9442398676450816,0.956268279362033
v2,normal,normal,8,acceptable,5000,3860,0.772,0.7601648602330703,0.7834175099088186,0.045854922279792744,0.03969563755889655,0.0529172355712326,0.9541450777202073,0.9470827644287675,0.9603043624411035
v2,normal,normal,8,caution,5000,0,0.0,0.0,0.0007677019450571244,,,,,,
v2,normal,normal,8,insufficient,5000,1140,0.228,0.21658249009118133,0.2398351397669298,0.06140350877192982,0.048886352107602615,0.07686661628803093,0.9385964912280702,0.9231333837119691,0.9511136478923974
v3_default,normal,normal,8,all,5000,5000,1.0,0.9992322980549431,1.0000000000000002,0.0494,0.04373172063796704,0.055760132354918446,0.9506,0.9442398676450816,0.956268279362033
v3_default,normal,normal,8,acceptable,5000,0,0.0,0.0,0.0007677019450571244,,,,,,
v3_default,normal,normal,8,caution,5000,5000,1.0,0.9992322980549431,1.0000000000000002,0.0494,0.04373172063796704,0.055760132354918446,0.9506,0.9442398676450816,0.956268279362033
v3_default,normal,normal,8,insufficient,5000,0,0.0,0.0,0.0007677019450571244,,,,,,
v3_oracle_simulation_truth,normal,normal,8,all,5000,5000,1.0,0.9992322980549431,1.0000000000000002,0.0494,0.04373172063796704,0.055760132354918446,0.9506,0.9442398676450816,0.956268279362033
v3_oracle_simulation_truth,normal,normal,8,acceptable,5000,2993,0.5986,0.5849424178099425,0.6121061913664922,0.04376879385232209,0.037005764580827764,0.051701450156286514,0.9562312061476779,0.9482985498437134,0.9629942354191722
v3_oracle_simulation_truth,normal,normal,8,caution,5000,2007,0.4014,0.3878938086335078,0.41505758219005756,0.05779770802192327,0.04840787570592102,0.06887708367571464,0.9422022919780767,0.9311229163242852,0.9515921242940789
v3_oracle_simulation_truth,normal,normal,8,insufficient,5000,0,0.0,0.0,0.0007677019450571244,,,,,,
v2,normal,normal,10,all,5000,5000,1.0,0.9992322980549431,1.0000000000000002,0.05,0.044296896700570555,0.05639403504998087,0.95,0.9436059649500191,0.9557031032994295
v2,normal,normal,10,acceptable,5000,4036,0.8072,0.7960311083763296,0.8178972155486275,0.050297324083250744,0.04397182082511351,0.05747806600790457,0.9497026759167493,0.9425219339920955,0.9560281791748865
v2,normal,normal,10,caution,5000,0,0.0,0.0,0.0007677019450571244,,,,,,
v2,normal,normal,10,insufficient,5000,964,0.1928,0.18210278445137268,0.2039688916236705,0.0487551867219917,0.03686093212194839,0.06423151223346601,0.9512448132780082,0.9357684877665339,0.9631390678780515
v3_default,normal,normal,10,all,5000,5000,1.0,0.9992322980549431,1.0000000000000002,0.05,0.044296896700570555,0.05639403504998087,0.95,0.9436059649500191,0.9557031032994295
v3_default,normal,normal,10,acceptable,5000,0,0.0,0.0,0.0007677019450571244,,,,,,
v3_default,normal,normal,10,caution,5000,5000,1.0,0.9992322980549431,1.0000000000000002,0.05,0.044296896700570555,0.05639403504998087,0.95,0.9436059649500191,0.9557031032994295
v3_default,normal,normal,10,insufficient,5000,0,0.0,0.0,0.0007677019450571244,,,,,,
v3_oracle_simulation_truth,normal,normal,10,all,5000,5000,1.0,0.9992322980549431,1.0000000000000002,0.05,0.044296896700570555,0.05639403504998087,0.95,0.9436059649500191,0.9557031032994295
v3_oracle_simulation_truth,normal,normal,10,acceptable,5000,3171,0.6342,0.6207511861164862,0.6474427626814604,0.050141911069063384,0.043075423455012404,0.05829702710516241,0.9498580889309366,0.9417029728948375,0.9569245765449875
v3_oracle_simulation_truth,normal,normal,10,caution,5000,1829,0.3658,0.35255723731853966,0.3792488138835138,0.04975396391470749,0.04069855092895624,0.06069672138241441,0.9502460360852925,0.9393032786175856,0.9593014490710438
v3_oracle_simulation_truth,normal,normal,10,insufficient,5000,0,0.0,0.0,0.0007677019450571244,,,,,,
v2,normal,normal,15,all,5000,5000,1.0,0.9992322980549431,1.0000000000000002,0.0486,0.042978532307529155,0.05491454900846843,0.9514,0.9450854509915316,0.9570214676924709
v2,normal,normal,15,acceptable,5000,4250,0.85,0.839834123136507,0.8596284855019531,0.05058823529411765,0.04439577169938974,0.05759238724364933,0.9494117647058824,0.9424076127563508,0.9556042283006103
v2,normal,normal,15,caution,5000,0,0.0,0.0,0.0007677019450571244,,,,,,
v2,normal,normal,15,insufficient,5000,750,0.15,0.1403715144980469,0.1601658768634931,0.037333333333333336,0.025954161442393,0.05342785996342066,0.9626666666666667,0.9465721400365794,0.974045838557607
v3_default,normal,normal,15,all,5000,5000,1.0,0.9992322980549431,1.0000000000000002,0.0486,0.042978532307529155,0.05491454900846843,0.9514,0.9450854509915316,0.9570214676924709
v3_default,normal,normal,15,acceptable,5000,0,0.0,0.0,0.0007677019450571244,,,,,,
v3_default,normal,normal,15,caution,5000,5000,1.0,0.9992322980549431,1.0000000000000002,0.0486,0.042978532307529155,0.05491454900846843,0.9514,0.9450854509915316,0.9570214676924709
v3_default,normal,normal,15,insufficient,5000,0,0.0,0.0,0.0007677019450571244,,,,,,
v3_oracle_simulation_truth,normal,normal,15,all,5000,5000,1.0,0.9992322980549431,1.0000000000000002,0.0486,0.042978532307529155,0.05491454900846843,0.9514,0.9450854509915316,0.9570214676924709
v3_oracle_simulation_truth,normal,normal,15,acceptable,5000,3499,0.6998,0.6869461280647813,0.7123470982379738,0.0471563303801086,0.04061570297311375,0.05469019732106883,0.9528436696198914,0.9453098026789312,0.9593842970268863
v3_oracle_simulation_truth,normal,normal,15,caution,5000,1501,0.3002,0.28765290176202624,0.31305387193521866,0.0519653564290473,0.04183660841244419,0.06438153030494455,0.9480346435709527,0.9356184696950554,0.9581633915875558
v3_oracle_simulation_truth,normal,normal,15,insufficient,5000,0,0.0,0.0,0.0007677019450571244,,,,,,
v2,normal,normal,20,all,5000,5000,1.0,0.9992322980549431,1.0000000000000002,0.0486,0.042978532307529155,0.05491454900846843,0.9514,0.9450854509915316,0.9570214676924709
v2,normal,normal,20,acceptable,5000,4420,0.884,0.8748276952665284,0.8925827096396679,0.04954751131221719,0.04353194878801135,0.05634537795020318,0.9504524886877828,0.9436546220497969,0.9564680512119886
v2,normal,normal,20,caution,5000,0,0.0,0.0,0.0007677019450571244,,,,,,
v2,normal,normal,20,insufficient,5000,580,0.116,0.10741729036033222,0.12517230473347168,0.041379310344827586,0.02796214115691898,0.0608315853547424,0.9586206896551724,0.9391684146452576,0.972037858843081
v3_default,normal,normal,20,all,5000,5000,1.0,0.9992322980549431,1.0000000000000002,0.0486,0.042978532307529155,0.05491454900846843,0.9514,0.9450854509915316,0.9570214676924709
v3_default,normal,normal,20,acceptable,5000,0,0.0,0.0,0.0007677019450571244,,,,,,
v3_default,normal,normal,20,caution,5000,5000,1.0,0.9992322980549431,1.0000000000000002,0.0486,0.042978532307529155,0.05491454900846843,0.9514,0.9450854509915316,0.9570214676924709
v3_default,normal,normal,20,insufficient,5000,0,0.0,0.0,0.0007677019450571244,,,,,,
v3_oracle_simulation_truth,normal,normal,20,all,5000,5000,1.0,0.9992322980549431,1.0000000000000002,0.0486,0.042978532307529155,0.05491454900846843,0.9514,0.9450854509915316,0.9570214676924709
v3_oracle_simulation_truth,normal,normal,20,acceptable,5000,3795,0.759,0.746949295834518,0.7706530345579424,0.05032938076416337,0.04381708058481052,0.05775111145563174,0.9496706192358366,0.9422488885443683,0.9561829194151894
v3_oracle_simulation_truth,normal,normal,20,caution,5000,1205,0.241,0.22934696544205754,0.2530507041654821,0.043153526970954356,0.03305872777271733,0.05615186145202741,0.9568464730290457,0.9438481385479727,0.9669412722272828
v3_oracle_simulation_truth,normal,normal,20,insufficient,5000,0,0.0,0.0,0.0007677019450571244,,,,,,
v2,normal,normal,30,all,5000,5000,1.0,0.9992322980549431,1.0000000000000002,0.0474,0.04184958432057469,0.05364533948009102,0.9526,0.946354660519909,0.9581504156794253
v2,normal,normal,30,acceptable,5000,4486,0.8972,0.8884748673840587,0.905315270190788,0.049041462327240305,0.04309875453229187,0.05575584042199722,0.9509585376727597,0.9442441595780029,0.9569012454677082
v2,normal,normal,30,caution,5000,0,0.0,0.0,0.0007677019450571244,,,,,,
v2,normal,normal,30,insufficient,5000,514,0.1028,0.09468472980921208,0.1115251326159413,0.033073929961089495,0.020750590305207865,0.05232478474659339,0.9669260700389105,0.9476752152534066,0.979249409694792
v3_default,normal,normal,30,all,5000,5000,1.0,0.9992322980549431,1.0000000000000002,0.0474,0.04184958432057469,0.05364533948009102,0.9526,0.946354660519909,0.9581504156794253
v3_default,normal,normal,30,acceptable,5000,0,0.0,0.0,0.0007677019450571244,,,,,,
v3_default,normal,normal,30,caution,5000,5000,1.0,0.9992322980549431,1.0000000000000002,0.0474,0.04184958432057469,0.05364533948009102,0.9526,0.946354660519909,0.9581504156794253
v3_default,normal,normal,30,insufficient,5000,0,0.0,0.0,0.0007677019450571244,,,,,,
v3_oracle_simulation_truth,normal,normal,30,all,5000,5000,1.0,0.9992322980549431,1.0000000000000002,0.0474,0.04184958432057469,0.05364533948009102,0.9526,0.946354660519909,0.9581504156794253
v3_oracle_simulation_truth,normal,normal,30,acceptable,5000,4027,0.8054,0.7941938739250041,0.8161372137269551,0.04891979140799603,0.04267693765501232,0.05602241901407655,0.9510802085920039,0.9439775809859234,0.9573230623449878
v3_oracle_simulation_truth,normal,normal,30,caution,5000,973,0.1946,0.1838627862730449,0.20580612607499602,0.041109969167523124,0.030333761709405223,0.055495374701239074,0.9588900308324769,0.944504625298761,0.969666238290595
v3_oracle_simulation_truth,normal,normal,30,insufficient,5000,0,0.0,0.0,0.0007677019450571244,,,,,,
v2,normal,normal,40,all,200,200,1.0,0.9811546736227335,1.0,0.045,0.023852543001492997,0.0832967040018196,0.955,0.9167032959981803,0.976147456998507
v2,normal,normal,40,acceptable,200,178,0.89,0.839073090026985,0.926227555398747,0.05056179775280899,0.026825714697326877,0.09328693157346127,0.949438202247191,0.9067130684265386,0.9731742853026731
v2,normal,normal,40,caution,200,17,0.085,0.05374575017747561,0.13189587071565567,0.0,0.0,0.1843181350088518,1.0,0.8156818649911483,1.0
v2,normal,normal,40,insufficient,200,5,0.025,0.010724719651761264,0.05717834040664198,0.0,0.0,0.43448246478317476,1.0,0.5655175352168251,1.0
v3_default,normal,normal,40,all,200,200,1.0,0.9811546736227335,1.0,0.045,0.023852543001492997,0.0832967040018196,0.955,0.9167032959981803,0.976147456998507
v3_default,normal,normal,40,acceptable,200,0,0.0,1.734723475976807e-18,0.018845326377266575,,,,,,
v3_default,normal,normal,40,caution,200,200,1.0,0.9811546736227335,1.0,0.045,0.023852543001492997,0.0832967040018196,0.955,0.9167032959981803,0.976147456998507
v3_default,normal,normal,40,insufficient,200,0,0.0,1.734723475976807e-18,0.018845326377266575,,,,,,
v3_oracle_simulation_truth,normal,normal,40,all,200,200,1.0,0.9811546736227335,1.0,0.045,0.023852543001492997,0.0832967040018196,0.955,0.9167032959981803,0.976147456998507
v3_oracle_simulation_truth,normal,normal,40,acceptable,200,172,0.86,0.8051011913429243,0.9013301736654437,0.046511627906976744,0.02375382554999153,0.08908337992910144,0.9534883720930233,0.9109166200708987,0.9762461744500086
v3_oracle_simulation_truth,normal,normal,40,caution,200,28,0.14,0.09866982633455634,0.1948988086570756,0.03571428571428571,0.0063325198490377516,0.1771219774335332,0.9642857142857143,0.8228780225664668,0.9936674801509623
v3_oracle_simulation_truth,normal,normal,40,insufficient,200,0,0.0,1.734723475976807e-18,0.018845326377266575,,,,,,
v2,normal,normal,50,all,200,200,1.0,0.9811546736227335,1.0,0.025,0.010724719651761264,0.05717834040664198,0.975,0.942821659593358,0.9892752803482386
v2,normal,normal,50,acceptable,200,190,0.95,0.9104218518612239,0.972617354399236,0.02631578947368421,0.011291765010824347,0.06011431552996262,0.9736842105263158,0.9398856844700374,0.9887082349891756
v2,normal,normal,50,caution,200,8,0.04,0.020405632066152306,0.07693206820093293,0.0,0.0,0.32440756488388023,1.0,0.6755924351161198,1.0
v2,normal,normal,50,insufficient,200,2,0.01,0.0027466581335444384,0.0357217617161768,0.0,0.0,0.6576197724933469,1.0,0.34238022750665303,1.0
v3_default,normal,normal,50,all,200,200,1.0,0.9811546736227335,1.0,0.025,0.010724719651761264,0.05717834040664198,0.975,0.942821659593358,0.9892752803482386
v3_default,normal,normal,50,acceptable,200,0,0.0,1.734723475976807e-18,0.018845326377266575,,,,,,
v3_default,normal,normal,50,caution,200,200,1.0,0.9811546736227335,1.0,0.025,0.010724719651761264,0.05717834040664198,0.975,0.942821659593358,0.9892752803482386
v3_default,normal,normal,50,insufficient,200,0,0.0,1.734723475976807e-18,0.018845326377266575,,,,,,
v3_oracle_simulation_truth,normal,normal,50,all,200,200,1.0,0.9811546736227335,1.0,0.025,0.010724719651761264,0.05717834040664198,0.975,0.942821659593358,0.9892752803482386
v3_oracle_simulation_truth,normal,normal,50,acceptable,200,178,0.89,0.839073090026985,0.926227555398747,0.028089887640449437,0.01205673449074178,0.06406154409358579,0.9719101123595506,0.9359384559064142,0.9879432655092583
v3_oracle_simulation_truth,normal,normal,50,caution,200,22,0.11,0.07377244460125303,0.1609269099730149,0.0,0.0,0.14865487460862087,1.0,0.8513451253913791,1.0
v3_oracle_simulation_truth,normal,normal,50,insufficient,200,0,0.0,1.734723475976807e-18,0.018845326377266575,,,,,,
v2,normal,normal,80,all,200,200,1.0,0.9811546736227335,1.0,0.06,0.03465219425433187,0.1019316929576627,0.94,0.8980683070423372,0.9653478057456681
v2,normal,normal,80,acceptable,200,175,0.875,0.8219857499741765,0.9138802552428735,0.05142857142857143,0.027289573931240256,0.09483791800893845,0.9485714285714286,0.9051620819910615,0.9727104260687598
v2,normal,normal,80,caution,200,25,0.125,0.08611974475712644,0.17801425002582347,0.12,0.04166817150440358,0.2995579392092732,0.88,0.7004420607907267,0.9583318284955964
v2,normal,normal,80,insufficient,200,0,0.0,1.734723475976807e-18,0.018845326377266575,,,,,,
v3_default,normal,normal,80,all,200,200,1.0,0.9811546736227335,1.0,0.06,0.03465219425433187,0.1019316929576627,0.94,0.8980683070423372,0.9653478057456681
v3_default,normal,normal,80,acceptable,200,0,0.0,1.734723475976807e-18,0.018845326377266575,,,,,,
v3_default,normal,normal,80,caution,200,200,1.0,0.9811546736227335,1.0,0.06,0.03465219425433187,0.1019316929576627,0.94,0.8980683070423372,0.9653478057456681
v3_default,normal,normal,80,insufficient,200,0,0.0,1.734723475976807e-18,0.018845326377266575,,,,,,
v3_oracle_simulation_truth,normal,normal,80,all,200,200,1.0,0.9811546736227335,1.0,0.06,0.03465219425433187,0.1019316929576627,0.94,0.8980683070423372,0.9653478057456681
v3_oracle_simulation_truth,normal,normal,80,acceptable,200,174,0.87,0.8163364812775159,0.9097179772033067,0.05172413793103448,0.02744777954714151,0.09536643354765456,0.9482758620689655,0.9046335664523455,0.9725522204528585
v3_oracle_simulation_truth,normal,normal,80,caution,200,26,0.13,0.0902820227966932,0.18366351872248407,0.11538461538461539,0.04003244623610615,0.2897590321171364,0.8846153846153846,0.7102409678828635,0.9599675537638938
v3_oracle_simulation_truth,normal,normal,80,insufficient,200,0,0.0,1.734723475976807e-18,0.018845326377266575,,,,,,
v2,normal,normal,100,all,5000,5000,1.0,0.9992322980549431,1.0000000000000002,0.0514,0.04561656542843631,0.057872216756668954,0.9486,0.9421277832433311,0.9543834345715637
v2,normal,normal,100,acceptable,5000,4488,0.8976,0.8888890546428595,0.905700468770431,0.051470588235294115,0.045381187053315716,0.05832716131368072,0.9485294117647058,0.9416728386863191,0.9546188129466842
v2,normal,normal,100,caution,5000,512,0.1024,0.09429953122956898,0.11111094535714046,0.05078125,0.03488718106757214,0.07336596118345534,0.94921875,0.9266340388165446,0.9651128189324278
v2,normal,normal,100,insufficient,5000,0,0.0,0.0,0.0007677019450571244,,,,,,
v3_default,normal,normal,100,all,5000,5000,1.0,0.9992322980549431,1.0000000000000002,0.0514,0.04561656542843631,0.057872216756668954,0.9486,0.9421277832433311,0.9543834345715637
v3_default,normal,normal,100,acceptable,5000,0,0.0,0.0,0.0007677019450571244,,,,,,
v3_default,normal,normal,100,caution,5000,5000,1.0,0.9992322980549431,1.0000000000000002,0.0514,0.04561656542843631,0.057872216756668954,0.9486,0.9421277832433311,0.9543834345715637
v3_default,normal,normal,100,insufficient,5000,0,0.0,0.0,0.0007677019450571244,,,,,,
v3_oracle_simulation_truth,normal,normal,100,all,5000,5000,1.0,0.9992322980549431,1.0000000000000002,0.0514,0.04561656542843631,0.057872216756668954,0.9486,0.9421277832433311,0.9543834345715637
v3_oracle_simulation_truth,normal,normal,100,acceptable,5000,4485,0.897,0.888267788564487,0.9051226560911378,0.05150501672240803,0.04541163342554422,0.058366025708596767,0.948494983277592,0.9416339742914032,0.9545883665744558
v3_oracle_simulation_truth,normal,normal,100,caution,5000,515,0.103,0.09487734390886228,0.11173221143551308,0.05048543689320388,0.03468259076021613,0.07294461957802384,0.9495145631067962,0.9270553804219762,0.9653174092397839
v3_oracle_simulation_truth,normal,normal,100,insufficient,5000,0,0.0,0.0,0.0007677019450571244,,,,,,
v2,normal,normal,200,all,200,200,1.0,0.9811546736227335,1.0,0.06,0.03465219425433187,0.1019316929576627,0.94,0.8980683070423372,0.9653478057456681
v2,normal,normal,200,acceptable,200,179,0.895,0.8448196800887696,0.9302925120731899,0.061452513966480445,0.03465718909747408,0.1066754112184963,0.9385474860335196,0.8933245887815037,0.9653428109025258
v2,normal,normal,200,caution,200,21,0.105,0.06970748792681017,0.1551803199112304,0.047619047619047616,0.008455987809826399,0.22669360074122563,0.9523809523809523,0.7733063992587743,0.9915440121901737
v2,normal,normal,200,insufficient,200,0,0.0,1.734723475976807e-18,0.018845326377266575,,,,,,
v3_default,normal,normal,200,all,200,200,1.0,0.9811546736227335,1.0,0.06,0.03465219425433187,0.1019316929576627,0.94,0.8980683070423372,0.9653478057456681
v3_default,normal,normal,200,acceptable,200,0,0.0,1.734723475976807e-18,0.018845326377266575,,,,,,
v3_default,normal,normal,200,caution,200,200,1.0,0.9811546736227335,1.0,0.06,0.03465219425433187,0.1019316929576627,0.94,0.8980683070423372,0.9653478057456681
v3_default,normal,normal,200,insufficient,200,0,0.0,1.734723475976807e-18,0.018845326377266575,,,,,,
v3_oracle_simulation_truth,normal,normal,200,all,200,200,1.0,0.9811546736227335,1.0,0.06,0.03465219425433187,0.1019316929576627,0.94,0.8980683070423372,0.9653478057456681
v3_oracle_simulation_truth,normal,normal,200,acceptable,200,180,0.9,0.8505941875672826,0.9343295513309041,0.06111111111111111,0.03446271356843876,0.10610111238497712,0.9388888888888889,0.8938988876150229,0.9655372864315612
v3_oracle_simulation_truth,normal,normal,200,caution,200,20,0.1,0.06567044866909588,0.1494058124327174,0.05,0.008881448800795402,0.23613119344674205,0.95,0.763868806553258,0.9911185511992047
v3_oracle_simulation_truth,normal,normal,200,insufficient,200,0,0.0,1.734723475976807e-18,0.018845326377266575,,,,,,
v2,normal,normal,500,all,200,200,1.0,0.9811546736227335,1.0,0.045,0.023852543001492997,0.0832967040018196,0.955,0.9167032959981803,0.976147456998507
v2,normal,normal,500,acceptable,200,151,0.755,0.6909575644379659,0.8094313191096282,0.046357615894039736,0.02263443345238309,0.09258960897513288,0.9536423841059603,0.9074103910248671,0.977365566547617
v2,normal,normal,500,caution,200,49,0.245,0.1905686808903718,0.30904243556203415,0.04081632653061224,0.011265633366185787,0.13713032306080064,0.9591836734693877,0.8628696769391992,0.9887343666338142
v2,normal,normal,500,insufficient,200,0,0.0,1.734723475976807e-18,0.018845326377266575,,,,,,
v3_default,normal,normal,500,all,200,200,1.0,0.9811546736227335,1.0,0.045,0.023852543001492997,0.0832967040018196,0.955,0.9167032959981803,0.976147456998507
v3_default,normal,normal,500,acceptable,200,0,0.0,1.734723475976807e-18,0.018845326377266575,,,,,,
v3_default,normal,normal,500,caution,200,200,1.0,0.9811546736227335,1.0,0.045,0.023852543001492997,0.0832967040018196,0.955,0.9167032959981803,0.976147456998507
v3_default,normal,normal,500,insufficient,200,0,0.0,1.734723475976807e-18,0.018845326377266575,,,,,,
v3_oracle_simulation_truth,normal,normal,500,all,200,200,1.0,0.9811546736227335,1.0,0.045,0.023852543001492997,0.0832967040018196,0.955,0.9167032959981803,0.976147456998507
v3_oracle_simulation_truth,normal,normal,500,acceptable,200,183,0.915,0.8681041292843443,0.9462542498225244,0.04371584699453552,0.0223153521276963,0.08387873855179978,0.9562841530054644,0.9161212614482003,0.9776846478723037
v3_oracle_simulation_truth,normal,normal,500,caution,200,17,0.085,0.05374575017747561,0.13189587071565567,0.058823529411764705,0.010460400984997592,0.26982030637575405,0.9411764705882353,0.7301796936242461,0.9895395990150025
v3_oracle_simulation_truth,normal,normal,500,insufficient,200,0,0.0,1.734723475976807e-18,0.018845326377266575,,,,,,
v2,normal,normal,750,all,5000,5000,1.0,0.9992322980549431,1.0000000000000002,0.0468,0.04128549558366106,0.053010349459338725,0.9532,0.9469896505406614,0.958714504416339
v2,normal,normal,750,acceptable,5000,3412,0.6824,0.6693602101257579,0.6951597322046854,0.04689331770222743,0.04029493215104537,0.054510831736046476,0.9531066822977726,0.9454891682639536,0.9597050678489546
v2,normal,normal,750,caution,5000,1588,0.3176,0.3048402677953147,0.33063978987424225,0.04659949622166247,0.0372815639850346,0.05810573603740918,0.9534005037783375,0.9418942639625908,0.9627184360149653
v2,normal,normal,750,insufficient,5000,0,0.0,0.0,0.0007677019450571244,,,,,,
v3_default,normal,normal,750,all,5000,5000,1.0,0.9992322980549431,1.0000000000000002,0.0468,0.04128549558366106,0.053010349459338725,0.9532,0.9469896505406614,0.958714504416339
v3_default,normal,normal,750,acceptable,5000,0,0.0,0.0,0.0007677019450571244,,,,,,
v3_default,normal,normal,750,caution,5000,5000,1.0,0.9992322980549431,1.0000000000000002,0.0468,0.04128549558366106,0.053010349459338725,0.9532,0.9469896505406614,0.958714504416339
v3_default,normal,normal,750,insufficient,5000,0,0.0,0.0,0.0007677019450571244,,,,,,
v3_oracle_simulation_truth,normal,normal,750,all,5000,5000,1.0,0.9992322980549431,1.0000000000000002,0.0468,0.04128549558366106,0.053010349459338725,0.9532,0.9469896505406614,0.958714504416339
v3_oracle_simulation_truth,normal,normal,750,acceptable,5000,4843,0.9686,0.9633948101805274,0.9730856995565651,0.04645880652488127,0.040881911205325604,0.05275462769873838,0.9535411934751187,0.9472453723012616,0.9591180887946743
v3_oracle_simulation_truth,normal,normal,750,caution,5000,157,0.0314,0.026914300443434944,0.0366051898194726,0.05732484076433121,0.030448650929141785,0.10534630505321449,0.9426751592356688,0.8946536949467855,0.9695513490708582
v3_oracle_simulation_truth,normal,normal,750,insufficient,5000,0,0.0,0.0,0.0007677019450571244,,,,,,
v2,normal,normal,2000,all,5000,5000,1.0,0.9992322980549431,1.0000000000000002,0.0476,0.04203767154178207,0.05385694517810564,0.9524,0.9461430548218944,0.957962328458218
v2,normal,normal,2000,acceptable,5000,1992,0.3984,0.3849130834554782,0.4120429135797575,0.04618473895582329,0.037808851290069584,0.05630757163045949,0.9538152610441767,0.9436924283695406,0.9621911487099305
v2,normal,normal,2000,caution,5000,3008,0.6016,0.5879570864202426,0.6150869165445219,0.04853723404255319,0.04141671085630325,0.056809395286924046,0.9514627659574468,0.9431906047130759,0.9585832891436966
v2,normal,normal,2000,insufficient,5000,0,0.0,0.0,0.0007677019450571244,,,,,,
v3_default,normal,normal,2000,all,5000,5000,1.0,0.9992322980549431,1.0000000000000002,0.0476,0.04203767154178207,0.05385694517810564,0.9524,0.9461430548218944,0.957962328458218
v3_default,normal,normal,2000,acceptable,5000,0,0.0,0.0,0.0007677019450571244,,,,,,
v3_default,normal,normal,2000,caution,5000,5000,1.0,0.9992322980549431,1.0000000000000002,0.0476,0.04203767154178207,0.05385694517810564,0.9524,0.9461430548218944,0.957962328458218
v3_default,normal,normal,2000,insufficient,5000,0,0.0,0.0,0.0007677019450571244,,,,,,
v3_oracle_simulation_truth,normal,normal,2000,all,5000,5000,1.0,0.9992322980549431,1.0000000000000002,0.0476,0.04203767154178207,0.05385694517810564,0.9524,0.9461430548218944,0.957962328458218
v3_oracle_simulation_truth,normal,normal,2000,acceptable,5000,4711,0.9422,0.9353856748476457,0.9483353695521459,0.04669921460411802,0.041034627622495566,0.053102463241999916,0.953300785395882,0.9468975367580001,0.9589653723775045
v3_oracle_simulation_truth,normal,normal,2000,caution,5000,289,0.0578,0.05166463044785411,0.06461432515235441,0.06228373702422145,0.039757071044888126,0.09629422094477827,0.9377162629757786,0.9037057790552218,0.9602429289551119
v3_oracle_simulation_truth,normal,normal,2000,insufficient,5000,0,0.0,0.0,0.0007677019450571244,,,,,,
v2,normal,normal,10000,all,5000,5000,1.0,0.9992322980549431,1.0000000000000002,0.0504,0.0446738140627647,0.056816503526230674,0.9496,0.9431834964737694,0.9553261859372354
v2,normal,normal,10000,acceptable,5000,44,0.0088,0.006562037439973316,0.011792152950850806,0.09090909090909091,0.03592219322731624,0.21159239166598612,0.9090909090909091,0.7884076083340138,0.9640778067726837
v2,normal,normal,10000,caution,5000,4956,0.9912,0.9882078470491492,0.9934379625600268,0.05004035512510089,0.044311114702097844,0.05646659421675577,0.9499596448748991,0.9435334057832443,0.9556888852979022
v2,normal,normal,10000,insufficient,5000,0,0.0,0.0,0.0007677019450571244,,,,,,
v3_default,normal,normal,10000,all,5000,5000,1.0,0.9992322980549431,1.0000000000000002,0.0504,0.0446738140627647,0.056816503526230674,0.9496,0.9431834964737694,0.9553261859372354
v3_default,normal,normal,10000,acceptable,5000,0,0.0,0.0,0.0007677019450571244,,,,,,
v3_default,normal,normal,10000,caution,5000,5000,1.0,0.9992322980549431,1.0000000000000002,0.0504,0.0446738140627647,0.056816503526230674,0.9496,0.9431834964737694,0.9553261859372354
v3_default,normal,normal,10000,insufficient,5000,0,0.0,0.0,0.0007677019450571244,,,,,,
v3_oracle_simulation_truth,normal,normal,10000,all,5000,5000,1.0,0.9992322980549431,1.0000000000000002,0.0504,0.0446738140627647,0.056816503526230674,0.9496,0.9431834964737694,0.9553261859372354
v3_oracle_simulation_truth,normal,normal,10000,acceptable,5000,4789,0.9578,0.951867024068152,0.9630300680309537,0.050323658383796196,0.04448451718245916,0.05688363008361755,0.9496763416162038,0.9431163699163824,0.9555154828175408
v3_oracle_simulation_truth,normal,normal,10000,caution,5000,211,0.0422,0.03696993196904638,0.04813297593184793,0.052132701421800945,0.02935621106986614,0.09092531635292664,0.9478672985781991,0.9090746836470733,0.9706437889301338
v3_oracle_simulation_truth,normal,normal,10000,insufficient,5000,0,0.0,0.0,0.0007677019450571244,,,,,,
v2,student_t_df_10,student_t,5,all,200,200,1.0,0.9811546736227335,1.0,0.04,0.020405632066152306,0.07693206820093293,0.96,0.923067931799067,0.9795943679338476
v2,student_t_df_10,student_t,5,acceptable,200,121,0.605,0.5358834915928536,0.6701589898679203,0.05785123966942149,0.02830275348227581,0.11461017776053556,0.9421487603305785,0.8853898222394644,0.9716972465177242
v2,student_t_df_10,student_t,5,caution,200,0,0.0,1.734723475976807e-18,0.018845326377266575,,,,,,
v2,student_t_df_10,student_t,5,insufficient,200,79,0.395,0.32984101013207967,0.46411650840714636,0.012658227848101266,0.0022379938550498787,0.06827571876965954,0.9873417721518988,0.9317242812303406,0.9977620061449501
v3_default,student_t_df_10,student_t,5,all,200,200,1.0,0.9811546736227335,1.0,0.04,0.020405632066152306,0.07693206820093293,0.96,0.923067931799067,0.9795943679338476
v3_default,student_t_df_10,student_t,5,acceptable,200,0,0.0,1.734723475976807e-18,0.018845326377266575,,,,,,
v3_default,student_t_df_10,student_t,5,caution,200,200,1.0,0.9811546736227335,1.0,0.04,0.020405632066152306,0.07693206820093293,0.96,0.923067931799067,0.9795943679338476
v3_default,student_t_df_10,student_t,5,insufficient,200,0,0.0,1.734723475976807e-18,0.018845326377266575,,,,,,
v3_oracle_simulation_truth,student_t_df_10,student_t,5,all,200,200,1.0,0.9811546736227335,1.0,0.04,0.020405632066152306,0.07693206820093293,0.96,0.923067931799067,0.9795943679338476
v3_oracle_simulation_truth,student_t_df_10,student_t,5,acceptable,200,94,0.47,0.40204754873265425,0.5390831708499817,0.0425531914893617,0.016670548150042715,0.10435645781881736,0.9574468085106383,0.8956435421811827,0.9833294518499572
v3_oracle_simulation_truth,student_t_df_10,student_t,5,caution,200,106,0.53,0.4609168291500183,0.5979524512673458,0.03773584905660377,0.014770847100615568,0.09303415610882099,0.9622641509433962,0.906965843891179,0.9852291528993844
v3_oracle_simulation_truth,student_t_df_10,student_t,5,insufficient,200,0,0.0,1.734723475976807e-18,0.018845326377266575,,,,,,
v2,student_t_df_10,student_t,8,all,200,200,1.0,0.9811546736227335,1.0,0.05,0.02738264560076393,0.08957814813877599,0.95,0.9104218518612239,0.972617354399236
v2,student_t_df_10,student_t,8,acceptable,200,143,0.715,0.6488465397039482,0.7730499699538271,0.04895104895104895,0.02391143972946798,0.09759006920391887,0.951048951048951,0.9024099307960811,0.976088560270532
v2,student_t_df_10,student_t,8,caution,200,0,0.0,1.734723475976807e-18,0.018845326377266575,,,,,,
v2,student_t_df_10,student_t,8,insufficient,200,57,0.285,0.22695003004617292,0.3511534602960517,0.05263157894736842,0.01806029563366167,0.14369550397163527,0.9473684210526315,0.8563044960283646,0.9819397043663383
v3_default,student_t_df_10,student_t,8,all,200,200,1.0,0.9811546736227335,1.0,0.05,0.02738264560076393,0.08957814813877599,0.95,0.9104218518612239,0.972617354399236
v3_default,student_t_df_10,student_t,8,acceptable,200,0,0.0,1.734723475976807e-18,0.018845326377266575,,,,,,
v3_default,student_t_df_10,student_t,8,caution,200,200,1.0,0.9811546736227335,1.0,0.05,0.02738264560076393,0.08957814813877599,0.95,0.9104218518612239,0.972617354399236
v3_default,student_t_df_10,student_t,8,insufficient,200,0,0.0,1.734723475976807e-18,0.018845326377266575,,,,,,
v3_oracle_simulation_truth,student_t_df_10,student_t,8,all,200,200,1.0,0.9811546736227335,1.0,0.05,0.02738264560076393,0.08957814813877599,0.95,0.9104218518612239,0.972617354399236
v3_oracle_simulation_truth,student_t_df_10,student_t,8,acceptable,200,112,0.56,0.4907167533465867,0.6270218074881414,0.05357142857142857,0.024780939016041954,0.11197026372230082,0.9464285714285714,0.8880297362776991,0.975219060983958
v3_oracle_simulation_truth,student_t_df_10,student_t,8,caution,200,88,0.44,0.37297819251185865,0.5092832466534134,0.045454545454545456,0.01781624923590725,0.11111744773217658,0.9545454545454546,0.8888825522678235,0.9821837507640928
v3_oracle_simulation_truth,student_t_df_10,student_t,8,insufficient,200,0,0.0,1.734723475976807e-18,0.018845326377266575,,,,,,
v2,student_t_df_10,student_t,10,all,200,200,1.0,0.9811546736227335,1.0,0.035,0.017055542008567192,0.07047061152229073,0.965,0.9295293884777092,0.9829444579914328
v2,student_t_df_10,student_t,10,acceptable,200,148,0.74,0.6750925439746589,0.7958616993642531,0.02027027027027027,0.006917294269242244,0.057896748595794134,0.9797297297297297,0.9421032514042058,0.9930827057307576
v2,student_t_df_10,student_t,10,caution,200,0,0.0,1.734723475976807e-18,0.018845326377266575,,,,,,
v2,student_t_df_10,student_t,10,insufficient,200,52,0.26,0.20413830063574687,0.32490745602534116,0.07692307692307693,0.030319345184930124,0.1817356238429534,0.9230769230769231,0.8182643761570466,0.9696806548150699
v3_default,student_t_df_10,student_t,10,all,200,200,1.0,0.9811546736227335,1.0,0.035,0.017055542008567192,0.07047061152229073,0.965,0.9295293884777092,0.9829444579914328
v3_default,student_t_df_10,student_t,10,acceptable,200,0,0.0,1.734723475976807e-18,0.018845326377266575,,,,,,
v3_default,student_t_df_10,student_t,10,caution,200,200,1.0,0.9811546736227335,1.0,0.035,0.017055542008567192,0.07047061152229073,0.965,0.9295293884777092,0.9829444579914328
v3_default,student_t_df_10,student_t,10,insufficient,200,0,0.0,1.734723475976807e-18,0.018845326377266575,,,,,,
v3_oracle_simulation_truth,student_t_df_10,student_t,10,all,200,200,1.0,0.9811546736227335,1.0,0.035,0.017055542008567192,0.07047061152229073,0.965,0.9295293884777092,0.9829444579914328
v3_oracle_simulation_truth,student_t_df_10,student_t,10,acceptable,200,114,0.57,0.5007048776415268,0.6366567766656557,0.02631578947368421,0.008989561308648218,0.07452483947341226,0.9736842105263158,0.9254751605265878,0.9910104386913519
v3_oracle_simulation_truth,student_t_df_10,student_t,10,caution,200,86,0.43,0.36334322333434416,0.4992951223584731,0.046511627906976744,0.01823396823832083,0.1135699781371198,0.9534883720930233,0.8864300218628802,0.9817660317616792
v3_oracle_simulation_truth,student_t_df_10,student_t,10,insufficient,200,0,0.0,1.734723475976807e-18,0.018845326377266575,,,,,,
v2,student_t_df_10,student_t,15,all,200,200,1.0,0.9811546736227335,1.0,0.03,0.013820314340111346,0.06389429245451925,0.97,0.9361057075454807,0.9861796856598887
v2,student_t_df_10,student_t,15,acceptable,200,149,0.745,0.6803707417954529,0.8003950482796865,0.03355704697986577,0.014417106348108083,0.07614378549035719,0.9664429530201343,0.9238562145096428,0.9855828936518919
v2,student_t_df_10,student_t,15,caution,200,0,0.0,1.734723475976807e-18,0.018845326377266575,,,,,,
v2,student_t_df_10,student_t,15,insufficient,200,51,0.255,0.1996049517203135,0.3196292582045472,0.0196078431372549,0.0034696926410608536,0.10304568726144975,0.9803921568627451,0.8969543127385502,0.9965303073589391
v3_default,student_t_df_10,student_t,15,all,200,200,1.0,0.9811546736227335,1.0,0.03,0.013820314340111346,0.06389429245451925,0.97,0.9361057075454807,0.9861796856598887
v3_default,student_t_df_10,student_t,15,acceptable,200,0,0.0,1.734723475976807e-18,0.018845326377266575,,,,,,
v3_default,student_t_df_10,student_t,15,caution,200,200,1.0,0.9811546736227335,1.0,0.03,0.013820314340111346,0.06389429245451925,0.97,0.9361057075454807,0.9861796856598887
v3_default,student_t_df_10,student_t,15,insufficient,200,0,0.0,1.734723475976807e-18,0.018845326377266575,,,,,,
v3_oracle_simulation_truth,student_t_df_10,student_t,15,all,200,200,1.0,0.9811546736227335,1.0,0.03,0.013820314340111346,0.06389429245451925,0.97,0.9361057075454807,0.9861796856598887
v3_oracle_simulation_truth,student_t_df_10,student_t,15,acceptable,200,114,0.57,0.5007048776415268,0.6366567766656557,0.043859649122807015,0.018877509553328058,0.09858080231087835,0.956140350877193,0.9014191976891217,0.981122490446672
v3_oracle_simulation_truth,student_t_df_10,student_t,15,caution,200,86,0.43,0.36334322333434416,0.4992951223584731,0.011627906976744186,0.0020555686652495644,0.06296406589291725,0.9883720930232558,0.9370359341070826,0.9979444313347503
v3_oracle_simulation_truth,student_t_df_10,student_t,15,insufficient,200,0,0.0,1.734723475976807e-18,0.018845326377266575,,,,,,
v2,student_t_df_10,student_t,20,all,200,200,1.0,0.9811546736227335,1.0,0.045,0.023852543001492997,0.0832967040018196,0.955,0.9167032959981803,0.976147456998507
v2,student_t_df_10,student_t,20,acceptable,200,156,0.78,0.7176120008170632,0.8318346164116674,0.04487179487179487,0.0219033374935471,0.08971638214820239,0.9551282051282052,0.9102836178517977,0.9780966625064529
v2,student_t_df_10,student_t,20,caution,200,0,0.0,1.734723475976807e-18,0.018845326377266575,,,,,,
v2,student_t_df_10,student_t,20,insufficient,200,44,0.22,0.16816538358833258,0.28238799918293667,0.045454545454545456,0.012555109949594967,0.15134998437629657,0.9545454545454546,0.8486500156237035,0.987444890050405
v3_default,student_t_df_10,student_t,20,all,200,200,1.0,0.9811546736227335,1.0,0.045,0.023852543001492997,0.0832967040018196,0.955,0.9167032959981803,0.976147456998507
v3_default,student_t_df_10,student_t,20,acceptable,200,0,0.0,1.734723475976807e-18,0.018845326377266575,,,,,,
v3_default,student_t_df_10,student_t,20,caution,200,200,1.0,0.9811546736227335,1.0,0.045,0.023852543001492997,0.0832967040018196,0.955,0.9167032959981803,0.976147456998507
v3_default,student_t_df_10,student_t,20,insufficient,200,0,0.0,1.734723475976807e-18,0.018845326377266575,,,,,,
v3_oracle_simulation_truth,student_t_df_10,student_t,20,all,200,200,1.0,0.9811546736227335,1.0,0.045,0.023852543001492997,0.0832967040018196,0.955,0.9167032959981803,0.976147456998507
v3_oracle_simulation_truth,student_t_df_10,student_t,20,acceptable,200,122,0.61,0.5409374595716976,0.6749165686253038,0.03278688524590164,0.012822598471338105,0.08127563379380506,0.9672131147540983,0.9187243662061949,0.987177401528662
v3_oracle_simulation_truth,student_t_df_10,student_t,20,caution,200,78,0.39,0.3250834313746962,0.4590625404283025,0.0641025641025641,0.027689315373790935,0.14143595463171177,0.9358974358974359,0.8585640453682883,0.9723106846262091
v3_oracle_simulation_truth,student_t_df_10,student_t,20,insufficient,200,0,0.0,1.734723475976807e-18,0.018845326377266575,,,,,,
v2,student_t_df_10,student_t,30,all,200,200,1.0,0.9811546736227335,1.0,0.05,0.02738264560076393,0.08957814813877599,0.95,0.9104218518612239,0.972617354399236
v2,student_t_df_10,student_t,30,acceptable,200,153,0.765,0.7015863111723746,0.8184256658476741,0.0392156862745098,0.018094740908342608,0.08290826518333472,0.9607843137254902,0.9170917348166654,0.9819052590916575
v2,student_t_df_10,student_t,30,caution,200,0,0.0,1.734723475976807e-18,0.018845326377266575,,,,,,
v2,student_t_df_10,student_t,30,insufficient,200,47,0.235,0.18157433415232588,0.29841368882762537,0.0851063829787234,0.03359412345792552,0.19931537786964587,0.9148936170212766,0.8006846221303541,0.9664058765420744
v3_default,student_t_df_10,student_t,30,all,200,200,1.0,0.9811546736227335,1.0,0.05,0.02738264560076393,0.08957814813877599,0.95,0.9104218518612239,0.972617354399236
v3_default,student_t_df_10,student_t,30,acceptable,200,0,0.0,1.734723475976807e-18,0.018845326377266575,,,,,,
v3_default,student_t_df_10,student_t,30,caution,200,198,0.99,0.9642782382838231,0.9972533418664555,0.050505050505050504,0.027661556517076857,0.09045817448364726,0.9494949494949495,0.9095418255163528,0.9723384434829232
v3_default,student_t_df_10,student_t,30,insufficient,200,2,0.01,0.0027466581335444384,0.0357217617161768,0.0,0.0,0.6576197724933469,1.0,0.34238022750665303,1.0
v3_oracle_simulation_truth,student_t_df_10,student_t,30,all,200,200,1.0,0.9811546736227335,1.0,0.05,0.02738264560076393,0.08957814813877599,0.95,0.9104218518612239,0.972617354399236
v3_oracle_simulation_truth,student_t_df_10,student_t,30,acceptable,200,132,0.66,0.5918849552683626,0.7220845402909121,0.03787878787878788,0.016286179128381463,0.08560803594305971,0.9621212121212122,0.9143919640569403,0.9837138208716186
v3_oracle_simulation_truth,student_t_df_10,student_t,30,caution,200,68,0.34,0.27791545970908793,0.4081150447316374,0.07352941176470588,0.031814844251117996,0.16085188395717748,0.9264705882352942,0.8391481160428227,0.9681851557488821
v3_oracle_simulation_truth,student_t_df_10,student_t,30,insufficient,200,0,0.0,1.734723475976807e-18,0.018845326377266575,,,,,,
v2,student_t_df_10,student_t,40,all,200,200,1.0,0.9811546736227335,1.0,0.05,0.02738264560076393,0.08957814813877599,0.95,0.9104218518612239,0.972617354399236
v2,student_t_df_10,student_t,40,acceptable,200,141,0.705,0.6384128547538122,0.7638605614315084,0.06382978723404255,0.033941271284132206,0.11685435725018589,0.9361702127659575,0.8831456427498142,0.9660587287158678
v2,student_t_df_10,student_t,40,caution,200,32,0.16,0.1156741203158702,0.21714070162067106,0.03125,0.005537860164003122,0.15744263820012558,0.96875,0.8425573617998744,0.9944621398359969
v2,student_t_df_10,student_t,40,insufficient,200,27,0.135,0.09446570454787906,0.18929138370752552,0.0,0.0,0.12455502974186705,1.0,0.8754449702581328,0.9999999999999998
v3_default,student_t_df_10,student_t,40,all,200,200,1.0,0.9811546736227335,1.0,0.05,0.02738264560076393,0.08957814813877599,0.95,0.9104218518612239,0.972617354399236
v3_default,student_t_df_10,student_t,40,acceptable,200,0,0.0,1.734723475976807e-18,0.018845326377266575,,,,,,
v3_default,student_t_df_10,student_t,40,caution,200,200,1.0,0.9811546736227335,1.0,0.05,0.02738264560076393,0.08957814813877599,0.95,0.9104218518612239,0.972617354399236
v3_default,student_t_df_10,student_t,40,insufficient,200,0,0.0,1.734723475976807e-18,0.018845326377266575,,,,,,
v3_oracle_simulation_truth,student_t_df_10,student_t,40,all,200,200,1.0,0.9811546736227335,1.0,0.05,0.02738264560076393,0.08957814813877599,0.95,0.9104218518612239,0.972617354399236
v3_oracle_simulation_truth,student_t_df_10,student_t,40,acceptable,200,131,0.655,0.5867558925905368,0.7174020562325106,0.06870229007633588,0.0365625456507617,0.1254162627344092,0.9312977099236641,0.8745837372655908,0.9634374543492382
v3_oracle_simulation_truth,student_t_df_10,student_t,40,caution,200,69,0.345,0.2825979437674894,0.4132441074094632,0.014492753623188406,0.002562924644588474,0.07763122461144727,0.9855072463768116,0.9223687753885529,0.9974370753554117
v3_oracle_simulation_truth,student_t_df_10,student_t,40,insufficient,200,0,0.0,1.734723475976807e-18,0.018845326377266575,,,,,,
v2,student_t_df_10,student_t,50,all,200,200,1.0,0.9811546736227335,1.0,0.04,0.020405632066152306,0.07693206820093293,0.96,0.923067931799067,0.9795943679338476
v2,student_t_df_10,student_t,50,acceptable,200,135,0.675,0.6073198511602996,0.7360842846076571,0.044444444444444446,0.02052610893950682,0.0935713584542381,0.9555555555555556,0.906428641545762,0.9794738910604933
v2,student_t_df_10,student_t,50,caution,200,40,0.2,0.15045200926098115,0.2608551865653788,0.05,0.013820667386148344,0.16503877369140962,0.95,0.8349612263085903,0.9861793326138516
v2,student_t_df_10,student_t,50,insufficient,200,25,0.125,0.08611974475712644,0.17801425002582347,0.0,1.3877787807814457e-17,0.13319225093904846,1.0,0.8668077490609515,0.9999999999999999
v3_default,student_t_df_10,student_t,50,all,200,200,1.0,0.9811546736227335,1.0,0.04,0.020405632066152306,0.07693206820093293,0.96,0.923067931799067,0.9795943679338476
v3_default,student_t_df_10,student_t,50,acceptable,200,0,0.0,1.734723475976807e-18,0.018845326377266575,,,,,,
v3_default,student_t_df_10,student_t,50,caution,200,200,1.0,0.9811546736227335,1.0,0.04,0.020405632066152306,0.07693206820093293,0.96,0.923067931799067,0.9795943679338476
v3_default,student_t_df_10,student_t,50,insufficient,200,0,0.0,1.734723475976807e-18,0.018845326377266575,,,,,,
v3_oracle_simulation_truth,student_t_df_10,student_t,50,all,200,200,1.0,0.9811546736227335,1.0,0.04,0.020405632066152306,0.07693206820093293,0.96,0.923067931799067,0.9795943679338476
v3_oracle_simulation_truth,student_t_df_10,student_t,50,acceptable,200,122,0.61,0.5409374595716976,0.6749165686253038,0.04918032786885246,0.02273217015009757,0.10315208905311074,0.9508196721311475,0.8968479109468892,0.9772678298499025
v3_oracle_simulation_truth,student_t_df_10,student_t,50,caution,200,78,0.39,0.3250834313746962,0.4590625404283025,0.02564102564102564,0.007060093472759203,0.08875270035675845,0.9743589743589743,0.9112472996432415,0.9929399065272408
v3_oracle_simulation_truth,student_t_df_10,student_t,50,insufficient,200,0,0.0,1.734723475976807e-18,0.018845326377266575,,,,,,
v2,student_t_df_10,student_t,80,all,200,200,1.0,0.9811546736227335,1.0,0.08,0.049840585889759974,0.12598948826714396,0.92,0.874010511732856,0.9501594141102401
v2,student_t_df_10,student_t,80,acceptable,200,126,0.63,0.5612262992405018,0.6938739159014088,0.09523809523809523,0.05532161543536931,0.15910495581212467,0.9047619047619048,0.8408950441878753,0.9446783845646307
v2,student_t_df_10,student_t,80,caution,200,73,0.365,0.301405264649268,0.433682973472594,0.0410958904109589,0.01407394035392058,0.1140009162629833,0.958904109589041,0.8859990837370165,0.9859260596460794
v2,student_t_df_10,student_t,80,insufficient,200,1,0.005,0.0008831687156009814,0.02777370439789293,1.0,0.20654931437723745,1.0,0.0,0.0,0.7934506856227626
v3_default,student_t_df_10,student_t,80,all,200,200,1.0,0.9811546736227335,1.0,0.08,0.049840585889759974,0.12598948826714396,0.92,0.874010511732856,0.9501594141102401
v3_default,student_t_df_10,student_t,80,acceptable,200,0,0.0,1.734723475976807e-18,0.018845326377266575,,,,,,
v3_default,student_t_df_10,student_t,80,caution,200,200,1.0,0.9811546736227335,1.0,0.08,0.049840585889759974,0.12598948826714396,0.92,0.874010511732856,0.9501594141102401
v3_default,student_t_df_10,student_t,80,insufficient,200,0,0.0,1.734723475976807e-18,0.018845326377266575,,,,,,
v3_oracle_simulation_truth,student_t_df_10,student_t,80,all,200,200,1.0,0.9811546736227335,1.0,0.08,0.049840585889759974,0.12598948826714396,0.92,0.874010511732856,0.9501594141102401
v3_oracle_simulation_truth,student_t_df_10,student_t,80,acceptable,200,120,0.6,0.53083672039262,0.6653942143319266,0.1,0.058133592026010775,0.166681741108952,0.9,0.833318258891048,0.9418664079739892
v3_oracle_simulation_truth,student_t_df_10,student_t,80,caution,200,80,0.4,0.33460578566807336,0.46916327960737997,0.05,0.01961355453554428,0.1216227620464301,0.95,0.8783772379535698,0.9803864454644556
v3_oracle_simulation_truth,student_t_df_10,student_t,80,insufficient,200,0,0.0,1.734723475976807e-18,0.018845326377266575,,,,,,
v2,student_t_df_10,student_t,100,all,200,200,1.0,0.9811546736227335,1.0,0.04,0.020405632066152306,0.07693206820093293,0.96,0.923067931799067,0.9795943679338476
v2,student_t_df_10,student_t,100,acceptable,200,112,0.56,0.4907167533465867,0.6270218074881414,0.044642857142857144,0.01921725792663493,0.10026896886647468,0.9553571428571429,0.8997310311335255,0.9807827420733651
v2,student_t_df_10,student_t,100,caution,200,87,0.435,0.36815725502699076,0.504292637402054,0.034482758620689655,0.011795820527505975,0.09654082386874399,0.9655172413793104,0.903459176131256,0.9882041794724941
v2,student_t_df_10,student_t,100,insufficient,200,1,0.005,0.0008831687156009814,0.02777370439789293,0.0,0.0,0.7934506856227626,1.0,0.20654931437723745,1.0
v3_default,student_t_df_10,student_t,100,all,200,200,1.0,0.9811546736227335,1.0,0.04,0.020405632066152306,0.07693206820093293,0.96,0.923067931799067,0.9795943679338476
v3_default,student_t_df_10,student_t,100,acceptable,200,0,0.0,1.734723475976807e-18,0.018845326377266575,,,,,,
v3_default,student_t_df_10,student_t,100,caution,200,200,1.0,0.9811546736227335,1.0,0.04,0.020405632066152306,0.07693206820093293,0.96,0.923067931799067,0.9795943679338476
v3_default,student_t_df_10,student_t,100,insufficient,200,0,0.0,1.734723475976807e-18,0.018845326377266575,,,,,,
v3_oracle_simulation_truth,student_t_df_10,student_t,100,all,200,200,1.0,0.9811546736227335,1.0,0.04,0.020405632066152306,0.07693206820093293,0.96,0.923067931799067,0.9795943679338476
v3_oracle_simulation_truth,student_t_df_10,student_t,100,acceptable,200,115,0.575,0.5057093264785485,0.6414638745648614,0.043478260869565216,0.018712101106831386,0.09775784934688925,0.9565217391304348,0.9022421506531109,0.9812878988931686
v3_oracle_simulation_truth,student_t_df_10,student_t,100,caution,200,85,0.425,0.3585361254351385,0.49429067352145145,0.03529411764705882,0.012075041854642109,0.09870047839606455,0.9647058823529412,0.9012995216039354,0.987924958145358
v3_oracle_simulation_truth,student_t_df_10,student_t,100,insufficient,200,0,0.0,1.734723475976807e-18,0.018845326377266575,,,,,,
v2,student_t_df_10,student_t,200,all,200,200,1.0,0.9811546736227335,1.0,0.05,0.02738264560076393,0.08957814813877599,0.95,0.9104218518612239,0.972617354399236
v2,student_t_df_10,student_t,200,acceptable,200,74,0.37,0.30612608409859116,0.4387737007594981,0.02702702702702703,0.007443352638267217,0.09329292516912502,0.972972972972973,0.9067070748308751,0.9925566473617328
v2,student_t_df_10,student_t,200,caution,200,126,0.63,0.5612262992405018,0.6938739159014088,0.06349206349206349,0.032520539972782904,0.12029242901961257,0.9365079365079365,0.8797075709803873,0.9674794600272171
v2,student_t_df_10,student_t,200,insufficient,200,0,0.0,1.734723475976807e-18,0.018845326377266575,,,,,,
v3_default,student_t_df_10,student_t,200,all,200,200,1.0,0.9811546736227335,1.0,0.05,0.02738264560076393,0.08957814813877599,0.95,0.9104218518612239,0.972617354399236
v3_default,student_t_df_10,student_t,200,acceptable,200,0,0.0,1.734723475976807e-18,0.018845326377266575,,,,,,
v3_default,student_t_df_10,student_t,200,caution,200,200,1.0,0.9811546736227335,1.0,0.05,0.02738264560076393,0.08957814813877599,0.95,0.9104218518612239,0.972617354399236
v3_default,student_t_df_10,student_t,200,insufficient,200,0,0.0,1.734723475976807e-18,0.018845326377266575,,,,,,
v3_oracle_simulation_truth,student_t_df_10,student_t,200,all,200,200,1.0,0.9811546736227335,1.0,0.05,0.02738264560076393,0.08957814813877599,0.95,0.9104218518612239,0.972617354399236
v3_oracle_simulation_truth,student_t_df_10,student_t,200,acceptable,200,82,0.41,0.34415674908482885,0.4792354096630791,0.024390243902439025,0.006714370331163358,0.08463378391063939,0.975609756097561,0.9153662160893606,0.9932856296688367
v3_oracle_simulation_truth,student_t_df_10,student_t,200,caution,200,118,0.59,0.5207645903369208,0.6558432509151711,0.06779661016949153,0.0347511750251653,0.12809535531631283,0.9322033898305084,0.8719046446836871,0.9652488249748348
v3_oracle_simulation_truth,student_t_df_10,student_t,200,insufficient,200,0,0.0,1.734723475976807e-18,0.018845326377266575,,,,,,
v2,student_t_df_10,student_t,500,all,200,200,1.0,0.9811546736227335,1.0,0.035,0.017055542008567192,0.07047061152229073,0.965,0.9295293884777092,0.9829444579914328
v2,student_t_df_10,student_t,500,acceptable,200,20,0.1,0.06567044866909588,0.1494058124327174,0.05,0.008881448800795402,0.23613119344674205,0.95,0.763868806553258,0.9911185511992047
v2,student_t_df_10,student_t,500,caution,200,180,0.9,0.8505941875672826,0.9343295513309041,0.03333333333333333,0.015364790984832809,0.0708043404086727,0.9666666666666667,0.9291956595913273,0.9846352090151671
v2,student_t_df_10,student_t,500,insufficient,200,0,0.0,1.734723475976807e-18,0.018845326377266575,,,,,,
v3_default,student_t_df_10,student_t,500,all,200,200,1.0,0.9811546736227335,1.0,0.035,0.017055542008567192,0.07047061152229073,0.965,0.9295293884777092,0.9829444579914328
v3_default,student_t_df_10,student_t,500,acceptable,200,0,0.0,1.734723475976807e-18,0.018845326377266575,,,,,,
v3_default,student_t_df_10,student_t,500,caution,200,200,1.0,0.9811546736227335,1.0,0.035,0.017055542008567192,0.07047061152229073,0.965,0.9295293884777092,0.9829444579914328
v3_default,student_t_df_10,student_t,500,insufficient,200,0,0.0,1.734723475976807e-18,0.018845326377266575,,,,,,
v3_oracle_simulation_truth,student_t_df_10,student_t,500,all,200,200,1.0,0.9811546736227335,1.0,0.035,0.017055542008567192,0.07047061152229073,0.965,0.9295293884777092,0.9829444579914328
v3_oracle_simulation_truth,student_t_df_10,student_t,500,acceptable,200,72,0.36,0.2966919730456654,0.42858471833996925,0.05555555555555555,0.02181421598131665,0.13432015965997918,0.9444444444444444,0.8656798403400208,0.9781857840186834
v3_oracle_simulation_truth,student_t_df_10,student_t,500,caution,200,128,0.64,0.5714152816600309,0.7033080269543346,0.0234375,0.008002416396755481,0.06664374505143222,0.9765625,0.9333562549485678,0.9919975836032445
v3_oracle_simulation_truth,student_t_df_10,student_t,500,insufficient,200,0,0.0,1.734723475976807e-18,0.018845326377266575,,,,,,
v2,student_t_df_10,student_t,750,all,200,200,1.0,0.9811546736227335,1.0,0.05,0.02738264560076393,0.08957814813877599,0.95,0.9104218518612239,0.972617354399236
v2,student_t_df_10,student_t,750,acceptable,200,15,0.075,0.04597491718438201,0.12004361023629456,0.0,0.0,0.20388330103584862,1.0,0.7961166989641515,1.0
v2,student_t_df_10,student_t,750,caution,200,185,0.925,0.8799563897637055,0.954025082815618,0.05405405405405406,0.0296228075522613,0.09662838204128929,0.9459459459459459,0.9033716179587108,0.9703771924477387
v2,student_t_df_10,student_t,750,insufficient,200,0,0.0,1.734723475976807e-18,0.018845326377266575,,,,,,
v3_default,student_t_df_10,student_t,750,all,200,200,1.0,0.9811546736227335,1.0,0.05,0.02738264560076393,0.08957814813877599,0.95,0.9104218518612239,0.972617354399236
v3_default,student_t_df_10,student_t,750,acceptable,200,0,0.0,1.734723475976807e-18,0.018845326377266575,,,,,,
v3_default,student_t_df_10,student_t,750,caution,200,200,1.0,0.9811546736227335,1.0,0.05,0.02738264560076393,0.08957814813877599,0.95,0.9104218518612239,0.972617354399236
v3_default,student_t_df_10,student_t,750,insufficient,200,0,0.0,1.734723475976807e-18,0.018845326377266575,,,,,,
v3_oracle_simulation_truth,student_t_df_10,student_t,750,all,200,200,1.0,0.9811546736227335,1.0,0.05,0.02738264560076393,0.08957814813877599,0.95,0.9104218518612239,0.972617354399236
v3_oracle_simulation_truth,student_t_df_10,student_t,750,acceptable,200,94,0.47,0.40204754873265425,0.5390831708499817,0.02127659574468085,0.005854336239172753,0.07429020489102965,0.9787234042553191,0.9257097951089703,0.9941456637608272
v3_oracle_simulation_truth,student_t_df_10,student_t,750,caution,200,106,0.53,0.4609168291500183,0.5979524512673458,0.07547169811320754,0.0387368379201063,0.14190040992529462,0.9245283018867925,0.8580995900747054,0.9612631620798936
v3_oracle_simulation_truth,student_t_df_10,student_t,750,insufficient,200,0,0.0,1.734723475976807e-18,0.018845326377266575,,,,,,
v2,student_t_df_10,student_t,2000,all,200,200,1.0,0.9811546736227335,1.0,0.045,0.023852543001492997,0.0832967040018196,0.955,0.9167032959981803,0.976147456998507
v2,student_t_df_10,student_t,2000,acceptable,200,0,0.0,1.734723475976807e-18,0.018845326377266575,,,,,,
v2,student_t_df_10,student_t,2000,caution,200,200,1.0,0.9811546736227335,1.0,0.045,0.023852543001492997,0.0832967040018196,0.955,0.9167032959981803,0.976147456998507
v2,student_t_df_10,student_t,2000,insufficient,200,0,0.0,1.734723475976807e-18,0.018845326377266575,,,,,,
v3_default,student_t_df_10,student_t,2000,all,200,200,1.0,0.9811546736227335,1.0,0.045,0.023852543001492997,0.0832967040018196,0.955,0.9167032959981803,0.976147456998507
v3_default,student_t_df_10,student_t,2000,acceptable,200,0,0.0,1.734723475976807e-18,0.018845326377266575,,,,,,
v3_default,student_t_df_10,student_t,2000,caution,200,200,1.0,0.9811546736227335,1.0,0.045,0.023852543001492997,0.0832967040018196,0.955,0.9167032959981803,0.976147456998507
v3_default,student_t_df_10,student_t,2000,insufficient,200,0,0.0,1.734723475976807e-18,0.018845326377266575,,,,,,
v3_oracle_simulation_truth,student_t_df_10,student_t,2000,all,200,200,1.0,0.9811546736227335,1.0,0.045,0.023852543001492997,0.0832967040018196,0.955,0.9167032959981803,0.976147456998507
v3_oracle_simulation_truth,student_t_df_10,student_t,2000,acceptable,200,71,0.355,0.2919862754043116,0.42347886924509565,0.04225352112676056,0.014473260620475319,0.11702416040484681,0.9577464788732394,0.882975839595153,0.9855267393795246
v3_oracle_simulation_truth,student_t_df_10,student_t,2000,caution,200,129,0.645,0.5765211307549043,0.7080137245956883,0.046511627906976744,0.02148858600006069,0.09776227861199167,0.9534883720930233,0.9022377213880084,0.9785114139999394
v3_oracle_simulation_truth,student_t_df_10,student_t,2000,insufficient,200,0,0.0,1.734723475976807e-18,0.018845326377266575,,,,,,
v2,student_t_df_3,student_t,5,all,200,200,1.0,0.9811546736227335,1.0,0.035,0.017055542008567192,0.07047061152229073,0.965,0.9295293884777092,0.9829444579914328
v2,student_t_df_3,student_t,5,acceptable,200,112,0.56,0.4907167533465867,0.6270218074881414,0.044642857142857144,0.01921725792663493,0.10026896886647468,0.9553571428571429,0.8997310311335255,0.9807827420733651
v2,student_t_df_3,student_t,5,caution,200,0,0.0,1.734723475976807e-18,0.018845326377266575,,,,,,
v2,student_t_df_3,student_t,5,insufficient,200,88,0.44,0.37297819251185865,0.5092832466534134,0.022727272727272728,0.006254928263812166,0.07912545355267586,0.9772727272727273,0.9208745464473241,0.9937450717361879
v3_default,student_t_df_3,student_t,5,all,200,200,1.0,0.9811546736227335,1.0,0.035,0.017055542008567192,0.07047061152229073,0.965,0.9295293884777092,0.9829444579914328
v3_default,student_t_df_3,student_t,5,acceptable,200,0,0.0,1.734723475976807e-18,0.018845326377266575,,,,,,
v3_default,student_t_df_3,student_t,5,caution,200,200,1.0,0.9811546736227335,1.0,0.035,0.017055542008567192,0.07047061152229073,0.965,0.9295293884777092,0.9829444579914328
v3_default,student_t_df_3,student_t,5,insufficient,200,0,0.0,1.734723475976807e-18,0.018845326377266575,,,,,,
v3_oracle_simulation_truth,student_t_df_3,student_t,5,all,200,200,1.0,0.9811546736227335,1.0,0.035,0.017055542008567192,0.07047061152229073,0.965,0.9295293884777092,0.9829444579914328
v3_oracle_simulation_truth,student_t_df_3,student_t,5,acceptable,200,80,0.4,0.33460578566807336,0.46916327960737997,0.0375,0.012834568919911402,0.10454720090045115,0.9625,0.8954527990995489,0.9871654310800886
v3_oracle_simulation_truth,student_t_df_3,student_t,5,caution,200,120,0.6,0.53083672039262,0.6653942143319266,0.03333333333333333,0.0130375510983506,0.082580337559106,0.9666666666666667,0.917419662440894,0.9869624489016494
v3_oracle_simulation_truth,student_t_df_3,student_t,5,insufficient,200,0,0.0,1.734723475976807e-18,0.018845326377266575,,,,,,
v2,student_t_df_3,student_t,8,all,200,200,1.0,0.9811546736227335,1.0,0.005,0.0008831687156009814,0.02777370439789293,0.995,0.9722262956021069,0.9991168312843989
v2,student_t_df_3,student_t,8,acceptable,200,109,0.545,0.47578611372488105,0.6125178069011651,0.0,0.0,0.034042973751325124,1.0,0.9659570262486751,1.0000000000000002
v2,student_t_df_3,student_t,8,caution,200,0,0.0,1.734723475976807e-18,0.018845326377266575,,,,,,
v2,student_t_df_3,student_t,8,insufficient,200,91,0.455,0.387482193098835,0.524213886275119,0.01098901098901099,0.0019424713318492125,0.05964935668650616,0.989010989010989,0.9403506433134939,0.9980575286681509
v3_default,student_t_df_3,student_t,8,all,200,200,1.0,0.9811546736227335,1.0,0.005,0.0008831687156009814,0.02777370439789293,0.995,0.9722262956021069,0.9991168312843989
v3_default,student_t_df_3,student_t,8,acceptable,200,0,0.0,1.734723475976807e-18,0.018845326377266575,,,,,,
v3_default,student_t_df_3,student_t,8,caution,200,200,1.0,0.9811546736227335,1.0,0.005,0.0008831687156009814,0.02777370439789293,0.995,0.9722262956021069,0.9991168312843989
v3_default,student_t_df_3,student_t,8,insufficient,200,0,0.0,1.734723475976807e-18,0.018845326377266575,,,,,,
v3_oracle_simulation_truth,student_t_df_3,student_t,8,all,200,200,1.0,0.9811546736227335,1.0,0.005,0.0008831687156009814,0.02777370439789293,0.995,0.9722262956021069,0.9991168312843989
v3_oracle_simulation_truth,student_t_df_3,student_t,8,acceptable,200,74,0.37,0.30612608409859116,0.4387737007594981,0.0,-3.469446951953614e-18,0.04934977939638607,1.0,0.950650220603614,1.0000000000000002
v3_oracle_simulation_truth,student_t_df_3,student_t,8,caution,200,126,0.63,0.5612262992405018,0.6938739159014088,0.007936507936507936,0.0014023650608123127,0.04358679998516077,0.9920634920634921,0.9564132000148392,0.9985976349391875
v3_oracle_simulation_truth,student_t_df_3,student_t,8,insufficient,200,0,0.0,1.734723475976807e-18,0.018845326377266575,,,,,,
v2,student_t_df_3,student_t,10,all,200,200,1.0,0.9811546736227335,1.0,0.05,0.02738264560076393,0.08957814813877599,0.95,0.9104218518612239,0.972617354399236
v2,student_t_df_3,student_t,10,acceptable,200,111,0.555,0.4857330241280342,0.6221939899704665,0.07207207207207207,0.03697008426552741,0.13580252785944805,0.9279279279279279,0.8641974721405519,0.9630299157344726
v2,student_t_df_3,student_t,10,caution,200,0,0.0,1.734723475976807e-18,0.018845326377266575,,,,,,
v2,student_t_df_3,student_t,10,insufficient,200,89,0.445,0.3778060100295335,0.5142669758719658,0.02247191011235955,0.006184398702128599,0.07827634674822494,0.9775280898876404,0.921723653251775,0.9938156012978714
v3_default,student_t_df_3,student_t,10,all,200,200,1.0,0.9811546736227335,1.0,0.05,0.02738264560076393,0.08957814813877599,0.95,0.9104218518612239,0.972617354399236
v3_default,student_t_df_3,student_t,10,acceptable,200,0,0.0,1.734723475976807e-18,0.018845326377266575,,,,,,
v3_default,student_t_df_3,student_t,10,caution,200,200,1.0,0.9811546736227335,1.0,0.05,0.02738264560076393,0.08957814813877599,0.95,0.9104218518612239,0.972617354399236
v3_default,student_t_df_3,student_t,10,insufficient,200,0,0.0,1.734723475976807e-18,0.018845326377266575,,,,,,
v3_oracle_simulation_truth,student_t_df_3,student_t,10,all,200,200,1.0,0.9811546736227335,1.0,0.05,0.02738264560076393,0.08957814813877599,0.95,0.9104218518612239,0.972617354399236
v3_oracle_simulation_truth,student_t_df_3,student_t,10,acceptable,200,69,0.345,0.2825979437674894,0.4132441074094632,0.057971014492753624,0.02277238888037121,0.13979243357661653,0.9420289855072463,0.8602075664233835,0.9772276111196287
v3_oracle_simulation_truth,student_t_df_3,student_t,10,caution,200,131,0.655,0.5867558925905368,0.7174020562325106,0.04580152671755725,0.02115788476371245,0.096324223181733,0.9541984732824428,0.903675776818267,0.9788421152362876
v3_oracle_simulation_truth,student_t_df_3,student_t,10,insufficient,200,0,0.0,1.734723475976807e-18,0.018845326377266575,,,,,,
v2,student_t_df_3,student_t,15,all,200,200,1.0,0.9811546736227335,1.0,0.05,0.02738264560076393,0.08957814813877599,0.95,0.9104218518612239,0.972617354399236
v2,student_t_df_3,student_t,15,acceptable,200,104,0.52,0.4510378507281424,0.588208336216767,0.04807692307692308,0.020708042325852223,0.10764202797232547,0.9519230769230769,0.8923579720276744,0.9792919576741477
v2,student_t_df_3,student_t,15,caution,200,0,0.0,1.734723475976807e-18,0.018845326377266575,,,,,,
v2,student_t_df_3,student_t,15,insufficient,200,96,0.48,0.411791663783233,0.5489621492718576,0.052083333333333336,0.02244960047424143,0.11618478031492638,0.9479166666666666,0.8838152196850738,0.9775503995257587
v3_default,student_t_df_3,student_t,15,all,200,200,1.0,0.9811546736227335,1.0,0.05,0.02738264560076393,0.08957814813877599,0.95,0.9104218518612239,0.972617354399236
v3_default,student_t_df_3,student_t,15,acceptable,200,0,0.0,1.734723475976807e-18,0.018845326377266575,,,,,,
v3_default,student_t_df_3,student_t,15,caution,200,193,0.965,0.9295293884777092,0.9829444579914328,0.05181347150259067,0.028384343864107146,0.09273576448873569,0.9481865284974094,0.9072642355112643,0.9716156561358928
v3_default,student_t_df_3,student_t,15,insufficient,200,7,0.035,0.017055542008567192,0.07047061152229073,0.0,5.551115123125783e-17,0.35433043506668743,1.0,0.6456695649333126,1.0
v3_oracle_simulation_truth,student_t_df_3,student_t,15,all,200,200,1.0,0.9811546736227335,1.0,0.05,0.02738264560076393,0.08957814813877599,0.95,0.9104218518612239,0.972617354399236
v3_oracle_simulation_truth,student_t_df_3,student_t,15,acceptable,200,77,0.385,0.32033309726923215,0.45400132779753916,0.05194805194805195,0.020384718503645788,0.12609283142476915,0.948051948051948,0.8739071685752308,0.9796152814963542
v3_oracle_simulation_truth,student_t_df_3,student_t,15,caution,200,123,0.615,0.5459986722024608,0.6796669027307678,0.04878048780487805,0.022545774253251702,0.1023460313754423,0.9512195121951219,0.8976539686245577,0.9774542257467482
v3_oracle_simulation_truth,student_t_df_3,student_t,15,insufficient,200,0,0.0,1.734723475976807e-18,0.018845326377266575,,,,,,
v2,student_t_df_3,student_t,20,all,200,200,1.0,0.9811546736227335,1.0,0.045,0.023852543001492997,0.0832967040018196,0.955,0.9167032959981803,0.976147456998507
v2,student_t_df_3,student_t,20,acceptable,200,92,0.46,0.39233051799971463,0.5291771081104667,0.06521739130434782,0.030230203323134093,0.13505796127305872,0.9347826086956522,0.8649420387269413,0.9697697966768659
v2,student_t_df_3,student_t,20,caution,200,0,0.0,1.734723475976807e-18,0.018845326377266575,,,,,,
v2,student_t_df_3,student_t,20,insufficient,200,108,0.54,0.4708228918895333,0.6076694820002854,0.027777777777777776,0.009491339899289714,0.07850338875023635,0.9722222222222222,0.9214966112497636,0.9905086601007103
v3_default,student_t_df_3,student_t,20,all,200,200,1.0,0.9811546736227335,1.0,0.045,0.023852543001492997,0.0832967040018196,0.955,0.9167032959981803,0.976147456998507
v3_default,student_t_df_3,student_t,20,acceptable,200,0,0.0,1.734723475976807e-18,0.018845326377266575,,,,,,
v3_default,student_t_df_3,student_t,20,caution,200,180,0.9,0.8505941875672826,0.9343295513309041,0.05,0.026525138483007187,0.09228080964644456,0.95,0.9077191903535553,0.9734748615169928
v3_default,student_t_df_3,student_t,20,insufficient,200,20,0.1,0.06567044866909588,0.1494058124327174,0.0,0.0,0.16112515805281938,1.0,0.8388748419471806,1.0
v3_oracle_simulation_truth,student_t_df_3,student_t,20,all,200,200,1.0,0.9811546736227335,1.0,0.045,0.023852543001492997,0.0832967040018196,0.955,0.9167032959981803,0.976147456998507
v3_oracle_simulation_truth,student_t_df_3,student_t,20,acceptable,200,65,0.325,0.2639157153923429,0.3926801488397004,0.046153846153846156,0.015819840413512566,0.12713847263338832,0.9538461538461539,0.8728615273666118,0.9841801595864874
v3_oracle_simulation_truth,student_t_df_3,student_t,20,caution,200,135,0.675,0.6073198511602996,0.7360842846076571,0.044444444444444446,0.02052610893950682,0.0935713584542381,0.9555555555555556,0.906428641545762,0.9794738910604933
v3_oracle_simulation_truth,student_t_df_3,student_t,20,insufficient,200,0,0.0,1.734723475976807e-18,0.018845326377266575,,,,,,
v2,student_t_df_3,student_t,30,all,200,200,1.0,0.9811546736227335,1.0,0.025,0.010724719651761264,0.05717834040664198,0.975,0.942821659593358,0.9892752803482386
v2,student_t_df_3,student_t,30,acceptable,200,80,0.4,0.33460578566807336,0.46916327960737997,0.0375,0.012834568919911402,0.10454720090045115,0.9625,0.8954527990995489,0.9871654310800886
v2,student_t_df_3,student_t,30,caution,200,0,0.0,1.734723475976807e-18,0.018845326377266575,,,,,,
v2,student_t_df_3,student_t,30,insufficient,200,120,0.6,0.53083672039262,0.6653942143319266,0.016666666666666666,0.004582564565921141,0.0587359629721589,0.9833333333333333,0.941264037027841,0.9954174354340789
v3_default,student_t_df_3,student_t,30,all,200,200,1.0,0.9811546736227335,1.0,0.025,0.010724719651761264,0.05717834040664198,0.975,0.942821659593358,0.9892752803482386
v3_default,student_t_df_3,student_t,30,acceptable,200,0,0.0,1.734723475976807e-18,0.018845326377266575,,,,,,
v3_default,student_t_df_3,student_t,30,caution,200,185,0.925,0.8799563897637055,0.954025082815618,0.021621621621621623,0.008439587582239266,0.054266233981751344,0.9783783783783784,0.9457337660182488,0.9915604124177608
v3_default,student_t_df_3,student_t,30,insufficient,200,15,0.075,0.04597491718438201,0.12004361023629456,0.06666666666666667,0.011866895493268553,0.2981652987378003,0.9333333333333333,0.7018347012621998,0.9881331045067315
v3_oracle_simulation_truth,student_t_df_3,student_t,30,all,200,200,1.0,0.9811546736227335,1.0,0.025,0.010724719651761264,0.05717834040664198,0.975,0.942821659593358,0.9892752803482386
v3_oracle_simulation_truth,student_t_df_3,student_t,30,acceptable,200,62,0.31,0.2499894483607809,0.37717177566258037,0.03225806451612903,0.008891371499816635,0.11020469594985441,0.967741935483871,0.8897953040501456,0.9911086285001833
v3_oracle_simulation_truth,student_t_df_3,student_t,30,caution,200,138,0.69,0.6228282243374195,0.750010551639219,0.021739130434782608,0.007420393841889743,0.06196311999474526,0.9782608695652174,0.9380368800052548,0.9925796061581103
v3_oracle_simulation_truth,student_t_df_3,student_t,30,insufficient,200,0,0.0,1.734723475976807e-18,0.018845326377266575,,,,,,
v2,student_t_df_3,student_t,40,all,200,200,1.0,0.9811546736227335,1.0,0.06,0.03465219425433187,0.1019316929576627,0.94,0.8980683070423372,0.9653478057456681
v2,student_t_df_3,student_t,40,acceptable,200,58,0.29,0.23154025607067882,0.3563747810077731,0.08620689655172414,0.037385383126191135,0.18643629062873543,0.9137931034482759,0.8135637093712647,0.962614616873809
v2,student_t_df_3,student_t,40,caution,200,32,0.16,0.1156741203158702,0.21714070162067106,0.03125,0.005537860164003122,0.15744263820012558,0.96875,0.8425573617998744,0.9944621398359969
v2,student_t_df_3,student_t,40,insufficient,200,110,0.55,0.48075615138475697,0.6173593159775166,0.05454545454545454,0.025235827051103485,0.11391786075998823,0.9454545454545454,0.8860821392400117,0.9747641729488964
v3_default,student_t_df_3,student_t,40,all,200,200,1.0,0.9811546736227335,1.0,0.06,0.03465219425433187,0.1019316929576627,0.94,0.8980683070423372,0.9653478057456681
v3_default,student_t_df_3,student_t,40,acceptable,200,0,0.0,1.734723475976807e-18,0.018845326377266575,,,,,,
v3_default,student_t_df_3,student_t,40,caution,200,179,0.895,0.8448196800887696,0.9302925120731899,0.061452513966480445,0.03465718909747408,0.1066754112184963,0.9385474860335196,0.8933245887815037,0.9653428109025258
v3_default,student_t_df_3,student_t,40,insufficient,200,21,0.105,0.06970748792681017,0.1551803199112304,0.047619047619047616,0.008455987809826399,0.22669360074122563,0.9523809523809523,0.7733063992587743,0.9915440121901737
v3_oracle_simulation_truth,student_t_df_3,student_t,40,all,200,200,1.0,0.9811546736227335,1.0,0.06,0.03465219425433187,0.1019316929576627,0.94,0.8980683070423372,0.9653478057456681
v3_oracle_simulation_truth,student_t_df_3,student_t,40,acceptable,200,44,0.22,0.16816538358833258,0.28238799918293667,0.06818181818181818,0.023459395907381622,0.18225044370221527,0.9318181818181818,0.8177495562977846,0.9765406040926183
v3_oracle_simulation_truth,student_t_df_3,student_t,40,caution,200,156,0.78,0.7176120008170632,0.8318346164116674,0.057692307692307696,0.03064574216379553,0.10599877410776384,0.9423076923076923,0.8940012258922361,0.9693542578362044
v3_oracle_simulation_truth,student_t_df_3,student_t,40,insufficient,200,0,0.0,1.734723475976807e-18,0.018845326377266575,,,,,,
v2,student_t_df_3,student_t,50,all,200,200,1.0,0.9811546736227335,1.0,0.05,0.02738264560076393,0.08957814813877599,0.95,0.9104218518612239,0.972617354399236
v2,student_t_df_3,student_t,50,acceptable,200,41,0.205,0.15486176203836208,0.26625698052422514,0.04878048780487805,0.013480945365169042,0.16138978870370846,0.9512195121951219,0.8386102112962914,0.9865190546348308
v2,student_t_df_3,student_t,50,caution,200,33,0.165,0.11996855328217307,0.2226578153905955,0.06060606060606061,0.016780883087191875,0.1960624480864781,0.9393939393939394,0.8039375519135219,0.9832191169128082
v2,student_t_df_3,student_t,50,insufficient,200,126,0.63,0.5612262992405018,0.6938739159014088,0.047619047619047616,0.02200448838795111,0.10000167947689512,0.9523809523809523,0.8999983205231048,0.9779955116120489
v3_default,student_t_df_3,student_t,50,all,200,200,1.0,0.9811546736227335,1.0,0.05,0.02738264560076393,0.08957814813877599,0.95,0.9104218518612239,0.972617354399236
v3_default,student_t_df_3,student_t,50,acceptable,200,0,0.0,1.734723475976807e-18,0.018845326377266575,,,,,,
v3_default,student_t_df_3,student_t,50,caution,200,182,0.91,0.8622342812328346,0.9423125511378069,0.04945054945054945,0.02623122405108992,0.09129615094529059,0.9505494505494505,0.9087038490547094,0.9737687759489101
v3_default,student_t_df_3,student_t,50,insufficient,200,18,0.09,0.05768744886219316,0.13776571876716542,0.05555555555555555,0.009875190978303097,0.25757300781872594,0.9444444444444444,0.7424269921812741,0.990124809021697
v3_oracle_simulation_truth,student_t_df_3,student_t,50,all,200,200,1.0,0.9811546736227335,1.0,0.05,0.02738264560076393,0.08957814813877599,0.95,0.9104218518612239,0.972617354399236
v3_oracle_simulation_truth,student_t_df_3,student_t,50,acceptable,200,37,0.185,0.13730192800616042,0.2445706276115175,0.05405405405405406,0.014950976833157673,0.17704654350813104,0.9459459459459459,0.822953456491869,0.9850490231668423
v3_oracle_simulation_truth,student_t_df_3,student_t,50,caution,200,163,0.815,0.7554293723884824,0.8626980719938395,0.049079754601226995,0.02507639118181778,0.09384763981708341,0.950920245398773,0.9061523601829166,0.9749236088181822
v3_oracle_simulation_truth,student_t_df_3,student_t,50,insufficient,200,0,0.0,1.734723475976807e-18,0.018845326377266575,,,,,,
v2,student_t_df_3,student_t,80,all,200,200,1.0,0.9811546736227335,1.0,0.025,0.010724719651761264,0.05717834040664198,0.975,0.942821659593358,0.9892752803482386
v2,student_t_df_3,student_t,80,acceptable,200,16,0.08,0.049840585889759974,0.12598948826714396,0.0,0.0,0.1936076805344365,1.0,0.8063923194655637,1.0000000000000002
v2,student_t_df_3,student_t,80,caution,200,119,0.595,0.525797100813387,0.6606222871749323,0.025210084033613446,0.008610231289265309,0.07150489364635793,0.9747899159663865,0.9284951063536421,0.9913897687107348
v2,student_t_df_3,student_t,80,insufficient,200,65,0.325,0.2639157153923429,0.3926801488397004,0.03076923076923077,0.008478997236440126,0.10542705523577942,0.9692307692307692,0.8945729447642206,0.9915210027635599
v3_default,student_t_df_3,student_t,80,all,200,200,1.0,0.9811546736227335,1.0,0.025,0.010724719651761264,0.05717834040664198,0.975,0.942821659593358,0.9892752803482386
v3_default,student_t_df_3,student_t,80,acceptable,200,0,0.0,1.734723475976807e-18,0.018845326377266575,,,,,,
v3_default,student_t_df_3,student_t,80,caution,200,170,0.85,0.7939442071583334,0.89286406437758,0.023529411764705882,0.00918729517494667,0.05892913056736028,0.9764705882352941,0.9410708694326396,0.9908127048250533
v3_default,student_t_df_3,student_t,80,insufficient,200,30,0.15,0.10713593562241995,0.20605579284166659,0.03333333333333333,0.005908590381612455,0.16670390991409173,0.9666666666666667,0.8332960900859082,0.9940914096183874
v3_oracle_simulation_truth,student_t_df_3,student_t,80,all,200,200,1.0,0.9811546736227335,1.0,0.025,0.010724719651761264,0.05717834040664198,0.975,0.942821659593358,0.9892752803482386
v3_oracle_simulation_truth,student_t_df_3,student_t,80,acceptable,200,16,0.08,0.049840585889759974,0.12598948826714396,0.0,0.0,0.1936076805344365,1.0,0.8063923194655637,1.0000000000000002
v3_oracle_simulation_truth,student_t_df_3,student_t,80,caution,200,184,0.92,0.874010511732856,0.9501594141102401,0.02717391304347826,0.011661718017993986,0.06202520342945188,0.9728260869565217,0.9379747965705482,0.988338281982006
v3_oracle_simulation_truth,student_t_df_3,student_t,80,insufficient,200,0,0.0,1.734723475976807e-18,0.018845326377266575,,,,,,
v2,student_t_df_3,student_t,100,all,200,200,1.0,0.9811546736227335,1.0,0.045,0.023852543001492997,0.0832967040018196,0.955,0.9167032959981803,0.976147456998507
v2,student_t_df_3,student_t,100,acceptable,200,15,0.075,0.04597491718438201,0.12004361023629456,0.06666666666666667,0.011866895493268553,0.2981652987378003,0.9333333333333333,0.7018347012621998,0.9881331045067315
v2,student_t_df_3,student_t,100,caution,200,123,0.615,0.5459986722024608,0.6796669027307678,0.04878048780487805,0.022545774253251702,0.1023460313754423,0.9512195121951219,0.8976539686245577,0.9774542257467482
v2,student_t_df_3,student_t,100,insufficient,200,62,0.31,0.2499894483607809,0.37717177566258037,0.03225806451612903,0.008891371499816635,0.11020469594985441,0.967741935483871,0.8897953040501456,0.9911086285001833
v3_default,student_t_df_3,student_t,100,all,200,200,1.0,0.9811546736227335,1.0,0.045,0.023852543001492997,0.0832967040018196,0.955,0.9167032959981803,0.976147456998507
v3_default,student_t_df_3,student_t,100,acceptable,200,0,0.0,1.734723475976807e-18,0.018845326377266575,,,,,,
v3_default,student_t_df_3,student_t,100,caution,200,172,0.86,0.8051011913429243,0.9013301736654437,0.040697674418604654,0.019851496695580294,0.0816118268024754,0.9593023255813954,0.9183881731975246,0.9801485033044198
v3_default,student_t_df_3,student_t,100,insufficient,200,28,0.14,0.09866982633455634,0.1948988086570756,0.07142857142857142,0.019812064115305755,0.22645362568399052,0.9285714285714286,0.7735463743160095,0.9801879358846942
v3_oracle_simulation_truth,student_t_df_3,student_t,100,all,200,200,1.0,0.9811546736227335,1.0,0.045,0.023852543001492997,0.0832967040018196,0.955,0.9167032959981803,0.976147456998507
v3_oracle_simulation_truth,student_t_df_3,student_t,100,acceptable,200,15,0.075,0.04597491718438201,0.12004361023629456,0.06666666666666667,0.011866895493268553,0.2981652987378003,0.9333333333333333,0.7018347012621998,0.9881331045067315
v3_oracle_simulation_truth,student_t_df_3,student_t,100,caution,200,185,0.925,0.8799563897637055,0.954025082815618,0.043243243243243246,0.022072326950170185,0.08299707330019375,0.9567567567567568,0.9170029266998063,0.9779276730498299
v3_oracle_simulation_truth,student_t_df_3,student_t,100,insufficient,200,0,0.0,1.734723475976807e-18,0.018845326377266575,,,,,,
v2,student_t_df_3,student_t,200,all,200,200,1.0,0.9811546736227335,1.0,0.03,0.013820314340111346,0.06389429245451925,0.97,0.9361057075454807,0.9861796856598887
v2,student_t_df_3,student_t,200,acceptable,200,0,0.0,1.734723475976807e-18,0.018845326377266575,,,,,,
v2,student_t_df_3,student_t,200,caution,200,163,0.815,0.7554293723884824,0.8626980719938395,0.024539877300613498,0.009583521690912599,0.06139079670928933,0.9754601226993865,0.9386092032907107,0.9904164783090874
v2,student_t_df_3,student_t,200,insufficient,200,37,0.185,0.13730192800616042,0.2445706276115175,0.05405405405405406,0.014950976833157673,0.17704654350813104,0.9459459459459459,0.822953456491869,0.9850490231668423
v3_default,student_t_df_3,student_t,200,all,200,200,1.0,0.9811546736227335,1.0,0.03,0.013820314340111346,0.06389429245451925,0.97,0.9361057075454807,0.9861796856598887
v3_default,student_t_df_3,student_t,200,acceptable,200,0,0.0,1.734723475976807e-18,0.018845326377266575,,,,,,
v3_default,student_t_df_3,student_t,200,caution,200,164,0.82,0.7608852497127511,0.8670537414057983,0.024390243902439025,0.009524838224461082,0.06102661493792126,0.975609756097561,0.9389733850620786,0.9904751617755388
v3_default,student_t_df_3,student_t,200,insufficient,200,36,0.18,0.13294625859420173,0.23911475028724882,0.05555555555555555,0.015369986664161853,0.18144657208647252,0.9444444444444444,0.8185534279135275,0.9846300133358382
v3_oracle_simulation_truth,student_t_df_3,student_t,200,all,200,200,1.0,0.9811546736227335,1.0,0.03,0.013820314340111346,0.06389429245451925,0.97,0.9361057075454807,0.9861796856598887
v3_oracle_simulation_truth,student_t_df_3,student_t,200,acceptable,200,1,0.005,0.0008831687156009814,0.02777370439789293,0.0,0.0,0.7934506856227626,1.0,0.20654931437723745,1.0
v3_oracle_simulation_truth,student_t_df_3,student_t,200,caution,200,199,0.995,0.9722262956021069,0.9991168312843989,0.03015075376884422,0.013890126214792575,0.06420761037611564,0.9698492462311558,0.9357923896238843,0.9861098737852073
v3_oracle_simulation_truth,student_t_df_3,student_t,200,insufficient,200,0,0.0,1.734723475976807e-18,0.018845326377266575,,,,,,
v2,student_t_df_3,student_t,500,all,200,200,1.0,0.9811546736227335,1.0,0.045,0.023852543001492997,0.0832967040018196,0.955,0.9167032959981803,0.976147456998507
v2,student_t_df_3,student_t,500,acceptable,200,0,0.0,1.734723475976807e-18,0.018845326377266575,,,,,,
v2,student_t_df_3,student_t,500,caution,200,164,0.82,0.7608852497127511,0.8670537414057983,0.04878048780487805,0.024922210615967555,0.09329327058936952,0.9512195121951219,0.9067067294106304,0.9750777893840323
v2,student_t_df_3,student_t,500,insufficient,200,36,0.18,0.13294625859420173,0.23911475028724882,0.027777777777777776,0.004920407139810443,0.14169718653273855,0.9722222222222222,0.8583028134672614,0.9950795928601897
v3_default,student_t_df_3,student_t,500,all,200,200,1.0,0.9811546736227335,1.0,0.045,0.023852543001492997,0.0832967040018196,0.955,0.9167032959981803,0.976147456998507
v3_default,student_t_df_3,student_t,500,acceptable,200,0,0.0,1.734723475976807e-18,0.018845326377266575,,,,,,
v3_default,student_t_df_3,student_t,500,caution,200,164,0.82,0.7608852497127511,0.8670537414057983,0.04878048780487805,0.024922210615967555,0.09329327058936952,0.9512195121951219,0.9067067294106304,0.9750777893840323
v3_default,student_t_df_3,student_t,500,insufficient,200,36,0.18,0.13294625859420173,0.23911475028724882,0.027777777777777776,0.004920407139810443,0.14169718653273855,0.9722222222222222,0.8583028134672614,0.9950795928601897
v3_oracle_simulation_truth,student_t_df_3,student_t,500,all,200,200,1.0,0.9811546736227335,1.0,0.045,0.023852543001492997,0.0832967040018196,0.955,0.9167032959981803,0.976147456998507
v3_oracle_simulation_truth,student_t_df_3,student_t,500,acceptable,200,0,0.0,1.734723475976807e-18,0.018845326377266575,,,,,,
v3_oracle_simulation_truth,student_t_df_3,student_t,500,caution,200,200,1.0,0.9811546736227335,1.0,0.045,0.023852543001492997,0.0832967040018196,0.955,0.9167032959981803,0.976147456998507
v3_oracle_simulation_truth,student_t_df_3,student_t,500,insufficient,200,0,0.0,1.734723475976807e-18,0.018845326377266575,,,,,,
v2,student_t_df_3,student_t,750,all,200,200,1.0,0.9811546736227335,1.0,0.055,0.03098534170345884,0.0957869987723084,0.945,0.9042130012276914,0.9690146582965411
v2,student_t_df_3,student_t,750,acceptable,200,0,0.0,1.734723475976807e-18,0.018845326377266575,,,,,,
v2,student_t_df_3,student_t,750,caution,200,152,0.76,0.6962665902079583,0.8139338400758631,0.039473684210526314,0.018214604707815794,0.08343651522247675,0.9605263157894737,0.9165634847775233,0.9817853952921842
v2,student_t_df_3,student_t,750,insufficient,200,48,0.24,0.1860661599241369,0.30373340979204166,0.10416666666666667,0.045321719041813105,0.2216742169438633,0.8958333333333334,0.7783257830561368,0.9546782809581869
v3_default,student_t_df_3,student_t,750,all,200,200,1.0,0.9811546736227335,1.0,0.055,0.03098534170345884,0.0957869987723084,0.945,0.9042130012276914,0.9690146582965411
v3_default,student_t_df_3,student_t,750,acceptable,200,0,0.0,1.734723475976807e-18,0.018845326377266575,,,,,,
v3_default,student_t_df_3,student_t,750,caution,200,151,0.755,0.6909575644379659,0.8094313191096282,0.039735099337748346,0.018336067205401298,0.08397153788529008,0.9602649006622517,0.91602846211471,0.9816639327945987
v3_default,student_t_df_3,student_t,750,insufficient,200,49,0.245,0.1905686808903718,0.30904243556203415,0.10204081632653061,0.04437954674476266,0.21756361549195893,0.8979591836734694,0.7824363845080409,0.9556204532552373
v3_oracle_simulation_truth,student_t_df_3,student_t,750,all,200,200,1.0,0.9811546736227335,1.0,0.055,0.03098534170345884,0.0957869987723084,0.945,0.9042130012276914,0.9690146582965411
v3_oracle_simulation_truth,student_t_df_3,student_t,750,acceptable,200,0,0.0,1.734723475976807e-18,0.018845326377266575,,,,,,
v3_oracle_simulation_truth,student_t_df_3,student_t,750,caution,200,200,1.0,0.9811546736227335,1.0,0.055,0.03098534170345884,0.0957869987723084,0.945,0.9042130012276914,0.9690146582965411
v3_oracle_simulation_truth,student_t_df_3,student_t,750,insufficient,200,0,0.0,1.734723475976807e-18,0.018845326377266575,,,,,,
v2,student_t_df_3,student_t,2000,all,200,200,1.0,0.9811546736227335,1.0,0.055,0.03098534170345884,0.0957869987723084,0.945,0.9042130012276914,0.9690146582965411
v2,student_t_df_3,student_t,2000,acceptable,200,0,0.0,1.734723475976807e-18,0.018845326377266575,,,,,,
v2,student_t_df_3,student_t,2000,caution,200,133,0.665,0.5970219120796653,0.7267591302158368,0.06015037593984962,0.030791181931100718,0.11420477902757886,0.9398496240601504,0.885795220972421,0.9692088180688992
v2,student_t_df_3,student_t,2000,insufficient,200,67,0.335,0.2732408697841632,0.40297808792033485,0.04477611940298507,0.015343975122038639,0.12357833089093759,0.9552238805970149,0.8764216691090624,0.9846560248779613
v3_default,student_t_df_3,student_t,2000,all,200,200,1.0,0.9811546736227335,1.0,0.055,0.03098534170345884,0.0957869987723084,0.945,0.9042130012276914,0.9690146582965411
v3_default,student_t_df_3,student_t,2000,acceptable,200,0,0.0,1.734723475976807e-18,0.018845326377266575,,,,,,
v3_default,student_t_df_3,student_t,2000,caution,200,155,0.775,0.7122587676433947,0.8273763028491088,0.06451612903225806,0.03541805904536504,0.11467788566392656,0.9354838709677419,0.8853221143360734,0.964581940954635
v3_default,student_t_df_3,student_t,2000,insufficient,200,45,0.225,0.17262369715089126,0.2877412323566053,0.022222222222222223,0.003933598882833428,0.1156668176841488,0.9777777777777777,0.8843331823158513,0.9960664011171667
v3_oracle_simulation_truth,student_t_df_3,student_t,2000,all,200,200,1.0,0.9811546736227335,1.0,0.055,0.03098534170345884,0.0957869987723084,0.945,0.9042130012276914,0.9690146582965411
v3_oracle_simulation_truth,student_t_df_3,student_t,2000,acceptable,200,0,0.0,1.734723475976807e-18,0.018845326377266575,,,,,,
v3_oracle_simulation_truth,student_t_df_3,student_t,2000,caution,200,200,1.0,0.9811546736227335,1.0,0.055,0.03098534170345884,0.0957869987723084,0.945,0.9042130012276914,0.9690146582965411
v3_oracle_simulation_truth,student_t_df_3,student_t,2000,insufficient,200,0,0.0,1.734723475976807e-18,0.018845326377266575,,,,,,
v2,student_t_df_30,student_t,5,all,200,200,1.0,0.9811546736227335,1.0,0.035,0.017055542008567192,0.07047061152229073,0.965,0.9295293884777092,0.9829444579914328
v2,student_t_df_30,student_t,5,acceptable,200,129,0.645,0.5765211307549043,0.7080137245956883,0.031007751937984496,0.012123038313399205,0.07701674474692846,0.9689922480620154,0.9229832552530715,0.9878769616866008
v2,student_t_df_30,student_t,5,caution,200,0,0.0,1.734723475976807e-18,0.018845326377266575,,,,,,
v2,student_t_df_30,student_t,5,insufficient,200,71,0.355,0.2919862754043116,0.42347886924509565,0.04225352112676056,0.014473260620475319,0.11702416040484681,0.9577464788732394,0.882975839595153,0.9855267393795246
v3_default,student_t_df_30,student_t,5,all,200,200,1.0,0.9811546736227335,1.0,0.035,0.017055542008567192,0.07047061152229073,0.965,0.9295293884777092,0.9829444579914328
v3_default,student_t_df_30,student_t,5,acceptable,200,0,0.0,1.734723475976807e-18,0.018845326377266575,,,,,,
v3_default,student_t_df_30,student_t,5,caution,200,200,1.0,0.9811546736227335,1.0,0.035,0.017055542008567192,0.07047061152229073,0.965,0.9295293884777092,0.9829444579914328
v3_default,student_t_df_30,student_t,5,insufficient,200,0,0.0,1.734723475976807e-18,0.018845326377266575,,,,,,
v3_oracle_simulation_truth,student_t_df_30,student_t,5,all,200,200,1.0,0.9811546736227335,1.0,0.035,0.017055542008567192,0.07047061152229073,0.965,0.9295293884777092,0.9829444579914328
v3_oracle_simulation_truth,student_t_df_30,student_t,5,acceptable,200,91,0.455,0.387482193098835,0.524213886275119,0.04395604395604396,0.01722436644411733,0.10763093384266353,0.9560439560439561,0.8923690661573366,0.9827756335558827
v3_oracle_simulation_truth,student_t_df_30,student_t,5,caution,200,109,0.545,0.47578611372488105,0.6125178069011651,0.027522935779816515,0.00940385586167223,0.07781106428866252,0.9724770642201835,0.9221889357113375,0.9905961441383277
v3_oracle_simulation_truth,student_t_df_30,student_t,5,insufficient,200,0,0.0,1.734723475976807e-18,0.018845326377266575,,,,,,
v2,student_t_df_30,student_t,8,all,200,200,1.0,0.9811546736227335,1.0,0.06,0.03465219425433187,0.1019316929576627,0.94,0.8980683070423372,0.9653478057456681
v2,student_t_df_30,student_t,8,acceptable,200,149,0.745,0.6803707417954529,0.8003950482796865,0.053691275167785234,0.027454242692336622,0.10236301352720209,0.9463087248322147,0.8976369864727979,0.9725457573076633
v2,student_t_df_30,student_t,8,caution,200,0,0.0,1.734723475976807e-18,0.018845326377266575,,,,,,
v2,student_t_df_30,student_t,8,insufficient,200,51,0.255,0.1996049517203135,0.3196292582045472,0.0784313725490196,0.03092219678848919,0.18499946312595889,0.9215686274509803,0.8150005368740411,0.9690778032115107
v3_default,student_t_df_30,student_t,8,all,200,200,1.0,0.9811546736227335,1.0,0.06,0.03465219425433187,0.1019316929576627,0.94,0.8980683070423372,0.9653478057456681
v3_default,student_t_df_30,student_t,8,acceptable,200,0,0.0,1.734723475976807e-18,0.018845326377266575,,,,,,
v3_default,student_t_df_30,student_t,8,caution,200,200,1.0,0.9811546736227335,1.0,0.06,0.03465219425433187,0.1019316929576627,0.94,0.8980683070423372,0.9653478057456681
v3_default,student_t_df_30,student_t,8,insufficient,200,0,0.0,1.734723475976807e-18,0.018845326377266575,,,,,,
v3_oracle_simulation_truth,student_t_df_30,student_t,8,all,200,200,1.0,0.9811546736227335,1.0,0.06,0.03465219425433187,0.1019316929576627,0.94,0.8980683070423372,0.9653478057456681
v3_oracle_simulation_truth,student_t_df_30,student_t,8,acceptable,200,120,0.6,0.53083672039262,0.6653942143319266,0.06666666666666667,0.03416530686090633,0.12605130403530337,0.9333333333333333,0.8739486959646967,0.9658346931390938
v3_oracle_simulation_truth,student_t_df_30,student_t,8,caution,200,80,0.4,0.33460578566807336,0.46916327960737997,0.05,0.01961355453554428,0.1216227620464301,0.95,0.8783772379535698,0.9803864454644556
v3_oracle_simulation_truth,student_t_df_30,student_t,8,insufficient,200,0,0.0,1.734723475976807e-18,0.018845326377266575,,,,,,
v2,student_t_df_30,student_t,10,all,200,200,1.0,0.9811546736227335,1.0,0.035,0.017055542008567192,0.07047061152229073,0.965,0.9295293884777092,0.9829444579914328
v2,student_t_df_30,student_t,10,acceptable,200,146,0.73,0.6645656480133157,0.7867655018531416,0.03424657534246575,0.014715123499648312,0.07765890255182872,0.9657534246575342,0.9223410974481712,0.9852848765003517
v2,student_t_df_30,student_t,10,caution,200,0,0.0,1.734723475976807e-18,0.018845326377266575,,,,,,
v2,student_t_df_30,student_t,10,insufficient,200,54,0.27,0.21323449814685846,0.33543435198668425,0.037037037037037035,0.01021636794844559,0.12535176917275476,0.9629629629629629,0.8746482308272452,0.9897836320515545
v3_default,student_t_df_30,student_t,10,all,200,200,1.0,0.9811546736227335,1.0,0.035,0.017055542008567192,0.07047061152229073,0.965,0.9295293884777092,0.9829444579914328
v3_default,student_t_df_30,student_t,10,acceptable,200,0,0.0,1.734723475976807e-18,0.018845326377266575,,,,,,
v3_default,student_t_df_30,student_t,10,caution,200,200,1.0,0.9811546736227335,1.0,0.035,0.017055542008567192,0.07047061152229073,0.965,0.9295293884777092,0.9829444579914328
v3_default,student_t_df_30,student_t,10,insufficient,200,0,0.0,1.734723475976807e-18,0.018845326377266575,,,,,,
v3_oracle_simulation_truth,student_t_df_30,student_t,10,all,200,200,1.0,0.9811546736227335,1.0,0.035,0.017055542008567192,0.07047061152229073,0.965,0.9295293884777092,0.9829444579914328
v3_oracle_simulation_truth,student_t_df_30,student_t,10,acceptable,200,112,0.56,0.4907167533465867,0.6270218074881414,0.026785714285714284,0.009150819945928902,0.07580545495671442,0.9732142857142857,0.9241945450432856,0.9908491800540711
v3_oracle_simulation_truth,student_t_df_30,student_t,10,caution,200,88,0.44,0.37297819251185865,0.5092832466534134,0.045454545454545456,0.01781624923590725,0.11111744773217658,0.9545454545454546,0.8888825522678235,0.9821837507640928
v3_oracle_simulation_truth,student_t_df_30,student_t,10,insufficient,200,0,0.0,1.734723475976807e-18,0.018845326377266575,,,,,,
v2,student_t_df_30,student_t,15,all,200,200,1.0,0.9811546736227335,1.0,0.05,0.02738264560076393,0.08957814813877599,0.95,0.9104218518612239,0.972617354399236
v2,student_t_df_30,student_t,15,acceptable,200,161,0.805,0.7445595562538726,0.8539447946559949,0.049689440993788817,0.025390547575837065,0.09497637323791658,0.9503105590062112,0.9050236267620834,0.974609452424163
v2,student_t_df_30,student_t,15,caution,200,0,0.0,1.734723475976807e-18,0.018845326377266575,,,,,,
v2,student_t_df_30,student_t,15,insufficient,200,39,0.195,0.1460552053440051,0.25544044374612745,0.05128205128205128,0.014177955415274113,0.16885640047613612,0.9487179487179487,0.8311435995238639,0.9858220445847259
v3_default,student_t_df_30,student_t,15,all,200,200,1.0,0.9811546736227335,1.0,0.05,0.02738264560076393,0.08957814813877599,0.95,0.9104218518612239,0.972617354399236
v3_default,student_t_df_30,student_t,15,acceptable,200,0,0.0,1.734723475976807e-18,0.018845326377266575,,,,,,
v3_default,student_t_df_30,student_t,15,caution,200,200,1.0,0.9811546736227335,1.0,0.05,0.02738264560076393,0.08957814813877599,0.95,0.9104218518612239,0.972617354399236
v3_default,student_t_df_30,student_t,15,insufficient,200,0,0.0,1.734723475976807e-18,0.018845326377266575,,,,,,
v3_oracle_simulation_truth,student_t_df_30,student_t,15,all,200,200,1.0,0.9811546736227335,1.0,0.05,0.02738264560076393,0.08957814813877599,0.95,0.9104218518612239,0.972617354399236
v3_oracle_simulation_truth,student_t_df_30,student_t,15,acceptable,200,135,0.675,0.6073198511602996,0.7360842846076571,0.05185185185185185,0.025341171985529154,0.10316121463758576,0.9481481481481482,0.8968387853624143,0.9746588280144709
v3_oracle_simulation_truth,student_t_df_30,student_t,15,caution,200,65,0.325,0.2639157153923429,0.3926801488397004,0.046153846153846156,0.015819840413512566,0.12713847263338832,0.9538461538461539,0.8728615273666118,0.9841801595864874
v3_oracle_simulation_truth,student_t_df_30,student_t,15,insufficient,200,0,0.0,1.734723475976807e-18,0.018845326377266575,,,,,,
v2,student_t_df_30,student_t,20,all,200,200,1.0,0.9811546736227335,1.0,0.03,0.013820314340111346,0.06389429245451925,0.97,0.9361057075454807,0.9861796856598887
v2,student_t_df_30,student_t,20,acceptable,200,165,0.825,0.7663556885175099,0.8713948493372666,0.03636363636363636,0.016770425100627574,0.07705403561738483,0.9636363636363636,0.9229459643826151,0.9832295748993723
v2,student_t_df_30,student_t,20,caution,200,0,0.0,1.734723475976807e-18,0.018845326377266575,,,,,,
v2,student_t_df_30,student_t,20,insufficient,200,35,0.175,0.12860515066273331,0.23364431148248993,0.0,6.938893903907228e-18,0.09890099232440402,1.0,0.9010990076755959,0.9999999999999999
v3_default,student_t_df_30,student_t,20,all,200,200,1.0,0.9811546736227335,1.0,0.03,0.013820314340111346,0.06389429245451925,0.97,0.9361057075454807,0.9861796856598887
v3_default,student_t_df_30,student_t,20,acceptable,200,0,0.0,1.734723475976807e-18,0.018845326377266575,,,,,,
v3_default,student_t_df_30,student_t,20,caution,200,200,1.0,0.9811546736227335,1.0,0.03,0.013820314340111346,0.06389429245451925,0.97,0.9361057075454807,0.9861796856598887
v3_default,student_t_df_30,student_t,20,insufficient,200,0,0.0,1.734723475976807e-18,0.018845326377266575,,,,,,
v3_oracle_simulation_truth,student_t_df_30,student_t,20,all,200,200,1.0,0.9811546736227335,1.0,0.03,0.013820314340111346,0.06389429245451925,0.97,0.9361057075454807,0.9861796856598887
v3_oracle_simulation_truth,student_t_df_30,student_t,20,acceptable,200,141,0.705,0.6384128547538122,0.7638605614315084,0.03546099290780142,0.015240176278430606,0.08032264760771309,0.9645390070921985,0.9196773523922869,0.9847598237215694
v3_oracle_simulation_truth,student_t_df_30,student_t,20,caution,200,59,0.295,0.23613943856849148,0.36158714524618774,0.01694915254237288,0.0029982339183556445,0.08995725964142297,0.9830508474576272,0.9100427403585771,0.9970017660816444
v3_oracle_simulation_truth,student_t_df_30,student_t,20,insufficient,200,0,0.0,1.734723475976807e-18,0.018845326377266575,,,,,,
v2,student_t_df_30,student_t,30,all,200,200,1.0,0.9811546736227335,1.0,0.045,0.023852543001492997,0.0832967040018196,0.955,0.9167032959981803,0.976147456998507
v2,student_t_df_30,student_t,30,acceptable,200,169,0.845,0.7883930940765792,0.8886036307231068,0.047337278106508875,0.024178901084667415,0.09061681376334063,0.9526627218934911,0.9093831862366594,0.9758210989153325
v2,student_t_df_30,student_t,30,caution,200,0,0.0,1.734723475976807e-18,0.018845326377266575,,,,,,
v2,student_t_df_30,student_t,30,insufficient,200,31,0.155,0.11139636927689314,0.21160690592342077,0.03225806451612903,0.005717221525416816,0.16194105164724906,0.967741935483871,0.838058948352751,0.9942827784745831
v3_default,student_t_df_30,student_t,30,all,200,200,1.0,0.9811546736227335,1.0,0.045,0.023852543001492997,0.0832967040018196,0.955,0.9167032959981803,0.976147456998507
v3_default,student_t_df_30,student_t,30,acceptable,200,0,0.0,1.734723475976807e-18,0.018845326377266575,,,,,,
v3_default,student_t_df_30,student_t,30,caution,200,200,1.0,0.9811546736227335,1.0,0.045,0.023852543001492997,0.0832967040018196,0.955,0.9167032959981803,0.976147456998507
v3_default,student_t_df_30,student_t,30,insufficient,200,0,0.0,1.734723475976807e-18,0.018845326377266575,,,,,,
v3_oracle_simulation_truth,student_t_df_30,student_t,30,all,200,200,1.0,0.9811546736227335,1.0,0.045,0.023852543001492997,0.0832967040018196,0.955,0.9167032959981803,0.976147456998507
v3_oracle_simulation_truth,student_t_df_30,student_t,30,acceptable,200,153,0.765,0.7015863111723746,0.8184256658476741,0.05228758169934641,0.02673004958411372,0.09977641732765787,0.9477124183006536,0.9002235826723421,0.9732699504158864
v3_oracle_simulation_truth,student_t_df_30,student_t,30,caution,200,47,0.235,0.18157433415232588,0.29841368882762537,0.02127659574468085,0.0037657680385967812,0.11112981041629329,0.9787234042553191,0.8888701895837066,0.996234231961403
v3_oracle_simulation_truth,student_t_df_30,student_t,30,insufficient,200,0,0.0,1.734723475976807e-18,0.018845326377266575,,,,,,
v2,student_t_df_30,student_t,40,all,200,200,1.0,0.9811546736227335,1.0,0.05,0.02738264560076393,0.08957814813877599,0.95,0.9104218518612239,0.972617354399236
v2,student_t_df_30,student_t,40,acceptable,200,184,0.92,0.874010511732856,0.9501594141102401,0.05434782608695652,0.029785256960549615,0.09713804831175568,0.9456521739130435,0.9028619516882443,0.9702147430394503
v2,student_t_df_30,student_t,40,caution,200,11,0.055,0.03098534170345884,0.0957869987723084,0.0,0.0,0.2588329669680317,1.0,0.7411670330319684,1.0
v2,student_t_df_30,student_t,40,insufficient,200,5,0.025,0.010724719651761264,0.05717834040664198,0.0,0.0,0.43448246478317476,1.0,0.5655175352168251,1.0
v3_default,student_t_df_30,student_t,40,all,200,200,1.0,0.9811546736227335,1.0,0.05,0.02738264560076393,0.08957814813877599,0.95,0.9104218518612239,0.972617354399236
v3_default,student_t_df_30,student_t,40,acceptable,200,0,0.0,1.734723475976807e-18,0.018845326377266575,,,,,,
v3_default,student_t_df_30,student_t,40,caution,200,200,1.0,0.9811546736227335,1.0,0.05,0.02738264560076393,0.08957814813877599,0.95,0.9104218518612239,0.972617354399236
v3_default,student_t_df_30,student_t,40,insufficient,200,0,0.0,1.734723475976807e-18,0.018845326377266575,,,,,,
v3_oracle_simulation_truth,student_t_df_30,student_t,40,all,200,200,1.0,0.9811546736227335,1.0,0.05,0.02738264560076393,0.08957814813877599,0.95,0.9104218518612239,0.972617354399236
v3_oracle_simulation_truth,student_t_df_30,student_t,40,acceptable,200,169,0.845,0.7883930940765792,0.8886036307231068,0.05917159763313609,0.03245500078606747,0.10548330975218873,0.9408284023668639,0.8945166902478113,0.9675449992139326
v3_oracle_simulation_truth,student_t_df_30,student_t,40,caution,200,31,0.155,0.11139636927689314,0.21160690592342077,0.0,0.0,0.11025539546043596,1.0,0.889744604539564,1.0
v3_oracle_simulation_truth,student_t_df_30,student_t,40,insufficient,200,0,0.0,1.734723475976807e-18,0.018845326377266575,,,,,,
v2,student_t_df_30,student_t,50,all,200,200,1.0,0.9811546736227335,1.0,0.065,0.03837635464915299,0.10801907929906895,0.935,0.8919809207009312,0.961623645350847
v2,student_t_df_30,student_t,50,acceptable,200,175,0.875,0.8219857499741765,0.9138802552428735,0.07428571428571429,0.043924003825929425,0.1229358452128389,0.9257142857142857,0.877064154787161,0.9560759961740705
v2,student_t_df_30,student_t,50,caution,200,19,0.095,0.06166310271738653,0.1436016116481994,0.0,0.0,0.16817922405261626,1.0,0.8318207759473837,1.0
v2,student_t_df_30,student_t,50,insufficient,200,6,0.03,0.013820314340111346,0.06389429245451925,0.0,2.7755575615628914e-17,0.3903342879021653,1.0,0.6096657120978346,1.0
v3_default,student_t_df_30,student_t,50,all,200,200,1.0,0.9811546736227335,1.0,0.065,0.03837635464915299,0.10801907929906895,0.935,0.8919809207009312,0.961623645350847
v3_default,student_t_df_30,student_t,50,acceptable,200,0,0.0,1.734723475976807e-18,0.018845326377266575,,,,,,
v3_default,student_t_df_30,student_t,50,caution,200,200,1.0,0.9811546736227335,1.0,0.065,0.03837635464915299,0.10801907929906895,0.935,0.8919809207009312,0.961623645350847
v3_default,student_t_df_30,student_t,50,insufficient,200,0,0.0,1.734723475976807e-18,0.018845326377266575,,,,,,
v3_oracle_simulation_truth,student_t_df_30,student_t,50,all,200,200,1.0,0.9811546736227335,1.0,0.065,0.03837635464915299,0.10801907929906895,0.935,0.8919809207009312,0.961623645350847
v3_oracle_simulation_truth,student_t_df_30,student_t,50,acceptable,200,165,0.825,0.7663556885175099,0.8713948493372666,0.07272727272727272,0.04208959007591575,0.12280746195833095,0.9272727272727272,0.877192538041669,0.9579104099240843
v3_oracle_simulation_truth,student_t_df_30,student_t,50,caution,200,35,0.175,0.12860515066273331,0.23364431148248993,0.02857142857142857,0.005061491855444203,0.14533087233613673,0.9714285714285714,0.8546691276638632,0.9949385081445556
v3_oracle_simulation_truth,student_t_df_30,student_t,50,insufficient,200,0,0.0,1.734723475976807e-18,0.018845326377266575,,,,,,
v2,student_t_df_30,student_t,80,all,200,200,1.0,0.9811546736227335,1.0,0.055,0.03098534170345884,0.0957869987723084,0.945,0.9042130012276914,0.9690146582965411
v2,student_t_df_30,student_t,80,acceptable,200,170,0.85,0.7939442071583334,0.89286406437758,0.047058823529411764,0.02403552873041038,0.09009983895054807,0.9529411764705882,0.9099001610494518,0.9759644712695895
v2,student_t_df_30,student_t,80,caution,200,30,0.15,0.10713593562241995,0.20605579284166659,0.1,0.03459988874733419,0.25621082579184085,0.9,0.7437891742081593,0.9654001112526658
v2,student_t_df_30,student_t,80,insufficient,200,0,0.0,1.734723475976807e-18,0.018845326377266575,,,,,,
v3_default,student_t_df_30,student_t,80,all,200,200,1.0,0.9811546736227335,1.0,0.055,0.03098534170345884,0.0957869987723084,0.945,0.9042130012276914,0.9690146582965411
v3_default,student_t_df_30,student_t,80,acceptable,200,0,0.0,1.734723475976807e-18,0.018845326377266575,,,,,,
v3_default,student_t_df_30,student_t,80,caution,200,200,1.0,0.9811546736227335,1.0,0.055,0.03098534170345884,0.0957869987723084,0.945,0.9042130012276914,0.9690146582965411
v3_default,student_t_df_30,student_t,80,insufficient,200,0,0.0,1.734723475976807e-18,0.018845326377266575,,,,,,
v3_oracle_simulation_truth,student_t_df_30,student_t,80,all,200,200,1.0,0.9811546736227335,1.0,0.055,0.03098534170345884,0.0957869987723084,0.945,0.9042130012276914,0.9690146582965411
v3_oracle_simulation_truth,student_t_df_30,student_t,80,acceptable,200,171,0.855,0.7995133246921847,0.8971064935799559,0.04678362573099415,0.023893846793311392,0.08958872738860627,0.9532163742690059,0.9104112726113938,0.9761061532066886
v3_oracle_simulation_truth,student_t_df_30,student_t,80,caution,200,29,0.145,0.10289350642004402,0.20048667530781522,0.10344827586206896,0.03581489135067707,0.26385081090773804,0.896551724137931,0.736149189092262,0.9641851086493229
v3_oracle_simulation_truth,student_t_df_30,student_t,80,insufficient,200,0,0.0,1.734723475976807e-18,0.018845326377266575,,,,,,
v2,student_t_df_30,student_t,100,all,200,200,1.0,0.9811546736227335,1.0,0.06,0.03465219425433187,0.1019316929576627,0.94,0.8980683070423372,0.9653478057456681
v2,student_t_df_30,student_t,100,acceptable,200,163,0.815,0.7554293723884824,0.8626980719938395,0.04294478527607362,0.02095572063528206,0.08598088221394433,0.9570552147239264,0.9140191177860557,0.979044279364718
v2,student_t_df_30,student_t,100,caution,200,37,0.185,0.13730192800616042,0.2445706276115175,0.13513513513513514,0.059132944257320186,0.2797741178400979,0.8648648648648649,0.7202258821599021,0.9408670557426799
v2,student_t_df_30,student_t,100,insufficient,200,0,0.0,1.734723475976807e-18,0.018845326377266575,,,,,,
v3_default,student_t_df_30,student_t,100,all,200,200,1.0,0.9811546736227335,1.0,0.06,0.03465219425433187,0.1019316929576627,0.94,0.8980683070423372,0.9653478057456681
v3_default,student_t_df_30,student_t,100,acceptable,200,0,0.0,1.734723475976807e-18,0.018845326377266575,,,,,,
v3_default,student_t_df_30,student_t,100,caution,200,200,1.0,0.9811546736227335,1.0,0.06,0.03465219425433187,0.1019316929576627,0.94,0.8980683070423372,0.9653478057456681
v3_default,student_t_df_30,student_t,100,insufficient,200,0,0.0,1.734723475976807e-18,0.018845326377266575,,,,,,
v3_oracle_simulation_truth,student_t_df_30,student_t,100,all,200,200,1.0,0.9811546736227335,1.0,0.06,0.03465219425433187,0.1019316929576627,0.94,0.8980683070423372,0.9653478057456681
v3_oracle_simulation_truth,student_t_df_30,student_t,100,acceptable,200,165,0.825,0.7663556885175099,0.8713948493372666,0.04242424242424243,0.020699850349129613,0.08497004225492186,0.9575757575757575,0.9150299577450781,0.9793001496508703
v3_oracle_simulation_truth,student_t_df_30,student_t,100,caution,200,35,0.175,0.12860515066273331,0.23364431148248993,0.14285714285714285,0.06260231079433715,0.29375554086595146,0.8571428571428571,0.7062444591340484,0.9373976892056628
v3_oracle_simulation_truth,student_t_df_30,student_t,100,insufficient,200,0,0.0,1.734723475976807e-18,0.018845326377266575,,,,,,
v2,student_t_df_30,student_t,200,all,200,200,1.0,0.9811546736227335,1.0,0.07,0.042152171828342806,0.11405480885610647,0.93,0.8859451911438936,0.9578478281716571
v2,student_t_df_30,student_t,200,acceptable,200,156,0.78,0.7176120008170632,0.8318346164116674,0.07692307692307693,0.04454835847715382,0.12963335273912036,0.9230769230769231,0.8703666472608796,0.9554516415228461
v2,student_t_df_30,student_t,200,caution,200,44,0.22,0.16816538358833258,0.28238799918293667,0.045454545454545456,0.012555109949594967,0.15134998437629657,0.9545454545454546,0.8486500156237035,0.987444890050405
v2,student_t_df_30,student_t,200,insufficient,200,0,0.0,1.734723475976807e-18,0.018845326377266575,,,,,,
v3_default,student_t_df_30,student_t,200,all,200,200,1.0,0.9811546736227335,1.0,0.07,0.042152171828342806,0.11405480885610647,0.93,0.8859451911438936,0.9578478281716571
v3_default,student_t_df_30,student_t,200,acceptable,200,0,0.0,1.734723475976807e-18,0.018845326377266575,,,,,,
v3_default,student_t_df_30,student_t,200,caution,200,200,1.0,0.9811546736227335,1.0,0.07,0.042152171828342806,0.11405480885610647,0.93,0.8859451911438936,0.9578478281716571
v3_default,student_t_df_30,student_t,200,insufficient,200,0,0.0,1.734723475976807e-18,0.018845326377266575,,,,,,
v3_oracle_simulation_truth,student_t_df_30,student_t,200,all,200,200,1.0,0.9811546736227335,1.0,0.07,0.042152171828342806,0.11405480885610647,0.93,0.8859451911438936,0.9578478281716571
v3_oracle_simulation_truth,student_t_df_30,student_t,200,acceptable,200,158,0.79,0.7283538314009754,0.8407158793002101,0.0759493670886076,0.04397745222183943,0.12805176095733722,0.9240506329113924,0.8719482390426628,0.9560225477781606
v3_oracle_simulation_truth,student_t_df_30,student_t,200,caution,200,42,0.21,0.15928412069979,0.2716461685990246,0.047619047619047616,0.013157524908905607,0.15789852396958842,0.9523809523809523,0.8421014760304114,0.9868424750910944
v3_oracle_simulation_truth,student_t_df_30,student_t,200,insufficient,200,0,0.0,1.734723475976807e-18,0.018845326377266575,,,,,,
v2,student_t_df_30,student_t,500,all,200,200,1.0,0.9811546736227335,1.0,0.035,0.017055542008567192,0.07047061152229073,0.965,0.9295293884777092,0.9829444579914328
v2,student_t_df_30,student_t,500,acceptable,200,109,0.545,0.47578611372488105,0.6125178069011651,0.027522935779816515,0.00940385586167223,0.07781106428866252,0.9724770642201835,0.9221889357113375,0.9905961441383277
v2,student_t_df_30,student_t,500,caution,200,91,0.455,0.387482193098835,0.524213886275119,0.04395604395604396,0.01722436644411733,0.10763093384266353,0.9560439560439561,0.8923690661573366,0.9827756335558827
v2,student_t_df_30,student_t,500,insufficient,200,0,0.0,1.734723475976807e-18,0.018845326377266575,,,,,,
v3_default,student_t_df_30,student_t,500,all,200,200,1.0,0.9811546736227335,1.0,0.035,0.017055542008567192,0.07047061152229073,0.965,0.9295293884777092,0.9829444579914328
v3_default,student_t_df_30,student_t,500,acceptable,200,0,0.0,1.734723475976807e-18,0.018845326377266575,,,,,,
v3_default,student_t_df_30,student_t,500,caution,200,200,1.0,0.9811546736227335,1.0,0.035,0.017055542008567192,0.07047061152229073,0.965,0.9295293884777092,0.9829444579914328
v3_default,student_t_df_30,student_t,500,insufficient,200,0,0.0,1.734723475976807e-18,0.018845326377266575,,,,,,
v3_oracle_simulation_truth,student_t_df_30,student_t,500,all,200,200,1.0,0.9811546736227335,1.0,0.035,0.017055542008567192,0.07047061152229073,0.965,0.9295293884777092,0.9829444579914328
v3_oracle_simulation_truth,student_t_df_30,student_t,500,acceptable,200,163,0.815,0.7554293723884824,0.8626980719938395,0.024539877300613498,0.009583521690912599,0.06139079670928933,0.9754601226993865,0.9386092032907107,0.9904164783090874
v3_oracle_simulation_truth,student_t_df_30,student_t,500,caution,200,37,0.185,0.13730192800616042,0.2445706276115175,0.08108108108108109,0.02796057410044797,0.2130067934928839,0.918918918918919,0.7869932065071162,0.9720394258995521
v3_oracle_simulation_truth,student_t_df_30,student_t,500,insufficient,200,0,0.0,1.734723475976807e-18,0.018845326377266575,,,,,,
v2,student_t_df_30,student_t,750,all,200,200,1.0,0.9811546736227335,1.0,0.04,0.020405632066152306,0.07693206820093293,0.96,0.923067931799067,0.9795943679338476
v2,student_t_df_30,student_t,750,acceptable,200,64,0.32,0.25926533315468053,0.38751898434113546,0.078125,0.03383117690855046,0.17019537354162906,0.921875,0.8298046264583709,0.9661688230914496
v2,student_t_df_30,student_t,750,caution,200,136,0.68,0.6124810156588646,0.7407346668453195,0.022058823529411766,0.007529925310275402,0.06284590531741366,0.9779411764705882,0.9371540946825863,0.9924700746897246
v2,student_t_df_30,student_t,750,insufficient,200,0,0.0,1.734723475976807e-18,0.018845326377266575,,,,,,
v3_default,student_t_df_30,student_t,750,all,200,200,1.0,0.9811546736227335,1.0,0.04,0.020405632066152306,0.07693206820093293,0.96,0.923067931799067,0.9795943679338476
v3_default,student_t_df_30,student_t,750,acceptable,200,0,0.0,1.734723475976807e-18,0.018845326377266575,,,,,,
v3_default,student_t_df_30,student_t,750,caution,200,200,1.0,0.9811546736227335,1.0,0.04,0.020405632066152306,0.07693206820093293,0.96,0.923067931799067,0.9795943679338476
v3_default,student_t_df_30,student_t,750,insufficient,200,0,0.0,1.734723475976807e-18,0.018845326377266575,,,,,,
v3_oracle_simulation_truth,student_t_df_30,student_t,750,all,200,200,1.0,0.9811546736227335,1.0,0.04,0.020405632066152306,0.07693206820093293,0.96,0.923067931799067,0.9795943679338476
v3_oracle_simulation_truth,student_t_df_30,student_t,750,acceptable,200,167,0.835,0.7773421846094045,0.8800314467178268,0.041916167664670656,0.02045015348713488,0.08398268701804684,0.9580838323353293,0.9160173129819531,0.9795498465128651
v3_oracle_simulation_truth,student_t_df_30,student_t,750,caution,200,33,0.165,0.11996855328217307,0.2226578153905955,0.030303030303030304,0.00536941053687183,0.1531872538211892,0.9696969696969697,0.846812746178811,0.9946305894631283
v3_oracle_simulation_truth,student_t_df_30,student_t,750,insufficient,200,0,0.0,1.734723475976807e-18,0.018845326377266575,,,,,,
v2,student_t_df_30,student_t,2000,all,200,200,1.0,0.9811546736227335,1.0,0.05,0.02738264560076393,0.08957814813877599,0.95,0.9104218518612239,0.972617354399236
v2,student_t_df_30,student_t,2000,acceptable,200,17,0.085,0.05374575017747561,0.13189587071565567,0.0,0.0,0.1843181350088518,1.0,0.8156818649911483,1.0
v2,student_t_df_30,student_t,2000,caution,200,183,0.915,0.8681041292843443,0.9462542498225244,0.0546448087431694,0.02994949812583783,0.09765311732780205,0.9453551912568307,0.902346882672198,0.9700505018741622
v2,student_t_df_30,student_t,2000,insufficient,200,0,0.0,1.734723475976807e-18,0.018845326377266575,,,,,,
v3_default,student_t_df_30,student_t,2000,all,200,200,1.0,0.9811546736227335,1.0,0.05,0.02738264560076393,0.08957814813877599,0.95,0.9104218518612239,0.972617354399236
v3_default,student_t_df_30,student_t,2000,acceptable,200,0,0.0,1.734723475976807e-18,0.018845326377266575,,,,,,
v3_default,student_t_df_30,student_t,2000,caution,200,200,1.0,0.9811546736227335,1.0,0.05,0.02738264560076393,0.08957814813877599,0.95,0.9104218518612239,0.972617354399236
v3_default,student_t_df_30,student_t,2000,insufficient,200,0,0.0,1.734723475976807e-18,0.018845326377266575,,,,,,
v3_oracle_simulation_truth,student_t_df_30,student_t,2000,all,200,200,1.0,0.9811546736227335,1.0,0.05,0.02738264560076393,0.08957814813877599,0.95,0.9104218518612239,0.972617354399236
v3_oracle_simulation_truth,student_t_df_30,student_t,2000,acceptable,200,144,0.72,0.6540769541334929,0.7776311022605097,0.041666666666666664,0.01923388666249415,0.08791778071862287,0.9583333333333334,0.9120822192813771,0.9807661133375059
v3_oracle_simulation_truth,student_t_df_30,student_t,2000,caution,200,56,0.28,0.22236889773949026,0.3459230458665071,0.07142857142857142,0.028126036578876953,0.16975448060863452,0.9285714285714286,0.8302455193913656,0.9718739634211231
v3_oracle_simulation_truth,student_t_df_30,student_t,2000,insufficient,200,0,0.0,1.734723475976807e-18,0.018845326377266575,,,,,,
v2,student_t_df_5,student_t,5,all,200,200,1.0,0.9811546736227335,1.0,0.04,0.020405632066152306,0.07693206820093293,0.96,0.923067931799067,0.9795943679338476
v2,student_t_df_5,student_t,5,acceptable,200,114,0.57,0.5007048776415268,0.6366567766656557,0.06140350877192982,0.030059281919865344,0.12134294102648693,0.9385964912280702,0.8786570589735132,0.9699407180801347
v2,student_t_df_5,student_t,5,caution,200,0,0.0,1.734723475976807e-18,0.018845326377266575,,,,,,
v2,student_t_df_5,student_t,5,insufficient,200,86,0.43,0.36334322333434416,0.4992951223584731,0.011627906976744186,0.0020555686652495644,0.06296406589291725,0.9883720930232558,0.9370359341070826,0.9979444313347503
v3_default,student_t_df_5,student_t,5,all,200,200,1.0,0.9811546736227335,1.0,0.04,0.020405632066152306,0.07693206820093293,0.96,0.923067931799067,0.9795943679338476
v3_default,student_t_df_5,student_t,5,acceptable,200,0,0.0,1.734723475976807e-18,0.018845326377266575,,,,,,
v3_default,student_t_df_5,student_t,5,caution,200,200,1.0,0.9811546736227335,1.0,0.04,0.020405632066152306,0.07693206820093293,0.96,0.923067931799067,0.9795943679338476
v3_default,student_t_df_5,student_t,5,insufficient,200,0,0.0,1.734723475976807e-18,0.018845326377266575,,,,,,
v3_oracle_simulation_truth,student_t_df_5,student_t,5,all,200,200,1.0,0.9811546736227335,1.0,0.04,0.020405632066152306,0.07693206820093293,0.96,0.923067931799067,0.9795943679338476
v3_oracle_simulation_truth,student_t_df_5,student_t,5,acceptable,200,80,0.4,0.33460578566807336,0.46916327960737997,0.0875,0.04303200178205986,0.16976795508474996,0.9125,0.8302320449152499,0.9569679982179401
v3_oracle_simulation_truth,student_t_df_5,student_t,5,caution,200,120,0.6,0.53083672039262,0.6653942143319266,0.008333333333333333,0.0014725557333420923,0.045696291245049675,0.9916666666666667,0.9543037087549505,0.998527444266658
v3_oracle_simulation_truth,student_t_df_5,student_t,5,insufficient,200,0,0.0,1.734723475976807e-18,0.018845326377266575,,,,,,
v2,student_t_df_5,student_t,8,all,200,200,1.0,0.9811546736227335,1.0,0.05,0.02738264560076393,0.08957814813877599,0.95,0.9104218518612239,0.972617354399236
v2,student_t_df_5,student_t,8,acceptable,200,126,0.63,0.5612262992405018,0.6938739159014088,0.06349206349206349,0.032520539972782904,0.12029242901961257,0.9365079365079365,0.8797075709803873,0.9674794600272171
v2,student_t_df_5,student_t,8,caution,200,0,0.0,1.734723475976807e-18,0.018845326377266575,,,,,,
v2,student_t_df_5,student_t,8,insufficient,200,74,0.37,0.30612608409859116,0.4387737007594981,0.02702702702702703,0.007443352638267217,0.09329292516912502,0.972972972972973,0.9067070748308751,0.9925566473617328
v3_default,student_t_df_5,student_t,8,all,200,200,1.0,0.9811546736227335,1.0,0.05,0.02738264560076393,0.08957814813877599,0.95,0.9104218518612239,0.972617354399236
v3_default,student_t_df_5,student_t,8,acceptable,200,0,0.0,1.734723475976807e-18,0.018845326377266575,,,,,,
v3_default,student_t_df_5,student_t,8,caution,200,200,1.0,0.9811546736227335,1.0,0.05,0.02738264560076393,0.08957814813877599,0.95,0.9104218518612239,0.972617354399236
v3_default,student_t_df_5,student_t,8,insufficient,200,0,0.0,1.734723475976807e-18,0.018845326377266575,,,,,,
v3_oracle_simulation_truth,student_t_df_5,student_t,8,all,200,200,1.0,0.9811546736227335,1.0,0.05,0.02738264560076393,0.08957814813877599,0.95,0.9104218518612239,0.972617354399236
v3_oracle_simulation_truth,student_t_df_5,student_t,8,acceptable,200,95,0.475,0.4069162264657108,0.5440260398531525,0.05263157894736842,0.02268811304914955,0.11734886117037888,0.9473684210526315,0.882651138829621,0.9773118869508504
v3_oracle_simulation_truth,student_t_df_5,student_t,8,caution,200,105,0.525,0.4559739601468475,0.5930837735342891,0.047619047619047616,0.020509165674361972,0.10666166583292791,0.9523809523809523,0.893338334167072,0.9794908343256379
v3_oracle_simulation_truth,student_t_df_5,student_t,8,insufficient,200,0,0.0,1.734723475976807e-18,0.018845326377266575,,,,,,
v2,student_t_df_5,student_t,10,all,200,200,1.0,0.9811546736227335,1.0,0.1,0.06567044866909588,0.1494058124327174,0.9,0.8505941875672826,0.9343295513309041
v2,student_t_df_5,student_t,10,acceptable,200,133,0.665,0.5970219120796653,0.7267591302158368,0.11278195488721804,0.06954903484743884,0.17775510172302267,0.8872180451127819,0.8222448982769773,0.9304509651525611
v2,student_t_df_5,student_t,10,caution,200,0,0.0,1.734723475976807e-18,0.018845326377266575,,,,,,
v2,student_t_df_5,student_t,10,insufficient,200,67,0.335,0.2732408697841632,0.40297808792033485,0.07462686567164178,0.03229604916632263,0.16309036792776987,0.9253731343283582,0.83690963207223,0.9677039508336773
v3_default,student_t_df_5,student_t,10,all,200,200,1.0,0.9811546736227335,1.0,0.1,0.06567044866909588,0.1494058124327174,0.9,0.8505941875672826,0.9343295513309041
v3_default,student_t_df_5,student_t,10,acceptable,200,0,0.0,1.734723475976807e-18,0.018845326377266575,,,,,,
v3_default,student_t_df_5,student_t,10,caution,200,200,1.0,0.9811546736227335,1.0,0.1,0.06567044866909588,0.1494058124327174,0.9,0.8505941875672826,0.9343295513309041
v3_default,student_t_df_5,student_t,10,insufficient,200,0,0.0,1.734723475976807e-18,0.018845326377266575,,,,,,
v3_oracle_simulation_truth,student_t_df_5,student_t,10,all,200,200,1.0,0.9811546736227335,1.0,0.1,0.06567044866909588,0.1494058124327174,0.9,0.8505941875672826,0.9343295513309041
v3_oracle_simulation_truth,student_t_df_5,student_t,10,acceptable,200,104,0.52,0.4510378507281424,0.588208336216767,0.10576923076923077,0.06009334538596818,0.17953118402308044,0.8942307692307693,0.8204688159769196,0.9399066546140318
v3_oracle_simulation_truth,student_t_df_5,student_t,10,caution,200,96,0.48,0.411791663783233,0.5489621492718576,0.09375,0.050108108212146014,0.1686533069222155,0.90625,0.8313466930777846,0.949891891787854
v3_oracle_simulation_truth,student_t_df_5,student_t,10,insufficient,200,0,0.0,1.734723475976807e-18,0.018845326377266575,,,,,,
v2,student_t_df_5,student_t,15,all,200,200,1.0,0.9811546736227335,1.0,0.045,0.023852543001492997,0.0832967040018196,0.955,0.9167032959981803,0.976147456998507
v2,student_t_df_5,student_t,15,acceptable,200,134,0.67,0.602166847737769,0.7314257412939605,0.06716417910447761,0.03573460604589504,0.1227188738255402,0.9328358208955224,0.8772811261744599,0.9642653939541049
v2,student_t_df_5,student_t,15,caution,200,0,0.0,1.734723475976807e-18,0.018845326377266575,,,,,,
v2,student_t_df_5,student_t,15,insufficient,200,66,0.33,0.26857425870603957,0.39783315226223115,0.0,0.0,0.05500255701354129,1.0,0.9449974429864586,0.9999999999999999
v3_default,student_t_df_5,student_t,15,all,200,200,1.0,0.9811546736227335,1.0,0.045,0.023852543001492997,0.0832967040018196,0.955,0.9167032959981803,0.976147456998507
v3_default,student_t_df_5,student_t,15,acceptable,200,0,0.0,1.734723475976807e-18,0.018845326377266575,,,,,,
v3_default,student_t_df_5,student_t,15,caution,200,199,0.995,0.9722262956021069,0.9991168312843989,0.04522613065326633,0.023973316045364932,0.08370417231267992,0.9547738693467337,0.9162958276873201,0.976026683954635
v3_default,student_t_df_5,student_t,15,insufficient,200,1,0.005,0.0008831687156009814,0.02777370439789293,0.0,0.0,0.7934506856227626,1.0,0.20654931437723745,1.0
v3_oracle_simulation_truth,student_t_df_5,student_t,15,all,200,200,1.0,0.9811546736227335,1.0,0.045,0.023852543001492997,0.0832967040018196,0.955,0.9167032959981803,0.976147456998507
v3_oracle_simulation_truth,student_t_df_5,student_t,15,acceptable,200,103,0.515,0.44610849192745716,0.5833261482812249,0.05825242718446602,0.02696849732835717,0.12130221139792423,0.941747572815534,0.8786977886020758,0.9730315026716428
v3_oracle_simulation_truth,student_t_df_5,student_t,15,caution,200,97,0.485,0.41667385171877513,0.5538915080725428,0.030927835051546393,0.01057334494855243,0.08702003515310984,0.9690721649484536,0.9129799648468901,0.9894266550514474
v3_oracle_simulation_truth,student_t_df_5,student_t,15,insufficient,200,0,0.0,1.734723475976807e-18,0.018845326377266575,,,,,,
v2,student_t_df_5,student_t,20,all,10000,10000,1.0,0.9996160016293234,1.0,0.0482,0.044172692916622396,0.05257428801112097,0.9518,0.9474257119888789,0.9558273070833776
v2,student_t_df_5,student_t,20,acceptable,10000,6507,0.6507,0.641299639792801,0.6599846230982769,0.05471031197172276,0.049442882980748996,0.06050319132442295,0.9452896880282773,0.939496808675577,0.950557117019251
v2,student_t_df_5,student_t,20,caution,10000,0,0.0,0.0,0.00038399837067659573,,,,,,
v2,student_t_df_5,student_t,20,insufficient,10000,3493,0.3493,0.34001537690172307,0.3587003602071988,0.036072144288577156,0.030380389732798496,0.042783195700947865,0.9639278557114228,0.9572168042990521,0.9696196102672014
v3_default,student_t_df_5,student_t,20,all,10000,10000,1.0,0.9996160016293234,1.0,0.0482,0.044172692916622396,0.05257428801112097,0.9518,0.9474257119888789,0.9558273070833776
v3_default,student_t_df_5,student_t,20,acceptable,10000,0,0.0,0.0,0.00038399837067659573,,,,,,
v3_default,student_t_df_5,student_t,20,caution,10000,9891,0.9891,0.9868688476233592,0.9909555251704448,0.048528965726417954,0.04446669977614214,0.052941779463460396,0.951471034273582,0.9470582205365395,0.9555333002238579
v3_default,student_t_df_5,student_t,20,insufficient,10000,109,0.0109,0.009044474829555112,0.013131152376640733,0.01834862385321101,0.005046362367343297,0.06444457564998826,0.981651376146789,0.9355554243500118,0.9949536376326568
v3_oracle_simulation_truth,student_t_df_5,student_t,20,all,10000,10000,1.0,0.9996160016293234,1.0,0.0482,0.044172692916622396,0.05257428801112097,0.9518,0.9474257119888789,0.9558273070833776
v3_oracle_simulation_truth,student_t_df_5,student_t,20,acceptable,10000,4982,0.4982,0.4884028164789366,0.5079985659151977,0.0541951023685267,0.04824486370034221,0.060832302774447684,0.9458048976314734,0.9391676972255524,0.9517551362996578
v3_oracle_simulation_truth,student_t_df_5,student_t,20,caution,10000,5018,0.5018,0.49200143408480224,0.5115971835210633,0.04224790753288163,0.03702358678634846,0.04817254342385662,0.9577520924671183,0.9518274565761433,0.9629764132136516
v3_oracle_simulation_truth,student_t_df_5,student_t,20,insufficient,10000,0,0.0,0.0,0.00038399837067659573,,,,,,
v2,student_t_df_5,student_t,30,all,200,200,1.0,0.9811546736227335,1.0,0.06,0.03465219425433187,0.1019316929576627,0.94,0.8980683070423372,0.9653478057456681
v2,student_t_df_5,student_t,30,acceptable,200,118,0.59,0.5207645903369208,0.6558432509151711,0.07627118644067797,0.040643209517551585,0.13861809473879955,0.923728813559322,0.8613819052612005,0.9593567904824484
v2,student_t_df_5,student_t,30,caution,200,0,0.0,1.734723475976807e-18,0.018845326377266575,,,,,,
v2,student_t_df_5,student_t,30,insufficient,200,82,0.41,0.34415674908482885,0.4792354096630791,0.036585365853658534,0.012519573081569195,0.10212734643608476,0.9634146341463414,0.8978726535639152,0.9874804269184307
v3_default,student_t_df_5,student_t,30,all,200,200,1.0,0.9811546736227335,1.0,0.06,0.03465219425433187,0.1019316929576627,0.94,0.8980683070423372,0.9653478057456681
v3_default,student_t_df_5,student_t,30,acceptable,200,0,0.0,1.734723475976807e-18,0.018845326377266575,,,,,,
v3_default,student_t_df_5,student_t,30,caution,200,199,0.995,0.9722262956021069,0.9991168312843989,0.06030150753768844,0.034828024751301506,0.10242921537387994,0.9396984924623115,0.8975707846261199,0.9651719752486984
v3_default,student_t_df_5,student_t,30,insufficient,200,1,0.005,0.0008831687156009814,0.02777370439789293,0.0,0.0,0.7934506856227626,1.0,0.20654931437723745,1.0
v3_oracle_simulation_truth,student_t_df_5,student_t,30,all,200,200,1.0,0.9811546736227335,1.0,0.06,0.03465219425433187,0.1019316929576627,0.94,0.8980683070423372,0.9653478057456681
v3_oracle_simulation_truth,student_t_df_5,student_t,30,acceptable,200,93,0.465,0.3971856415700402,0.5341335312763685,0.053763440860215055,0.023180674253084205,0.11974838721760417,0.946236559139785,0.8802516127823959,0.9768193257469159
v3_oracle_simulation_truth,student_t_df_5,student_t,30,caution,200,107,0.535,0.4658664687236316,0.6028143584299599,0.06542056074766354,0.03204830428813078,0.1289154633356414,0.9345794392523364,0.8710845366643586,0.9679516957118693
v3_oracle_simulation_truth,student_t_df_5,student_t,30,insufficient,200,0,0.0,1.734723475976807e-18,0.018845326377266575,,,,,,
v2,student_t_df_5,student_t,40,all,200,200,1.0,0.9811546736227335,1.0,0.045,0.023852543001492997,0.0832967040018196,0.955,0.9167032959981803,0.976147456998507
v2,student_t_df_5,student_t,40,acceptable,200,106,0.53,0.4609168291500183,0.5979524512673458,0.018867924528301886,0.0051896087795957335,0.06619927211185865,0.9811320754716981,0.9338007278881413,0.9948103912204043
v2,student_t_df_5,student_t,40,caution,200,30,0.15,0.10713593562241995,0.20605579284166659,0.06666666666666667,0.018477023791270378,0.2132345836261692,0.9333333333333333,0.7867654163738308,0.9815229762087295
v2,student_t_df_5,student_t,40,insufficient,200,64,0.32,0.25926533315468053,0.38751898434113546,0.078125,0.03383117690855046,0.17019537354162906,0.921875,0.8298046264583709,0.9661688230914496
v3_default,student_t_df_5,student_t,40,all,200,200,1.0,0.9811546736227335,1.0,0.045,0.023852543001492997,0.0832967040018196,0.955,0.9167032959981803,0.976147456998507
v3_default,student_t_df_5,student_t,40,acceptable,200,0,0.0,1.734723475976807e-18,0.018845326377266575,,,,,,
v3_default,student_t_df_5,student_t,40,caution,200,197,0.985,0.9568342712073097,0.9948857622067417,0.04568527918781726,0.024218569045282967,0.08453118286820814,0.9543147208121827,0.915468817131792,0.975781430954717
v3_default,student_t_df_5,student_t,40,insufficient,200,3,0.015,0.00511423779325831,0.04316572879269026,0.0,5.551115123125783e-17,0.5614970317550454,1.0,0.4385029682449546,1.0
v3_oracle_simulation_truth,student_t_df_5,student_t,40,all,200,200,1.0,0.9811546736227335,1.0,0.045,0.023852543001492997,0.0832967040018196,0.955,0.9167032959981803,0.976147456998507
v3_oracle_simulation_truth,student_t_df_5,student_t,40,acceptable,200,89,0.445,0.3778060100295335,0.5142669758719658,0.02247191011235955,0.006184398702128599,0.07827634674822494,0.9775280898876404,0.921723653251775,0.9938156012978714
v3_oracle_simulation_truth,student_t_df_5,student_t,40,caution,200,111,0.555,0.4857330241280342,0.6221939899704665,0.06306306306306306,0.0308806575864322,0.12447664110959537,0.9369369369369369,0.8755233588904047,0.9691193424135679
v3_oracle_simulation_truth,student_t_df_5,student_t,40,insufficient,200,0,0.0,1.734723475976807e-18,0.018845326377266575,,,,,,
v2,student_t_df_5,student_t,50,all,200,200,1.0,0.9811546736227335,1.0,0.04,0.020405632066152306,0.07693206820093293,0.96,0.923067931799067,0.9795943679338476
v2,student_t_df_5,student_t,50,acceptable,200,96,0.48,0.411791663783233,0.5489621492718576,0.0625,0.028956674311051346,0.12970946506441489,0.9375,0.8702905349355852,0.9710433256889488
v2,student_t_df_5,student_t,50,caution,200,50,0.25,0.19508168006817497,0.31434098312045833,0.02,0.003539259271646236,0.10495443589637815,0.98,0.8950455641036219,0.9964607407283539
v2,student_t_df_5,student_t,50,insufficient,200,54,0.27,0.21323449814685846,0.33543435198668425,0.018518518518518517,0.003276487718229061,0.09771437488781931,0.9814814814814815,0.9022856251121808,0.9967235122817709
v3_default,student_t_df_5,student_t,50,all,200,200,1.0,0.9811546736227335,1.0,0.04,0.020405632066152306,0.07693206820093293,0.96,0.923067931799067,0.9795943679338476
v3_default,student_t_df_5,student_t,50,acceptable,200,0,0.0,1.734723475976807e-18,0.018845326377266575,,,,,,
v3_default,student_t_df_5,student_t,50,caution,200,198,0.99,0.9642782382838231,0.9972533418664555,0.04040404040404041,0.020613166178095263,0.07768903068781369,0.9595959595959596,0.9223109693121863,0.9793868338219047
v3_default,student_t_df_5,student_t,50,insufficient,200,2,0.01,0.0027466581335444384,0.0357217617161768,0.0,0.0,0.6576197724933469,1.0,0.34238022750665303,1.0
v3_oracle_simulation_truth,student_t_df_5,student_t,50,all,200,200,1.0,0.9811546736227335,1.0,0.04,0.020405632066152306,0.07693206820093293,0.96,0.923067931799067,0.9795943679338476
v3_oracle_simulation_truth,student_t_df_5,student_t,50,acceptable,200,85,0.425,0.3585361254351385,0.49429067352145145,0.058823529411764705,0.025385160033412506,0.13041438450839762,0.9411764705882353,0.8695856154916024,0.9746148399665875
v3_oracle_simulation_truth,student_t_df_5,student_t,50,caution,200,115,0.575,0.5057093264785485,0.6414638745648614,0.02608695652173913,0.008911044734433389,0.07390061811752421,0.9739130434782609,0.9260993818824759,0.9910889552655666
v3_oracle_simulation_truth,student_t_df_5,student_t,50,insufficient,200,0,0.0,1.734723475976807e-18,0.018845326377266575,,,,,,
v2,student_t_df_5,student_t,80,all,200,200,1.0,0.9811546736227335,1.0,0.06,0.03465219425433187,0.1019316929576627,0.94,0.8980683070423372,0.9653478057456681
v2,student_t_df_5,student_t,80,acceptable,200,71,0.355,0.2919862754043116,0.42347886924509565,0.11267605633802817,0.05821271729792871,0.2069004851081131,0.8873239436619719,0.7930995148918869,0.9417872827020712
v2,student_t_df_5,student_t,80,caution,200,117,0.585,0.5157391490134403,0.6510571455024242,0.03418803418803419,0.013373841819450491,0.08461784858429258,0.9658119658119658,0.9153821514157074,0.9866261581805496
v2,student_t_df_5,student_t,80,insufficient,200,12,0.06,0.03465219425433187,0.1019316929576627,0.0,2.7755575615628914e-17,0.24249400665524085,1.0,0.7575059933447592,1.0
v3_default,student_t_df_5,student_t,80,all,200,200,1.0,0.9811546736227335,1.0,0.06,0.03465219425433187,0.1019316929576627,0.94,0.8980683070423372,0.9653478057456681
v3_default,student_t_df_5,student_t,80,acceptable,200,0,0.0,1.734723475976807e-18,0.018845326377266575,,,,,,
v3_default,student_t_df_5,student_t,80,caution,200,196,0.98,0.9497129130941735,0.9921955735836505,0.061224489795918366,0.03536638961149956,0.10395134247969086,0.9387755102040817,0.8960486575203093,0.9646336103885005
v3_default,student_t_df_5,student_t,80,insufficient,200,4,0.02,0.0078044264163494685,0.050287086905826436,0.0,0.0,0.4898908364545973,1.0,0.5101091635454027,1.0
v3_oracle_simulation_truth,student_t_df_5,student_t,80,all,200,200,1.0,0.9811546736227335,1.0,0.06,0.03465219425433187,0.1019316929576627,0.94,0.8980683070423372,0.9653478057456681
v3_oracle_simulation_truth,student_t_df_5,student_t,80,acceptable,200,67,0.335,0.2732408697841632,0.40297808792033485,0.11940298507462686,0.061762325335044804,0.2183202583807222,0.8805970149253731,0.7816797416192777,0.9382376746649551
v3_oracle_simulation_truth,student_t_df_5,student_t,80,caution,200,133,0.665,0.5970219120796653,0.7267591302158368,0.03007518796992481,0.01175652591367874,0.07477762040969688,0.9699248120300752,0.9252223795903031,0.9882434740863212
v3_oracle_simulation_truth,student_t_df_5,student_t,80,insufficient,200,0,0.0,1.734723475976807e-18,0.018845326377266575,,,,,,
v2,student_t_df_5,student_t,100,all,200,200,1.0,0.9811546736227335,1.0,0.06,0.03465219425433187,0.1019316929576627,0.94,0.8980683070423372,0.9653478057456681
v2,student_t_df_5,student_t,100,acceptable,200,49,0.245,0.1905686808903718,0.30904243556203415,0.08163265306122448,0.032202817667763686,0.19189127596571287,0.9183673469387755,0.808108724034287,0.9677971823322362
v2,student_t_df_5,student_t,100,caution,200,136,0.68,0.6124810156588646,0.7407346668453195,0.058823529411764705,0.03010508522265045,0.11178029689521635,0.9411764705882353,0.8882197031047836,0.9698949147773495
v2,student_t_df_5,student_t,100,insufficient,200,15,0.075,0.04597491718438201,0.12004361023629456,0.0,0.0,0.20388330103584862,1.0,0.7961166989641515,1.0
v3_default,student_t_df_5,student_t,100,all,200,200,1.0,0.9811546736227335,1.0,0.06,0.03465219425433187,0.1019316929576627,0.94,0.8980683070423372,0.9653478057456681
v3_default,student_t_df_5,student_t,100,acceptable,200,0,0.0,1.734723475976807e-18,0.018845326377266575,,,,,,
v3_default,student_t_df_5,student_t,100,caution,200,195,0.975,0.942821659593358,0.9892752803482386,0.06153846153846154,0.0355495629094619,0.10446881648595507,0.9384615384615385,0.895531183514045,0.9644504370905381
v3_default,student_t_df_5,student_t,100,insufficient,200,5,0.025,0.010724719651761264,0.05717834040664198,0.0,0.0,0.43448246478317476,1.0,0.5655175352168251,1.0
v3_oracle_simulation_truth,student_t_df_5,student_t,100,all,200,200,1.0,0.9811546736227335,1.0,0.06,0.03465219425433187,0.1019316929576627,0.94,0.8980683070423372,0.9653478057456681
v3_oracle_simulation_truth,student_t_df_5,student_t,100,acceptable,200,46,0.23,0.17709343259068805,0.2930830436530359,0.08695652173913043,0.03433586789472588,0.2032466407411883,0.9130434782608695,0.7967533592588116,0.9656641321052741
v3_oracle_simulation_truth,student_t_df_5,student_t,100,caution,200,154,0.77,0.7069169563469642,0.8229065674093119,0.05194805194805195,0.026554932485162885,0.09915005636211943,0.948051948051948,0.9008499436378805,0.9734450675148372
v3_oracle_simulation_truth,student_t_df_5,student_t,100,insufficient,200,0,0.0,1.734723475976807e-18,0.018845326377266575,,,,,,
v2,student_t_df_5,student_t,200,all,200,200,1.0,0.9811546736227335,1.0,0.045,0.023852543001492997,0.0832967040018196,0.955,0.9167032959981803,0.976147456998507
v2,student_t_df_5,student_t,200,acceptable,200,17,0.085,0.05374575017747561,0.13189587071565567,0.058823529411764705,0.010460400984997592,0.26982030637575405,0.9411764705882353,0.7301796936242461,0.9895395990150025
v2,student_t_df_5,student_t,200,caution,200,179,0.895,0.8448196800887696,0.9302925120731899,0.0446927374301676,0.022817820091771385,0.08569946558659279,0.9553072625698324,0.9143005344134072,0.9771821799082285
v2,student_t_df_5,student_t,200,insufficient,200,4,0.02,0.0078044264163494685,0.050287086905826436,0.0,0.0,0.4898908364545973,1.0,0.5101091635454027,1.0
v3_default,student_t_df_5,student_t,200,all,200,200,1.0,0.9811546736227335,1.0,0.045,0.023852543001492997,0.0832967040018196,0.955,0.9167032959981803,0.976147456998507
v3_default,student_t_df_5,student_t,200,acceptable,200,0,0.0,1.734723475976807e-18,0.018845326377266575,,,,,,
v3_default,student_t_df_5,student_t,200,caution,200,196,0.98,0.9497129130941735,0.9921955735836505,0.04591836734693878,0.024343087125189636,0.08495084492267023,0.9540816326530612,0.9150491550773298,0.9756569128748104
v3_default,student_t_df_5,student_t,200,insufficient,200,4,0.02,0.0078044264163494685,0.050287086905826436,0.0,0.0,0.4898908364545973,1.0,0.5101091635454027,1.0
v3_oracle_simulation_truth,student_t_df_5,student_t,200,all,200,200,1.0,0.9811546736227335,1.0,0.045,0.023852543001492997,0.0832967040018196,0.955,0.9167032959981803,0.976147456998507
v3_oracle_simulation_truth,student_t_df_5,student_t,200,acceptable,200,17,0.085,0.05374575017747561,0.13189587071565567,0.058823529411764705,0.010460400984997592,0.26982030637575405,0.9411764705882353,0.7301796936242461,0.9895395990150025
v3_oracle_simulation_truth,student_t_df_5,student_t,200,caution,200,183,0.915,0.8681041292843443,0.9462542498225244,0.04371584699453552,0.0223153521276963,0.08387873855179978,0.9562841530054644,0.9161212614482003,0.9776846478723037
v3_oracle_simulation_truth,student_t_df_5,student_t,200,insufficient,200,0,0.0,1.734723475976807e-18,0.018845326377266575,,,,,,
v2,student_t_df_5,student_t,500,all,200,200,1.0,0.9811546736227335,1.0,0.04,0.020405632066152306,0.07693206820093293,0.96,0.923067931799067,0.9795943679338476
v2,student_t_df_5,student_t,500,acceptable,200,0,0.0,1.734723475976807e-18,0.018845326377266575,,,,,,
v2,student_t_df_5,student_t,500,caution,200,196,0.98,0.9497129130941735,0.9921955735836505,0.04081632653061224,0.0208249653645253,0.07846103333555769,0.9591836734693877,0.9215389666644423,0.9791750346354747
v2,student_t_df_5,student_t,500,insufficient,200,4,0.02,0.0078044264163494685,0.050287086905826436,0.0,0.0,0.4898908364545973,1.0,0.5101091635454027,1.0
v3_default,student_t_df_5,student_t,500,all,200,200,1.0,0.9811546736227335,1.0,0.04,0.020405632066152306,0.07693206820093293,0.96,0.923067931799067,0.9795943679338476
v3_default,student_t_df_5,student_t,500,acceptable,200,0,0.0,1.734723475976807e-18,0.018845326377266575,,,,,,
v3_default,student_t_df_5,student_t,500,caution,200,196,0.98,0.9497129130941735,0.9921955735836505,0.04081632653061224,0.0208249653645253,0.07846103333555769,0.9591836734693877,0.9215389666644423,0.9791750346354747
v3_default,student_t_df_5,student_t,500,insufficient,200,4,0.02,0.0078044264163494685,0.050287086905826436,0.0,0.0,0.4898908364545973,1.0,0.5101091635454027,1.0
v3_oracle_simulation_truth,student_t_df_5,student_t,500,all,200,200,1.0,0.9811546736227335,1.0,0.04,0.020405632066152306,0.07693206820093293,0.96,0.923067931799067,0.9795943679338476
v3_oracle_simulation_truth,student_t_df_5,student_t,500,acceptable,200,11,0.055,0.03098534170345884,0.0957869987723084,0.0,0.0,0.2588329669680317,1.0,0.7411670330319684,1.0
v3_oracle_simulation_truth,student_t_df_5,student_t,500,caution,200,189,0.945,0.9042130012276914,0.9690146582965411,0.042328042328042326,0.021601819155109156,0.0812881866664238,0.9576719576719577,0.9187118133335762,0.9783981808448908
v3_oracle_simulation_truth,student_t_df_5,student_t,500,insufficient,200,0,0.0,1.734723475976807e-18,0.018845326377266575,,,,,,
v2,student_t_df_5,student_t,750,all,200,200,1.0,0.9811546736227335,1.0,0.04,0.020405632066152306,0.07693206820093293,0.96,0.923067931799067,0.9795943679338476
v2,student_t_df_5,student_t,750,acceptable,200,0,0.0,1.734723475976807e-18,0.018845326377266575,,,,,,
v2,student_t_df_5,student_t,750,caution,200,195,0.975,0.942821659593358,0.9892752803482386,0.041025641025641026,0.020932505662650078,0.07885281545886824,0.958974358974359,0.9211471845411318,0.97906749433735
v2,student_t_df_5,student_t,750,insufficient,200,5,0.025,0.010724719651761264,0.05717834040664198,0.0,0.0,0.43448246478317476,1.0,0.5655175352168251,1.0
v3_default,student_t_df_5,student_t,750,all,200,200,1.0,0.9811546736227335,1.0,0.04,0.020405632066152306,0.07693206820093293,0.96,0.923067931799067,0.9795943679338476
v3_default,student_t_df_5,student_t,750,acceptable,200,0,0.0,1.734723475976807e-18,0.018845326377266575,,,,,,
v3_default,student_t_df_5,student_t,750,caution,200,195,0.975,0.942821659593358,0.9892752803482386,0.041025641025641026,0.020932505662650078,0.07885281545886824,0.958974358974359,0.9211471845411318,0.97906749433735
v3_default,student_t_df_5,student_t,750,insufficient,200,5,0.025,0.010724719651761264,0.05717834040664198,0.0,0.0,0.43448246478317476,1.0,0.5655175352168251,1.0
v3_oracle_simulation_truth,student_t_df_5,student_t,750,all,200,200,1.0,0.9811546736227335,1.0,0.04,0.020405632066152306,0.07693206820093293,0.96,0.923067931799067,0.9795943679338476
v3_oracle_simulation_truth,student_t_df_5,student_t,750,acceptable,200,3,0.015,0.00511423779325831,0.04316572879269026,0.0,5.551115123125783e-17,0.5614970317550454,1.0,0.4385029682449546,1.0
v3_oracle_simulation_truth,student_t_df_5,student_t,750,caution,200,197,0.985,0.9568342712073097,0.9948857622067417,0.04060913705583756,0.020718524461061684,0.07807312412185391,0.9593908629441624,0.9219268758781463,0.9792814755389385
v3_oracle_simulation_truth,student_t_df_5,student_t,750,insufficient,200,0,0.0,1.734723475976807e-18,0.018845326377266575,,,,,,
v2,student_t_df_5,student_t,2000,all,200,200,1.0,0.9811546736227335,1.0,0.045,0.023852543001492997,0.0832967040018196,0.955,0.9167032959981803,0.976147456998507
v2,student_t_df_5,student_t,2000,acceptable,200,0,0.0,1.734723475976807e-18,0.018845326377266575,,,,,,
v2,student_t_df_5,student_t,2000,caution,200,199,0.995,0.9722262956021069,0.9991168312843989,0.04522613065326633,0.023973316045364932,0.08370417231267992,0.9547738693467337,0.9162958276873201,0.976026683954635
v2,student_t_df_5,student_t,2000,insufficient,200,1,0.005,0.0008831687156009814,0.02777370439789293,0.0,0.0,0.7934506856227626,1.0,0.20654931437723745,1.0
v3_default,student_t_df_5,student_t,2000,all,200,200,1.0,0.9811546736227335,1.0,0.045,0.023852543001492997,0.0832967040018196,0.955,0.9167032959981803,0.976147456998507
v3_default,student_t_df_5,student_t,2000,acceptable,200,0,0.0,1.734723475976807e-18,0.018845326377266575,,,,,,
v3_default,student_t_df_5,student_t,2000,caution,200,200,1.0,0.9811546736227335,1.0,0.045,0.023852543001492997,0.0832967040018196,0.955,0.9167032959981803,0.976147456998507
v3_default,student_t_df_5,student_t,2000,insufficient,200,0,0.0,1.734723475976807e-18,0.018845326377266575,,,,,,
v3_oracle_simulation_truth,student_t_df_5,student_t,2000,all,200,200,1.0,0.9811546736227335,1.0,0.045,0.023852543001492997,0.0832967040018196,0.955,0.9167032959981803,0.976147456998507
v3_oracle_simulation_truth,student_t_df_5,student_t,2000,acceptable,200,0,0.0,1.734723475976807e-18,0.018845326377266575,,,,,,
v3_oracle_simulation_truth,student_t_df_5,student_t,2000,caution,200,200,1.0,0.9811546736227335,1.0,0.045,0.023852543001492997,0.0832967040018196,0.955,0.9167032959981803,0.976147456998507
v3_oracle_simulation_truth,student_t_df_5,student_t,2000,insufficient,200,0,0.0,1.734723475976807e-18,0.018845326377266575,,,,,,
